date,region_id,temperature_celsius,humidity_percent,rainfall_mm,aqi,pm25,pm10,water_quality_index
2024-01-01,1,16.2,40.7,0.4,116,25.5,42.8,5.9
2024-01-01,2,21.5,34.5,1.1,174,71.7,66.7,5.6
2024-01-01,3,16.6,32.9,0.0,111,34.2,55.9,5.7
2024-01-01,4,22.6,35.3,0.8,173,35.9,103.9,7.6
2024-01-01,5,22.3,45.1,5.2,128,22.5,67.9,5.4
2024-01-01,6,19.6,29.2,0.2,179,64.0,118.6,6.2
2024-01-01,7,22.9,42.9,1.1,78,25.4,42.8,8.0
2024-01-01,8,19.6,39.6,0.3,117,50.3,92.2,6.6
2024-01-01,9,22.8,49.2,0.3,116,18.2,77.9,6.1
2024-01-01,10,20.3,47.3,0.3,75,28.9,52.5,5.1
2024-01-01,11,8.4,47.6,0.0,188,64.6,89.8,7.2
2024-01-01,12,9.9,49.3,2.2,194,60.8,156.3,5.6
2024-01-01,13,7.7,48.8,5.2,165,34.1,109.6,6.3
2024-01-01,14,14.3,48.6,3.7,185,38.9,146.4,5.9
2024-01-01,15,16.8,44.0,0.6,134,30.9,104.9,6.6
2024-01-01,16,20.8,34.4,1.3,111,19.6,75.7,5.7
2024-01-01,17,17.8,51.3,1.3,120,32.8,89.8,6.9
2024-01-01,18,19.7,51.7,0.6,142,41.2,83.8,5.6
2024-01-01,19,20.6,46.9,0.7,133,48.8,90.7,6.1
2024-01-01,20,19.1,38.1,0.9,172,43.7,71.7,4.9
2024-01-01,21,10.3,42.9,0.0,153,30.5,62.6,7.8
2024-01-01,22,6.6,44.3,0.9,127,49.9,99.2,5.9
2024-01-01,23,8.0,44.1,1.1,138,42.1,103.2,5.3
2024-01-01,24,9.4,47.0,0.4,131,51.0,63.6,4.5
2024-01-01,25,11.0,38.7,2.2,197,39.3,94.5,4.5
2024-01-01,26,14.4,47.6,1.0,210,37.7,85.8,6.7
2024-01-01,27,8.9,43.7,7.6,194,55.2,153.0,3.3
2024-01-01,28,22.8,54.0,1.2,154,23.4,81.1,7.4
2024-01-01,29,21.2,48.3,0.5,154,33.2,104.1,6.7
2024-01-01,30,17.0,49.0,2.6,103,45.1,43.5,7.3
2024-01-01,31,17.3,41.1,2.2,97,14.9,77.5,7.9
2024-01-01,32,3.7,52.5,0.3,115,47.0,85.1,5.4
2024-01-01,33,11.0,41.5,2.9,140,37.9,75.6,2.8
2024-01-01,34,9.7,53.8,2.1,112,48.1,40.3,6.8
2024-01-01,35,13.2,53.6,7.4,146,59.2,80.9,5.1
2024-01-02,1,19.6,52.7,0.0,118,23.7,99.1,6.6
2024-01-02,2,20.2,48.4,0.2,164,30.8,118.5,6.3
2024-01-02,3,20.0,52.3,0.1,131,42.8,104.7,4.8
2024-01-02,4,18.9,49.4,0.1,146,36.5,99.0,7.6
2024-01-02,5,21.7,29.0,0.8,151,67.6,83.8,4.7
2024-01-02,6,17.0,38.4,1.2,138,50.7,48.9,5.9
2024-01-02,7,20.0,57.6,0.6,72,25.1,44.5,7.8
2024-01-02,8,23.4,57.8,1.7,77,31.7,52.1,6.3
2024-01-02,9,18.0,41.5,0.8,110,25.4,68.6,5.4
2024-01-02,10,18.5,37.7,0.2,67,11.1,33.9,5.1
2024-01-02,11,12.3,48.7,0.6,209,58.3,155.2,6.9
2024-01-02,12,8.1,47.5,0.7,198,48.5,118.2,5.2
2024-01-02,13,11.9,46.8,6.8,221,55.8,109.8,7.2
2024-01-02,14,8.2,46.1,1.4,183,54.5,126.1,4.1
2024-01-02,15,21.8,45.2,0.6,124,38.9,76.6,6.6
2024-01-02,16,21.1,39.8,1.8,194,86.3,83.1,5.9
2024-01-02,17,18.1,43.7,0.2,147,64.8,96.5,6.9
2024-01-02,18,15.2,36.6,0.1,129,23.9,77.5,5.9
2024-01-02,19,21.4,49.3,0.6,154,56.4,101.9,5.7
2024-01-02,20,18.5,48.6,1.2,119,23.9,60.6,4.4
2024-01-02,21,11.6,53.6,0.2,144,32.6,68.1,7.3
2024-01-02,22,8.4,44.8,2.6,117,22.3,82.4,6.0
2024-01-02,23,12.7,50.9,0.1,119,32.0,83.9,5.6
2024-01-02,24,6.4,50.6,0.2,159,39.3,127.8,4.7
2024-01-02,25,14.1,39.4,2.2,244,47.0,204.1,5.6
2024-01-02,26,10.8,52.6,3.4,172,32.0,132.9,7.0
2024-01-02,27,10.3,43.1,4.6,155,33.9,61.6,5.0
2024-01-02,28,19.3,39.8,4.8,117,42.4,69.0,6.5
2024-01-02,29,24.4,57.9,0.3,115,36.0,48.7,6.7
2024-01-02,30,23.2,43.9,0.5,112,41.9,56.6,7.8
2024-01-02,31,16.2,44.7,2.1,82,31.9,67.6,7.2
2024-01-02,32,16.5,38.0,0.1,150,64.4,70.7,5.3
2024-01-02,33,10.2,46.2,2.5,162,54.5,131.6,3.5
2024-01-02,34,8.3,45.9,1.2,151,23.7,55.7,7.7
2024-01-02,35,10.6,45.9,3.6,141,59.2,104.2,3.9
2024-01-03,1,19.7,38.9,0.5,171,38.8,90.1,6.6
2024-01-03,2,17.8,54.4,0.2,174,58.8,77.1,6.0
2024-01-03,3,20.9,36.5,1.7,144,63.9,107.1,5.4
2024-01-03,4,23.8,43.8,0.5,145,31.7,110.1,6.7
2024-01-03,5,16.1,47.2,0.2,133,58.5,83.8,5.7
2024-01-03,6,21.5,45.4,0.5,131,41.9,62.1,4.3
2024-01-03,7,18.2,36.9,0.2,120,47.7,94.2,7.0
2024-01-03,8,20.0,58.0,0.1,82,16.2,60.3,6.6
2024-01-03,9,16.7,40.7,1.1,116,46.2,46.3,5.5
2024-01-03,10,16.7,50.4,1.2,89,16.1,41.4,5.1
2024-01-03,11,7.5,48.9,1.1,148,42.6,112.1,5.3
2024-01-03,12,11.0,35.3,0.4,220,74.4,122.7,5.1
2024-01-03,13,10.0,48.2,4.0,170,47.1,143.3,6.6
2024-01-03,14,9.9,62.7,4.2,209,65.4,108.0,5.0
2024-01-03,15,17.3,51.8,0.1,99,38.2,78.4,6.2
2024-01-03,16,15.1,34.2,0.8,183,47.8,70.2,5.5
2024-01-03,17,22.6,54.5,0.9,118,39.8,65.8,5.5
2024-01-03,18,17.7,54.8,0.1,117,32.9,64.4,6.1
2024-01-03,19,20.0,44.2,0.3,130,56.7,91.1,5.9
2024-01-03,20,19.8,41.1,0.4,128,37.1,81.2,5.9
2024-01-03,21,11.8,55.1,0.4,156,54.5,66.6,7.2
2024-01-03,22,10.7,30.4,0.7,140,38.3,96.2,5.4
2024-01-03,23,15.6,46.3,2.3,113,44.0,93.8,5.3
2024-01-03,24,12.5,47.4,0.0,145,44.1,112.7,4.9
2024-01-03,25,5.5,43.5,1.3,190,69.4,133.8,5.2
2024-01-03,26,7.9,41.0,4.4,209,83.7,120.4,7.0
2024-01-03,27,12.7,39.7,1.1,171,35.5,108.7,5.1
2024-01-03,28,23.7,47.7,0.1,143,60.4,102.8,6.2
2024-01-03,29,21.3,37.4,0.1,128,22.6,88.7,7.1
2024-01-03,30,21.6,49.2,1.6,83,29.5,58.5,6.6
2024-01-03,31,18.0,47.6,0.0,146,46.7,92.9,7.9
2024-01-03,32,7.8,60.9,3.9,132,30.0,71.9,5.9
2024-01-03,33,12.7,56.6,7.9,144,26.0,78.7,3.5
2024-01-03,34,6.9,56.7,4.1,139,38.6,79.8,7.4
2024-01-03,35,10.8,47.3,2.0,164,42.3,108.1,5.1
2024-01-04,1,15.4,48.2,1.2,127,38.7,64.7,6.5
2024-01-04,2,21.4,50.1,0.7,181,76.6,140.7,6.5
2024-01-04,3,17.1,42.2,0.1,136,23.0,70.6,4.8
2024-01-04,4,20.4,36.4,0.3,158,53.0,94.8,6.3
2024-01-04,5,17.4,52.0,0.4,149,65.3,95.8,5.6
2024-01-04,6,17.9,60.2,0.0,146,22.3,121.6,6.0
2024-01-04,7,19.9,40.9,1.0,81,19.6,29.9,7.7
2024-01-04,8,16.6,49.9,0.2,84,36.4,48.7,6.9
2024-01-04,9,21.7,61.9,1.0,98,39.1,56.4,5.7
2024-01-04,10,20.6,41.5,0.9,69,27.7,55.9,5.1
2024-01-04,11,12.4,42.0,0.1,188,52.3,103.2,5.6
2024-01-04,12,8.4,54.7,0.7,189,46.2,146.8,4.8
2024-01-04,13,7.6,29.2,6.3,161,38.5,124.1,6.0
2024-01-04,14,8.5,50.0,3.7,188,58.3,133.1,4.9
2024-01-04,15,22.2,44.2,0.6,168,47.0,119.5,6.2
2024-01-04,16,16.1,56.5,1.1,133,42.2,58.3,4.8
2024-01-04,17,23.4,34.3,0.1,135,25.4,90.8,6.9
2024-01-04,18,24.5,52.3,1.6,151,59.5,56.8,5.9
2024-01-04,19,21.6,47.4,0.5,158,26.7,120.0,5.5
2024-01-04,20,17.8,54.8,0.3,145,38.1,78.3,4.9
2024-01-04,21,9.8,51.2,2.0,127,28.7,82.7,6.5
2024-01-04,22,11.5,46.6,5.8,106,46.2,62.1,5.5
2024-01-04,23,9.4,52.5,1.1,169,32.9,90.9,6.0
2024-01-04,24,13.1,49.9,0.4,163,42.5,66.3,4.5
2024-01-04,25,13.8,59.9,0.9,215,67.3,83.8,6.2
2024-01-04,26,6.0,50.8,3.6,178,34.3,130.9,6.2
2024-01-04,27,4.0,66.1,0.5,231,100.8,178.5,3.6
2024-01-04,28,19.1,54.4,0.0,142,28.0,115.2,5.9
2024-01-04,29,18.8,38.7,0.3,158,55.3,128.4,6.4
2024-01-04,30,18.9,41.9,1.1,122,51.8,102.6,7.1
2024-01-04,31,22.0,51.8,0.5,104,44.7,68.0,7.9
2024-01-04,32,8.5,42.9,1.3,154,62.9,130.6,4.5
2024-01-04,33,9.9,47.8,0.5,135,40.2,48.4,4.2
2024-01-04,34,9.5,55.5,0.1,159,45.5,130.0,7.3
2024-01-04,35,10.6,61.2,1.6,156,61.7,122.6,4.6
2024-01-05,1,24.8,36.3,0.1,152,46.0,117.1,6.4
2024-01-05,2,20.4,43.9,2.7,123,27.2,63.1,5.8
2024-01-05,3,15.5,42.8,1.8,159,31.5,112.0,4.3
2024-01-05,4,20.8,51.7,0.9,111,40.1,57.0,7.3
2024-01-05,5,15.7,47.8,0.3,128,24.2,84.6,5.2
2024-01-05,6,22.5,38.4,0.8,144,48.6,119.9,4.6
2024-01-05,7,19.7,49.8,0.2,115,17.8,78.1,7.1
2024-01-05,8,20.2,37.7,1.6,118,34.7,67.0,7.5
2024-01-05,9,21.2,61.1,0.8,84,22.6,50.8,6.1
2024-01-05,10,22.3,41.5,0.4,119,48.2,49.5,6.6
2024-01-05,11,9.2,59.3,3.5,201,46.6,91.5,5.4
2024-01-05,12,9.8,46.8,7.0,193,44.2,134.3,6.0
2024-01-05,13,9.9,54.4,0.4,204,35.2,74.4,6.8
2024-01-05,14,14.5,43.4,0.8,180,40.2,89.2,5.3
2024-01-05,15,18.5,50.4,0.2,106,27.0,52.2,6.4
2024-01-05,16,23.1,52.9,1.9,136,26.8,49.8,5.2
2024-01-05,17,16.7,47.5,0.8,167,71.1,103.8,7.8
2024-01-05,18,19.5,49.8,1.8,150,44.7,81.6,5.1
2024-01-05,19,20.1,44.8,2.8,153,68.6,120.2,6.4
2024-01-05,20,18.5,60.0,2.2,132,20.8,55.3,5.1
2024-01-05,21,10.1,47.6,1.2,178,37.8,123.8,5.3
2024-01-05,22,5.2,58.9,0.4,168,37.0,65.3,6.9
2024-01-05,23,12.6,41.1,1.4,134,40.1,61.8,6.7
2024-01-05,24,11.8,39.1,0.0,115,37.4,80.8,5.2
2024-01-05,25,7.4,45.1,4.3,193,72.9,94.3,4.9
2024-01-05,26,14.2,45.5,2.5,222,51.8,126.7,6.6
2024-01-05,27,12.0,26.9,1.2,208,87.6,125.7,4.3
2024-01-05,28,19.8,46.2,1.5,124,47.3,71.1,6.4
2024-01-05,29,21.6,50.3,0.3,171,61.3,132.3,6.8
2024-01-05,30,17.3,48.7,2.7,71,20.3,48.8,7.5
2024-01-05,31,21.4,41.7,1.0,109,28.1,45.5,8.4
2024-01-05,32,1.8,53.8,1.8,136,59.7,114.9,4.9
2024-01-05,33,13.7,51.6,2.2,124,26.4,55.3,3.9
2024-01-05,34,12.3,42.9,1.6,129,54.8,74.4,8.0
2024-01-05,35,12.9,44.4,0.5,131,56.8,110.2,4.8
2024-01-06,1,19.4,59.2,2.1,161,56.9,107.6,7.3
2024-01-06,2,21.8,34.3,0.3,154,33.2,110.0,6.4
2024-01-06,3,13.5,61.7,0.4,142,45.2,106.5,6.1
2024-01-06,4,19.5,59.3,1.1,116,32.1,66.0,7.7
2024-01-06,5,20.3,46.5,0.3,164,32.6,120.6,4.3
2024-01-06,6,21.1,49.3,0.9,137,26.4,98.6,4.7
2024-01-06,7,21.0,42.8,0.4,112,21.5,45.5,6.3
2024-01-06,8,19.9,55.2,1.8,97,19.6,72.0,6.4
2024-01-06,9,20.1,52.3,0.3,126,36.2,94.4,5.6
2024-01-06,10,17.2,54.9,2.2,129,52.2,73.9,5.8
2024-01-06,11,5.3,48.4,1.4,187,58.6,100.9,5.6
2024-01-06,12,10.2,38.7,1.8,170,68.2,101.4,5.8
2024-01-06,13,8.5,61.8,1.9,186,56.7,148.5,6.7
2024-01-06,14,8.3,56.8,2.1,271,108.5,103.7,5.3
2024-01-06,15,22.1,42.0,1.1,145,39.5,115.6,6.7
2024-01-06,16,15.4,44.2,0.0,154,51.6,123.1,5.5
2024-01-06,17,19.7,51.6,1.5,158,66.4,127.9,7.1
2024-01-06,18,21.7,38.0,0.3,123,32.4,86.9,5.6
2024-01-06,19,16.7,56.9,1.4,106,41.2,83.8,6.2
2024-01-06,20,21.5,40.7,1.7,156,62.2,123.6,5.6
2024-01-06,21,12.7,43.2,4.0,139,21.6,96.8,6.4
2024-01-06,22,10.0,59.3,2.3,155,66.5,100.6,5.4
2024-01-06,23,11.3,37.1,0.1,154,53.5,82.4,6.3
2024-01-06,24,8.7,54.3,0.3,105,18.9,66.6,4.9
2024-01-06,25,7.7,49.2,0.3,200,44.7,88.5,5.0
2024-01-06,26,13.2,45.9,0.9,192,81.0,98.5,6.9
2024-01-06,27,9.0,42.2,0.1,184,65.5,73.0,3.1
2024-01-06,28,17.5,54.3,0.2,133,40.4,46.8,6.9
2024-01-06,29,22.8,45.9,1.7,143,22.6,86.5,6.1
2024-01-06,30,21.5,57.8,0.0,119,51.9,69.7,8.5
2024-01-06,31,19.7,43.3,1.2,85,30.7,29.8,8.6
2024-01-06,32,7.3,40.0,5.2,148,23.1,112.3,5.2
2024-01-06,33,7.3,46.1,8.5,144,50.0,50.9,3.4
2024-01-06,34,9.3,60.7,5.5,123,43.1,65.7,7.7
2024-01-06,35,14.9,32.5,1.8,151,45.3,63.7,4.7
2024-01-07,1,20.3,58.7,1.2,133,42.9,109.2,6.1
2024-01-07,2,16.7,53.8,1.0,156,58.0,102.5,5.0
2024-01-07,3,17.1,48.3,1.3,139,55.1,59.3,5.8
2024-01-07,4,19.3,34.5,1.6,135,45.3,87.6,7.1
2024-01-07,5,16.5,40.6,1.0,99,17.6,76.0,6.5
2024-01-07,6,21.9,30.4,0.3,166,27.7,117.5,5.2
2024-01-07,7,19.9,41.6,0.1,89,31.8,34.0,7.4
2024-01-07,8,17.9,47.0,0.0,78,24.2,29.6,5.5
2024-01-07,9,23.1,46.4,0.3,96,34.9,38.2,5.2
2024-01-07,10,21.6,50.3,0.5,120,28.4,81.2,5.8
2024-01-07,11,7.5,53.6,5.0,185,54.0,87.4,6.2
2024-01-07,12,5.8,46.9,0.2,194,33.5,74.7,5.1
2024-01-07,13,8.3,40.4,0.9,211,51.8,120.2,8.5
2024-01-07,14,9.7,53.0,1.2,159,35.5,111.4,5.3
2024-01-07,15,26.5,44.1,0.5,127,45.5,77.6,5.9
2024-01-07,16,18.1,55.0,1.2,135,43.2,113.2,6.5
2024-01-07,17,21.4,42.3,1.5,129,38.1,109.3,6.7
2024-01-07,18,18.7,53.2,2.0,160,60.0,81.3,5.7
2024-01-07,19,20.8,30.8,2.8,112,32.0,82.6,5.7
2024-01-07,20,18.8,33.0,0.5,135,50.6,53.9,5.4
2024-01-07,21,8.2,43.7,14.1,151,22.9,54.4,6.9
2024-01-07,22,11.3,46.5,4.3,118,22.5,64.8,6.4
2024-01-07,23,15.1,40.4,0.5,135,38.0,49.1,4.9
2024-01-07,24,15.2,42.5,0.4,121,27.5,65.3,3.9
2024-01-07,25,14.0,40.4,2.4,178,69.7,93.4,4.6
2024-01-07,26,6.7,32.0,8.0,216,47.3,76.0,6.4
2024-01-07,27,13.6,41.0,12.0,222,38.3,147.3,4.3
2024-01-07,28,21.1,51.8,0.2,132,34.1,112.1,5.6
2024-01-07,29,19.2,44.8,1.4,143,50.2,55.4,6.2
2024-01-07,30,20.7,47.9,0.6,111,35.7,43.8,7.3
2024-01-07,31,19.5,45.3,0.4,85,21.9,62.1,7.3
2024-01-07,32,1.8,43.4,8.1,141,38.8,110.8,4.3
2024-01-07,33,12.3,44.6,2.0,139,24.0,97.1,4.6
2024-01-07,34,13.4,39.6,1.8,144,62.4,92.7,7.0
2024-01-07,35,15.8,54.6,1.5,120,47.4,67.5,6.0
2024-01-08,1,21.1,43.9,0.7,147,54.5,60.0,7.0
2024-01-08,2,22.1,38.2,0.3,143,34.5,59.5,5.1
2024-01-08,3,25.0,47.4,0.6,170,39.8,80.2,5.4
2024-01-08,4,22.2,48.5,0.2,129,49.9,67.4,5.7
2024-01-08,5,24.5,52.1,3.3,155,49.0,73.2,4.6
2024-01-08,6,21.0,50.3,1.2,179,73.6,108.8,3.8
2024-01-08,7,18.6,49.5,0.5,94,39.1,76.2,6.7
2024-01-08,8,19.4,50.1,0.1,82,20.0,55.0,7.6
2024-01-08,9,18.1,48.1,0.8,106,43.1,39.3,6.1
2024-01-08,10,20.6,42.2,0.2,78,21.1,46.2,5.6
2024-01-08,11,11.9,41.2,0.7,185,31.0,71.6,5.7
2024-01-08,12,10.3,39.7,0.4,203,88.0,142.4,4.6
2024-01-08,13,8.9,48.4,0.6,178,58.9,84.0,7.2
2024-01-08,14,11.4,66.8,2.1,177,40.3,86.8,5.5
2024-01-08,15,19.7,41.8,1.1,143,43.9,97.6,6.8
2024-01-08,16,20.2,36.6,0.8,146,63.2,67.1,6.5
2024-01-08,17,20.0,47.7,1.2,122,28.7,75.2,6.0
2024-01-08,18,21.4,42.4,0.5,161,69.2,76.4,6.2
2024-01-08,19,20.1,41.8,0.2,163,48.7,112.2,5.7
2024-01-08,20,19.3,37.9,0.8,102,17.1,63.7,4.5
2024-01-08,21,12.7,54.5,2.7,133,37.9,91.1,6.1
2024-01-08,22,13.6,45.0,0.3,184,55.5,79.8,5.6
2024-01-08,23,14.0,39.9,0.2,132,34.5,65.6,5.6
2024-01-08,24,8.7,47.6,0.0,160,48.3,88.5,4.1
2024-01-08,25,10.4,39.3,3.6,191,71.3,149.9,5.5
2024-01-08,26,8.2,45.1,1.0,174,65.0,129.9,6.9
2024-01-08,27,10.0,44.8,2.2,178,73.4,121.4,5.4
2024-01-08,28,20.2,46.6,0.0,137,29.9,97.7,6.3
2024-01-08,29,22.5,47.7,0.8,162,29.4,112.3,6.3
2024-01-08,30,19.5,41.7,2.2,89,16.2,75.2,8.3
2024-01-08,31,16.0,36.8,1.2,82,17.4,46.4,8.0
2024-01-08,32,9.1,42.8,1.4,159,37.9,104.3,5.3
2024-01-08,33,10.1,40.8,0.5,123,46.4,48.3,4.7
2024-01-08,34,12.6,57.9,0.1,156,41.7,82.5,8.4
2024-01-08,35,14.5,61.1,1.2,142,22.8,113.4,4.8
2024-01-09,1,15.1,49.0,0.4,90,26.0,50.0,6.5
2024-01-09,2,19.4,57.6,2.0,121,45.7,97.1,6.5
2024-01-09,3,21.8,51.5,0.9,131,54.5,77.2,5.0
2024-01-09,4,21.5,40.3,2.2,146,48.5,109.2,6.0
2024-01-09,5,21.4,51.9,0.6,131,25.5,86.8,5.4
2024-01-09,6,18.7,41.0,0.4,133,41.0,57.6,4.5
2024-01-09,7,19.1,44.1,1.6,118,41.2,63.6,7.2
2024-01-09,8,18.9,42.8,1.6,84,17.8,33.8,7.3
2024-01-09,9,20.3,59.5,1.7,120,43.6,58.7,6.6
2024-01-09,10,18.7,53.5,0.2,97,16.2,68.6,4.4
2024-01-09,11,10.8,45.1,1.5,191,79.9,155.8,6.4
2024-01-09,12,6.4,47.5,0.2,178,64.2,131.6,6.2
2024-01-09,13,9.7,51.6,1.9,182,63.5,70.9,7.5
2024-01-09,14,13.7,55.4,2.1,182,54.4,150.3,4.9
2024-01-09,15,19.6,42.9,1.8,126,33.4,72.6,5.8
2024-01-09,16,21.4,41.6,1.4,137,31.7,91.6,7.0
2024-01-09,17,19.1,35.9,0.4,130,21.9,48.0,7.3
2024-01-09,18,19.3,43.7,0.7,149,24.3,100.2,5.7
2024-01-09,19,20.8,46.1,0.5,165,45.3,111.4,5.4
2024-01-09,20,18.4,36.0,1.9,138,28.1,66.4,4.2
2024-01-09,21,13.0,42.4,0.9,144,37.4,51.8,6.3
2024-01-09,22,13.9,43.3,0.1,158,40.0,89.0,6.0
2024-01-09,23,10.2,59.0,0.5,137,42.8,54.7,6.7
2024-01-09,24,12.3,46.8,1.0,189,42.7,138.4,3.9
2024-01-09,25,5.0,43.4,0.4,229,88.8,119.9,4.8
2024-01-09,26,9.2,52.0,8.7,205,50.2,107.4,5.2
2024-01-09,27,13.1,51.6,6.7,223,82.1,149.5,4.0
2024-01-09,28,20.2,44.4,0.6,132,27.0,99.0,6.7
2024-01-09,29,22.6,58.4,0.7,140,34.1,101.5,6.4
2024-01-09,30,19.5,41.8,0.6,95,33.4,35.9,8.1
2024-01-09,31,21.0,44.5,0.4,106,28.6,81.9,8.3
2024-01-09,32,10.5,46.4,0.2,141,32.4,85.3,4.2
2024-01-09,33,12.0,57.8,1.5,120,48.2,92.1,3.9
2024-01-09,34,11.7,56.9,7.3,134,26.7,97.2,7.0
2024-01-09,35,18.3,34.0,1.1,167,63.0,110.0,4.3
2024-01-10,1,22.6,66.4,2.0,141,36.9,70.8,6.3
2024-01-10,2,18.6,47.0,2.0,105,33.7,82.3,4.8
2024-01-10,3,20.7,35.8,0.2,124,37.9,61.5,5.7
2024-01-10,4,18.5,50.6,3.2,139,50.2,117.7,7.3
2024-01-10,5,18.5,47.1,1.1,135,20.4,94.0,5.6
2024-01-10,6,23.5,48.7,1.0,191,34.3,132.1,4.2
2024-01-10,7,19.6,52.7,0.8,92,20.7,42.0,6.6
2024-01-10,8,23.5,54.7,4.5,78,25.7,61.2,6.8
2024-01-10,9,20.6,49.4,1.2,61,16.5,31.2,4.7
2024-01-10,10,18.9,45.0,0.2,143,51.5,99.6,4.6
2024-01-10,11,5.6,42.8,1.9,204,65.5,135.1,6.0
2024-01-10,12,6.0,38.0,1.3,212,70.9,151.2,5.7
2024-01-10,13,6.7,45.7,4.3,180,28.0,126.2,6.1
2024-01-10,14,11.1,41.6,0.3,190,52.9,150.9,3.3
2024-01-10,15,17.7,53.3,0.4,154,50.6,72.7,6.5
2024-01-10,16,22.2,45.0,1.8,139,44.5,58.4,5.3
2024-01-10,17,20.1,35.5,0.5,141,37.2,117.5,6.3
2024-01-10,18,19.4,48.9,1.4,129,52.1,102.3,5.2
2024-01-10,19,24.6,50.0,1.3,141,26.8,50.0,6.1
2024-01-10,20,22.4,46.0,2.5,114,31.8,56.5,4.9
2024-01-10,21,12.6,58.1,0.5,118,43.4,62.0,6.2
2024-01-10,22,10.6,60.1,0.1,132,36.7,73.0,6.2
2024-01-10,23,8.8,32.8,0.9,119,28.4,68.5,5.5
2024-01-10,24,11.9,38.4,0.1,136,22.7,92.4,4.8
2024-01-10,25,10.1,64.2,1.0,212,90.6,163.3,5.2
2024-01-10,26,9.1,62.7,7.7,212,51.9,104.6,7.1
2024-01-10,27,13.7,45.9,0.4,165,68.9,107.6,4.7
2024-01-10,28,21.4,49.2,0.8,101,27.5,56.8,6.5
2024-01-10,29,16.8,53.5,0.5,175,28.1,93.5,6.9
2024-01-10,30,24.7,54.8,0.1,74,22.4,56.0,8.2
2024-01-10,31,15.5,46.7,3.3,76,14.5,44.5,7.8
2024-01-10,32,16.3,62.1,7.0,139,36.1,100.8,5.3
2024-01-10,33,7.4,43.9,0.6,133,33.1,49.5,4.4
2024-01-10,34,6.8,47.0,10.0,102,37.2,39.4,8.5
2024-01-10,35,9.9,47.6,0.9,127,25.2,80.8,5.3
2024-01-11,1,19.5,39.3,0.3,148,29.8,125.2,5.7
2024-01-11,2,21.7,56.7,2.2,161,67.5,64.9,5.5
2024-01-11,3,20.1,59.6,0.4,130,25.8,69.8,5.9
2024-01-11,4,20.4,49.3,2.2,164,32.9,131.9,6.8
2024-01-11,5,18.5,51.1,3.4,126,51.5,59.7,5.3
2024-01-11,6,17.2,42.3,1.0,120,18.6,73.5,4.5
2024-01-11,7,21.3,42.9,0.5,64,21.5,35.9,7.4
2024-01-11,8,19.6,29.4,2.8,103,35.3,49.8,7.0
2024-01-11,9,16.5,35.3,1.5,79,25.2,43.9,4.4
2024-01-11,10,20.1,52.0,0.5,74,24.4,36.5,5.3
2024-01-11,11,8.1,54.4,1.0,201,46.0,156.4,6.3
2024-01-11,12,12.2,51.7,0.7,203,62.0,79.6,4.2
2024-01-11,13,9.5,41.8,3.4,213,85.8,93.0,7.3
2024-01-11,14,8.3,44.3,0.2,203,81.2,117.0,5.7
2024-01-11,15,14.4,51.6,0.8,139,29.4,63.4,5.4
2024-01-11,16,20.8,59.3,0.7,139,55.1,89.6,6.4
2024-01-11,17,17.7,45.3,0.2,133,52.6,101.5,6.8
2024-01-11,18,15.1,49.6,2.0,112,26.5,51.7,6.3
2024-01-11,19,12.4,56.2,1.4,109,16.5,83.6,7.3
2024-01-11,20,17.0,31.8,0.4,154,60.7,125.7,4.4
2024-01-11,21,9.8,48.1,1.1,132,30.5,75.2,7.2
2024-01-11,22,5.7,40.5,2.1,174,65.7,116.3,4.7
2024-01-11,23,7.2,37.2,0.5,155,61.2,71.6,5.7
2024-01-11,24,7.5,36.9,0.1,168,62.0,97.9,5.2
2024-01-11,25,14.4,58.9,0.7,167,28.4,119.7,4.6
2024-01-11,26,12.7,50.0,0.6,203,63.6,89.1,6.1
2024-01-11,27,14.7,49.4,1.2,207,37.1,150.5,4.2
2024-01-11,28,22.0,31.1,2.6,146,44.8,70.5,6.8
2024-01-11,29,19.2,42.2,0.2,153,64.2,121.7,6.2
2024-01-11,30,22.9,38.1,0.0,144,55.7,59.5,7.6
2024-01-11,31,25.3,47.3,2.6,97,16.8,67.2,8.6
2024-01-11,32,8.5,62.8,1.9,131,29.4,78.5,5.5
2024-01-11,33,10.7,56.1,2.1,142,50.3,113.8,3.1
2024-01-11,34,11.3,46.1,8.8,149,32.4,96.5,7.8
2024-01-11,35,16.0,53.4,1.9,115,47.2,80.4,5.3
2024-01-12,1,24.2,44.2,1.3,144,35.8,110.1,5.6
2024-01-12,2,17.9,51.1,0.0,128,42.2,102.9,6.5
2024-01-12,3,17.1,29.4,1.1,148,39.6,101.1,6.1
2024-01-12,4,17.0,47.3,0.6,134,36.3,66.1,6.5
2024-01-12,5,19.1,43.4,0.0,131,34.0,68.6,5.7
2024-01-12,6,20.3,46.5,2.7,118,32.4,83.2,4.4
2024-01-12,7,21.6,46.4,0.3,119,35.7,50.9,6.1
2024-01-12,8,18.9,43.7,0.7,107,47.4,59.8,6.9
2024-01-12,9,15.1,54.1,0.6,105,43.1,79.9,5.4
2024-01-12,10,18.9,59.1,2.1,88,31.9,74.0,6.3
2024-01-12,11,9.1,57.3,1.8,200,78.6,150.0,6.9
2024-01-12,12,9.8,41.2,1.9,183,62.1,70.6,5.8
2024-01-12,13,5.5,49.5,0.6,231,75.8,188.0,7.1
2024-01-12,14,5.8,53.4,1.0,178,70.8,115.8,5.0
2024-01-12,15,21.0,38.5,0.0,147,58.9,116.9,6.8
2024-01-12,16,24.1,37.9,3.8,125,26.1,94.1,5.7
2024-01-12,17,20.5,31.6,0.2,173,64.0,77.4,6.4
2024-01-12,18,18.7,39.9,0.1,169,39.8,71.2,4.4
2024-01-12,19,22.2,32.4,0.8,115,19.8,83.8,6.4
2024-01-12,20,20.0,44.1,0.2,147,37.8,70.6,3.3
2024-01-12,21,10.1,44.5,0.2,149,48.3,54.9,6.5
2024-01-12,22,11.7,53.1,6.7,142,62.9,79.9,6.4
2024-01-12,23,9.4,61.6,0.1,123,34.9,75.8,5.5
2024-01-12,24,10.7,46.4,0.6,183,65.2,153.6,4.7
2024-01-12,25,13.5,32.1,1.1,229,75.2,189.7,4.7
2024-01-12,26,5.0,52.3,14.5,175,50.8,126.1,6.2
2024-01-12,27,14.7,54.0,1.1,167,73.3,67.6,4.4
2024-01-12,28,20.0,44.6,0.2,150,60.9,66.9,7.2
2024-01-12,29,19.5,43.9,0.2,139,22.8,82.1,7.0
2024-01-12,30,19.3,44.9,0.9,98,33.6,46.2,7.4
2024-01-12,31,23.0,39.0,0.4,105,16.4,62.4,8.2
2024-01-12,32,9.2,44.7,4.9,171,73.3,127.9,4.5
2024-01-12,33,8.3,46.6,18.7,192,79.9,150.8,3.2
2024-01-12,34,8.8,39.0,0.4,142,60.8,101.2,6.8
2024-01-12,35,12.3,52.9,2.6,128,22.9,96.1,5.6
2024-01-13,1,21.7,35.5,0.7,108,28.1,89.4,7.0
2024-01-13,2,19.9,55.8,0.5,126,51.7,106.1,5.6
2024-01-13,3,23.4,51.1,0.4,139,43.8,83.9,5.5
2024-01-13,4,17.3,52.1,2.7,127,46.4,59.4,6.7
2024-01-13,5,19.5,54.9,0.1,129,44.0,84.3,5.0
2024-01-13,6,20.7,47.1,1.3,154,40.3,54.2,5.7
2024-01-13,7,21.5,39.1,1.5,91,15.8,64.4,7.4
2024-01-13,8,21.8,49.7,1.6,74,26.1,61.3,6.3
2024-01-13,9,18.5,47.3,0.2,59,21.8,48.2,6.1
2024-01-13,10,20.1,39.9,1.2,94,35.1,46.5,5.9
2024-01-13,11,10.4,39.8,0.9,181,75.4,98.3,7.0
2024-01-13,12,10.8,50.9,0.3,211,86.8,165.1,5.1
2024-01-13,13,10.1,48.9,0.2,187,82.2,127.8,6.8
2024-01-13,14,13.1,44.7,1.2,203,33.7,136.5,4.8
2024-01-13,15,19.7,51.6,0.3,153,67.2,90.9,6.0
2024-01-13,16,19.0,40.6,0.8,90,28.4,32.6,5.2
2024-01-13,17,20.7,45.0,1.1,166,68.8,77.2,6.8
2024-01-13,18,17.0,52.5,0.4,129,28.2,61.8,6.2
2024-01-13,19,21.2,45.8,1.4,181,58.9,80.0,6.4
2024-01-13,20,16.7,50.4,0.8,126,52.1,81.4,5.6
2024-01-13,21,11.5,50.8,5.9,114,21.2,70.3,5.4
2024-01-13,22,9.5,40.4,2.4,84,33.0,48.6,6.9
2024-01-13,23,7.4,47.2,2.7,154,47.4,101.6,4.8
2024-01-13,24,11.7,25.6,0.4,124,31.6,74.0,3.6
2024-01-13,25,5.3,48.5,3.7,203,32.1,130.1,5.1
2024-01-13,26,11.9,48.0,1.9,171,51.6,59.9,6.7
2024-01-13,27,7.4,62.1,7.8,197,82.0,99.9,3.8
2024-01-13,28,22.8,41.0,0.8,156,64.4,77.4,7.0
2024-01-13,29,22.5,35.6,0.0,146,56.3,99.2,5.9
2024-01-13,30,19.2,54.3,1.2,91,33.5,35.1,7.2
2024-01-13,31,20.9,48.8,0.4,84,35.5,62.7,7.7
2024-01-13,32,11.9,40.5,0.1,169,30.7,123.8,6.2
2024-01-13,33,16.0,46.7,5.3,162,41.8,109.5,4.5
2024-01-13,34,7.1,37.8,5.2,125,23.0,90.0,7.8
2024-01-13,35,10.4,51.6,1.0,138,40.6,58.0,4.9
2024-01-14,1,18.9,35.4,0.2,136,22.1,69.3,6.7
2024-01-14,2,22.3,49.2,0.7,118,45.5,57.9,6.1
2024-01-14,3,20.1,55.2,1.7,158,30.5,58.1,5.3
2024-01-14,4,22.7,47.3,1.3,79,34.1,41.2,7.5
2024-01-14,5,20.1,53.0,2.3,168,63.5,64.6,5.8
2024-01-14,6,18.8,45.0,1.6,122,38.6,69.1,4.8
2024-01-14,7,21.0,47.1,0.3,98,16.1,72.8,8.6
2024-01-14,8,21.6,49.4,0.7,135,50.4,79.0,7.6
2024-01-14,9,23.7,44.9,1.0,66,16.7,44.0,6.5
2024-01-14,10,19.9,47.9,0.1,125,45.9,102.6,4.5
2024-01-14,11,14.0,46.7,1.5,183,64.9,100.1,5.1
2024-01-14,12,9.6,38.1,2.0,208,57.1,156.0,5.4
2024-01-14,13,10.0,41.3,0.9,148,52.6,68.3,6.1
2024-01-14,14,5.8,54.5,0.2,195,63.4,79.5,5.6
2024-01-14,15,24.1,57.4,0.9,124,37.6,86.3,7.5
2024-01-14,16,23.9,55.5,3.1,118,21.9,54.9,5.6
2024-01-14,17,18.3,45.4,4.4,147,65.6,92.0,7.3
2024-01-14,18,17.8,53.7,2.2,171,31.6,133.9,5.8
2024-01-14,19,20.1,39.1,1.5,135,31.0,98.3,5.4
2024-01-14,20,21.6,48.3,0.7,126,56.2,54.9,5.1
2024-01-14,21,4.2,36.9,2.7,85,27.9,35.1,6.8
2024-01-14,22,12.5,60.5,5.8,164,52.0,86.6,5.4
2024-01-14,23,14.0,39.9,0.1,163,47.2,135.5,6.3
2024-01-14,24,7.7,48.7,0.1,121,40.3,52.4,2.8
2024-01-14,25,4.5,35.3,1.7,207,64.7,77.4,4.7
2024-01-14,26,4.6,44.0,4.6,194,83.0,79.1,6.9
2024-01-14,27,4.1,39.6,8.6,169,41.6,60.7,4.5
2024-01-14,28,24.9,55.5,0.2,122,42.2,46.7,6.4
2024-01-14,29,19.9,57.7,1.5,143,36.3,78.4,7.0
2024-01-14,30,22.0,40.1,0.5,88,27.1,63.8,8.3
2024-01-14,31,19.6,52.0,0.2,72,26.1,33.7,7.1
2024-01-14,32,9.0,48.1,3.5,89,24.3,66.3,6.6
2024-01-14,33,13.7,48.1,1.9,137,44.9,114.1,3.7
2024-01-14,34,11.6,31.5,5.5,127,55.9,86.1,8.1
2024-01-14,35,15.4,46.0,4.3,145,30.9,67.7,5.3
2024-01-15,1,17.4,38.5,2.1,149,24.3,103.0,5.8
2024-01-15,2,25.5,44.5,1.6,152,27.2,101.4,5.7
2024-01-15,3,17.7,50.9,0.1,132,45.0,74.0,4.1
2024-01-15,4,19.5,34.7,2.1,155,32.0,96.3,6.8
2024-01-15,5,17.5,47.4,0.2,126,35.6,44.2,5.2
2024-01-15,6,15.6,44.3,0.2,187,76.1,95.1,4.2
2024-01-15,7,19.3,42.4,0.5,98,20.5,77.9,6.9
2024-01-15,8,23.3,48.4,1.3,111,17.3,49.5,7.1
2024-01-15,9,15.0,44.3,1.7,86,28.2,70.9,6.7
2024-01-15,10,18.4,58.6,2.4,53,17.6,25.1,5.9
2024-01-15,11,8.4,57.9,1.8,188,30.3,92.6,6.1
2024-01-15,12,9.9,39.9,1.0,142,63.1,74.6,5.3
2024-01-15,13,6.0,35.7,2.6,170,69.7,69.8,6.0
2024-01-15,14,11.6,38.9,1.8,214,47.4,85.7,4.7
2024-01-15,15,22.8,42.2,0.9,124,36.2,95.7,7.2
2024-01-15,16,18.3,48.4,0.2,152,60.9,87.1,5.0
2024-01-15,17,19.1,46.5,0.6,127,50.0,95.2,6.4
2024-01-15,18,18.1,35.7,0.3,127,25.7,51.5,4.9
2024-01-15,19,16.9,48.8,2.4,133,38.8,94.2,6.2
2024-01-15,20,22.6,67.1,0.2,148,24.2,53.9,5.0
2024-01-15,21,7.5,51.7,0.1,147,52.9,72.3,6.6
2024-01-15,22,11.3,56.8,1.7,127,42.0,56.3,7.0
2024-01-15,23,10.3,50.2,0.9,125,26.0,91.8,5.0
2024-01-15,24,11.9,47.9,0.4,165,68.9,125.4,4.6
2024-01-15,25,11.6,53.7,0.7,178,57.9,107.8,5.9
2024-01-15,26,8.6,44.8,2.5,224,36.2,106.6,6.2
2024-01-15,27,6.9,46.3,9.8,221,63.4,79.5,5.2
2024-01-15,28,21.5,50.4,1.9,124,27.3,100.7,5.9
2024-01-15,29,23.1,43.4,0.3,126,23.3,105.6,6.4
2024-01-15,30,22.2,45.3,0.0,83,33.9,55.6,7.0
2024-01-15,31,22.2,56.7,2.3,120,34.8,73.1,7.7
2024-01-15,32,7.5,54.6,3.1,133,20.0,87.0,5.2
2024-01-15,33,7.0,36.8,1.3,145,25.3,55.7,4.2
2024-01-15,34,11.2,40.2,0.5,174,31.2,112.3,8.5
2024-01-15,35,13.7,40.2,0.6,127,44.2,57.5,4.1
2024-01-16,1,19.8,54.9,0.1,119,49.9,50.9,6.6
2024-01-16,2,22.5,62.5,2.3,128,51.7,103.5,5.6
2024-01-16,3,20.5,41.0,0.1,148,52.7,87.2,5.6
2024-01-16,4,23.3,53.7,0.0,135,26.9,53.0,7.2
2024-01-16,5,17.7,35.5,1.0,154,68.6,100.3,4.6
2024-01-16,6,19.4,40.5,1.0,143,23.8,107.4,4.8
2024-01-16,7,16.3,50.6,1.1,80,28.4,35.0,7.4
2024-01-16,8,14.1,42.2,0.1,91,15.5,49.4,8.3
2024-01-16,9,20.6,51.6,0.8,57,18.1,25.4,6.4
2024-01-16,10,21.7,45.8,0.4,87,36.0,68.8,4.9
2024-01-16,11,5.7,51.2,1.6,196,73.8,101.0,6.6
2024-01-16,12,4.6,44.8,2.2,203,78.3,137.6,5.3
2024-01-16,13,6.4,49.3,4.3,173,36.9,97.5,7.2
2024-01-16,14,8.5,51.6,1.6,224,81.3,160.1,4.1
2024-01-16,15,20.8,49.5,0.1,127,26.9,94.3,6.2
2024-01-16,16,22.2,50.7,0.9,125,19.0,90.3,4.8
2024-01-16,17,18.5,39.5,0.8,123,43.6,84.3,6.7
2024-01-16,18,20.6,42.3,1.0,145,62.0,105.8,6.2
2024-01-16,19,19.4,50.3,0.3,136,37.6,52.8,5.3
2024-01-16,20,16.4,45.6,1.1,137,25.3,69.5,4.2
2024-01-16,21,5.9,53.3,0.5,108,30.5,67.4,7.4
2024-01-16,22,10.7,40.9,1.5,97,23.3,37.2,4.9
2024-01-16,23,19.9,62.3,1.6,137,57.4,102.8,5.8
2024-01-16,24,7.7,42.3,1.4,135,55.1,77.2,4.2
2024-01-16,25,11.8,28.2,5.3,207,38.8,132.1,4.7
2024-01-16,26,10.1,37.7,3.1,199,77.6,147.9,6.8
2024-01-16,27,13.1,53.9,3.8,189,48.1,149.2,4.8
2024-01-16,28,22.3,64.1,0.5,97,37.5,71.2,6.5
2024-01-16,29,20.0,50.5,0.1,155,67.1,129.2,6.2
2024-01-16,30,20.9,44.2,0.9,80,24.1,46.7,7.1
2024-01-16,31,22.8,40.3,2.8,111,37.6,88.2,7.9
2024-01-16,32,13.5,48.8,0.8,132,28.2,103.4,4.7
2024-01-16,33,3.0,34.5,7.8,143,44.3,121.2,5.3
2024-01-16,34,2.4,53.4,1.5,132,29.4,73.4,7.2
2024-01-16,35,13.6,52.3,4.2,147,49.9,112.1,5.5
2024-01-17,1,18.2,36.4,0.5,149,37.5,113.6,6.7
2024-01-17,2,17.8,48.0,0.4,156,39.6,88.1,5.8
2024-01-17,3,22.7,47.9,0.9,161,58.3,106.3,4.8
2024-01-17,4,20.1,46.5,0.4,169,42.1,143.2,7.6
2024-01-17,5,22.7,32.7,1.4,120,18.9,47.3,4.4
2024-01-17,6,21.7,39.2,1.6,162,45.4,126.9,6.2
2024-01-17,7,21.4,45.0,0.4,104,28.9,87.8,8.1
2024-01-17,8,18.8,26.7,0.7,121,43.9,79.4,7.8
2024-01-17,9,22.2,46.7,0.4,122,35.8,65.7,6.9
2024-01-17,10,19.5,52.8,0.1,94,20.6,76.8,4.8
2024-01-17,11,9.2,47.2,0.7,204,50.1,101.5,6.1
2024-01-17,12,4.6,46.4,3.0,216,38.5,149.7,5.5
2024-01-17,13,10.6,32.4,2.4,187,63.5,97.5,7.9
2024-01-17,14,10.4,46.6,2.9,146,33.3,116.7,5.3
2024-01-17,15,17.5,57.6,0.8,162,72.9,114.1,5.7
2024-01-17,16,21.9,51.1,1.2,148,47.1,89.2,5.2
2024-01-17,17,15.7,31.6,4.4,143,62.6,82.1,7.5
2024-01-17,18,21.3,44.3,0.4,152,42.1,118.5,4.3
2024-01-17,19,19.5,61.4,0.1,114,32.9,56.3,6.7
2024-01-17,20,21.7,49.9,0.0,142,29.5,104.0,4.7
2024-01-17,21,9.6,56.5,2.0,137,39.5,65.8,6.7
2024-01-17,22,13.2,39.8,0.8,137,49.3,52.8,4.5
2024-01-17,23,10.4,38.4,0.0,137,45.5,94.4,5.5
2024-01-17,24,4.1,57.2,0.0,123,49.3,98.2,4.0
2024-01-17,25,4.7,33.3,1.3,190,46.4,92.9,6.1
2024-01-17,26,12.0,48.9,0.7,196,62.7,97.0,6.5
2024-01-17,27,12.4,42.2,3.4,189,58.1,111.5,3.2
2024-01-17,28,22.2,36.9,0.1,163,57.6,67.7,6.8
2024-01-17,29,21.0,45.3,0.6,168,38.3,115.8,5.9
2024-01-17,30,18.1,41.5,0.9,81,35.0,37.9,7.1
2024-01-17,31,18.7,50.3,1.2,99,17.2,52.2,8.1
2024-01-17,32,10.2,52.8,0.5,135,43.3,70.8,5.0
2024-01-17,33,11.7,48.8,7.0,122,24.8,84.7,2.6
2024-01-17,34,10.4,46.9,8.0,174,35.0,102.4,7.1
2024-01-17,35,11.0,55.4,1.9,123,31.8,72.6,4.7
2024-01-18,1,18.0,48.8,0.1,152,29.8,82.4,6.3
2024-01-18,2,19.6,32.8,0.2,153,65.3,112.6,5.3
2024-01-18,3,17.1,49.9,0.6,155,32.7,63.6,4.7
2024-01-18,4,16.5,49.0,0.8,151,28.6,127.8,7.2
2024-01-18,5,21.9,52.3,1.9,154,59.7,115.2,4.8
2024-01-18,6,21.6,54.6,0.5,140,40.1,108.1,6.0
2024-01-18,7,17.2,36.2,0.8,141,60.7,92.0,6.9
2024-01-18,8,19.5,41.5,1.6,131,38.3,50.5,6.5
2024-01-18,9,21.8,42.6,1.9,93,41.2,66.4,6.3
2024-01-18,10,24.7,60.9,0.2,119,20.4,74.2,5.2
2024-01-18,11,8.1,56.1,0.7,172,71.6,105.9,6.1
2024-01-18,12,4.9,49.3,2.5,175,55.6,91.6,5.2
2024-01-18,13,12.2,44.1,0.0,188,30.2,149.8,7.2
2024-01-18,14,8.9,36.2,0.9,224,74.8,183.4,3.5
2024-01-18,15,15.6,36.0,0.7,125,42.3,52.6,7.2
2024-01-18,16,19.8,61.1,1.0,124,43.2,58.8,5.6
2024-01-18,17,19.4,50.7,1.5,163,36.8,137.0,6.5
2024-01-18,18,17.5,41.6,0.7,146,42.6,83.0,6.2
2024-01-18,19,19.0,44.6,0.7,126,30.1,94.4,5.9
2024-01-18,20,22.1,48.4,0.5,150,30.4,53.3,5.1
2024-01-18,21,7.3,50.2,2.8,133,56.7,54.3,6.0
2024-01-18,22,6.3,62.6,0.9,174,33.6,84.5,5.3
2024-01-18,23,10.7,50.2,0.2,120,20.2,66.5,5.0
2024-01-18,24,11.7,38.1,0.2,147,30.2,118.0,4.5
2024-01-18,25,11.0,45.1,2.7,191,36.6,132.8,3.8
2024-01-18,26,9.2,44.6,3.9,201,53.4,158.3,6.5
2024-01-18,27,11.7,56.0,4.1,216,57.2,168.6,4.5
2024-01-18,28,22.0,30.8,0.3,127,28.1,57.6,6.4
2024-01-18,29,15.3,45.0,0.4,122,52.1,99.2,5.6
2024-01-18,30,18.9,55.0,0.1,116,26.4,90.8,6.7
2024-01-18,31,22.7,48.7,0.2,100,32.6,56.1,7.8
2024-01-18,32,9.9,42.9,9.1,150,37.1,103.8,5.4
2024-01-18,33,7.9,61.3,5.9,155,23.5,118.1,3.2
2024-01-18,34,9.1,52.6,0.3,144,61.0,51.1,8.3
2024-01-18,35,12.4,51.5,6.8,129,27.0,61.4,5.2
2024-01-19,1,18.5,40.9,0.2,124,39.9,96.8,6.8
2024-01-19,2,20.3,62.0,1.5,115,20.6,59.1,5.7
2024-01-19,3,20.8,65.1,0.0,140,58.6,56.9,6.5
2024-01-19,4,20.7,41.9,1.8,139,36.6,63.1,7.3
2024-01-19,5,23.3,41.2,0.5,156,69.1,85.7,4.4
2024-01-19,6,18.8,56.0,0.6,167,36.8,59.6,5.1
2024-01-19,7,21.9,45.7,3.1,71,16.0,28.8,6.2
2024-01-19,8,17.8,48.2,0.0,84,32.8,33.6,6.9
2024-01-19,9,20.9,42.3,0.2,152,55.4,98.9,6.6
2024-01-19,10,19.7,39.4,0.4,56,10.8,42.9,5.3
2024-01-19,11,6.7,46.0,3.8,198,56.1,81.0,6.1
2024-01-19,12,3.6,37.5,0.0,225,61.3,185.7,5.8
2024-01-19,13,14.1,58.1,0.8,196,79.6,128.7,7.2
2024-01-19,14,7.8,44.4,0.3,194,82.1,133.9,5.0
2024-01-19,15,19.9,36.5,0.1,92,22.7,36.9,6.1
2024-01-19,16,15.8,48.7,0.5,136,27.5,47.9,6.0
2024-01-19,17,18.8,39.8,0.2,142,43.6,71.3,7.3
2024-01-19,18,23.7,45.9,0.4,178,50.8,68.1,5.1
2024-01-19,19,24.1,34.5,1.4,194,43.8,141.3,5.8
2024-01-19,20,14.1,51.3,0.6,146,64.0,99.7,5.1
2024-01-19,21,16.8,41.1,3.5,123,39.2,71.0,6.0
2024-01-19,22,9.2,50.0,5.4,136,52.2,112.5,6.2
2024-01-19,23,13.2,34.7,0.2,152,44.2,124.1,5.6
2024-01-19,24,10.8,55.8,0.0,106,20.4,49.2,4.5
2024-01-19,25,14.6,45.5,1.5,189,59.0,89.8,5.1
2024-01-19,26,6.2,37.7,0.1,207,48.1,81.7,6.2
2024-01-19,27,6.1,50.0,1.2,202,66.7,120.2,4.4
2024-01-19,28,20.1,44.4,1.3,150,67.4,71.8,6.4
2024-01-19,29,21.6,48.3,1.0,103,38.1,38.0,6.5
2024-01-19,30,21.6,43.3,0.8,95,34.6,41.1,6.8
2024-01-19,31,16.7,42.6,1.2,102,43.1,36.9,7.8
2024-01-19,32,9.7,32.2,0.8,167,66.9,130.5,4.1
2024-01-19,33,2.8,43.0,2.6,146,36.8,88.0,4.4
2024-01-19,34,10.5,52.7,5.5,148,56.6,70.2,8.1
2024-01-19,35,18.7,42.6,3.1,103,19.8,50.7,5.7
2024-01-20,1,21.2,39.5,0.3,147,50.3,123.4,6.9
2024-01-20,2,19.3,44.8,1.0,142,23.9,52.5,5.9
2024-01-20,3,19.1,55.7,2.0,107,32.8,89.7,6.8
2024-01-20,4,19.6,39.3,0.5,128,51.8,100.6,7.2
2024-01-20,5,16.6,46.0,0.0,109,40.3,91.0,5.6
2024-01-20,6,22.2,32.8,0.3,161,71.7,96.4,3.7
2024-01-20,7,20.8,37.3,0.3,74,13.5,36.9,8.5
2024-01-20,8,16.7,42.1,0.0,96,21.4,80.7,7.1
2024-01-20,9,17.6,45.0,0.3,79,27.0,31.7,6.2
2024-01-20,10,13.8,55.4,0.3,98,20.7,59.5,4.5
2024-01-20,11,14.8,50.7,0.6,190,53.8,149.7,6.2
2024-01-20,12,8.0,46.1,3.2,198,77.8,96.2,5.4
2024-01-20,13,7.1,52.9,0.8,188,72.1,106.7,7.9
2024-01-20,14,9.5,54.6,2.7,158,67.5,98.0,4.9
2024-01-20,15,25.6,57.9,0.8,132,37.2,92.3,6.9
2024-01-20,16,16.9,54.7,0.6,110,20.5,55.3,6.6
2024-01-20,17,22.8,57.2,1.3,127,24.0,56.6,7.0
2024-01-20,18,24.5,40.4,1.4,139,44.2,62.7,5.8
2024-01-20,19,20.3,39.8,0.9,159,31.4,76.2,6.4
2024-01-20,20,20.0,40.0,1.1,106,33.2,89.0,5.4
2024-01-20,21,11.4,46.5,1.3,116,32.6,62.5,5.5
2024-01-20,22,10.9,45.2,0.8,100,37.7,41.2,5.8
2024-01-20,23,5.4,47.5,0.6,157,37.3,132.2,4.5
2024-01-20,24,8.2,50.7,0.8,158,53.8,64.2,4.9
2024-01-20,25,5.3,47.5,5.0,195,57.3,159.3,4.8
2024-01-20,26,12.5,55.0,1.7,191,50.1,121.9,6.6
2024-01-20,27,13.6,30.0,0.7,200,44.3,134.9,3.5
2024-01-20,28,19.5,46.1,3.0,148,61.1,52.7,5.4
2024-01-20,29,23.8,55.3,0.3,162,45.4,121.9,6.1
2024-01-20,30,20.1,44.3,0.5,127,49.6,96.4,7.5
2024-01-20,31,21.4,42.6,0.0,115,23.3,71.1,7.3
2024-01-20,32,8.6,48.6,2.0,170,52.6,140.9,5.5
2024-01-20,33,12.5,35.6,0.7,128,50.5,91.0,3.3
2024-01-20,34,15.9,40.4,1.9,143,53.8,121.2,7.0
2024-01-20,35,15.1,43.3,4.3,144,33.6,70.4,4.6
2024-01-21,1,18.5,26.8,0.3,120,45.4,67.0,6.8
2024-01-21,2,22.5,45.1,1.4,122,25.8,49.0,5.1
2024-01-21,3,20.9,41.1,1.1,117,30.9,81.0,5.5
2024-01-21,4,19.8,39.5,0.8,140,50.9,104.8,7.1
2024-01-21,5,19.7,60.0,0.2,100,39.6,67.1,5.6
2024-01-21,6,20.6,44.6,0.3,140,59.4,96.0,5.4
2024-01-21,7,18.7,53.1,0.9,104,43.3,42.3,6.2
2024-01-21,8,14.6,37.1,1.6,104,28.5,80.2,8.1
2024-01-21,9,24.8,45.3,1.4,108,43.7,49.5,5.9
2024-01-21,10,18.9,49.1,1.5,123,22.9,70.3,4.7
2024-01-21,11,8.6,37.1,0.7,222,84.6,143.4,5.9
2024-01-21,12,9.2,50.7,4.1,189,84.6,121.7,5.8
2024-01-21,13,14.0,37.3,1.4,233,68.8,144.3,7.7
2024-01-21,14,6.0,55.1,1.5,183,51.7,110.0,4.8
2024-01-21,15,19.3,48.3,0.3,164,59.5,92.6,6.1
2024-01-21,16,19.3,40.4,2.8,144,33.3,78.5,5.6
2024-01-21,17,18.5,31.7,1.1,136,23.8,54.8,6.7
2024-01-21,18,20.1,38.9,0.2,141,42.0,80.4,5.4
2024-01-21,19,21.1,52.0,0.1,104,35.6,83.7,5.9
2024-01-21,20,22.2,56.7,0.7,135,46.5,47.7,4.6
2024-01-21,21,10.5,43.9,2.2,171,41.2,65.1,5.7
2024-01-21,22,10.0,43.7,4.5,139,32.6,83.1,6.0
2024-01-21,23,15.4,32.2,0.3,150,29.5,61.2,5.4
2024-01-21,24,10.4,62.4,0.1,107,41.5,54.7,3.5
2024-01-21,25,15.7,48.7,0.8,186,43.9,71.1,5.3
2024-01-21,26,9.0,51.6,2.6,227,47.6,123.3,6.2
2024-01-21,27,9.4,33.5,5.1,205,91.2,153.7,4.2
2024-01-21,28,21.7,47.5,1.0,127,23.3,59.1,7.2
2024-01-21,29,24.5,50.2,0.8,172,61.1,123.3,6.2
2024-01-21,30,19.6,47.1,0.4,83,23.2,45.9,7.3
2024-01-21,31,20.6,57.4,1.4,76,32.7,30.2,7.4
2024-01-21,32,4.4,41.1,3.4,131,58.6,75.2,5.2
2024-01-21,33,11.0,63.0,6.0,167,47.9,102.0,4.1
2024-01-21,34,11.2,49.2,0.2,91,14.1,45.4,7.2
2024-01-21,35,10.3,37.9,0.6,129,43.9,71.3,5.3
2024-01-22,1,21.4,50.5,0.4,177,60.8,121.5,7.4
2024-01-22,2,19.6,45.0,1.6,135,49.5,78.3,6.0
2024-01-22,3,22.2,37.4,2.3,125,25.7,75.3,5.8
2024-01-22,4,19.0,44.1,0.4,136,48.8,91.2,6.8
2024-01-22,5,17.2,49.5,0.1,118,22.2,67.3,4.4
2024-01-22,6,20.4,48.5,3.2,144,37.5,114.7,4.9
2024-01-22,7,20.4,57.3,3.2,124,36.7,96.5,7.7
2024-01-22,8,20.2,44.3,0.2,84,19.1,63.6,6.8
2024-01-22,9,23.1,46.9,2.4,88,25.2,62.8,6.1
2024-01-22,10,20.6,50.0,0.7,102,44.6,81.8,5.4
2024-01-22,11,10.8,47.3,2.3,169,69.1,94.6,6.4
2024-01-22,12,10.8,59.1,3.0,213,89.0,135.3,5.9
2024-01-22,13,13.9,41.7,0.5,218,37.1,175.5,7.1
2024-01-22,14,5.6,46.2,2.3,247,102.0,173.0,4.8
2024-01-22,15,15.8,43.8,0.3,148,48.9,119.5,6.9
2024-01-22,16,19.7,36.8,0.0,132,49.3,101.3,6.8
2024-01-22,17,16.4,53.4,1.2,154,57.9,116.1,7.2
2024-01-22,18,17.6,49.5,2.8,158,46.5,101.5,4.3
2024-01-22,19,19.6,54.2,0.0,135,32.1,91.6,6.2
2024-01-22,20,18.0,48.5,0.9,123,28.2,43.3,4.7
2024-01-22,21,6.7,52.2,1.8,162,67.6,86.5,6.2
2024-01-22,22,7.3,63.0,2.7,117,23.9,89.0,4.7
2024-01-22,23,9.0,48.1,1.0,147,26.3,117.7,5.5
2024-01-22,24,10.8,47.6,1.3,133,43.9,97.3,3.6
2024-01-22,25,9.3,52.2,0.4,162,53.6,71.5,4.1
2024-01-22,26,10.0,38.4,1.8,217,64.1,159.4,5.4
2024-01-22,27,11.4,57.0,2.2,226,69.3,112.6,3.8
2024-01-22,28,21.7,59.1,0.8,110,23.5,90.0,7.4
2024-01-22,29,18.8,48.1,0.6,140,44.2,69.6,5.5
2024-01-22,30,18.4,44.2,0.0,92,27.1,62.9,7.7
2024-01-22,31,18.2,58.2,0.1,84,15.2,38.6,7.3
2024-01-22,32,6.3,54.0,12.2,134,34.7,58.4,5.7
2024-01-22,33,6.3,50.4,2.1,161,53.3,112.6,3.2
2024-01-22,34,8.5,46.9,2.8,110,28.3,59.7,7.7
2024-01-22,35,19.3,49.6,1.2,151,55.0,126.3,4.3
2024-01-23,1,20.0,38.8,0.1,141,24.1,99.2,6.5
2024-01-23,2,19.6,62.3,0.9,173,29.1,63.2,6.1
2024-01-23,3,14.8,46.9,0.7,121,32.7,70.5,4.9
2024-01-23,4,18.1,37.2,0.3,129,28.6,109.4,6.6
2024-01-23,5,24.2,47.6,0.2,133,46.8,84.4,5.5
2024-01-23,6,23.7,51.2,0.2,141,59.3,92.9,4.5
2024-01-23,7,19.6,49.6,1.1,97,30.1,71.7,6.0
2024-01-23,8,19.1,51.7,0.5,84,16.7,30.7,7.5
2024-01-23,9,20.7,36.2,0.3,125,56.1,74.4,6.6
2024-01-23,10,20.2,45.7,1.2,77,32.3,45.6,4.9
2024-01-23,11,6.9,45.5,1.6,182,61.2,153.7,6.2
2024-01-23,12,10.5,51.7,0.3,200,74.6,104.4,4.8
2024-01-23,13,10.1,47.4,2.2,212,55.2,127.0,7.8
2024-01-23,14,8.5,60.5,1.3,162,50.5,69.9,4.9
2024-01-23,15,19.8,47.1,0.0,141,24.3,90.9,6.4
2024-01-23,16,22.4,66.6,2.1,146,32.2,123.3,5.9
2024-01-23,17,16.0,46.4,2.9,143,51.0,116.9,7.9
2024-01-23,18,25.1,55.9,0.3,155,44.4,95.2,6.0
2024-01-23,19,19.0,65.2,2.0,169,45.1,89.2,6.2
2024-01-23,20,20.4,45.3,2.0,150,40.0,118.7,5.4
2024-01-23,21,10.8,37.8,1.2,143,61.3,113.0,6.5
2024-01-23,22,13.4,45.6,0.5,148,31.7,120.5,6.3
2024-01-23,23,8.1,38.9,4.4,130,56.0,101.5,5.2
2024-01-23,24,8.3,61.0,0.1,141,55.4,113.0,5.3
2024-01-23,25,10.8,44.8,1.1,207,62.2,169.2,4.7
2024-01-23,26,9.0,57.2,0.9,203,33.6,153.1,7.0
2024-01-23,27,9.2,47.1,0.3,216,67.7,89.5,4.5
2024-01-23,28,20.9,43.2,1.5,186,29.8,93.5,7.1
2024-01-23,29,18.8,49.5,0.1,96,30.9,49.3,6.8
2024-01-23,30,16.8,42.5,0.8,78,24.4,34.1,6.9
2024-01-23,31,20.9,50.7,0.9,90,18.4,48.2,7.6
2024-01-23,32,1.4,49.3,0.5,159,67.7,79.6,4.5
2024-01-23,33,9.1,51.2,4.6,147,52.1,67.9,3.7
2024-01-23,34,6.3,52.1,0.6,155,25.3,60.5,8.4
2024-01-23,35,10.7,41.4,0.9,171,33.5,100.2,4.8
2024-01-24,1,19.9,54.0,0.4,165,59.0,68.2,6.2
2024-01-24,2,23.8,49.2,0.6,137,42.8,78.1,5.2
2024-01-24,3,19.9,54.3,0.9,134,30.3,81.1,5.2
2024-01-24,4,16.0,43.2,1.0,126,46.9,69.1,7.1
2024-01-24,5,19.1,37.9,0.2,127,52.2,101.3,5.8
2024-01-24,6,19.5,47.1,0.6,143,56.3,80.6,4.8
2024-01-24,7,24.9,57.6,2.1,120,47.2,81.9,7.6
2024-01-24,8,19.9,39.5,0.5,55,21.7,28.5,6.6
2024-01-24,9,17.9,43.6,1.7,91,18.9,43.2,7.1
2024-01-24,10,18.8,61.4,0.3,103,26.6,50.7,4.9
2024-01-24,11,-0.8,62.8,1.5,192,58.0,75.1,6.5
2024-01-24,12,10.6,49.0,9.6,199,69.6,114.8,5.3
2024-01-24,13,10.7,45.8,1.5,215,93.4,104.4,6.4
2024-01-24,14,10.0,59.6,4.8,217,53.3,109.4,5.1
2024-01-24,15,19.8,54.2,0.1,136,50.8,51.8,5.6
2024-01-24,16,21.4,54.6,0.7,144,27.3,53.7,5.3
2024-01-24,17,18.4,46.2,0.8,152,38.2,80.6,7.8
2024-01-24,18,21.0,37.2,0.1,136,54.1,108.3,5.5
2024-01-24,19,17.7,59.1,0.1,159,52.6,131.7,5.5
2024-01-24,20,20.6,51.0,0.2,147,35.8,67.5,5.1
2024-01-24,21,11.6,45.2,0.8,121,46.3,63.6,6.4
2024-01-24,22,11.9,38.3,2.9,174,41.8,63.5,6.2
2024-01-24,23,15.3,44.8,0.1,164,42.3,83.7,5.6
2024-01-24,24,12.9,55.2,0.2,146,30.5,93.4,4.2
2024-01-24,25,5.9,38.3,4.6,161,62.9,135.6,6.0
2024-01-24,26,7.2,46.8,7.7,247,42.4,119.3,7.0
2024-01-24,27,6.5,42.8,4.8,205,51.6,80.6,4.1
2024-01-24,28,24.2,47.2,2.8,117,18.5,87.9,7.7
2024-01-24,29,22.7,40.5,1.9,149,59.1,71.4,5.8
2024-01-24,30,17.0,54.1,0.5,148,48.6,114.9,7.8
2024-01-24,31,15.8,68.8,0.2,73,14.9,58.7,8.6
2024-01-24,32,7.8,37.3,0.0,120,31.8,92.1,5.8
2024-01-24,33,15.3,54.7,1.8,152,61.3,57.5,3.6
2024-01-24,34,6.7,35.7,0.4,135,51.9,70.8,7.0
2024-01-24,35,16.0,47.2,1.8,147,49.5,91.1,5.5
2024-01-25,1,22.2,55.0,5.1,112,48.6,86.2,7.7
2024-01-25,2,24.0,44.9,4.3,148,48.6,123.7,5.8
2024-01-25,3,16.2,42.3,0.4,124,19.3,54.2,5.9
2024-01-25,4,21.1,46.6,0.5,139,54.8,100.9,7.0
2024-01-25,5,19.2,46.6,0.6,128,26.2,91.4,5.4
2024-01-25,6,20.5,56.0,0.0,128,40.4,93.8,4.5
2024-01-25,7,16.1,37.7,0.3,122,30.9,83.0,6.9
2024-01-25,8,18.7,29.5,0.7,94,41.5,57.4,7.6
2024-01-25,9,20.2,60.6,0.1,101,38.5,36.9,5.0
2024-01-25,10,19.6,40.6,1.2,89,24.1,56.2,4.7
2024-01-25,11,9.2,51.2,0.2,209,57.8,105.2,7.3
2024-01-25,12,12.2,40.5,0.9,189,65.0,154.4,5.1
2024-01-25,13,11.4,50.3,0.7,169,69.4,107.3,6.1
2024-01-25,14,7.7,45.5,1.2,230,66.5,146.8,4.5
2024-01-25,15,26.8,40.5,0.6,146,31.3,104.9,6.9
2024-01-25,16,19.9,32.2,0.5,115,20.2,71.2,4.6
2024-01-25,17,19.2,38.5,0.7,124,29.2,64.9,6.3
2024-01-25,18,18.4,42.1,2.0,120,32.4,44.3,6.0
2024-01-25,19,21.2,44.7,1.8,152,42.8,60.0,7.0
2024-01-25,20,16.3,49.1,0.6,121,39.5,73.3,4.8
2024-01-25,21,8.3,39.5,1.3,142,45.0,91.2,5.8
2024-01-25,22,7.4,52.6,1.5,149,25.2,70.6,6.0
2024-01-25,23,11.1,50.8,0.3,142,32.9,96.4,6.2
2024-01-25,24,17.8,52.7,1.2,155,43.6,105.6,4.4
2024-01-25,25,8.0,35.0,15.2,167,55.0,58.6,5.0
2024-01-25,26,10.3,51.9,2.2,153,46.6,101.5,6.6
2024-01-25,27,9.9,55.6,3.0,214,64.2,159.9,4.3
2024-01-25,28,24.0,37.1,1.0,141,34.0,117.0,5.5
2024-01-25,29,20.2,58.1,1.6,154,47.3,56.6,6.9
2024-01-25,30,18.7,45.7,1.0,87,34.9,36.6,8.5
2024-01-25,31,18.2,35.6,0.5,139,26.7,76.4,6.9
2024-01-25,32,9.8,43.3,3.7,145,38.4,120.9,4.6
2024-01-25,33,16.1,31.5,5.8,153,47.8,54.0,3.9
2024-01-25,34,12.1,57.5,4.9,103,37.3,81.4,7.3
2024-01-25,35,12.1,34.0,2.4,108,47.0,91.8,5.6
2024-01-26,1,17.8,35.1,2.7,111,22.2,84.1,6.5
2024-01-26,2,19.6,43.8,0.2,169,53.3,78.6,5.5
2024-01-26,3,22.1,50.8,3.5,129,26.1,84.3,5.3
2024-01-26,4,18.1,48.1,3.3,117,26.2,82.7,6.6
2024-01-26,5,18.1,38.3,2.1,125,31.2,60.4,6.1
2024-01-26,6,21.9,38.4,0.3,131,35.3,63.5,4.1
2024-01-26,7,22.4,36.5,2.3,96,26.1,38.0,7.7
2024-01-26,8,19.8,66.7,1.1,118,39.3,88.6,7.3
2024-01-26,9,14.9,48.7,1.1,85,28.4,43.1,7.0
2024-01-26,10,19.0,44.6,0.1,111,47.1,80.5,5.3
2024-01-26,11,11.1,46.6,0.1,212,69.3,83.8,5.9
2024-01-26,12,6.4,49.2,1.3,212,58.2,139.8,5.0
2024-01-26,13,6.4,37.6,0.0,145,23.8,103.1,7.0
2024-01-26,14,9.3,61.3,0.3,197,79.9,102.2,5.6
2024-01-26,15,19.6,37.9,0.1,136,43.0,82.0,6.2
2024-01-26,16,24.0,37.6,1.0,152,32.1,78.6,5.6
2024-01-26,17,18.0,39.8,0.5,170,37.9,86.5,6.5
2024-01-26,18,15.5,37.8,0.2,138,32.5,106.2,5.5
2024-01-26,19,24.3,49.6,1.1,174,39.4,104.0,5.7
2024-01-26,20,18.7,63.2,1.0,134,44.4,59.8,4.3
2024-01-26,21,6.2,53.1,8.3,124,55.1,46.1,6.2
2024-01-26,22,11.8,42.5,3.3,139,54.6,113.5,5.3
2024-01-26,23,9.8,46.1,0.3,123,50.3,87.5,5.0
2024-01-26,24,13.0,35.3,1.3,109,40.2,80.8,4.3
2024-01-26,25,7.7,36.1,3.9,145,33.7,108.3,4.0
2024-01-26,26,6.1,50.2,4.2,182,73.6,135.1,6.7
2024-01-26,27,8.8,43.8,7.3,188,73.0,134.2,3.7
2024-01-26,28,19.9,37.7,1.0,95,29.3,55.5,7.2
2024-01-26,29,24.7,39.2,0.6,134,54.7,49.8,6.4
2024-01-26,30,21.2,37.5,0.0,76,14.9,59.9,6.4
2024-01-26,31,20.4,56.1,1.3,80,13.3,44.7,7.9
2024-01-26,32,8.6,38.6,1.4,170,54.9,66.4,5.3
2024-01-26,33,7.2,48.9,4.4,110,28.3,64.5,4.5
2024-01-26,34,9.2,52.1,8.2,161,60.4,89.2,8.4
2024-01-26,35,12.3,36.6,1.2,123,19.8,59.2,3.6
2024-01-27,1,19.3,53.8,2.6,148,52.7,102.9,6.5
2024-01-27,2,18.8,41.4,0.9,113,45.8,79.3,5.8
2024-01-27,3,19.3,51.7,0.6,132,25.5,59.2,6.8
2024-01-27,4,20.5,44.4,0.7,145,60.2,84.4,7.1
2024-01-27,5,15.7,48.5,0.5,149,32.3,100.5,4.1
2024-01-27,6,19.5,39.1,0.1,125,53.6,95.7,5.4
2024-01-27,7,17.7,43.9,2.5,91,21.1,57.4,6.6
2024-01-27,8,18.7,29.3,0.2,111,22.8,65.1,6.2
2024-01-27,9,16.0,48.1,1.3,125,45.2,80.9,6.5
2024-01-27,10,19.2,33.0,0.0,98,35.1,68.4,4.7
2024-01-27,11,6.5,52.3,0.6,168,56.4,121.3,5.8
2024-01-27,12,10.9,43.7,3.2,181,36.5,90.4,5.8
2024-01-27,13,13.6,66.0,4.7,209,93.6,134.4,6.9
2024-01-27,14,8.0,64.3,0.0,186,47.4,149.9,4.4
2024-01-27,15,18.3,56.0,1.8,112,41.8,94.9,7.3
2024-01-27,16,24.7,28.0,0.2,149,26.1,66.2,5.8
2024-01-27,17,23.9,38.6,1.4,109,28.9,47.5,6.6
2024-01-27,18,19.6,44.3,0.7,151,24.9,127.7,5.4
2024-01-27,19,19.3,29.7,0.1,119,26.1,77.8,6.8
2024-01-27,20,20.8,43.9,1.2,152,66.6,58.1,4.7
2024-01-27,21,12.0,52.8,1.1,132,56.1,68.4,6.0
2024-01-27,22,8.4,45.1,0.2,114,48.5,96.0,6.2
2024-01-27,23,10.5,42.1,0.0,148,58.0,59.2,4.9
2024-01-27,24,7.0,56.7,0.5,127,25.2,93.9,4.0
2024-01-27,25,7.2,44.2,1.2,184,62.4,66.8,4.5
2024-01-27,26,8.3,52.6,8.3,200,37.9,125.9,6.8
2024-01-27,27,7.8,54.3,4.8,200,85.4,136.6,2.6
2024-01-27,28,17.3,47.1,0.3,159,29.8,115.8,6.4
2024-01-27,29,18.5,34.1,0.2,134,35.7,64.0,6.6
2024-01-27,30,21.7,34.3,1.0,64,15.9,23.4,8.1
2024-01-27,31,19.5,44.6,0.2,120,41.5,71.4,7.3
2024-01-27,32,11.2,38.1,2.3,144,64.1,74.6,5.0
2024-01-27,33,5.3,54.8,2.6,150,60.3,83.5,4.2
2024-01-27,34,11.0,35.9,0.1,118,23.6,58.4,7.7
2024-01-27,35,12.6,57.6,0.9,107,43.9,51.0,4.5
2024-01-28,1,21.2,45.6,1.9,145,43.9,123.2,7.1
2024-01-28,2,16.9,54.2,0.4,131,50.5,72.6,5.8
2024-01-28,3,20.1,53.4,0.0,121,18.5,90.9,5.3
2024-01-28,4,21.1,47.1,0.4,150,59.1,121.9,7.5
2024-01-28,5,22.2,44.6,0.7,139,52.7,99.8,5.8
2024-01-28,6,19.4,45.6,0.6,146,39.5,89.8,4.6
2024-01-28,7,23.2,45.9,1.3,103,16.5,41.4,7.2
2024-01-28,8,16.9,29.1,0.5,124,33.6,79.9,5.7
2024-01-28,9,25.6,40.2,0.3,112,44.0,45.2,5.6
2024-01-28,10,19.5,46.8,1.0,87,17.7,55.7,4.8
2024-01-28,11,6.7,45.6,0.9,243,47.6,173.2,5.2
2024-01-28,12,9.3,50.4,7.5,209,42.1,121.8,4.3
2024-01-28,13,15.5,63.9,3.6,172,75.5,115.8,7.8
2024-01-28,14,11.4,63.2,1.4,200,36.6,116.6,5.7
2024-01-28,15,17.2,44.4,0.1,140,31.3,62.3,7.0
2024-01-28,16,20.7,29.7,0.6,112,42.0,90.3,6.2
2024-01-28,17,24.6,43.3,0.6,160,67.5,100.1,7.4
2024-01-28,18,20.5,23.5,0.0,155,27.3,75.2,4.5
2024-01-28,19,21.9,38.4,0.9,142,49.8,84.5,6.7
2024-01-28,20,22.1,55.0,0.7,155,56.4,85.8,5.6
2024-01-28,21,4.6,37.9,2.2,134,28.2,92.8,6.5
2024-01-28,22,9.4,52.1,1.7,151,24.7,126.7,6.1
2024-01-28,23,3.9,47.1,1.4,135,28.6,84.8,4.6
2024-01-28,24,16.4,47.1,0.6,131,26.3,54.9,5.5
2024-01-28,25,10.7,43.2,0.7,188,71.8,149.7,4.7
2024-01-28,26,9.6,40.0,9.7,202,88.9,147.9,6.6
2024-01-28,27,8.3,50.9,1.8,165,51.5,124.7,3.9
2024-01-28,28,21.5,39.1,1.6,123,52.8,82.6,7.2
2024-01-28,29,20.7,48.1,0.7,133,53.1,105.0,4.7
2024-01-28,30,21.2,41.7,1.3,86,13.1,66.6,7.5
2024-01-28,31,21.2,28.2,0.0,130,41.6,107.3,7.1
2024-01-28,32,7.4,65.4,2.2,147,57.5,58.9,4.8
2024-01-28,33,7.6,46.6,0.0,132,35.1,84.1,3.9
2024-01-28,34,8.6,48.9,1.0,133,32.0,82.9,8.0
2024-01-28,35,8.6,49.9,0.1,150,30.8,112.8,6.1
2024-01-29,1,20.2,37.9,2.7,157,52.7,128.5,7.3
2024-01-29,2,24.1,41.5,0.5,145,49.0,71.4,5.7
2024-01-29,3,19.1,51.9,1.3,127,31.6,60.3,5.3
2024-01-29,4,18.5,37.6,0.3,135,42.8,111.2,7.9
2024-01-29,5,18.8,52.9,0.1,150,49.6,114.3,5.3
2024-01-29,6,18.9,56.0,0.5,123,22.6,71.0,4.7
2024-01-29,7,17.9,36.6,0.4,93,33.4,76.4,7.1
2024-01-29,8,19.6,44.3,0.2,127,29.3,65.3,7.2
2024-01-29,9,20.3,50.3,1.9,100,16.3,51.6,7.5
2024-01-29,10,20.2,50.3,1.7,97,41.2,41.3,5.3
2024-01-29,11,5.8,51.7,1.8,195,35.9,157.0,6.0
2024-01-29,12,7.9,49.2,3.6,189,76.9,79.0,4.4
2024-01-29,13,7.8,52.4,0.8,195,36.3,79.1,7.1
2024-01-29,14,11.6,54.7,5.7,210,85.5,78.8,4.7
2024-01-29,15,19.4,41.5,1.1,132,53.0,108.4,7.2
2024-01-29,16,19.5,45.0,0.2,124,54.3,56.2,5.9
2024-01-29,17,22.5,39.7,0.7,132,33.5,106.7,7.2
2024-01-29,18,21.1,55.1,2.6,149,52.8,108.3,5.3
2024-01-29,19,18.2,38.3,1.1,197,85.0,99.3,6.6
2024-01-29,20,22.3,41.3,2.1,141,40.1,107.0,5.2
2024-01-29,21,9.8,48.6,1.2,155,67.1,83.7,6.0
2024-01-29,22,12.3,42.3,0.0,137,37.2,65.2,5.2
2024-01-29,23,11.3,36.8,0.5,135,22.9,73.5,5.8
2024-01-29,24,9.7,53.5,0.5,125,35.9,84.6,3.9
2024-01-29,25,6.1,55.9,0.4,175,35.8,72.9,4.9
2024-01-29,26,11.5,38.6,2.5,218,82.9,178.7,6.1
2024-01-29,27,3.9,30.2,3.0,188,40.4,77.5,4.4
2024-01-29,28,21.0,48.4,1.2,141,39.5,102.4,7.4
2024-01-29,29,17.6,22.0,1.3,118,39.9,74.6,6.0
2024-01-29,30,19.1,48.2,1.5,69,10.4,54.8,6.4
2024-01-29,31,23.3,49.2,0.3,63,10.0,31.5,8.1
2024-01-29,32,4.2,40.1,1.2,145,58.1,58.8,5.5
2024-01-29,33,10.2,37.5,1.0,139,51.5,85.7,3.8
2024-01-29,34,9.4,39.7,1.3,125,37.6,84.5,7.0
2024-01-29,35,13.9,48.4,1.4,145,61.1,118.4,6.5
2024-01-30,1,23.3,40.0,0.7,160,31.4,77.7,6.4
2024-01-30,2,21.4,53.1,0.4,154,35.4,113.3,5.7
2024-01-30,3,18.1,56.6,0.1,168,69.4,61.3,5.8
2024-01-30,4,20.9,43.1,1.7,180,65.6,130.4,8.3
2024-01-30,5,21.0,51.9,1.7,163,59.4,83.0,6.0
2024-01-30,6,16.2,41.3,0.4,151,41.1,58.6,4.0
2024-01-30,7,18.1,47.8,0.6,133,44.5,60.7,7.5
2024-01-30,8,19.1,57.2,0.2,123,32.3,93.3,6.5
2024-01-30,9,17.9,51.5,0.8,111,40.8,81.3,6.5
2024-01-30,10,23.7,44.3,0.1,105,18.4,84.7,5.4
2024-01-30,11,15.7,48.1,1.1,201,42.3,82.3,6.4
2024-01-30,12,7.7,61.1,1.4,208,68.3,149.5,5.3
2024-01-30,13,11.3,41.9,0.9,226,100.1,132.3,6.7
2024-01-30,14,11.9,46.7,2.4,171,75.3,92.3,4.5
2024-01-30,15,26.6,53.6,0.7,123,26.1,69.1,6.1
2024-01-30,16,22.9,55.5,3.2,151,36.4,112.8,5.7
2024-01-30,17,17.4,52.4,0.1,164,35.6,96.0,7.4
2024-01-30,18,26.2,31.6,0.6,118,49.3,67.8,4.7
2024-01-30,19,18.8,51.0,1.3,127,36.6,73.3,6.3
2024-01-30,20,19.2,41.3,1.0,143,62.3,64.8,4.4
2024-01-30,21,10.6,33.4,0.3,162,40.5,116.6,6.5
2024-01-30,22,15.5,44.6,1.0,164,47.3,111.3,6.5
2024-01-30,23,6.7,49.5,0.2,130,27.2,103.5,5.6
2024-01-30,24,6.3,31.0,1.4,144,38.0,102.2,4.9
2024-01-30,25,8.6,44.7,0.8,205,81.4,161.4,5.1
2024-01-30,26,14.5,41.5,1.5,212,46.8,134.8,7.5
2024-01-30,27,5.9,49.6,3.8,157,54.8,132.6,3.1
2024-01-30,28,23.3,55.5,1.2,167,50.9,72.7,6.8
2024-01-30,29,20.7,41.8,0.6,142,55.2,112.4,6.5
2024-01-30,30,26.2,54.8,0.8,134,25.3,48.9,8.5
2024-01-30,31,21.0,52.4,2.2,85,19.5,43.5,7.7
2024-01-30,32,7.6,46.2,1.3,122,54.2,57.7,5.7
2024-01-30,33,11.5,56.2,3.3,142,49.7,54.2,3.3
2024-01-30,34,6.7,52.4,1.8,144,63.3,95.4,7.6
2024-01-30,35,9.4,31.4,0.7,113,28.9,66.5,5.7
2024-01-31,1,20.3,37.7,0.1,133,39.3,77.4,5.7
2024-01-31,2,20.5,49.3,1.6,113,26.6,60.4,5.3
2024-01-31,3,18.1,42.5,0.3,134,33.0,50.8,5.7
2024-01-31,4,17.6,52.1,4.4,153,37.5,88.2,7.8
2024-01-31,5,22.6,44.5,4.2,122,49.0,65.4,5.6
2024-01-31,6,22.3,39.7,1.0,146,45.4,93.5,5.1
2024-01-31,7,17.7,42.8,1.6,109,21.2,44.1,7.3
2024-01-31,8,17.4,49.8,0.2,109,26.8,66.3,6.3
2024-01-31,9,14.5,38.9,0.4,123,55.3,66.1,5.4
2024-01-31,10,23.3,55.8,0.6,130,49.3,86.7,4.8
2024-01-31,11,12.4,45.6,4.7,237,92.9,146.6,6.7
2024-01-31,12,9.5,57.5,0.1,194,40.8,163.7,4.9
2024-01-31,13,9.2,51.4,0.1,211,72.5,176.6,7.1
2024-01-31,14,12.7,53.0,2.3,175,45.8,143.1,4.8
2024-01-31,15,22.4,50.1,1.3,140,38.3,68.9,6.3
2024-01-31,16,22.9,64.4,1.4,123,44.8,104.3,6.4
2024-01-31,17,24.0,63.6,1.4,195,71.1,83.5,6.4
2024-01-31,18,19.2,40.2,0.2,122,52.1,100.7,5.8
2024-01-31,19,18.5,50.8,0.8,158,41.1,85.2,6.4
2024-01-31,20,19.2,44.0,1.1,129,46.5,93.8,4.8
2024-01-31,21,13.7,37.8,0.2,133,57.8,79.1,6.1
2024-01-31,22,6.0,47.5,0.7,122,31.0,56.5,5.6
2024-01-31,23,11.7,56.4,0.1,151,35.6,52.9,5.9
2024-01-31,24,11.3,34.6,0.2,132,47.8,59.1,3.9
2024-01-31,25,11.6,51.1,0.4,177,29.7,69.9,4.9
2024-01-31,26,5.8,49.4,7.6,198,72.1,125.4,6.1
2024-01-31,27,8.1,46.0,0.6,173,37.2,103.6,3.7
2024-01-31,28,20.6,42.6,0.6,135,35.4,88.3,7.6
2024-01-31,29,19.4,51.4,1.7,135,33.5,79.8,6.5
2024-01-31,30,18.7,44.7,0.3,97,28.3,36.0,8.4
2024-01-31,31,22.4,44.8,1.0,93,40.3,40.6,7.2
2024-01-31,32,7.0,37.9,0.7,174,70.7,139.9,5.0
2024-01-31,33,9.7,43.0,3.4,153,44.7,105.7,4.1
2024-01-31,34,10.2,42.9,6.3,164,37.5,122.1,7.9
2024-01-31,35,12.4,49.1,2.3,136,53.9,94.2,5.7
2024-02-01,1,24.6,41.2,1.3,138,30.9,116.4,6.8
2024-02-01,2,20.9,61.8,2.0,129,34.3,58.6,6.2
2024-02-01,3,18.5,44.3,1.2,168,48.7,77.6,6.0
2024-02-01,4,16.5,31.9,0.3,136,21.3,72.6,6.4
2024-02-01,5,20.5,52.7,0.5,139,45.1,58.5,4.3
2024-02-01,6,17.7,33.1,0.9,151,34.5,92.8,6.2
2024-02-01,7,19.5,41.8,0.0,112,40.3,82.0,7.9
2024-02-01,8,22.1,46.4,1.2,103,29.3,53.3,7.4
2024-02-01,9,18.3,44.4,0.2,95,18.1,46.4,5.4
2024-02-01,10,19.2,59.1,0.4,102,18.1,50.0,5.2
2024-02-01,11,8.2,45.7,0.7,165,62.5,119.8,7.1
2024-02-01,12,5.5,49.1,1.5,178,70.0,147.9,6.2
2024-02-01,13,5.3,53.4,2.7,181,71.9,79.9,7.0
2024-02-01,14,7.6,34.7,0.7,169,44.0,93.6,5.4
2024-02-01,15,22.4,53.1,3.0,157,59.2,129.0,6.8
2024-02-01,16,19.1,53.6,0.5,119,24.6,100.8,5.7
2024-02-01,17,21.0,53.3,0.3,158,39.1,116.7,6.2
2024-02-01,18,21.0,45.8,3.5,130,57.7,50.7,5.1
2024-02-01,19,19.9,54.7,0.0,114,24.2,63.3,6.2
2024-02-01,20,21.3,48.3,2.9,125,39.5,60.2,4.6
2024-02-01,21,3.5,42.5,3.3,111,36.0,74.8,6.0
2024-02-01,22,8.0,56.3,7.2,155,33.6,131.2,6.8
2024-02-01,23,6.6,43.1,0.3,122,31.5,53.1,5.5
2024-02-01,24,8.9,45.0,0.0,141,36.1,54.8,4.7
2024-02-01,25,7.2,32.0,1.6,198,57.9,165.3,4.8
2024-02-01,26,8.2,45.5,1.5,175,30.1,66.1,7.2
2024-02-01,27,5.6,41.6,14.5,148,65.0,120.5,4.9
2024-02-01,28,22.6,55.0,0.1,135,42.9,64.4,7.4
2024-02-01,29,23.2,40.7,1.7,151,51.5,92.3,6.5
2024-02-01,30,17.8,44.3,1.8,91,23.7,72.9,7.6
2024-02-01,31,19.7,58.4,0.8,47,12.7,32.9,8.1
2024-02-01,32,8.6,38.4,1.8,157,63.9,94.5,4.4
2024-02-01,33,10.1,49.4,4.0,127,23.2,73.8,3.5
2024-02-01,34,9.0,53.4,1.2,135,55.0,109.7,7.9
2024-02-01,35,10.9,57.4,0.4,166,50.8,126.8,5.2
2024-02-02,1,17.7,55.2,1.7,102,16.1,45.7,5.9
2024-02-02,2,20.7,41.5,1.0,147,33.6,86.0,5.9
2024-02-02,3,25.0,46.7,1.0,138,52.4,77.0,4.5
2024-02-02,4,22.3,51.0,0.5,123,32.2,66.8,8.2
2024-02-02,5,12.9,51.3,0.8,85,34.6,50.2,5.1
2024-02-02,6,21.8,46.1,0.8,134,59.8,111.7,5.3
2024-02-02,7,26.5,43.9,1.3,86,38.0,37.9,6.9
2024-02-02,8,18.6,40.2,0.7,83,14.8,52.5,7.1
2024-02-02,9,19.0,44.9,0.0,105,43.3,63.3,5.8
2024-02-02,10,18.4,51.4,1.0,88,26.0,40.8,5.6
2024-02-02,11,6.4,34.3,1.5,201,56.2,165.2,7.0
2024-02-02,12,4.8,52.9,0.7,200,64.6,110.2,4.2
2024-02-02,13,11.0,50.3,0.1,181,66.1,66.8,7.1
2024-02-02,14,7.5,56.7,0.3,180,39.0,85.5,4.9
2024-02-02,15,19.1,58.8,0.5,109,44.8,53.8,5.9
2024-02-02,16,19.2,61.4,0.2,131,48.6,83.7,7.2
2024-02-02,17,20.7,41.2,0.2,113,17.2,95.0,6.9
2024-02-02,18,21.4,41.7,0.2,126,21.0,68.4,4.9
2024-02-02,19,17.2,58.2,0.4,141,46.0,78.7,5.3
2024-02-02,20,22.4,47.4,0.5,143,46.7,114.5,4.8
2024-02-02,21,12.5,48.4,1.2,170,72.5,118.4,6.8
2024-02-02,22,10.1,33.9,3.2,105,47.1,66.3,4.5
2024-02-02,23,7.8,46.4,0.2,113,22.3,49.3,6.3
2024-02-02,24,12.9,54.9,0.5,136,57.9,58.4,4.7
2024-02-02,25,9.4,63.5,4.9,198,34.7,87.6,4.3
2024-02-02,26,10.7,40.8,0.6,193,56.6,121.3,5.7
2024-02-02,27,5.9,48.8,1.8,167,59.9,123.9,4.1
2024-02-02,28,26.1,45.1,3.0,148,57.8,124.4,5.8
2024-02-02,29,21.6,43.9,2.4,123,40.6,74.0,5.6
2024-02-02,30,18.1,52.8,0.5,100,16.7,61.6,7.3
2024-02-02,31,17.9,45.8,0.4,105,40.4,59.4,7.6
2024-02-02,32,9.6,41.9,3.5,122,54.5,88.5,5.8
2024-02-02,33,8.6,47.4,0.3,139,21.8,115.3,4.0
2024-02-02,34,2.7,42.4,0.1,142,27.0,67.1,7.3
2024-02-02,35,11.6,50.1,1.8,155,34.3,120.2,4.7
2024-02-03,1,23.3,41.4,2.2,142,30.0,83.6,7.3
2024-02-03,2,22.5,46.2,0.1,118,50.7,79.5,6.7
2024-02-03,3,16.5,34.7,1.3,137,50.5,104.0,5.7
2024-02-03,4,21.7,50.2,0.3,129,47.8,108.5,7.4
2024-02-03,5,18.9,48.8,1.5,92,35.9,56.3,5.2
2024-02-03,6,23.4,40.5,2.0,141,43.2,69.6,5.6
2024-02-03,7,20.3,45.5,1.2,105,31.7,86.2,7.2
2024-02-03,8,24.4,48.9,2.9,101,17.2,74.7,7.1
2024-02-03,9,19.8,50.9,0.2,108,23.6,50.8,6.2
2024-02-03,10,21.9,42.1,0.8,92,36.6,33.5,5.2
2024-02-03,11,8.0,51.3,0.3,217,89.1,141.1,6.6
2024-02-03,12,12.7,42.3,3.1,161,56.4,60.5,5.3
2024-02-03,13,0.1,58.0,5.0,229,102.9,97.8,7.9
2024-02-03,14,6.8,56.4,0.2,204,74.3,171.2,4.9
2024-02-03,15,22.1,55.7,0.2,109,38.3,40.4,6.4
2024-02-03,16,18.1,51.0,0.2,163,48.2,71.9,6.0
2024-02-03,17,17.9,52.7,0.2,150,54.4,59.7,6.8
2024-02-03,18,23.8,42.6,2.0,167,38.2,78.2,6.1
2024-02-03,19,21.2,44.9,0.4,145,38.7,100.8,5.4
2024-02-03,20,22.0,40.8,3.0,81,32.3,32.2,3.1
2024-02-03,21,10.7,54.8,1.7,143,40.6,119.7,5.2
2024-02-03,22,3.3,35.3,1.7,133,45.0,93.1,5.6
2024-02-03,23,11.4,46.7,1.0,128,21.9,78.3,4.6
2024-02-03,24,15.2,44.3,1.1,124,25.4,90.0,4.5
2024-02-03,25,12.0,41.7,5.8,202,87.7,163.9,5.5
2024-02-03,26,6.5,38.1,1.8,171,27.6,97.7,6.0
2024-02-03,27,12.0,48.7,4.2,183,76.1,122.6,5.0
2024-02-03,28,23.5,43.9,0.2,138,40.6,51.4,7.0
2024-02-03,29,21.1,31.0,0.3,134,21.9,86.7,6.2
2024-02-03,30,23.5,29.6,1.3,87,32.6,70.0,7.2
2024-02-03,31,21.2,37.7,1.9,116,20.7,41.1,7.3
2024-02-03,32,9.2,44.5,1.6,114,39.8,42.0,5.3
2024-02-03,33,7.2,48.9,2.4,170,41.2,67.8,4.1
2024-02-03,34,5.9,51.4,4.6,176,66.6,132.3,6.7
2024-02-03,35,12.6,42.2,2.8,118,44.3,82.6,5.3
2024-02-04,1,19.9,36.2,0.4,143,31.2,61.8,6.8
2024-02-04,2,20.2,58.9,0.4,157,51.8,105.4,6.4
2024-02-04,3,23.9,58.4,3.1,139,53.0,66.9,5.6
2024-02-04,4,19.6,46.8,1.9,140,53.0,89.8,6.4
2024-02-04,5,16.2,45.6,0.2,81,15.5,34.9,5.4
2024-02-04,6,19.2,42.8,0.9,113,25.4,84.0,4.7
2024-02-04,7,21.3,41.9,1.6,78,30.6,34.6,7.3
2024-02-04,8,19.3,42.8,0.6,75,20.5,59.1,7.5
2024-02-04,9,17.4,32.5,2.6,120,35.6,60.7,6.6
2024-02-04,10,19.9,53.4,1.7,100,31.8,36.8,5.1
2024-02-04,11,4.1,38.4,5.4,199,86.6,99.9,5.7
2024-02-04,12,6.0,47.9,1.9,187,81.4,115.1,5.0
2024-02-04,13,4.8,45.0,1.0,185,49.5,66.5,7.4
2024-02-04,14,4.2,40.9,1.2,189,42.6,131.6,6.3
2024-02-04,15,19.3,47.2,0.0,95,19.4,67.4,6.4
2024-02-04,16,23.4,55.7,0.2,130,48.6,90.4,5.9
2024-02-04,17,20.1,44.6,0.1,134,38.5,104.8,7.7
2024-02-04,18,22.5,53.2,1.5,128,41.8,81.3,4.5
2024-02-04,19,17.7,62.5,2.5,120,43.4,61.8,5.8
2024-02-04,20,19.9,50.3,0.3,136,53.1,71.5,3.4
2024-02-04,21,7.1,41.9,1.1,130,37.0,79.6,6.7
2024-02-04,22,4.4,60.1,0.6,146,39.4,66.5,5.9
2024-02-04,23,8.2,42.7,3.6,160,32.4,72.5,5.4
2024-02-04,24,7.4,44.9,0.1,140,45.8,111.7,4.6
2024-02-04,25,7.5,53.0,2.5,189,46.5,154.2,5.5
2024-02-04,26,10.4,46.9,0.4,188,39.0,103.2,6.6
2024-02-04,27,7.5,44.7,2.4,176,36.1,127.9,4.0
2024-02-04,28,24.8,29.8,1.2,160,37.0,106.3,6.8
2024-02-04,29,20.4,54.8,0.3,143,30.3,78.1,6.0
2024-02-04,30,20.9,40.5,3.0,55,19.6,27.8,8.3
2024-02-04,31,19.3,38.7,0.8,73,27.0,61.2,7.8
2024-02-04,32,6.9,47.7,0.3,129,39.5,87.7,5.1
2024-02-04,33,10.9,54.2,0.7,156,41.7,123.1,5.1
2024-02-04,34,13.8,43.2,2.2,108,46.2,82.9,7.5
2024-02-04,35,13.0,49.8,3.9,102,17.4,45.4,5.7
2024-02-05,1,18.4,44.4,0.1,147,24.1,98.2,6.3
2024-02-05,2,20.4,48.8,0.2,109,28.7,89.6,6.0
2024-02-05,3,22.9,46.1,0.6,145,64.2,95.4,3.7
2024-02-05,4,23.2,54.9,0.3,148,39.5,55.0,6.8
2024-02-05,5,18.4,48.6,0.1,114,45.3,43.9,6.1
2024-02-05,6,20.0,53.5,2.3,132,41.4,83.9,5.7
2024-02-05,7,21.0,55.0,4.2,152,60.0,80.5,7.5
2024-02-05,8,21.9,34.6,1.0,67,13.0,50.7,6.0
2024-02-05,9,19.7,35.7,2.4,82,27.4,31.3,6.4
2024-02-05,10,19.0,38.5,0.1,128,46.7,77.8,6.1
2024-02-05,11,9.7,60.1,1.8,227,67.1,149.0,6.0
2024-02-05,12,9.1,59.3,2.1,148,56.7,64.2,5.0
2024-02-05,13,8.2,53.1,0.3,195,45.7,133.6,7.4
2024-02-05,14,5.1,50.8,1.8,141,24.4,88.8,5.0
2024-02-05,15,21.6,47.1,0.4,149,57.5,73.9,6.7
2024-02-05,16,21.3,23.2,0.7,148,50.0,114.5,5.4
2024-02-05,17,20.8,54.4,0.3,104,25.0,41.6,6.7
2024-02-05,18,18.2,47.6,1.7,153,29.8,74.2,5.6
2024-02-05,19,20.2,45.2,1.3,135,53.7,99.6,6.3
2024-02-05,20,25.0,41.2,3.2,155,44.8,62.3,4.4
2024-02-05,21,9.6,45.1,7.7,132,38.0,77.6,5.9
2024-02-05,22,7.7,58.2,2.0,106,25.2,80.5,6.0
2024-02-05,23,8.6,29.8,1.6,151,45.4,77.2,5.3
2024-02-05,24,5.6,40.8,0.3,110,25.0,81.4,3.8
2024-02-05,25,8.2,44.3,10.0,178,58.8,97.3,5.1
2024-02-05,26,10.8,54.8,2.3,204,72.7,97.8,6.4
2024-02-05,27,7.1,54.6,1.8,169,28.0,78.8,3.6
2024-02-05,28,22.1,42.9,1.5,135,32.8,65.6,6.3
2024-02-05,29,22.6,41.9,1.0,111,29.1,40.0,5.4
2024-02-05,30,20.4,48.3,1.7,124,47.0,92.4,6.8
2024-02-05,31,17.5,41.1,1.1,66,26.2,36.2,7.6
2024-02-05,32,7.6,45.5,0.6,149,63.9,107.5,6.2
2024-02-05,33,5.5,38.8,2.7,123,18.8,56.2,4.5
2024-02-05,34,9.5,47.8,7.1,116,45.4,98.3,6.6
2024-02-05,35,10.3,39.8,3.5,146,62.0,66.5,5.5
2024-02-06,1,24.0,44.4,0.8,163,66.6,104.1,6.5
2024-02-06,2,22.1,40.3,0.2,149,34.2,90.1,5.0
2024-02-06,3,15.5,58.5,2.7,125,49.1,83.4,5.2
2024-02-06,4,20.8,44.8,0.6,128,31.0,90.7,6.3
2024-02-06,5,24.3,34.3,0.8,159,39.7,63.0,5.2
2024-02-06,6,22.8,53.9,0.9,130,56.4,65.2,5.4
2024-02-06,7,18.9,46.1,0.1,38,10.6,30.2,6.5
2024-02-06,8,19.8,43.4,0.4,86,20.8,67.0,6.2
2024-02-06,9,23.6,54.7,1.6,98,22.6,44.8,5.2
2024-02-06,10,18.0,63.4,1.9,95,29.6,52.6,4.3
2024-02-06,11,12.0,61.6,0.4,164,31.2,109.9,6.7
2024-02-06,12,6.2,31.3,0.5,182,42.3,65.4,5.8
2024-02-06,13,10.2,51.6,0.6,213,82.3,149.0,7.7
2024-02-06,14,15.8,21.8,0.5,181,48.9,99.2,5.6
2024-02-06,15,15.6,53.2,0.6,129,45.2,93.6,6.6
2024-02-06,16,18.7,43.9,2.0,123,39.8,84.8,5.7
2024-02-06,17,24.4,56.4,3.0,135,41.8,56.1,6.0
2024-02-06,18,21.3,44.2,0.6,125,46.7,73.3,6.3
2024-02-06,19,22.2,50.0,0.3,136,23.2,95.1,6.3
2024-02-06,20,21.6,57.8,0.4,163,43.6,68.1,3.8
2024-02-06,21,2.7,47.5,0.7,138,28.4,70.4,6.5
2024-02-06,22,12.0,52.0,2.3,147,55.8,54.8,5.1
2024-02-06,23,7.7,46.8,0.3,174,37.4,133.3,4.5
2024-02-06,24,9.4,43.3,0.7,144,50.5,106.5,4.6
2024-02-06,25,6.5,41.2,4.7,177,45.4,117.4,5.4
2024-02-06,26,10.9,66.3,2.3,168,54.5,93.0,6.7
2024-02-06,27,6.1,45.3,10.9,204,84.0,92.1,4.5
2024-02-06,28,23.7,44.6,0.4,128,52.2,74.3,6.9
2024-02-06,29,21.5,47.0,1.8,135,41.2,89.5,6.5
2024-02-06,30,24.0,52.6,0.7,75,31.6,30.3,8.9
2024-02-06,31,21.1,33.5,1.9,112,27.3,66.9,8.4
2024-02-06,32,7.5,48.0,2.0,131,20.7,90.2,4.3
2024-02-06,33,9.0,51.6,1.7,138,60.3,77.0,3.9
2024-02-06,34,3.8,49.7,3.0,157,62.3,80.4,7.0
2024-02-06,35,8.8,53.2,3.8,131,46.9,94.1,5.4
2024-02-07,1,16.1,29.6,0.5,82,22.0,62.1,6.4
2024-02-07,2,20.5,46.7,1.6,82,14.9,32.4,6.7
2024-02-07,3,20.7,50.0,0.1,123,27.3,87.1,6.4
2024-02-07,4,17.7,52.7,0.3,150,66.4,83.8,6.8
2024-02-07,5,21.1,58.2,0.2,129,54.1,88.6,5.9
2024-02-07,6,19.0,48.0,0.3,125,21.2,46.1,5.5
2024-02-07,7,17.5,50.0,0.5,97,26.4,70.2,7.5
2024-02-07,8,22.6,40.1,0.1,85,32.5,68.1,6.4
2024-02-07,9,21.8,42.6,1.1,70,24.8,47.1,6.1
2024-02-07,10,20.9,38.4,1.5,90,37.7,38.5,5.8
2024-02-07,11,10.1,50.7,2.8,166,38.9,104.0,6.6
2024-02-07,12,8.7,44.6,1.0,146,49.3,100.3,5.3
2024-02-07,13,9.9,45.3,0.7,180,77.7,149.2,6.6
2024-02-07,14,8.6,47.3,0.1,164,54.5,65.1,5.7
2024-02-07,15,22.6,60.5,1.2,133,21.1,65.6,6.6
2024-02-07,16,13.0,52.3,1.5,136,35.3,93.2,6.2
2024-02-07,17,22.5,38.6,0.8,129,24.5,48.7,6.6
2024-02-07,18,21.5,69.9,0.3,139,61.4,88.4,5.9
2024-02-07,19,19.9,41.2,0.6,152,54.8,83.9,6.1
2024-02-07,20,21.7,44.2,3.0,146,27.5,96.6,5.0
2024-02-07,21,11.3,60.6,3.2,127,28.9,79.5,7.4
2024-02-07,22,11.8,43.8,3.1,121,20.1,99.4,6.2
2024-02-07,23,10.0,56.6,0.4,95,21.0,61.3,5.2
2024-02-07,24,12.3,52.8,2.4,143,37.4,70.9,5.0
2024-02-07,25,9.9,50.3,3.6,189,51.9,160.2,5.3
2024-02-07,26,3.6,48.7,3.4,149,32.5,80.6,5.6
2024-02-07,27,7.2,46.1,0.2,176,61.7,71.0,4.9
2024-02-07,28,20.6,47.2,1.3,118,29.2,80.8,6.6
2024-02-07,29,22.5,45.1,0.3,171,68.6,85.4,6.8
2024-02-07,30,20.0,51.5,1.0,85,29.2,67.2,7.3
2024-02-07,31,16.9,44.3,0.0,86,17.2,70.8,8.4
2024-02-07,32,6.0,58.1,6.8,125,50.9,74.2,5.3
2024-02-07,33,12.2,40.3,1.8,138,41.4,52.5,4.2
2024-02-07,34,3.3,46.1,2.2,141,51.8,63.4,7.1
2024-02-07,35,11.8,51.4,2.4,122,38.9,46.8,5.9
2024-02-08,1,20.2,45.4,0.1,129,57.3,84.4,6.9
2024-02-08,2,20.3,63.8,0.2,156,52.3,87.9,6.3
2024-02-08,3,19.5,35.4,0.5,167,54.7,66.3,5.3
2024-02-08,4,19.1,43.6,0.6,110,23.7,66.6,7.4
2024-02-08,5,19.9,57.3,0.2,103,44.0,79.0,5.1
2024-02-08,6,21.0,53.4,2.6,119,40.0,78.4,5.8
2024-02-08,7,17.2,52.8,0.1,91,35.7,66.5,7.5
2024-02-08,8,23.2,53.3,0.2,92,35.2,38.7,7.1
2024-02-08,9,22.7,50.4,1.1,130,39.1,50.3,5.4
2024-02-08,10,22.8,43.3,1.5,93,16.0,34.9,5.3
2024-02-08,11,6.1,58.7,1.0,205,59.1,75.0,6.3
2024-02-08,12,7.7,43.7,0.2,202,49.0,142.9,6.1
2024-02-08,13,9.8,38.1,0.4,164,57.0,63.3,8.2
2024-02-08,14,13.8,60.1,2.3,196,47.4,104.8,5.0
2024-02-08,15,20.9,47.4,1.3,117,22.6,50.2,6.3
2024-02-08,16,21.1,36.1,1.9,115,18.9,89.0,5.7
2024-02-08,17,18.5,38.1,1.2,148,59.0,77.3,6.8
2024-02-08,18,19.1,56.9,1.8,141,63.4,99.1,5.9
2024-02-08,19,17.5,43.7,0.4,158,48.8,70.8,5.9
2024-02-08,20,16.5,63.5,0.9,141,32.6,92.9,4.4
2024-02-08,21,10.0,57.4,2.8,123,42.3,100.5,6.3
2024-02-08,22,9.2,40.9,2.5,150,34.4,85.2,7.0
2024-02-08,23,9.0,48.5,0.1,128,32.5,50.2,6.1
2024-02-08,24,7.6,34.5,0.1,147,44.2,80.0,3.4
2024-02-08,25,2.0,44.6,4.9,150,36.5,73.3,4.8
2024-02-08,26,7.0,28.7,3.8,161,58.5,72.1,6.6
2024-02-08,27,8.0,35.2,1.0,130,47.5,67.4,3.4
2024-02-08,28,23.4,47.8,0.2,100,32.0,82.6,7.9
2024-02-08,29,21.9,60.0,0.2,154,46.0,113.7,7.5
2024-02-08,30,20.9,35.3,0.8,85,17.2,35.3,7.5
2024-02-08,31,24.1,41.0,0.7,72,14.1,25.3,7.2
2024-02-08,32,2.2,60.0,7.4,134,23.0,68.0,5.8
2024-02-08,33,8.9,40.7,2.2,121,40.6,60.2,4.0
2024-02-08,34,6.4,36.8,0.6,118,36.9,42.5,8.4
2024-02-08,35,13.2,57.5,0.9,79,23.2,61.6,5.5
2024-02-09,1,16.8,47.3,1.1,140,44.4,91.1,6.5
2024-02-09,2,18.9,43.2,0.3,139,38.1,73.2,5.2
2024-02-09,3,22.4,51.4,0.4,120,28.0,64.8,6.2
2024-02-09,4,20.9,46.2,1.0,149,45.6,101.1,7.1
2024-02-09,5,20.8,48.7,3.7,133,42.0,73.4,5.9
2024-02-09,6,23.2,47.0,2.1,118,41.2,76.8,4.6
2024-02-09,7,22.7,43.3,2.2,100,18.4,84.4,7.4
2024-02-09,8,24.3,43.6,0.8,110,45.1,54.2,7.3
2024-02-09,9,20.7,45.9,0.5,128,56.6,93.1,6.3
2024-02-09,10,22.9,32.4,1.1,76,25.9,31.3,4.9
2024-02-09,11,6.4,44.5,10.2,161,49.9,58.4,6.5
2024-02-09,12,9.1,45.1,3.7,204,53.3,121.8,5.9
2024-02-09,13,6.1,59.9,0.1,171,74.9,107.3,7.1
2024-02-09,14,5.1,45.4,0.9,175,46.1,116.5,5.3
2024-02-09,15,18.2,54.0,0.5,151,43.3,104.2,6.5
2024-02-09,16,20.0,39.1,0.7,130,37.8,62.9,6.1
2024-02-09,17,22.9,39.0,0.6,125,19.3,93.1,5.4
2024-02-09,18,25.0,47.6,0.7,103,38.5,71.7,5.9
2024-02-09,19,20.2,41.5,1.1,123,27.3,81.8,5.2
2024-02-09,20,17.1,54.9,0.1,120,45.3,44.0,4.3
2024-02-09,21,6.5,51.2,5.9,121,30.1,52.2,5.9
2024-02-09,22,4.5,40.3,0.1,119,28.6,79.1,6.5
2024-02-09,23,5.3,53.8,0.2,108,19.3,81.4,6.1
2024-02-09,24,4.2,48.0,0.0,132,44.8,72.3,5.1
2024-02-09,25,2.6,57.1,2.6,151,62.6,83.0,4.8
2024-02-09,26,9.8,44.0,1.4,163,55.1,87.4,6.3
2024-02-09,27,7.0,29.4,2.6,194,48.9,114.3,3.8
2024-02-09,28,20.1,53.7,0.1,131,42.2,65.7,7.8
2024-02-09,29,25.6,42.9,0.9,151,29.1,86.4,6.3
2024-02-09,30,19.4,47.3,0.3,61,14.4,30.7,7.6
2024-02-09,31,22.3,32.3,0.6,99,37.3,41.7,8.2
2024-02-09,32,10.7,24.7,1.5,152,50.3,81.0,5.0
2024-02-09,33,3.6,62.5,4.7,152,50.1,79.4,3.6
2024-02-09,34,8.8,41.9,4.1,140,37.6,72.9,7.3
2024-02-09,35,12.8,50.7,3.9,157,61.2,87.5,4.9
2024-02-10,1,21.8,49.6,2.6,139,25.9,54.5,6.7
2024-02-10,2,16.9,41.3,0.8,133,48.9,66.7,6.8
2024-02-10,3,20.3,26.9,0.1,159,69.6,121.4,5.5
2024-02-10,4,19.9,67.0,0.6,140,36.8,118.8,7.6
2024-02-10,5,22.9,43.5,0.6,136,47.3,95.6,4.7
2024-02-10,6,23.4,52.2,0.1,145,35.4,97.0,5.6
2024-02-10,7,21.7,49.3,1.9,86,15.8,71.4,7.7
2024-02-10,8,23.0,40.0,1.9,108,24.1,66.4,6.0
2024-02-10,9,20.7,53.0,0.3,99,27.6,50.4,6.6
2024-02-10,10,17.4,47.1,1.8,72,11.9,51.7,4.8
2024-02-10,11,4.4,56.5,0.5,158,32.9,67.2,5.8
2024-02-10,12,7.9,61.6,0.7,205,47.5,171.8,5.2
2024-02-10,13,8.5,56.7,0.3,160,46.6,81.0,6.5
2024-02-10,14,9.0,49.2,0.4,177,73.7,79.5,5.0
2024-02-10,15,20.9,39.5,0.5,121,46.7,62.4,6.2
2024-02-10,16,21.3,44.2,0.1,137,56.5,86.2,6.6
2024-02-10,17,19.2,53.4,1.3,87,25.0,36.9,7.3
2024-02-10,18,22.2,38.4,2.6,138,36.5,61.0,6.4
2024-02-10,19,28.3,48.1,0.8,119,35.0,79.2,5.2
2024-02-10,20,25.8,57.4,0.5,145,45.2,111.0,4.4
2024-02-10,21,3.5,53.8,0.1,133,55.6,87.0,5.4
2024-02-10,22,10.7,60.9,2.0,106,39.1,62.6,6.4
2024-02-10,23,9.7,30.3,0.9,140,61.8,105.9,5.5
2024-02-10,24,12.2,45.0,1.2,134,31.0,65.7,3.9
2024-02-10,25,8.0,57.4,2.1,212,79.8,86.2,5.0
2024-02-10,26,7.7,41.0,1.3,167,46.5,75.4,6.7
2024-02-10,27,6.1,51.0,2.7,168,47.0,141.1,4.2
2024-02-10,28,20.6,30.0,0.9,132,49.3,95.3,7.0
2024-02-10,29,20.7,58.8,0.4,136,49.1,80.3,6.7
2024-02-10,30,15.9,42.7,0.4,71,30.1,53.1,7.0
2024-02-10,31,20.6,53.0,0.2,112,28.9,94.2,8.8
2024-02-10,32,8.7,49.1,2.3,99,29.1,82.8,5.3
2024-02-10,33,8.5,55.3,7.6,167,42.2,121.2,4.2
2024-02-10,34,11.0,39.1,0.2,127,28.1,90.6,8.2
2024-02-10,35,9.2,46.7,2.7,144,52.6,105.4,5.9
2024-02-11,1,19.9,41.1,2.5,114,28.6,77.9,6.5
2024-02-11,2,19.9,56.0,0.2,145,54.6,93.3,6.0
2024-02-11,3,26.8,41.7,0.2,82,13.2,57.5,6.4
2024-02-11,4,15.5,49.1,0.9,112,40.5,68.4,6.2
2024-02-11,5,22.3,48.0,3.5,117,35.9,92.7,5.8
2024-02-11,6,20.6,45.9,0.4,119,31.3,87.4,5.3
2024-02-11,7,20.2,47.2,0.1,84,33.7,54.9,7.2
2024-02-11,8,20.5,32.8,0.9,88,34.8,31.2,6.7
2024-02-11,9,16.6,42.1,0.9,93,19.7,71.4,6.9
2024-02-11,10,20.5,38.9,0.4,70,10.8,48.6,6.0
2024-02-11,11,1.0,43.3,3.1,155,68.6,71.4,6.1
2024-02-11,12,9.7,41.0,2.2,180,70.2,105.2,4.9
2024-02-11,13,8.8,54.9,3.1,148,28.7,102.2,7.7
2024-02-11,14,5.6,48.3,0.1,173,41.4,63.8,4.3
2024-02-11,15,18.3,50.6,0.2,137,58.1,102.2,5.9
2024-02-11,16,17.7,48.4,0.4,155,23.5,101.7,5.9
2024-02-11,17,19.5,46.6,2.0,148,28.9,88.2,6.2
2024-02-11,18,22.7,53.5,0.3,152,48.1,120.7,4.6
2024-02-11,19,21.7,53.4,0.1,139,42.8,113.9,6.7
2024-02-11,20,18.2,50.0,0.5,101,41.6,51.0,4.1
2024-02-11,21,13.2,51.0,2.7,145,36.1,67.1,7.0
2024-02-11,22,9.0,53.4,0.5,178,44.0,104.7,6.2
2024-02-11,23,8.1,43.0,0.0,120,48.4,100.3,5.7
2024-02-11,24,4.9,35.9,0.3,89,38.8,50.9,5.3
2024-02-11,25,4.8,53.4,1.0,167,45.8,108.4,4.6
2024-02-11,26,8.2,44.6,3.4,200,58.4,70.7,7.2
2024-02-11,27,9.3,39.0,5.1,182,38.6,64.7,4.3
2024-02-11,28,24.5,38.6,0.8,156,24.5,89.6,6.2
2024-02-11,29,19.1,55.4,3.1,136,58.9,110.6,6.2
2024-02-11,30,23.5,29.6,2.3,58,15.9,37.0,7.3
2024-02-11,31,19.1,66.8,0.1,73,23.1,45.0,8.0
2024-02-11,32,11.9,40.9,0.3,125,33.3,72.5,5.1
2024-02-11,33,10.5,42.3,11.4,166,67.1,87.6,4.4
2024-02-11,34,7.1,53.8,6.8,113,34.6,70.3,8.5
2024-02-11,35,11.8,37.3,6.7,120,49.6,46.6,4.3
2024-02-12,1,21.2,51.2,2.2,148,27.6,91.1,5.7
2024-02-12,2,17.7,46.4,0.4,150,61.2,63.1,6.7
2024-02-12,3,18.8,47.4,0.7,87,23.1,71.3,5.9
2024-02-12,4,19.2,56.5,0.4,102,22.5,50.6,7.0
2024-02-12,5,24.5,59.3,3.2,143,33.7,81.7,5.3
2024-02-12,6,18.0,51.1,1.1,142,47.6,119.8,4.4
2024-02-12,7,20.4,50.1,2.2,120,50.8,43.4,7.5
2024-02-12,8,24.9,37.9,3.3,99,29.0,51.9,8.1
2024-02-12,9,21.2,43.6,1.8,121,18.7,50.0,5.6
2024-02-12,10,16.1,37.1,0.7,135,49.5,95.2,5.6
2024-02-12,11,9.1,45.1,0.2,185,40.4,85.9,5.3
2024-02-12,12,5.8,42.7,1.0,177,63.4,102.9,5.2
2024-02-12,13,9.1,46.7,2.9,159,36.7,102.6,7.0
2024-02-12,14,6.7,58.8,1.2,174,38.2,74.1,4.9
2024-02-12,15,19.6,52.5,0.9,113,27.7,60.9,7.8
2024-02-12,16,16.5,39.7,0.5,121,28.6,44.0,5.2
2024-02-12,17,21.4,44.0,0.4,108,34.1,62.4,6.5
2024-02-12,18,18.6,31.2,0.0,121,32.6,100.1,6.7
2024-02-12,19,19.1,45.3,1.4,118,19.7,60.8,5.8
2024-02-12,20,23.2,40.1,0.1,153,62.8,57.6,5.2
2024-02-12,21,3.8,37.4,1.6,106,33.2,60.2,6.5
2024-02-12,22,7.9,42.3,2.8,115,29.9,64.2,5.8
2024-02-12,23,13.0,39.4,0.2,141,26.2,112.0,6.2
2024-02-12,24,12.1,49.9,0.8,116,45.2,91.7,5.4
2024-02-12,25,9.6,44.4,1.5,198,62.6,116.6,5.7
2024-02-12,26,7.4,57.2,1.3,216,45.7,97.3,6.0
2024-02-12,27,4.6,41.0,2.3,183,37.5,95.8,3.8
2024-02-12,28,19.3,29.2,1.0,136,36.6,88.3,5.6
2024-02-12,29,19.5,31.5,1.2,123,42.4,82.5,7.2
2024-02-12,30,20.3,36.5,0.7,48,7.6,34.9,7.1
2024-02-12,31,23.7,25.7,1.9,106,44.9,63.9,7.8
2024-02-12,32,7.7,43.9,5.2,141,36.1,71.4,5.1
2024-02-12,33,9.8,49.1,0.5,136,45.0,72.7,4.6
2024-02-12,34,11.6,62.9,1.3,114,27.6,93.7,7.7
2024-02-12,35,14.7,48.8,1.0,107,17.1,67.0,5.5
2024-02-13,1,19.9,44.0,0.6,161,54.3,105.0,6.3
2024-02-13,2,16.0,35.8,0.1,137,26.6,105.9,7.0
2024-02-13,3,20.6,55.7,0.6,112,38.0,50.8,5.2
2024-02-13,4,22.5,42.9,0.9,144,22.2,66.4,6.3
2024-02-13,5,23.5,51.7,0.2,97,21.5,47.2,4.5
2024-02-13,6,24.2,55.8,0.2,123,24.7,89.2,5.2
2024-02-13,7,24.2,55.0,3.0,83,13.3,34.5,6.7
2024-02-13,8,23.1,43.4,0.1,82,23.3,39.1,6.3
2024-02-13,9,19.4,51.9,0.5,76,13.1,36.5,5.3
2024-02-13,10,18.0,43.8,0.2,78,31.5,42.0,4.2
2024-02-13,11,6.0,65.3,1.4,185,61.8,139.2,6.2
2024-02-13,12,5.4,38.3,1.1,208,91.0,79.2,4.7
2024-02-13,13,9.1,48.3,0.5,171,41.9,132.8,7.1
2024-02-13,14,9.4,41.0,0.3,189,47.2,70.7,5.1
2024-02-13,15,23.7,35.2,0.1,126,39.7,57.0,6.5
2024-02-13,16,20.2,53.0,0.9,140,34.6,51.6,5.4
2024-02-13,17,21.3,50.1,0.1,102,35.5,69.6,6.7
2024-02-13,18,21.6,55.3,0.3,109,45.0,67.4,6.2
2024-02-13,19,21.2,33.8,0.4,127,54.9,64.8,6.0
2024-02-13,20,24.0,38.3,1.4,134,47.1,103.2,5.5
2024-02-13,21,9.0,49.4,1.4,149,64.7,125.6,4.7
2024-02-13,22,6.6,37.3,3.7,130,34.9,80.8,5.7
2024-02-13,23,6.2,53.4,1.1,129,30.4,103.4,6.7
2024-02-13,24,12.5,48.8,0.0,113,32.5,53.2,4.5
2024-02-13,25,11.4,56.9,0.1,206,42.4,78.0,5.2
2024-02-13,26,5.9,57.5,0.5,180,52.2,120.4,6.6
2024-02-13,27,6.8,52.5,6.6,176,56.1,93.3,5.1
2024-02-13,28,23.0,39.6,0.8,141,55.4,68.2,6.9
2024-02-13,29,20.9,56.6,0.8,109,45.9,62.8,7.5
2024-02-13,30,22.0,38.6,0.6,71,25.3,30.4,7.4
2024-02-13,31,20.3,63.0,0.8,106,41.4,67.2,8.1
2024-02-13,32,8.8,48.3,3.8,193,42.0,156.8,5.1
2024-02-13,33,11.0,63.1,7.6,151,42.3,111.6,4.0
2024-02-13,34,7.5,43.8,1.3,157,46.3,60.5,6.8
2024-02-13,35,8.0,55.6,2.1,130,55.1,88.7,4.7
2024-02-14,1,21.7,55.1,0.4,146,65.4,73.5,6.6
2024-02-14,2,20.9,36.5,0.3,120,21.5,79.6,5.8
2024-02-14,3,21.1,55.8,0.6,160,47.9,71.8,5.8
2024-02-14,4,23.0,37.3,0.3,115,44.0,59.0,7.0
2024-02-14,5,23.1,40.5,2.5,139,62.2,97.0,5.0
2024-02-14,6,19.3,64.4,0.9,95,15.2,42.9,4.9
2024-02-14,7,21.3,44.8,0.2,83,36.1,61.1,6.9
2024-02-14,8,17.7,45.7,1.0,110,47.0,90.5,6.7
2024-02-14,9,21.3,45.3,2.9,112,33.5,58.0,6.3
2024-02-14,10,28.8,49.5,0.2,36,8.6,16.4,5.4
2024-02-14,11,6.8,39.0,1.2,192,59.1,139.4,5.6
2024-02-14,12,8.6,58.7,0.1,225,58.5,106.5,5.2
2024-02-14,13,9.7,40.6,1.0,164,33.5,87.8,6.5
2024-02-14,14,11.7,46.5,0.0,187,64.2,125.2,5.0
2024-02-14,15,21.2,54.8,0.3,122,46.7,52.3,6.0
2024-02-14,16,25.7,47.4,3.2,137,27.7,69.8,5.0
2024-02-14,17,19.1,40.7,2.0,92,16.7,54.7,6.5
2024-02-14,18,17.8,60.2,0.4,109,31.9,38.7,5.5
2024-02-14,19,22.9,40.8,0.4,152,26.5,65.8,5.8
2024-02-14,20,15.4,28.6,0.0,126,25.8,66.7,5.7
2024-02-14,21,9.0,60.8,3.3,149,23.0,59.4,6.6
2024-02-14,22,11.9,51.6,1.6,123,21.3,68.1,5.3
2024-02-14,23,6.5,41.9,0.6,163,41.1,70.1,5.3
2024-02-14,24,6.7,45.6,0.1,125,37.9,95.5,3.9
2024-02-14,25,9.5,39.9,5.4,199,51.1,97.8,3.8
2024-02-14,26,7.8,31.0,0.8,239,71.3,126.9,6.1
2024-02-14,27,5.7,49.7,2.5,189,31.3,150.6,4.8
2024-02-14,28,19.7,53.0,1.4,124,38.4,102.5,6.9
2024-02-14,29,23.6,43.6,0.1,95,21.1,57.8,5.6
2024-02-14,30,21.0,45.5,2.5,93,34.6,42.6,7.1
2024-02-14,31,21.4,46.7,0.9,114,41.0,81.3,7.5
2024-02-14,32,8.7,43.8,1.2,145,50.3,75.5,5.1
2024-02-14,33,4.8,35.8,1.1,132,50.8,61.5,4.3
2024-02-14,34,9.7,30.8,2.8,148,23.2,99.1,6.7
2024-02-14,35,10.3,55.6,0.7,137,24.5,76.7,5.1
2024-02-15,1,19.0,30.8,0.5,115,24.2,87.6,6.4
2024-02-15,2,23.5,41.4,0.4,120,37.1,93.7,6.1
2024-02-15,3,18.1,51.0,0.0,144,46.7,103.6,5.4
2024-02-15,4,28.1,34.8,0.1,121,31.5,64.6,6.6
2024-02-15,5,19.2,37.3,1.7,132,30.7,92.5,5.5
2024-02-15,6,21.2,47.3,3.6,139,45.9,81.1,5.4
2024-02-15,7,21.3,45.1,1.2,133,54.5,94.8,7.1
2024-02-15,8,21.7,41.3,1.6,115,36.5,82.1,6.3
2024-02-15,9,17.7,50.7,2.5,63,18.7,47.8,6.6
2024-02-15,10,18.0,48.4,1.7,72,16.0,49.2,4.5
2024-02-15,11,8.6,55.3,3.8,214,81.3,137.8,6.8
2024-02-15,12,10.1,44.3,0.8,155,29.4,76.9,5.2
2024-02-15,13,5.4,43.0,4.1,187,83.3,132.5,6.9
2024-02-15,14,6.5,50.7,1.5,150,56.9,118.7,4.5
2024-02-15,15,20.6,39.4,0.2,105,40.4,41.4,6.4
2024-02-15,16,24.0,43.8,1.2,146,23.0,70.0,6.4
2024-02-15,17,23.3,45.9,1.5,99,20.5,76.9,7.9
2024-02-15,18,22.0,45.7,0.3,156,68.6,77.7,5.5
2024-02-15,19,18.9,52.1,0.3,115,43.3,91.0,6.3
2024-02-15,20,17.9,35.3,1.1,141,54.2,83.2,5.1
2024-02-15,21,6.7,42.6,1.9,132,37.5,52.6,5.4
2024-02-15,22,7.5,53.7,0.5,157,36.8,83.1,5.4
2024-02-15,23,4.3,42.8,0.0,109,45.0,87.0,3.7
2024-02-15,24,11.9,45.9,0.3,156,35.1,111.6,4.7
2024-02-15,25,12.9,44.2,10.6,188,42.3,144.8,4.0
2024-02-15,26,10.0,48.8,0.7,169,64.1,100.6,6.9
2024-02-15,27,15.0,45.6,0.6,158,67.4,96.2,5.0
2024-02-15,28,22.5,48.5,0.4,131,55.3,71.7,5.6
2024-02-15,29,20.5,50.1,1.3,127,51.2,96.7,5.8
2024-02-15,30,19.0,33.6,0.2,103,33.0,73.5,7.2
2024-02-15,31,20.3,68.5,0.9,95,24.1,52.0,7.1
2024-02-15,32,9.7,42.7,1.3,145,24.2,108.7,4.0
2024-02-15,33,7.4,57.3,1.4,161,61.7,75.7,4.0
2024-02-15,34,4.2,50.9,2.0,128,39.5,71.4,7.2
2024-02-15,35,8.1,54.1,0.9,110,24.6,60.8,4.7
2024-02-16,1,20.3,52.1,0.0,123,50.3,96.6,6.2
2024-02-16,2,20.4,50.7,0.1,153,45.2,102.9,6.6
2024-02-16,3,22.2,46.8,0.9,137,61.4,68.6,5.4
2024-02-16,4,23.1,54.4,0.0,81,16.6,29.7,7.5
2024-02-16,5,21.4,39.0,0.3,119,36.7,59.5,6.0
2024-02-16,6,22.0,47.6,1.5,94,24.9,56.8,4.9
2024-02-16,7,16.5,42.3,0.2,102,29.1,43.2,6.1
2024-02-16,8,20.2,52.7,0.5,105,22.8,67.1,6.7
2024-02-16,9,19.5,50.7,1.9,98,25.0,55.2,6.5
2024-02-16,10,19.2,38.4,0.4,115,39.0,41.0,5.2
2024-02-16,11,10.3,58.4,0.4,151,32.3,95.5,7.3
2024-02-16,12,4.9,39.5,3.3,177,69.4,111.2,6.3
2024-02-16,13,7.4,41.3,10.2,186,29.1,84.2,7.2
2024-02-16,14,12.7,48.5,4.2,153,30.8,100.8,3.3
2024-02-16,15,25.2,44.7,2.1,95,26.2,48.2,6.6
2024-02-16,16,20.7,36.6,0.8,133,59.8,105.5,5.6
2024-02-16,17,21.2,48.7,0.5,128,21.1,76.5,6.0
2024-02-16,18,20.0,57.9,0.0,104,46.3,74.2,5.6
2024-02-16,19,22.3,52.6,0.7,140,52.7,57.1,7.1
2024-02-16,20,22.0,47.7,0.1,122,18.8,73.7,5.3
2024-02-16,21,6.5,43.7,1.3,129,55.7,97.9,6.6
2024-02-16,22,7.3,38.5,0.1,148,57.3,87.1,6.6
2024-02-16,23,14.9,51.3,0.3,129,24.4,76.6,6.1
2024-02-16,24,0.9,63.4,0.2,125,51.5,61.2,3.5
2024-02-16,25,11.3,61.3,5.9,198,72.0,85.3,5.0
2024-02-16,26,5.7,54.8,1.1,189,81.1,74.6,6.7
2024-02-16,27,8.0,48.7,0.8,167,65.1,101.9,4.1
2024-02-16,28,21.6,38.6,0.8,127,19.2,102.8,6.7
2024-02-16,29,18.1,29.6,0.8,160,40.0,63.9,7.2
2024-02-16,30,22.1,38.8,0.1,101,34.5,81.0,7.3
2024-02-16,31,22.4,59.5,1.0,94,31.0,70.6,7.9
2024-02-16,32,8.8,42.1,9.1,131,52.5,99.9,4.4
2024-02-16,33,8.9,36.9,8.3,108,48.0,47.4,3.9
2024-02-16,34,12.9,51.4,0.6,121,54.4,88.8,7.0
2024-02-16,35,13.3,54.1,0.6,117,47.0,56.1,3.1
2024-02-17,1,17.0,57.6,0.0,153,53.0,104.5,6.4
2024-02-17,2,21.7,47.1,0.5,130,56.9,106.9,5.9
2024-02-17,3,17.7,46.2,0.1,143,21.8,98.9,6.1
2024-02-17,4,19.0,39.0,0.5,141,45.9,54.2,5.8
2024-02-17,5,17.6,37.1,1.1,141,21.5,66.8,3.7
2024-02-17,6,23.1,39.3,2.8,112,39.7,71.3,6.1
2024-02-17,7,23.5,35.9,1.0,95,32.2,38.1,6.5
2024-02-17,8,22.9,47.0,0.7,57,18.7,40.8,7.3
2024-02-17,9,22.8,43.2,2.2,89,30.1,42.6,5.5
2024-02-17,10,19.5,39.3,0.9,107,38.9,82.1,5.8
2024-02-17,11,5.5,53.4,1.7,182,61.4,76.9,6.5
2024-02-17,12,10.7,49.9,0.5,177,55.8,120.2,5.9
2024-02-17,13,5.0,47.3,0.6,167,28.6,77.5,7.7
2024-02-17,14,7.1,54.3,0.1,151,36.5,84.6,4.2
2024-02-17,15,24.1,48.0,0.4,129,39.7,94.6,6.9
2024-02-17,16,19.4,59.6,3.0,137,30.5,67.8,7.8
2024-02-17,17,26.3,37.9,0.2,160,26.5,67.4,7.1
2024-02-17,18,20.8,62.3,2.6,145,61.5,94.6,6.3
2024-02-17,19,20.7,42.8,2.0,121,39.5,53.1,6.6
2024-02-17,20,21.2,36.2,0.4,136,36.2,70.5,4.8
2024-02-17,21,10.6,41.6,1.4,124,39.7,86.7,6.5
2024-02-17,22,7.8,38.0,1.5,104,17.0,50.7,6.0
2024-02-17,23,0.1,44.5,0.1,113,44.0,84.1,5.8
2024-02-17,24,6.8,44.4,0.5,131,22.3,90.1,5.3
2024-02-17,25,11.6,51.1,4.3,160,53.8,77.1,5.2
2024-02-17,26,9.2,39.5,6.1,160,25.8,96.4,7.1
2024-02-17,27,11.7,50.4,4.1,210,34.2,81.0,4.6
2024-02-17,28,19.5,40.8,0.9,125,55.1,76.6,6.9
2024-02-17,29,20.8,33.4,1.4,104,18.9,87.2,5.7
2024-02-17,30,23.8,52.0,0.2,131,32.1,67.7,7.6
2024-02-17,31,20.5,44.9,1.5,107,31.7,86.9,9.6
2024-02-17,32,8.8,36.9,6.4,144,54.8,115.6,5.1
2024-02-17,33,6.8,46.0,2.9,116,22.2,95.6,3.3
2024-02-17,34,10.5,55.8,15.9,135,25.4,101.1,6.3
2024-02-17,35,14.1,49.3,1.7,114,18.3,88.1,4.8
2024-02-18,1,18.8,52.0,0.2,120,30.1,67.0,6.1
2024-02-18,2,24.1,44.8,0.2,137,37.6,111.5,6.3
2024-02-18,3,24.7,36.0,0.8,120,45.8,99.9,5.2
2024-02-18,4,22.4,44.7,0.7,112,35.5,49.6,5.9
2024-02-18,5,21.3,52.6,2.0,100,21.9,49.3,5.8
2024-02-18,6,20.7,55.3,0.0,123,35.5,56.2,5.7
2024-02-18,7,17.8,58.0,3.4,80,23.5,55.8,7.7
2024-02-18,8,23.6,57.6,1.5,103,39.2,41.4,7.1
2024-02-18,9,23.1,49.4,1.2,81,22.0,43.5,6.5
2024-02-18,10,22.5,49.0,0.2,70,25.7,40.5,5.8
2024-02-18,11,9.2,48.8,0.1,180,40.4,76.1,6.5
2024-02-18,12,8.2,56.0,2.2,179,59.3,78.9,5.3
2024-02-18,13,9.1,49.7,2.7,206,73.0,158.3,6.9
2024-02-18,14,8.7,54.4,0.7,204,37.2,101.7,4.0
2024-02-18,15,21.4,58.6,0.4,125,23.0,83.7,6.7
2024-02-18,16,16.8,65.4,1.9,108,39.7,50.5,5.1
2024-02-18,17,22.6,41.7,3.1,160,67.5,57.7,6.3
2024-02-18,18,20.7,40.7,0.8,110,29.5,66.6,5.7
2024-02-18,19,24.3,63.2,3.0,125,25.9,49.2,6.3
2024-02-18,20,20.0,34.4,0.2,149,60.6,126.5,4.1
2024-02-18,21,6.0,51.7,2.1,167,71.2,120.1,6.7
2024-02-18,22,4.9,48.7,1.3,132,57.5,86.4,5.7
2024-02-18,23,9.6,47.1,0.5,114,30.3,88.3,5.2
2024-02-18,24,5.4,49.4,1.0,96,41.5,35.6,4.3
2024-02-18,25,10.4,47.1,8.1,197,62.0,73.2,5.6
2024-02-18,26,11.2,42.5,8.8,185,72.9,92.3,6.8
2024-02-18,27,10.2,52.5,3.6,174,74.9,74.7,3.7
2024-02-18,28,19.2,42.0,0.5,138,48.9,56.1,6.4
2024-02-18,29,22.1,42.9,1.1,127,45.0,105.8,6.3
2024-02-18,30,22.1,39.9,0.0,80,33.9,37.0,7.8
2024-02-18,31,21.1,43.1,1.0,112,45.7,68.1,7.5
2024-02-18,32,13.2,51.8,2.9,128,54.8,66.1,6.3
2024-02-18,33,6.2,52.5,0.4,126,32.2,56.7,3.8
2024-02-18,34,11.0,59.3,2.5,153,68.4,96.7,7.1
2024-02-18,35,11.5,48.3,10.1,142,38.1,66.3,4.8
2024-02-19,1,20.2,49.1,1.0,115,41.1,71.0,6.1
2024-02-19,2,19.4,58.1,0.5,145,50.3,67.1,5.6
2024-02-19,3,22.7,44.1,1.1,111,32.2,86.6,6.4
2024-02-19,4,23.9,37.3,0.6,124,50.8,75.4,7.2
2024-02-19,5,18.9,51.0,1.3,142,44.1,91.5,4.9
2024-02-19,6,17.2,38.6,0.1,153,32.0,124.1,5.6
2024-02-19,7,20.4,52.0,4.2,100,16.6,80.0,6.8
2024-02-19,8,17.9,52.4,2.3,94,31.8,60.8,6.3
2024-02-19,9,21.9,43.8,1.2,56,14.6,47.4,6.7
2024-02-19,10,18.9,52.8,0.3,78,12.0,65.8,5.4
2024-02-19,11,4.0,44.6,1.0,157,61.8,69.6,6.1
2024-02-19,12,12.0,43.6,2.0,216,40.1,148.2,4.8
2024-02-19,13,12.4,56.3,0.9,171,76.7,136.9,7.1
2024-02-19,14,8.2,53.3,0.6,138,39.1,63.6,4.6
2024-02-19,15,24.6,54.6,0.1,132,41.4,108.3,6.8
2024-02-19,16,24.4,48.3,1.4,131,31.1,81.0,6.3
2024-02-19,17,16.9,53.8,0.9,127,56.4,60.6,6.2
2024-02-19,18,19.3,44.1,0.8,160,27.4,115.2,5.7
2024-02-19,19,22.1,40.2,2.1,195,52.6,101.6,5.9
2024-02-19,20,18.5,37.7,1.0,116,29.3,70.9,4.1
2024-02-19,21,8.3,49.3,0.3,156,59.5,56.4,4.6
2024-02-19,22,9.8,45.6,2.2,119,47.3,100.2,6.1
2024-02-19,23,7.8,58.7,0.1,112,39.3,71.9,4.5
2024-02-19,24,12.0,48.0,0.5,134,42.4,98.7,5.0
2024-02-19,25,15.1,49.5,2.7,174,62.4,61.2,4.2
2024-02-19,26,4.6,53.6,0.6,165,64.2,86.3,6.0
2024-02-19,27,7.9,46.6,3.6,194,85.0,115.1,5.5
2024-02-19,28,20.0,47.6,0.4,133,43.5,103.0,6.5
2024-02-19,29,23.7,54.2,0.5,143,38.9,75.6,5.8
2024-02-19,30,24.6,47.3,0.1,106,34.1,79.8,7.7
2024-02-19,31,21.3,58.6,0.5,90,25.9,48.2,6.9
2024-02-19,32,9.3,44.1,4.9,133,29.8,103.6,4.2
2024-02-19,33,6.3,51.9,0.0,144,52.0,87.2,5.3
2024-02-19,34,8.6,59.2,1.5,151,26.4,108.6,7.4
2024-02-19,35,8.3,57.7,1.2,124,18.8,98.2,5.6
2024-02-20,1,22.5,43.9,0.0,109,30.7,69.6,6.2
2024-02-20,2,18.1,36.1,0.3,114,21.8,52.8,5.7
2024-02-20,3,14.5,56.9,0.3,124,24.5,96.2,5.1
2024-02-20,4,22.0,54.1,2.2,112,43.7,86.4,7.2
2024-02-20,5,16.1,27.3,0.0,119,38.3,80.7,4.4
2024-02-20,6,16.9,36.7,0.3,143,24.2,74.9,5.1
2024-02-20,7,19.6,41.3,1.4,100,20.7,45.2,8.1
2024-02-20,8,16.4,46.2,0.1,107,34.7,58.5,6.9
2024-02-20,9,18.7,32.4,0.2,93,20.1,54.3,6.4
2024-02-20,10,20.9,49.9,0.2,73,11.4,37.4,5.0
2024-02-20,11,8.4,65.6,0.6,175,62.8,92.1,7.1
2024-02-20,12,7.4,58.9,0.2,157,34.4,89.0,5.6
2024-02-20,13,9.0,36.4,2.3,182,32.2,126.2,5.9
2024-02-20,14,7.9,52.0,0.0,159,32.8,96.6,5.5
2024-02-20,15,19.1,55.3,0.5,138,45.1,70.0,7.0
2024-02-20,16,18.0,52.9,0.9,146,54.4,74.7,5.3
2024-02-20,17,19.6,51.7,0.0,132,35.0,110.1,7.2
2024-02-20,18,21.5,44.2,1.2,135,49.5,66.5,5.1
2024-02-20,19,19.5,35.0,0.4,159,59.8,105.0,6.8
2024-02-20,20,19.9,45.2,0.9,158,25.2,109.3,5.4
2024-02-20,21,11.0,60.6,1.3,131,29.6,63.6,6.9
2024-02-20,22,4.3,50.9,1.9,103,30.7,50.9,5.5
2024-02-20,23,11.8,53.1,0.3,131,55.7,94.9,7.4
2024-02-20,24,11.0,44.5,1.6,77,17.3,48.2,4.6
2024-02-20,25,15.0,54.9,2.1,168,27.6,67.9,4.8
2024-02-20,26,7.8,48.3,3.5,179,38.0,95.5,5.4
2024-02-20,27,7.6,41.5,1.0,180,77.6,92.6,3.6
2024-02-20,28,24.8,57.9,0.6,126,36.3,98.5,6.4
2024-02-20,29,22.8,43.8,0.8,124,49.9,74.0,7.8
2024-02-20,30,23.9,42.0,0.0,101,29.1,81.4,7.8
2024-02-20,31,16.9,52.9,1.9,70,16.0,33.2,7.6
2024-02-20,32,8.2,49.1,0.2,151,47.6,128.0,4.8
2024-02-20,33,8.7,36.2,0.1,151,45.9,109.6,3.8
2024-02-20,34,9.0,41.8,2.3,145,33.8,76.5,7.7
2024-02-20,35,9.8,51.1,1.7,124,29.7,96.5,5.4
2024-02-21,1,19.4,36.2,1.2,108,20.6,50.1,7.4
2024-02-21,2,18.7,41.1,3.6,143,24.0,101.0,6.0
2024-02-21,3,21.7,46.3,0.4,111,36.2,83.1,5.6
2024-02-21,4,24.8,35.9,1.5,133,49.5,98.5,7.1
2024-02-21,5,23.1,37.9,2.3,119,42.1,92.2,4.4
2024-02-21,6,16.1,42.7,1.9,138,60.6,64.2,4.5
2024-02-21,7,18.1,42.8,0.6,109,32.0,73.2,6.5
2024-02-21,8,20.4,38.8,0.4,79,27.4,45.9,7.6
2024-02-21,9,18.3,54.4,1.5,81,20.8,47.9,5.9
2024-02-21,10,21.9,35.7,0.0,117,28.8,42.9,4.4
2024-02-21,11,10.5,42.9,1.4,198,59.1,71.2,6.5
2024-02-21,12,10.6,47.5,3.0,185,29.9,118.9,5.4
2024-02-21,13,9.1,61.0,2.0,172,41.9,114.7,8.1
2024-02-21,14,11.3,52.8,3.4,184,49.9,129.7,5.0
2024-02-21,15,21.1,38.1,1.2,99,21.3,59.4,7.0
2024-02-21,16,19.5,49.4,0.4,137,30.2,80.6,6.4
2024-02-21,17,21.1,51.8,0.5,125,42.8,58.0,6.5
2024-02-21,18,14.4,50.9,2.3,123,30.8,74.2,5.4
2024-02-21,19,21.1,38.8,1.1,125,53.5,73.3,5.6
2024-02-21,20,21.9,39.8,0.1,155,31.2,85.6,3.2
2024-02-21,21,3.3,48.5,5.6,116,32.5,68.7,7.2
2024-02-21,22,9.4,40.7,0.4,134,31.7,49.8,7.1
2024-02-21,23,11.4,39.0,0.6,113,25.0,46.0,6.8
2024-02-21,24,11.5,44.7,0.2,103,27.9,59.7,4.2
2024-02-21,25,11.5,33.7,5.2,193,74.8,94.0,4.4
2024-02-21,26,9.5,39.6,6.4,168,46.3,100.0,6.4
2024-02-21,27,5.6,50.5,0.8,191,58.3,122.4,4.9
2024-02-21,28,23.4,45.9,0.7,190,40.9,120.3,6.7
2024-02-21,29,21.8,47.0,0.2,108,33.7,86.7,6.3
2024-02-21,30,19.7,35.0,0.2,86,23.3,38.2,7.8
2024-02-21,31,22.3,42.4,0.2,79,14.6,64.3,8.2
2024-02-21,32,5.4,45.7,4.7,95,32.0,69.0,4.2
2024-02-21,33,7.2,51.8,1.4,135,54.3,56.8,3.5
2024-02-21,34,9.1,57.9,5.0,123,36.8,82.3,7.7
2024-02-21,35,12.0,51.1,0.2,139,46.2,71.8,5.9
2024-02-22,1,20.5,42.7,1.1,123,47.2,44.4,6.0
2024-02-22,2,18.6,40.4,1.0,107,39.4,82.5,6.2
2024-02-22,3,21.0,44.4,0.4,134,38.0,100.7,6.9
2024-02-22,4,18.7,42.5,0.8,140,34.5,86.3,6.3
2024-02-22,5,22.7,47.7,1.4,140,27.4,81.2,5.9
2024-02-22,6,19.7,38.7,2.3,82,31.2,54.5,4.6
2024-02-22,7,18.7,42.9,1.5,83,15.2,61.5,7.3
2024-02-22,8,22.9,62.4,0.0,117,49.8,86.5,6.3
2024-02-22,9,21.9,48.4,0.4,95,40.1,36.5,6.1
2024-02-22,10,20.6,37.5,1.2,61,12.1,29.8,6.4
2024-02-22,11,13.4,40.8,1.6,193,83.3,76.9,6.6
2024-02-22,12,9.5,54.6,1.1,219,88.4,117.8,6.4
2024-02-22,13,11.5,53.2,1.5,187,44.5,105.7,7.5
2024-02-22,14,8.1,53.6,1.7,176,69.1,83.7,5.3
2024-02-22,15,25.0,42.3,0.3,117,52.5,42.5,6.7
2024-02-22,16,18.3,42.6,0.5,141,44.6,67.4,5.7
2024-02-22,17,19.2,48.9,1.5,80,28.4,54.6,6.6
2024-02-22,18,21.6,47.6,1.0,141,33.8,75.9,5.4
2024-02-22,19,24.0,51.6,0.2,90,16.5,58.7,6.4
2024-02-22,20,19.1,35.3,1.1,101,26.5,36.1,5.7
2024-02-22,21,6.5,51.0,0.3,134,22.1,47.7,6.1
2024-02-22,22,6.4,37.2,1.7,131,46.8,72.2,6.3
2024-02-22,23,9.1,36.9,0.7,131,47.2,69.4,5.2
2024-02-22,24,5.1,47.7,0.3,132,27.8,70.1,3.7
2024-02-22,25,11.3,44.1,1.5,188,81.3,86.5,5.5
2024-02-22,26,6.9,51.3,0.7,185,54.4,68.5,6.7
2024-02-22,27,9.8,46.4,14.2,197,29.8,150.6,4.7
2024-02-22,28,24.2,60.9,0.0,136,44.2,82.6,7.1
2024-02-22,29,20.4,37.5,1.1,116,34.2,51.0,6.6
2024-02-22,30,18.3,58.7,0.2,86,37.4,30.6,9.0
2024-02-22,31,21.0,37.7,0.3,43,14.1,30.5,7.6
2024-02-22,32,6.5,52.9,1.7,158,42.5,107.6,5.0
2024-02-22,33,2.8,55.7,4.3,134,56.6,79.6,3.6
2024-02-22,34,8.1,49.4,2.4,87,34.8,41.6,7.2
2024-02-22,35,11.7,52.3,0.4,140,44.8,89.4,4.6
2024-02-23,1,19.0,40.6,2.3,144,59.3,108.7,7.1
2024-02-23,2,17.8,37.7,1.6,137,47.7,57.4,6.1
2024-02-23,3,23.8,45.0,0.5,127,55.5,85.3,5.5
2024-02-23,4,24.5,35.7,0.4,138,42.7,67.5,6.9
2024-02-23,5,24.7,40.8,0.3,134,30.4,63.1,6.2
2024-02-23,6,19.0,35.2,0.7,148,24.8,80.0,4.4
2024-02-23,7,22.9,57.3,0.4,118,32.2,72.5,7.1
2024-02-23,8,18.9,52.9,1.5,95,40.1,51.9,7.7
2024-02-23,9,26.2,49.7,0.4,93,41.5,77.0,5.8
2024-02-23,10,15.8,37.4,1.2,104,30.0,63.5,4.6
2024-02-23,11,6.4,42.6,1.5,223,69.1,134.1,5.8
2024-02-23,12,7.9,50.9,0.6,182,63.8,107.4,6.2
2024-02-23,13,2.6,41.3,3.7,182,76.5,121.2,7.5
2024-02-23,14,16.0,52.1,0.8,165,65.7,73.3,5.1
2024-02-23,15,22.1,39.1,1.1,129,34.1,64.5,6.8
2024-02-23,16,21.7,50.2,0.7,179,64.9,136.5,6.6
2024-02-23,17,24.8,75.8,0.2,109,18.0,61.9,7.1
2024-02-23,18,15.8,38.1,2.7,143,51.1,121.0,5.3
2024-02-23,19,20.4,38.9,0.8,118,52.0,87.6,6.7
2024-02-23,20,20.9,46.6,1.2,117,25.6,60.0,6.0
2024-02-23,21,7.0,56.1,0.2,139,21.9,61.9,6.3
2024-02-23,22,4.7,45.4,4.3,102,29.4,54.3,5.2
2024-02-23,23,6.9,49.5,1.2,142,24.3,111.2,5.5
2024-02-23,24,6.6,39.3,0.5,124,29.5,56.2,4.9
2024-02-23,25,3.2,46.8,4.2,139,38.4,87.3,4.8
2024-02-23,26,5.9,37.5,5.0,183,57.7,82.1,6.7
2024-02-23,27,13.6,54.2,3.6,216,90.7,165.7,5.3
2024-02-23,28,23.4,57.7,0.5,121,21.5,74.7,7.2
2024-02-23,29,22.0,38.9,2.5,138,22.5,49.1,6.3
2024-02-23,30,19.4,35.1,0.7,68,29.5,48.2,8.4
2024-02-23,31,26.0,54.7,0.3,113,47.6,80.2,6.8
2024-02-23,32,14.6,53.3,0.7,133,38.4,97.4,4.5
2024-02-23,33,7.5,42.2,4.0,134,49.1,55.9,5.1
2024-02-23,34,6.9,53.7,1.4,118,23.3,79.8,7.2
2024-02-23,35,15.6,57.4,13.8,87,22.6,44.4,5.1
2024-02-24,1,20.0,66.9,0.7,124,20.3,68.9,6.1
2024-02-24,2,18.6,47.7,0.7,142,55.2,97.3,5.4
2024-02-24,3,19.2,33.6,1.3,143,33.6,70.0,6.2
2024-02-24,4,17.9,39.7,0.9,140,47.9,106.0,8.6
2024-02-24,5,23.6,40.0,0.4,135,32.1,48.3,5.0
2024-02-24,6,23.0,30.7,0.9,126,31.1,95.5,4.7
2024-02-24,7,22.1,44.5,1.1,76,30.6,51.2,6.2
2024-02-24,8,23.5,46.0,1.5,55,9.0,25.6,6.3
2024-02-24,9,19.4,47.3,0.7,103,41.9,47.9,6.0
2024-02-24,10,16.0,43.3,0.6,126,23.7,86.0,5.6
2024-02-24,11,8.1,58.9,0.9,155,29.9,108.3,5.7
2024-02-24,12,12.8,40.9,2.8,191,83.4,152.8,5.8
2024-02-24,13,4.4,33.7,2.5,204,75.2,150.4,6.8
2024-02-24,14,14.3,37.0,1.8,187,60.6,110.4,5.6
2024-02-24,15,16.6,40.9,1.4,127,31.3,91.1,6.4
2024-02-24,16,26.5,44.2,0.3,149,58.7,57.6,5.7
2024-02-24,17,12.9,39.0,0.8,137,22.9,116.0,6.1
2024-02-24,18,17.6,35.4,0.2,135,57.9,114.1,6.4
2024-02-24,19,21.5,47.7,0.2,133,56.5,61.7,6.4
2024-02-24,20,20.7,41.3,0.9,154,62.3,107.7,5.3
2024-02-24,21,11.5,52.9,1.4,128,31.6,68.9,6.0
2024-02-24,22,8.0,56.9,0.2,98,25.2,51.0,6.0
2024-02-24,23,8.1,37.1,1.1,138,41.4,48.7,5.6
2024-02-24,24,10.5,52.8,0.6,164,56.7,115.6,4.6
2024-02-24,25,3.2,44.4,4.0,210,47.6,108.8,5.2
2024-02-24,26,5.3,57.1,6.7,192,66.8,121.5,7.0
2024-02-24,27,8.0,40.4,1.0,198,37.5,145.1,3.8
2024-02-24,28,22.6,52.4,0.4,143,58.6,100.5,6.7
2024-02-24,29,23.4,49.1,0.2,157,54.4,65.2,6.1
2024-02-24,30,26.3,35.5,2.1,69,29.1,34.9,8.1
2024-02-24,31,24.2,46.2,0.2,76,21.6,64.0,7.3
2024-02-24,32,7.3,53.7,4.4,70,16.7,39.0,5.4
2024-02-24,33,9.1,53.6,1.3,103,30.1,63.3,3.6
2024-02-24,34,6.2,44.3,2.9,148,37.4,75.7,8.1
2024-02-24,35,10.3,49.1,0.5,149,65.0,59.2,4.9
2024-02-25,1,18.8,35.3,0.9,137,55.8,77.4,6.6
2024-02-25,2,16.3,42.5,0.3,136,53.9,88.5,6.3
2024-02-25,3,19.2,40.1,0.9,101,42.6,36.9,5.3
2024-02-25,4,21.1,26.4,0.7,124,47.7,58.5,6.2
2024-02-25,5,19.5,46.3,0.5,151,40.1,70.8,6.3
2024-02-25,6,22.0,48.4,1.2,156,47.4,72.2,5.2
2024-02-25,7,22.5,53.2,0.2,106,41.1,86.2,6.4
2024-02-25,8,22.5,38.4,0.1,96,25.9,42.1,7.5
2024-02-25,9,18.0,27.5,0.3,71,20.1,54.3,6.6
2024-02-25,10,19.2,48.4,2.8,148,45.5,86.2,6.3
2024-02-25,11,10.8,59.5,0.1,196,59.5,110.4,6.3
2024-02-25,12,12.9,43.9,2.1,195,49.0,139.7,5.9
2024-02-25,13,5.6,42.9,0.6,208,48.6,109.0,7.4
2024-02-25,14,15.4,42.1,0.7,179,41.7,76.0,5.6
2024-02-25,15,18.2,42.3,0.3,96,25.9,59.1,7.0
2024-02-25,16,22.3,53.1,2.8,133,53.3,90.3,5.8
2024-02-25,17,22.8,33.0,1.6,131,45.0,82.4,6.8
2024-02-25,18,23.6,51.4,0.0,137,28.6,89.6,5.0
2024-02-25,19,22.6,49.1,0.6,133,50.5,62.5,5.9
2024-02-25,20,19.8,44.7,3.2,120,24.5,79.2,5.7
2024-02-25,21,6.9,36.5,0.2,86,32.2,60.2,6.9
2024-02-25,22,10.1,44.2,1.1,146,64.1,53.0,5.4
2024-02-25,23,3.2,45.3,0.5,173,43.2,96.2,5.2
2024-02-25,24,12.5,36.3,0.2,155,52.9,121.3,3.4
2024-02-25,25,5.4,35.9,0.4,156,45.9,65.8,5.0
2024-02-25,26,6.6,52.1,5.3,201,58.7,131.3,6.4
2024-02-25,27,12.9,47.3,2.3,171,49.7,113.7,4.3
2024-02-25,28,23.8,45.1,0.2,147,52.7,93.5,7.0
2024-02-25,29,21.9,54.7,1.2,124,27.8,75.6,6.3
2024-02-25,30,14.0,43.8,2.9,113,28.0,92.8,7.6
2024-02-25,31,19.4,44.2,0.2,104,31.5,69.3,7.6
2024-02-25,32,7.2,54.7,1.2,114,32.8,57.0,4.9
2024-02-25,33,13.2,38.2,3.5,118,44.2,92.1,3.0
2024-02-25,34,12.6,50.2,7.8,145,57.7,104.3,7.2
2024-02-25,35,8.7,34.9,0.7,144,64.1,73.1,4.9
2024-02-26,1,16.3,54.7,0.3,79,17.5,60.4,6.4
2024-02-26,2,23.0,44.8,0.1,117,27.4,57.1,5.8
2024-02-26,3,22.5,47.2,0.2,146,22.8,67.8,5.5
2024-02-26,4,23.5,54.3,1.8,148,61.5,113.3,7.7
2024-02-26,5,18.9,41.5,3.0,156,67.9,68.8,4.5
2024-02-26,6,22.0,43.8,0.9,145,36.0,79.0,4.4
2024-02-26,7,15.7,43.1,2.0,82,25.7,41.4,5.8
2024-02-26,8,21.7,51.0,2.4,103,17.5,73.3,7.7
2024-02-26,9,21.6,53.7,0.1,96,40.8,71.5,6.8
2024-02-26,10,22.7,36.2,1.5,88,31.5,52.2,4.5
2024-02-26,11,9.6,46.8,0.1,196,30.7,145.5,7.3
2024-02-26,12,1.3,50.3,0.3,192,65.2,106.0,6.4
2024-02-26,13,7.3,43.2,0.9,149,41.4,83.3,6.9
2024-02-26,14,10.2,38.8,0.0,201,35.1,130.4,5.9
2024-02-26,15,20.8,40.7,2.8,137,25.0,87.8,6.3
2024-02-26,16,21.6,39.5,0.1,153,32.5,113.0,5.2
2024-02-26,17,18.9,61.6,0.1,136,54.6,96.9,7.8
2024-02-26,18,21.3,56.2,0.1,102,36.6,84.5,5.3
2024-02-26,19,20.7,33.1,0.2,107,32.5,67.4,5.6
2024-02-26,20,18.4,37.6,0.2,119,32.6,95.7,4.0
2024-02-26,21,2.3,55.1,0.6,149,54.8,66.0,6.2
2024-02-26,22,7.8,41.7,6.9,170,41.4,84.1,5.7
2024-02-26,23,12.5,33.0,1.0,106,18.4,76.4,5.1
2024-02-26,24,12.1,47.9,0.7,119,47.7,93.8,4.8
2024-02-26,25,5.4,36.3,3.0,206,56.9,100.8,4.9
2024-02-26,26,10.3,40.5,16.3,201,45.0,72.6,6.7
2024-02-26,27,13.9,59.0,1.9,186,47.8,94.7,3.3
2024-02-26,28,23.7,47.0,0.1,164,33.4,98.1,7.9
2024-02-26,29,22.9,48.4,0.0,161,58.7,66.5,6.4
2024-02-26,30,22.4,48.3,2.4,107,24.0,44.8,8.1
2024-02-26,31,18.0,44.4,0.8,78,24.7,59.1,8.4
2024-02-26,32,10.8,51.4,2.0,143,53.8,96.4,6.4
2024-02-26,33,10.4,45.3,1.6,123,33.3,65.8,4.6
2024-02-26,34,4.7,46.7,1.1,118,44.1,54.2,7.9
2024-02-26,35,17.2,63.7,1.2,148,37.6,86.2,5.7
2024-02-27,1,16.7,40.8,0.1,108,19.8,39.8,6.7
2024-02-27,2,20.9,49.4,1.9,85,30.5,60.4,6.0
2024-02-27,3,21.4,37.7,3.2,129,38.8,72.3,5.7
2024-02-27,4,19.2,46.0,1.8,135,33.8,79.1,6.4
2024-02-27,5,20.6,43.9,0.4,107,17.9,48.5,4.9
2024-02-27,6,24.7,53.0,1.3,130,21.9,53.0,4.2
2024-02-27,7,23.9,45.8,0.3,104,22.9,86.4,6.3
2024-02-27,8,21.5,45.2,0.2,62,21.8,32.4,6.7
2024-02-27,9,22.2,39.5,2.2,44,10.9,30.2,7.5
2024-02-27,10,16.5,42.1,1.0,74,14.1,42.9,4.5
2024-02-27,11,6.5,38.6,1.7,164,33.7,103.0,6.0
2024-02-27,12,8.1,47.4,0.4,202,52.3,112.4,5.4
2024-02-27,13,10.7,37.7,0.2,187,61.1,133.9,6.2
2024-02-27,14,9.2,51.3,4.3,206,54.1,160.0,4.2
2024-02-27,15,20.7,36.5,0.2,123,40.9,81.8,7.4
2024-02-27,16,20.6,27.8,0.3,107,19.0,49.2,7.1
2024-02-27,17,21.7,47.0,2.2,128,50.8,102.9,6.9
2024-02-27,18,17.1,53.5,0.1,144,56.2,104.3,6.5
2024-02-27,19,19.1,59.9,0.0,140,33.6,49.7,6.6
2024-02-27,20,15.7,36.3,0.8,130,56.1,53.4,5.0
2024-02-27,21,13.0,54.5,0.8,114,22.3,75.0,6.3
2024-02-27,22,9.4,43.9,0.5,108,22.5,54.3,5.4
2024-02-27,23,16.4,60.1,0.5,134,41.9,64.4,5.7
2024-02-27,24,12.4,64.2,0.3,105,32.5,53.1,4.4
2024-02-27,25,1.0,45.5,0.8,201,57.9,131.3,4.2
2024-02-27,26,5.6,39.8,2.7,180,61.0,105.1,6.5
2024-02-27,27,9.1,31.0,13.6,144,23.1,78.0,3.5
2024-02-27,28,23.3,44.3,3.7,117,21.7,81.1,6.4
2024-02-27,29,23.2,45.0,1.0,140,37.4,107.4,6.7
2024-02-27,30,20.0,38.8,0.3,50,16.2,39.4,7.9
2024-02-27,31,15.5,41.8,1.4,63,11.8,42.0,7.8
2024-02-27,32,2.5,58.9,1.8,119,28.7,52.6,5.5
2024-02-27,33,7.4,43.9,0.3,101,32.1,80.3,2.8
2024-02-27,34,8.5,40.9,0.6,126,20.2,66.3,6.8
2024-02-27,35,8.7,61.2,1.5,122,39.2,46.2,3.7
2024-02-28,1,22.1,50.4,0.8,95,42.1,60.1,6.5
2024-02-28,2,16.5,33.6,0.9,131,20.0,61.0,5.8
2024-02-28,3,22.8,44.1,0.5,115,27.6,74.4,5.8
2024-02-28,4,17.3,45.3,2.4,136,59.2,104.8,6.9
2024-02-28,5,20.6,38.7,0.3,162,40.2,100.3,4.4
2024-02-28,6,17.3,45.5,1.2,162,35.3,106.8,4.3
2024-02-28,7,24.3,49.6,0.8,105,18.1,88.8,6.8
2024-02-28,8,19.1,33.8,2.4,55,8.8,34.5,6.6
2024-02-28,9,21.6,47.3,1.8,59,22.1,37.9,6.3
2024-02-28,10,17.9,37.6,0.9,109,30.0,48.7,6.2
2024-02-28,11,3.1,44.9,5.0,189,78.6,89.5,5.5
2024-02-28,12,10.4,48.9,0.8,172,69.8,139.8,4.7
2024-02-28,13,5.2,47.8,1.8,133,52.3,56.5,6.8
2024-02-28,14,6.6,50.1,1.5,179,37.6,105.0,5.1
2024-02-28,15,22.1,44.3,0.2,122,26.4,60.2,6.9
2024-02-28,16,20.0,51.2,0.1,131,56.6,62.1,6.2
2024-02-28,17,21.3,33.5,1.8,130,57.9,52.6,6.9
2024-02-28,18,19.9,37.4,0.8,127,29.7,88.2,4.7
2024-02-28,19,23.5,49.0,1.2,140,54.4,110.2,5.8
2024-02-28,20,23.4,57.6,0.1,198,55.6,147.7,5.0
2024-02-28,21,13.7,49.5,0.4,128,38.9,73.3,5.3
2024-02-28,22,6.8,51.3,1.0,146,36.1,51.7,6.1
2024-02-28,23,15.7,40.6,0.9,161,48.8,95.9,5.3
2024-02-28,24,13.6,44.6,0.8,118,30.3,56.9,3.9
2024-02-28,25,10.9,50.1,0.4,189,76.2,88.3,5.3
2024-02-28,26,6.9,59.8,3.3,175,33.7,134.6,6.4
2024-02-28,27,9.3,56.1,1.6,169,39.2,67.2,5.3
2024-02-28,28,23.0,58.2,0.5,127,36.2,75.5,6.5
2024-02-28,29,22.3,51.6,2.7,92,15.1,72.0,6.5
2024-02-28,30,20.7,60.8,2.0,102,37.3,52.5,7.2
2024-02-28,31,26.7,34.1,0.6,72,22.0,43.8,7.6
2024-02-28,32,7.4,46.3,4.2,118,49.4,75.0,5.3
2024-02-28,33,7.7,48.6,0.9,118,21.6,81.0,4.0
2024-02-28,34,5.1,58.7,0.4,126,43.4,104.6,7.2
2024-02-28,35,9.2,47.9,9.1,111,31.6,72.3,5.0
2024-02-29,1,21.3,47.6,0.5,126,28.2,45.3,6.2
2024-02-29,2,22.1,53.3,0.5,167,65.0,118.1,5.5
2024-02-29,3,22.5,37.4,5.0,176,77.4,85.5,6.0
2024-02-29,4,17.1,44.8,0.8,176,76.0,73.3,7.1
2024-02-29,5,21.6,52.5,1.8,129,45.8,108.3,6.0
2024-02-29,6,22.2,39.4,0.2,148,66.4,110.1,4.3
2024-02-29,7,21.0,47.3,0.7,93,41.7,43.4,7.5
2024-02-29,8,19.6,37.4,0.8,82,29.7,40.6,7.0
2024-02-29,9,19.1,30.3,0.0,106,26.1,65.6,6.5
2024-02-29,10,18.4,43.0,0.5,98,23.8,66.9,5.3
2024-02-29,11,3.8,33.9,4.2,201,68.4,117.5,6.0
2024-02-29,12,7.2,44.2,1.6,199,78.6,142.9,5.9
2024-02-29,13,9.3,30.1,2.8,172,73.3,126.6,6.7
2024-02-29,14,8.5,42.5,1.4,201,40.3,166.7,5.9
2024-02-29,15,18.8,48.6,0.3,114,22.4,60.8,6.4
2024-02-29,16,18.2,32.4,0.6,131,42.5,88.5,5.7
2024-02-29,17,21.9,40.2,0.1,118,21.7,90.1,6.5
2024-02-29,18,20.7,42.1,2.7,147,39.4,68.3,4.4
2024-02-29,19,17.9,42.2,0.4,110,29.5,92.4,5.3
2024-02-29,20,18.7,36.5,4.0,99,33.1,47.0,5.3
2024-02-29,21,15.6,38.5,0.3,146,45.3,79.0,5.3
2024-02-29,22,8.1,39.8,0.1,151,59.4,98.3,5.5
2024-02-29,23,10.9,36.4,1.2,94,42.2,50.4,5.9
2024-02-29,24,11.1,54.1,0.3,145,51.5,67.6,4.0
2024-02-29,25,7.4,40.8,1.2,188,37.3,148.7,5.3
2024-02-29,26,9.9,61.1,1.9,187,37.0,99.3,7.3
2024-02-29,27,7.7,44.4,1.0,190,40.2,84.8,4.9
2024-02-29,28,22.4,40.5,1.3,112,19.1,49.1,6.7
2024-02-29,29,23.7,41.0,3.5,127,42.1,52.2,5.9
2024-02-29,30,21.3,36.7,1.8,78,30.8,30.3,7.9
2024-02-29,31,17.7,45.7,0.6,109,32.5,44.4,6.5
2024-02-29,32,5.4,45.9,2.8,132,36.9,70.3,5.4
2024-02-29,33,10.7,42.7,4.9,136,48.8,67.6,4.2
2024-02-29,34,5.1,30.1,2.5,146,61.0,94.2,7.1
2024-02-29,35,12.4,20.1,1.2,142,36.4,55.9,5.8
2024-03-01,1,24.6,62.7,7.8,133,59.4,76.9,6.4
2024-03-01,2,24.2,50.7,1.0,134,25.4,77.5,6.7
2024-03-01,3,24.0,47.9,0.8,112,16.8,43.8,5.6
2024-03-01,4,22.0,44.7,1.8,116,39.3,55.3,7.4
2024-03-01,5,25.3,43.3,0.7,120,46.9,44.1,5.1
2024-03-01,6,24.0,42.6,0.5,107,41.1,50.0,4.6
2024-03-01,7,21.2,45.9,0.8,43,17.7,34.1,7.6
2024-03-01,8,20.9,44.0,0.1,58,19.2,41.8,6.9
2024-03-01,9,23.4,55.6,1.7,85,35.4,40.7,5.9
2024-03-01,10,23.9,42.2,1.4,66,17.3,43.2,5.5
2024-03-01,11,11.7,51.8,0.3,164,29.8,111.1,5.9
2024-03-01,12,7.3,58.3,2.3,210,47.6,168.1,6.7
2024-03-01,13,14.5,35.9,1.2,138,33.2,66.2,7.2
2024-03-01,14,8.1,51.6,0.8,183,57.0,139.7,6.0
2024-03-01,15,23.9,53.2,4.4,93,34.2,66.5,6.7
2024-03-01,16,25.5,64.1,2.9,117,45.3,51.6,6.0
2024-03-01,17,27.1,54.7,1.4,144,40.8,75.1,7.1
2024-03-01,18,24.5,47.2,0.6,105,41.3,70.2,4.3
2024-03-01,19,18.5,32.7,0.6,104,38.7,72.9,6.1
2024-03-01,20,22.5,38.8,7.4,146,30.7,70.9,4.8
2024-03-01,21,8.1,41.9,0.7,98,21.3,76.2,6.7
2024-03-01,22,7.5,35.6,2.5,111,34.9,71.5,5.0
2024-03-01,23,14.7,55.5,0.0,97,38.1,64.1,5.1
2024-03-01,24,18.2,36.4,0.2,121,45.3,75.0,4.5
2024-03-01,25,12.9,56.6,1.6,133,43.9,102.3,4.4
2024-03-01,26,4.4,37.2,1.2,151,65.6,120.9,6.5
2024-03-01,27,8.9,39.8,0.0,143,24.4,107.6,4.9
2024-03-01,28,26.6,51.1,0.3,88,38.1,40.8,6.0
2024-03-01,29,18.7,57.5,0.0,121,32.1,64.5,5.3
2024-03-01,30,25.8,52.4,1.5,70,20.6,51.3,8.0
2024-03-01,31,23.2,39.8,1.0,76,13.0,29.1,7.7
2024-03-01,32,7.2,49.8,0.3,151,65.6,55.5,6.1
2024-03-01,33,7.4,53.2,0.3,127,48.4,82.5,3.5
2024-03-01,34,4.6,37.6,4.7,122,31.4,44.6,8.0
2024-03-01,35,15.6,53.1,1.1,120,46.2,53.6,4.8
2024-03-02,1,28.0,45.5,3.5,110,17.8,89.1,7.2
2024-03-02,2,23.7,46.2,4.3,115,22.0,45.2,4.5
2024-03-02,3,17.8,46.2,0.8,115,30.4,62.1,6.2
2024-03-02,4,23.2,52.6,6.0,111,23.8,78.4,7.3
2024-03-02,5,23.1,47.3,0.9,95,15.7,34.0,5.9
2024-03-02,6,25.6,46.7,2.5,101,42.3,36.3,4.3
2024-03-02,7,25.3,37.2,1.1,90,26.9,68.9,7.2
2024-03-02,8,25.9,37.9,2.3,49,19.4,24.8,6.9
2024-03-02,9,23.4,49.0,2.9,125,43.7,79.6,6.1
2024-03-02,10,26.7,57.8,1.6,67,20.1,45.1,4.9
2024-03-02,11,13.5,56.3,0.8,148,56.7,54.0,5.8
2024-03-02,12,9.3,55.6,2.9,131,36.3,109.4,5.6
2024-03-02,13,12.5,50.4,2.6,149,31.3,107.2,6.8
2024-03-02,14,6.2,54.2,1.0,151,56.5,81.9,5.1
2024-03-02,15,19.8,49.4,0.9,74,23.2,30.4,6.1
2024-03-02,16,23.2,48.0,2.1,146,44.8,115.0,4.9
2024-03-02,17,25.9,57.5,3.5,78,27.4,61.0,6.7
2024-03-02,18,25.7,37.2,0.8,100,43.9,54.7,4.9
2024-03-02,19,23.4,42.7,0.8,104,29.5,84.2,5.5
2024-03-02,20,23.3,51.3,0.4,91,21.0,36.1,4.2
2024-03-02,21,8.9,53.3,0.0,97,33.2,63.3,6.4
2024-03-02,22,13.7,62.2,2.5,119,44.0,96.4,6.7
2024-03-02,23,8.0,47.6,0.3,121,41.1,56.8,5.1
2024-03-02,24,10.3,44.9,0.1,140,48.8,99.4,5.9
2024-03-02,25,11.6,53.6,5.1,164,41.9,138.0,4.6
2024-03-02,26,3.3,47.0,1.0,160,37.7,100.4,7.2
2024-03-02,27,8.0,40.5,1.3,150,65.0,72.9,4.7
2024-03-02,28,26.4,42.7,1.7,132,29.5,76.5,6.5
2024-03-02,29,25.6,57.8,2.4,104,18.6,43.8,5.5
2024-03-02,30,22.5,48.2,3.6,73,29.0,37.0,7.8
2024-03-02,31,23.6,42.8,0.5,99,41.1,58.1,8.6
2024-03-02,32,7.2,33.3,1.2,90,39.6,57.2,5.2
2024-03-02,33,8.8,51.8,6.3,81,28.6,39.5,5.2
2024-03-02,34,9.8,42.7,0.3,97,33.1,38.5,8.0
2024-03-02,35,13.3,44.3,3.6,100,38.4,57.7,5.1
2024-03-03,1,20.9,56.6,0.8,109,43.9,40.7,6.9
2024-03-03,2,22.5,58.8,2.8,91,28.5,58.1,6.5
2024-03-03,3,19.1,52.4,2.3,102,27.9,44.0,6.0
2024-03-03,4,26.6,41.3,3.0,101,32.5,50.0,6.2
2024-03-03,5,26.5,43.3,3.5,97,18.8,79.2,5.8
2024-03-03,6,18.9,52.6,4.3,122,41.9,61.7,4.6
2024-03-03,7,20.9,44.4,0.7,68,25.2,31.4,8.2
2024-03-03,8,19.7,33.5,1.3,63,27.6,48.9,6.5
2024-03-03,9,23.1,54.2,0.3,63,24.9,43.0,5.6
2024-03-03,10,25.6,31.5,0.6,65,11.8,29.0,4.9
2024-03-03,11,7.2,47.2,3.2,152,62.4,107.3,7.0
2024-03-03,12,8.3,56.9,1.4,153,50.7,74.1,4.3
2024-03-03,13,10.9,34.3,1.0,200,71.0,114.0,6.4
2024-03-03,14,9.6,47.3,0.5,129,40.3,75.2,3.4
2024-03-03,15,20.0,59.8,0.7,90,34.7,60.2,6.4
2024-03-03,16,26.9,46.3,0.8,120,43.7,75.0,5.6
2024-03-03,17,22.5,45.3,1.1,111,47.5,40.9,6.6
2024-03-03,18,23.6,51.1,0.7,144,46.7,71.9,5.5
2024-03-03,19,27.4,48.9,0.6,115,23.0,53.6,6.5
2024-03-03,20,21.6,41.8,1.0,102,42.8,64.3,4.4
2024-03-03,21,12.7,45.0,1.0,119,27.7,82.0,6.4
2024-03-03,22,10.9,38.8,1.9,83,24.1,44.5,5.6
2024-03-03,23,15.3,52.1,0.1,98,29.2,68.6,6.4
2024-03-03,24,17.9,53.3,1.3,120,42.9,68.6,4.9
2024-03-03,25,14.3,51.7,0.0,141,55.7,68.5,4.4
2024-03-03,26,17.0,51.8,1.5,113,48.2,41.1,6.6
2024-03-03,27,5.2,45.0,6.2,117,47.7,41.2,4.7
2024-03-03,28,22.4,43.9,0.8,100,16.0,77.9,6.1
2024-03-03,29,22.7,50.5,2.0,126,37.7,53.3,6.2
2024-03-03,30,21.0,50.7,3.4,90,16.0,56.1,8.4
2024-03-03,31,22.9,59.0,0.9,104,23.7,58.8,7.4
2024-03-03,32,12.5,37.0,0.0,84,31.4,49.9,5.2
2024-03-03,33,11.7,35.1,0.5,90,19.1,74.5,4.5
2024-03-03,34,13.4,44.1,2.9,69,23.4,40.6,7.0
2024-03-03,35,16.0,59.2,1.5,114,50.8,85.9,4.4
2024-03-04,1,22.4,37.7,0.0,123,33.9,65.1,6.9
2024-03-04,2,23.5,40.1,0.8,114,29.3,81.3,6.2
2024-03-04,3,22.2,53.4,3.9,108,29.8,46.8,5.5
2024-03-04,4,25.3,52.4,0.6,110,45.1,54.4,6.8
2024-03-04,5,26.8,61.3,0.7,134,20.3,96.1,4.5
2024-03-04,6,29.0,61.2,0.2,132,21.6,88.1,3.8
2024-03-04,7,21.4,52.7,0.8,65,28.1,29.2,7.5
2024-03-04,8,25.6,53.4,3.7,49,16.6,24.8,7.6
2024-03-04,9,22.1,47.6,0.3,58,11.7,34.1,5.6
2024-03-04,10,16.4,34.4,1.1,54,14.3,45.2,5.6
2024-03-04,11,5.8,54.1,0.7,149,41.5,103.9,6.5
2024-03-04,12,9.1,47.0,1.6,125,30.9,83.7,5.0
2024-03-04,13,12.1,55.8,0.2,183,34.6,84.3,6.9
2024-03-04,14,7.5,53.5,0.4,161,38.3,61.2,5.9
2024-03-04,15,19.1,47.2,2.7,111,47.0,57.0,5.8
2024-03-04,16,26.6,44.4,4.1,141,36.3,52.0,6.2
2024-03-04,17,21.1,40.7,0.1,123,33.7,79.2,6.8
2024-03-04,18,26.7,44.5,0.5,123,25.9,104.0,6.1
2024-03-04,19,23.7,56.1,2.2,91,23.5,46.1,5.7
2024-03-04,20,22.5,38.8,1.6,110,23.4,48.1,4.1
2024-03-04,21,4.4,46.0,0.6,117,39.7,80.3,7.2
2024-03-04,22,8.0,58.2,0.5,71,26.4,52.2,4.8
2024-03-04,23,11.1,35.9,0.0,122,49.9,62.5,5.0
2024-03-04,24,10.9,57.9,0.3,92,15.6,58.1,4.2
2024-03-04,25,11.4,45.0,0.9,165,55.7,71.3,5.9
2024-03-04,26,18.5,43.0,0.1,151,61.6,55.4,6.6
2024-03-04,27,7.6,63.6,5.1,139,22.9,90.5,4.1
2024-03-04,28,21.8,45.5,3.7,87,13.9,61.7,5.2
2024-03-04,29,22.9,53.1,0.5,90,40.3,51.4,6.1
2024-03-04,30,22.4,38.6,1.9,72,16.8,46.3,7.5
2024-03-04,31,16.0,50.6,0.3,85,22.9,30.3,7.3
2024-03-04,32,8.9,45.6,2.8,106,27.1,77.5,4.6
2024-03-04,33,14.4,54.7,1.4,104,46.2,48.7,4.0
2024-03-04,34,11.0,52.3,2.2,100,24.7,41.7,7.4
2024-03-04,35,11.6,58.7,1.7,108,30.7,45.7,4.5
2024-03-05,1,24.9,56.4,2.5,108,42.3,54.4,6.6
2024-03-05,2,24.1,50.9,3.2,119,40.3,44.9,5.5
2024-03-05,3,22.1,64.3,2.0,116,18.7,45.7,5.9
2024-03-05,4,26.9,34.8,1.1,104,43.2,67.3,5.2
2024-03-05,5,25.0,48.4,2.4,77,22.7,50.7,4.7
2024-03-05,6,22.9,47.9,1.6,83,28.9,57.1,4.9
2024-03-05,7,22.4,56.3,1.9,54,12.3,39.1,6.3
2024-03-05,8,25.2,42.6,1.3,72,31.4,28.0,6.9
2024-03-05,9,24.5,52.7,0.1,70,17.0,55.6,5.1
2024-03-05,10,26.9,42.4,1.2,51,9.0,36.3,6.1
2024-03-05,11,8.8,45.6,0.1,147,28.9,114.0,6.4
2024-03-05,12,10.5,44.6,0.6,128,23.7,60.2,5.7
2024-03-05,13,6.5,38.1,0.0,148,26.6,113.7,6.5
2024-03-05,14,12.9,49.8,1.3,157,26.4,112.4,4.7
2024-03-05,15,22.4,31.2,4.3,109,32.3,64.0,7.4
2024-03-05,16,25.4,40.9,0.9,100,18.5,76.7,5.7
2024-03-05,17,23.3,46.7,0.1,107,21.1,38.3,6.5
2024-03-05,18,21.7,51.9,0.3,90,17.6,75.8,5.3
2024-03-05,19,24.7,40.1,0.1,91,26.6,66.6,4.9
2024-03-05,20,28.0,50.6,4.1,121,37.3,92.7,3.6
2024-03-05,21,12.1,48.8,0.8,138,21.4,99.0,4.9
2024-03-05,22,6.5,37.3,1.4,100,22.5,43.7,5.9
2024-03-05,23,7.6,46.9,0.1,116,35.9,97.4,7.1
2024-03-05,24,5.9,48.8,0.2,90,37.2,73.3,3.3
2024-03-05,25,8.4,52.0,1.0,149,45.6,113.0,4.5
2024-03-05,26,9.2,44.4,2.6,163,59.0,131.4,7.4
2024-03-05,27,10.9,44.2,0.5,148,41.1,69.3,4.4
2024-03-05,28,26.8,45.8,0.6,135,25.2,99.0,7.3
2024-03-05,29,22.5,61.3,1.3,78,23.4,63.1,7.0
2024-03-05,30,23.3,47.5,0.7,58,25.7,22.6,7.4
2024-03-05,31,25.9,28.5,3.3,67,22.8,47.1,7.9
2024-03-05,32,9.1,43.4,1.5,97,15.4,35.1,5.6
2024-03-05,33,7.5,38.6,1.7,118,43.1,86.1,5.4
2024-03-05,34,7.7,39.7,1.0,70,21.5,44.7,7.8
2024-03-05,35,16.9,58.4,4.4,89,16.4,49.3,6.0
2024-03-06,1,24.5,45.5,1.5,78,16.1,34.9,6.8
2024-03-06,2,19.7,43.9,1.8,112,43.3,51.8,5.6
2024-03-06,3,18.8,46.2,1.3,120,37.8,94.7,4.4
2024-03-06,4,23.1,57.2,1.2,116,50.7,53.0,6.2
2024-03-06,5,23.9,39.7,5.6,83,25.9,38.4,5.3
2024-03-06,6,18.7,46.3,0.9,120,51.9,81.6,5.2
2024-03-06,7,23.8,53.5,1.4,35,7.1,23.9,6.6
2024-03-06,8,21.6,50.8,0.9,104,30.8,67.4,6.9
2024-03-06,9,21.3,51.5,0.3,113,37.0,65.5,6.0
2024-03-06,10,27.1,34.1,0.8,77,28.3,35.3,5.5
2024-03-06,11,15.1,39.4,0.5,149,35.0,64.3,6.6
2024-03-06,12,13.8,48.0,0.5,149,49.9,108.3,5.8
2024-03-06,13,12.1,34.9,1.9,153,43.6,61.9,7.8
2024-03-06,14,12.2,43.1,2.1,135,33.6,104.3,4.0
2024-03-06,15,25.0,48.9,1.6,91,27.4,76.3,6.9
2024-03-06,16,21.2,38.6,1.1,101,41.6,35.4,6.2
2024-03-06,17,25.2,55.8,0.7,120,27.9,82.4,6.2
2024-03-06,18,27.0,50.1,1.0,101,37.6,49.2,5.7
2024-03-06,19,23.5,40.2,0.2,114,48.7,95.7,5.8
2024-03-06,20,21.0,48.5,2.7,105,34.5,51.7,5.3
2024-03-06,21,9.2,51.1,0.0,117,32.7,92.8,5.7
2024-03-06,22,15.0,46.9,1.1,99,37.2,72.3,7.0
2024-03-06,23,15.0,38.4,0.5,66,26.4,52.0,5.9
2024-03-06,24,9.7,58.4,0.4,107,32.7,79.7,4.7
2024-03-06,25,11.6,41.5,1.3,168,52.2,62.3,5.0
2024-03-06,26,8.4,57.6,3.2,180,55.0,70.2,7.1
2024-03-06,27,5.8,51.7,0.1,160,71.9,116.2,3.7
2024-03-06,28,26.9,35.1,1.8,81,15.3,28.4,6.7
2024-03-06,29,21.9,34.3,3.3,139,27.7,58.3,5.8
2024-03-06,30,26.3,55.0,0.5,89,13.9,38.4,8.4
2024-03-06,31,27.2,51.5,1.0,80,25.5,36.6,8.8
2024-03-06,32,4.5,41.7,2.9,94,21.5,71.1,4.9
2024-03-06,33,5.2,51.2,0.6,159,36.4,131.3,3.5
2024-03-06,34,5.7,48.6,1.8,155,54.8,106.3,7.4
2024-03-06,35,11.0,58.6,7.8,104,34.5,80.3,6.1
2024-03-07,1,25.2,48.8,4.5,131,30.8,51.7,6.5
2024-03-07,2,25.2,73.5,0.7,100,26.1,61.3,5.2
2024-03-07,3,20.5,49.0,4.5,126,38.0,87.5,6.6
2024-03-07,4,24.1,34.6,2.6,119,48.1,63.9,7.2
2024-03-07,5,21.6,39.0,2.5,115,31.1,55.2,5.5
2024-03-07,6,27.9,57.6,0.2,130,36.0,78.6,4.8
2024-03-07,7,23.2,44.3,1.9,62,18.3,38.4,6.2
2024-03-07,8,23.3,49.6,0.3,91,17.2,37.4,7.6
2024-03-07,9,18.8,47.6,0.7,64,20.1,30.8,6.5
2024-03-07,10,24.2,49.9,7.5,72,11.5,32.3,4.8
2024-03-07,11,7.3,49.7,0.2,174,70.5,115.0,5.2
2024-03-07,12,9.6,45.9,3.7,181,44.0,123.4,4.8
2024-03-07,13,10.4,46.7,0.1,191,57.6,152.7,7.1
2024-03-07,14,9.7,34.6,0.1,136,49.4,100.4,4.8
2024-03-07,15,23.0,36.8,5.1,108,17.2,90.9,6.8
2024-03-07,16,25.0,53.5,0.8,119,42.5,93.3,6.1
2024-03-07,17,22.4,49.2,1.2,90,26.5,55.6,5.8
2024-03-07,18,21.2,48.0,0.6,106,43.9,80.5,4.8
2024-03-07,19,22.7,34.3,2.8,139,59.7,78.2,6.1
2024-03-07,20,19.9,48.9,3.9,92,19.8,47.7,4.9
2024-03-07,21,10.7,51.2,0.2,110,31.3,41.2,6.7
2024-03-07,22,10.3,46.3,0.5,99,37.5,72.4,5.2
2024-03-07,23,10.7,43.8,0.1,122,39.2,81.4,6.3
2024-03-07,24,10.7,43.0,0.7,121,49.7,57.0,3.5
2024-03-07,25,14.8,58.1,2.1,164,51.4,109.6,4.6
2024-03-07,26,10.0,52.7,0.3,141,37.6,81.5,7.5
2024-03-07,27,13.1,37.9,2.1,163,58.1,105.8,3.0
2024-03-07,28,24.3,53.7,3.1,98,16.8,70.5,6.2
2024-03-07,29,22.0,44.2,0.5,81,23.7,40.1,6.4
2024-03-07,30,21.6,47.6,6.0,68,22.1,27.3,8.0
2024-03-07,31,22.8,40.3,1.4,96,31.6,37.6,8.5
2024-03-07,32,8.6,42.9,1.8,85,34.8,52.4,4.8
2024-03-07,33,8.7,63.0,1.2,122,42.0,57.5,4.4
2024-03-07,34,8.4,47.9,3.8,98,29.0,59.4,7.0
2024-03-07,35,11.3,46.8,6.5,91,29.3,68.0,5.8
2024-03-08,1,22.0,58.9,0.1,105,21.2,77.5,6.1
2024-03-08,2,22.0,48.2,0.9,92,24.9,59.5,7.1
2024-03-08,3,18.2,39.8,0.9,95,27.3,63.0,5.1
2024-03-08,4,20.2,53.7,0.5,117,27.0,67.9,6.5
2024-03-08,5,25.9,50.4,1.2,92,31.9,67.7,4.6
2024-03-08,6,23.5,52.0,0.1,123,38.6,79.2,5.1
2024-03-08,7,24.5,46.6,0.3,124,35.2,66.2,7.0
2024-03-08,8,23.5,38.0,0.8,98,17.3,38.2,7.1
2024-03-08,9,20.7,49.6,0.6,92,34.8,64.6,6.2
2024-03-08,10,20.3,56.0,0.5,50,21.0,20.1,5.8
2024-03-08,11,10.5,54.0,1.8,140,21.1,109.0,5.9
2024-03-08,12,8.3,49.4,2.9,124,52.6,65.1,5.9
2024-03-08,13,10.5,60.6,1.0,190,57.3,153.4,7.1
2024-03-08,14,8.5,36.8,6.6,151,42.3,86.9,4.9
2024-03-08,15,22.5,41.1,0.2,82,14.0,63.7,6.0
2024-03-08,16,28.7,50.8,1.3,123,34.4,94.8,6.3
2024-03-08,17,21.9,47.6,0.7,129,56.0,107.0,6.6
2024-03-08,18,20.2,55.7,6.3,91,25.4,75.8,5.9
2024-03-08,19,22.7,42.1,0.0,119,32.8,49.9,5.5
2024-03-08,20,22.6,48.9,0.8,123,28.1,96.0,4.4
2024-03-08,21,12.7,39.7,0.8,124,50.7,80.6,5.0
2024-03-08,22,15.7,42.4,1.0,110,45.1,52.2,6.8
2024-03-08,23,7.0,43.3,0.2,166,30.8,104.9,6.0
2024-03-08,24,16.2,38.4,0.2,117,21.9,81.9,5.2
2024-03-08,25,8.6,49.0,4.6,148,62.4,102.6,5.1
2024-03-08,26,10.6,66.2,1.5,200,86.4,141.0,6.8
2024-03-08,27,7.4,61.5,4.1,167,65.0,66.4,4.3
2024-03-08,28,22.9,47.8,1.8,95,35.5,56.6,7.6
2024-03-08,29,23.4,49.7,0.5,145,64.7,83.1,6.6
2024-03-08,30,21.2,47.7,6.0,91,33.9,71.2,9.5
2024-03-08,31,25.3,48.2,0.3,80,30.7,46.1,7.9
2024-03-08,32,9.7,49.9,0.8,87,31.4,64.2,5.5
2024-03-08,33,6.6,53.3,2.6,95,21.4,72.5,3.1
2024-03-08,34,8.6,42.9,0.0,128,50.1,99.4,7.1
2024-03-08,35,17.1,39.4,5.5,138,25.6,86.5,5.6
2024-03-09,1,28.2,48.4,4.0,128,56.3,68.7,7.0
2024-03-09,2,19.2,50.5,1.2,128,22.2,96.4,5.9
2024-03-09,3,24.4,39.4,1.0,120,25.0,98.5,4.7
2024-03-09,4,24.8,45.9,0.4,77,26.0,53.1,6.9
2024-03-09,5,24.2,34.4,0.2,86,37.7,52.2,4.9
2024-03-09,6,22.9,40.6,2.8,102,40.6,79.4,4.8
2024-03-09,7,23.4,34.9,0.6,33,12.7,20.1,7.0
2024-03-09,8,27.1,30.8,2.5,119,40.2,83.6,7.0
2024-03-09,9,21.2,49.2,1.5,95,19.9,58.5,6.4
2024-03-09,10,22.4,58.7,0.0,68,21.6,51.0,4.2
2024-03-09,11,8.0,53.7,0.5,164,61.3,123.5,6.6
2024-03-09,12,13.2,45.6,1.3,151,51.4,71.2,6.2
2024-03-09,13,3.9,37.1,0.2,193,76.6,123.6,7.2
2024-03-09,14,8.5,52.5,1.1,153,66.7,99.9,5.2
2024-03-09,15,25.2,37.5,2.9,77,19.0,45.1,6.9
2024-03-09,16,22.7,38.6,1.0,132,24.6,83.7,5.9
2024-03-09,17,23.8,36.0,0.4,123,30.5,53.6,6.4
2024-03-09,18,23.9,36.4,2.0,89,29.8,61.7,5.5
2024-03-09,19,19.9,50.3,1.3,109,26.9,42.4,5.9
2024-03-09,20,22.1,45.2,5.6,83,36.4,42.8,5.3
2024-03-09,21,7.2,40.4,2.9,110,22.0,67.8,4.8
2024-03-09,22,13.2,47.5,2.5,118,43.2,76.4,7.0
2024-03-09,23,6.7,37.1,0.2,92,36.3,37.9,5.5
2024-03-09,24,16.3,58.8,0.5,141,42.7,116.2,4.6
2024-03-09,25,5.0,37.8,0.4,150,58.4,54.2,4.6
2024-03-09,26,8.8,59.2,0.2,146,34.2,109.6,6.7
2024-03-09,27,10.5,43.5,2.1,169,36.6,65.5,3.9
2024-03-09,28,21.9,42.4,2.0,126,27.6,45.9,7.3
2024-03-09,29,23.3,43.1,5.3,98,39.6,68.8,7.4
2024-03-09,30,24.7,45.5,2.6,101,29.5,67.0,7.5
2024-03-09,31,24.9,56.0,0.2,94,19.9,60.1,7.3
2024-03-09,32,10.0,45.3,1.7,110,29.6,67.5,6.4
2024-03-09,33,9.9,54.0,1.7,92,36.1,51.6,4.3
2024-03-09,34,8.9,42.1,0.1,96,35.4,72.7,7.0
2024-03-09,35,12.6,46.3,8.2,110,23.3,90.4,4.3
2024-03-10,1,18.9,36.1,0.3,92,40.1,53.2,6.6
2024-03-10,2,24.5,44.7,0.7,143,34.3,54.7,6.1
2024-03-10,3,21.6,46.9,0.1,62,16.9,50.8,7.1
2024-03-10,4,26.3,59.0,1.8,126,26.1,68.3,6.7
2024-03-10,5,23.3,51.7,2.2,103,45.2,70.3,4.9
2024-03-10,6,19.5,49.2,0.7,118,29.7,94.4,4.6
2024-03-10,7,24.9,47.8,4.3,64,24.2,43.0,6.5
2024-03-10,8,18.0,49.5,2.0,76,13.6,33.8,5.7
2024-03-10,9,24.6,36.2,1.2,89,35.4,41.4,5.6
2024-03-10,10,24.0,34.3,4.1,56,20.2,36.7,4.4
2024-03-10,11,7.8,54.2,1.6,169,43.8,137.1,5.0
2024-03-10,12,7.8,30.5,0.2,139,48.0,63.7,5.8
2024-03-10,13,13.8,47.9,1.8,141,23.4,109.9,7.0
2024-03-10,14,3.9,53.1,2.4,133,51.6,54.8,4.9
2024-03-10,15,23.9,50.3,0.3,101,20.4,44.3,6.5
2024-03-10,16,18.1,36.9,3.7,106,37.5,59.2,5.9
2024-03-10,17,25.0,46.0,1.9,128,44.3,92.2,7.5
2024-03-10,18,25.2,44.1,1.3,98,27.5,83.0,5.6
2024-03-10,19,20.2,54.7,2.3,75,22.1,41.2,5.2
2024-03-10,20,22.8,46.1,1.5,122,38.4,102.8,5.3
2024-03-10,21,9.2,52.8,1.0,127,26.8,81.7,7.0
2024-03-10,22,9.8,46.3,0.8,139,25.7,62.1,6.0
2024-03-10,23,14.4,51.6,0.6,91,24.2,69.0,5.7
2024-03-10,24,15.5,53.9,0.2,99,14.9,69.6,4.5
2024-03-10,25,11.1,48.4,1.6,177,59.7,131.4,5.1
2024-03-10,26,12.4,42.3,4.2,154,25.3,121.2,6.0
2024-03-10,27,7.5,37.0,2.8,131,27.7,58.8,4.6
2024-03-10,28,19.8,57.1,0.4,136,28.0,66.0,6.7
2024-03-10,29,21.2,43.0,1.1,124,53.1,92.7,7.1
2024-03-10,30,26.3,40.4,1.3,39,8.2,15.8,8.3
2024-03-10,31,21.9,48.7,1.0,59,13.7,26.7,8.4
2024-03-10,32,15.5,52.3,0.3,75,19.6,48.7,5.3
2024-03-10,33,5.3,35.0,5.0,95,23.7,40.1,4.2
2024-03-10,34,9.3,47.1,0.3,97,30.7,52.3,7.6
2024-03-10,35,14.3,54.3,1.4,92,19.7,49.5,3.5
2024-03-11,1,25.8,39.5,1.3,115,29.0,71.2,7.1
2024-03-11,2,24.5,44.6,1.8,120,34.0,56.6,6.7
2024-03-11,3,20.7,60.6,0.1,107,42.8,68.4,4.9
2024-03-11,4,26.0,43.2,1.1,81,21.1,49.4,6.1
2024-03-11,5,19.5,44.2,0.9,138,26.5,97.7,4.2
2024-03-11,6,19.9,53.6,1.6,69,26.0,29.0,4.2
2024-03-11,7,25.0,26.3,0.7,49,16.2,22.4,8.4
2024-03-11,8,22.6,40.9,1.6,63,17.0,35.4,7.7
2024-03-11,9,22.1,33.1,2.3,56,12.4,31.5,6.8
2024-03-11,10,24.4,37.8,0.0,58,12.3,44.8,4.9
2024-03-11,11,8.0,41.0,2.8,183,40.8,100.2,6.3
2024-03-11,12,7.2,57.6,1.6,137,37.4,84.2,5.4
2024-03-11,13,8.1,44.0,1.8,173,30.0,105.4,7.5
2024-03-11,14,10.3,49.6,0.0,163,43.8,79.7,5.7
2024-03-11,15,20.4,56.2,1.2,102,16.6,38.6,5.5
2024-03-11,16,22.7,47.8,1.7,116,47.3,48.9,7.0
2024-03-11,17,22.9,56.7,3.9,83,29.9,59.8,6.5
2024-03-11,18,24.4,39.1,0.4,132,55.3,105.2,5.4
2024-03-11,19,22.4,51.6,1.1,110,28.7,41.0,6.0
2024-03-11,20,26.8,50.8,0.2,107,32.3,51.7,4.5
2024-03-11,21,9.0,56.2,0.6,101,16.7,57.6,6.1
2024-03-11,22,7.1,48.5,0.1,122,36.6,87.8,4.6
2024-03-11,23,9.2,30.9,0.0,93,20.5,73.9,5.2
2024-03-11,24,12.3,42.9,0.7,95,29.6,43.2,5.1
2024-03-11,25,9.7,46.2,0.6,189,64.1,81.9,4.9
2024-03-11,26,4.6,48.9,1.5,179,37.1,133.1,6.9
2024-03-11,27,8.2,58.4,2.8,129,32.4,100.2,4.2
2024-03-11,28,24.7,76.7,1.1,107,21.8,59.1,8.2
2024-03-11,29,26.8,50.3,1.7,130,58.0,92.1,6.7
2024-03-11,30,22.3,33.2,1.5,45,17.8,23.2,8.4
2024-03-11,31,21.7,51.4,5.2,69,26.3,54.6,8.9
2024-03-11,32,10.2,56.0,0.4,88,14.4,70.1,6.0
2024-03-11,33,10.6,43.8,0.3,90,21.3,54.0,5.2
2024-03-11,34,10.2,55.0,3.9,142,38.1,109.0,7.1
2024-03-11,35,14.3,53.2,2.9,116,25.2,42.2,5.5
2024-03-12,1,21.5,46.7,2.0,156,60.8,60.8,6.5
2024-03-12,2,23.5,42.5,2.6,91,27.9,67.9,7.9
2024-03-12,3,23.1,45.2,0.6,142,40.6,100.0,5.8
2024-03-12,4,22.4,61.6,1.2,55,17.1,29.4,6.7
2024-03-12,5,23.7,51.0,1.6,116,49.2,46.3,5.1
2024-03-12,6,25.3,47.3,0.5,125,43.2,48.0,3.6
2024-03-12,7,19.3,54.7,0.3,67,24.4,28.6,5.6
2024-03-12,8,23.0,46.3,8.6,79,22.3,46.3,7.1
2024-03-12,9,21.9,27.1,1.3,93,24.1,72.1,5.6
2024-03-12,10,22.6,48.1,4.6,77,23.5,41.0,6.5
2024-03-12,11,6.6,53.5,0.1,147,25.7,68.1,6.6
2024-03-12,12,13.1,43.3,0.6,196,43.0,72.8,5.1
2024-03-12,13,14.4,50.9,0.6,126,45.2,99.5,7.9
2024-03-12,14,10.6,36.1,1.5,163,70.9,133.7,4.2
2024-03-12,15,21.1,27.6,1.7,84,17.4,69.7,7.7
2024-03-12,16,22.9,50.0,1.0,91,32.4,45.3,5.9
2024-03-12,17,21.3,45.7,0.1,103,40.1,55.9,6.7
2024-03-12,18,21.4,53.6,5.0,118,36.7,99.3,5.2
2024-03-12,19,25.2,48.1,0.8,78,25.5,56.5,6.2
2024-03-12,20,23.9,43.8,1.4,96,25.8,50.0,4.2
2024-03-12,21,9.7,36.9,4.6,129,25.9,84.4,5.7
2024-03-12,22,9.0,55.6,0.6,91,34.9,43.0,7.2
2024-03-12,23,18.6,45.6,0.1,104,30.3,44.3,5.6
2024-03-12,24,-2.3,42.9,0.3,74,24.1,28.0,4.2
2024-03-12,25,12.8,53.5,0.2,164,38.5,107.5,5.2
2024-03-12,26,10.2,44.6,3.2,184,74.6,81.6,6.6
2024-03-12,27,8.4,42.9,0.3,134,26.9,64.6,5.2
2024-03-12,28,20.0,58.3,3.8,114,20.2,91.0,6.1
2024-03-12,29,24.8,53.8,1.8,68,19.7,32.5,5.2
2024-03-12,30,26.7,50.6,0.7,64,21.3,29.2,8.2
2024-03-12,31,25.3,39.2,0.9,83,28.2,53.3,8.8
2024-03-12,32,8.9,48.4,5.7,112,46.4,57.7,5.4
2024-03-12,33,6.4,52.3,2.5,120,43.0,50.8,3.7
2024-03-12,34,11.7,56.7,0.4,89,31.5,33.6,6.9
2024-03-12,35,16.6,43.4,5.6,176,57.9,113.7,5.1
2024-03-13,1,24.3,50.8,0.1,102,24.7,59.1,6.7
2024-03-13,2,24.4,38.3,7.4,118,29.1,81.6,5.8
2024-03-13,3,19.8,37.7,0.5,105,35.7,80.0,5.9
2024-03-13,4,26.3,38.3,1.1,107,39.9,58.3,7.3
2024-03-13,5,25.8,54.0,1.4,177,73.8,137.3,4.6
2024-03-13,6,26.3,42.1,0.6,90,17.4,41.2,5.0
2024-03-13,7,24.8,48.2,2.8,59,18.5,29.1,7.8
2024-03-13,8,20.8,52.8,1.4,76,26.8,34.7,6.2
2024-03-13,9,27.1,59.3,1.1,96,29.3,39.4,5.6
2024-03-13,10,22.9,28.0,2.4,45,9.4,30.9,5.4
2024-03-13,11,9.9,50.3,0.9,172,74.2,121.4,6.3
2024-03-13,12,5.3,35.8,0.3,141,37.0,66.9,6.6
2024-03-13,13,7.5,45.2,0.1,160,29.2,112.7,6.7
2024-03-13,14,15.9,44.0,0.5,124,51.4,46.4,5.7
2024-03-13,15,23.4,41.3,4.3,72,13.9,34.2,6.6
2024-03-13,16,19.8,46.6,0.0,104,43.5,86.8,5.8
2024-03-13,17,25.7,51.9,0.5,124,47.7,81.3,5.8
2024-03-13,18,23.9,38.7,1.1,100,36.3,55.6,5.4
2024-03-13,19,19.5,38.7,0.1,90,21.6,75.9,5.1
2024-03-13,20,24.4,42.2,0.2,144,38.2,75.5,4.5
2024-03-13,21,7.8,56.7,0.6,114,37.7,80.4,5.5
2024-03-13,22,7.8,55.2,0.3,108,39.7,66.4,6.4
2024-03-13,23,9.7,45.6,0.6,106,40.6,68.9,6.3
2024-03-13,24,4.1,41.4,0.2,112,24.9,67.1,4.6
2024-03-13,25,8.3,39.2,0.0,168,66.9,70.8,5.6
2024-03-13,26,9.3,47.1,0.7,146,58.6,88.4,6.6
2024-03-13,27,5.4,48.4,3.9,153,44.9,59.2,4.0
2024-03-13,28,22.2,58.6,7.6,142,26.8,54.8,6.9
2024-03-13,29,27.8,51.0,1.2,81,13.1,32.8,6.0
2024-03-13,30,25.3,46.3,2.2,68,26.0,28.3,8.9
2024-03-13,31,24.5,53.7,0.6,128,36.0,79.2,7.3
2024-03-13,32,10.1,54.8,1.5,103,16.6,42.9,5.3
2024-03-13,33,6.5,38.5,8.6,92,24.9,44.2,5.1
2024-03-13,34,9.7,46.0,0.6,136,22.7,60.6,8.0
2024-03-13,35,10.7,51.9,1.4,97,33.1,80.0,5.5
2024-03-14,1,21.1,44.0,1.3,128,44.0,72.9,6.7
2024-03-14,2,21.3,46.5,0.1,102,35.1,39.8,5.5
2024-03-14,3,23.8,52.4,0.8,98,16.4,35.1,6.3
2024-03-14,4,23.8,52.9,0.5,93,28.9,59.7,6.3
2024-03-14,5,22.8,24.4,2.6,105,39.3,80.9,6.1
2024-03-14,6,28.4,55.4,3.6,110,44.2,40.6,5.7
2024-03-14,7,27.9,58.0,1.0,77,16.5,62.4,7.3
2024-03-14,8,21.7,51.6,2.5,105,39.7,45.6,7.3
2024-03-14,9,23.1,47.0,3.7,82,34.4,69.3,7.5
2024-03-14,10,21.1,41.0,0.6,74,13.8,26.9,4.3
2024-03-14,11,5.9,55.6,0.1,177,56.7,135.0,6.5
2024-03-14,12,11.8,54.2,1.9,155,40.7,82.4,4.9
2024-03-14,13,9.8,50.3,0.9,134,42.7,56.0,6.1
2024-03-14,14,12.0,36.1,0.2,180,28.2,102.4,5.3
2024-03-14,15,22.3,31.6,4.4,115,46.2,72.4,6.6
2024-03-14,16,21.8,41.6,2.4,117,44.1,71.3,6.2
2024-03-14,17,21.1,36.6,0.2,116,40.8,59.3,6.9
2024-03-14,18,24.7,46.0,0.1,77,23.4,34.0,6.0
2024-03-14,19,20.0,48.1,3.2,103,24.8,71.2,4.7
2024-03-14,20,22.7,56.7,2.1,99,39.4,42.9,4.7
2024-03-14,21,7.4,47.0,1.3,145,22.1,89.7,6.6
2024-03-14,22,13.7,47.2,0.0,141,34.9,92.7,6.0
2024-03-14,23,15.9,49.8,0.1,151,28.3,77.7,4.7
2024-03-14,24,12.8,48.7,0.4,99,24.6,46.7,4.9
2024-03-14,25,8.1,51.7,0.8,151,60.6,125.6,4.8
2024-03-14,26,15.2,43.0,0.2,146,25.8,59.5,7.1
2024-03-14,27,6.9,36.0,0.2,150,44.0,54.8,4.6
2024-03-14,28,23.7,40.9,0.3,85,29.6,41.5,6.2
2024-03-14,29,24.2,46.4,5.1,135,49.5,107.6,6.6
2024-03-14,30,21.2,47.8,2.1,46,16.0,20.3,7.9
2024-03-14,31,20.5,51.1,1.9,98,25.1,79.0,7.4
2024-03-14,32,6.6,59.0,0.2,130,46.8,76.0,4.3
2024-03-14,33,8.5,33.1,3.0,138,30.1,92.2,4.2
2024-03-14,34,13.6,48.0,0.7,132,29.0,57.1,8.3
2024-03-14,35,16.9,42.5,0.3,107,35.6,40.3,5.0
2024-03-15,1,15.3,51.0,8.4,103,26.4,41.0,5.8
2024-03-15,2,26.6,45.3,1.3,158,31.0,57.3,5.9
2024-03-15,3,19.8,42.1,6.4,125,55.6,48.4,5.3
2024-03-15,4,24.4,48.3,3.5,83,29.8,39.9,7.8
2024-03-15,5,19.6,31.9,0.5,135,44.6,52.6,5.7
2024-03-15,6,26.0,54.6,2.4,116,34.9,58.2,4.4
2024-03-15,7,24.5,34.0,1.6,69,20.5,49.9,7.0
2024-03-15,8,23.6,39.4,1.2,77,12.1,43.8,6.2
2024-03-15,9,21.8,38.0,0.4,76,19.5,58.7,6.3
2024-03-15,10,19.8,48.2,3.6,57,17.9,30.4,4.8
2024-03-15,11,8.6,53.8,1.4,173,62.8,104.5,6.7
2024-03-15,12,6.0,44.3,1.3,151,39.2,70.4,5.0
2024-03-15,13,7.9,42.7,0.1,194,70.2,113.6,6.8
2024-03-15,14,8.6,42.1,0.4,186,76.6,155.7,5.4
2024-03-15,15,24.8,29.7,3.2,55,21.1,40.6,5.9
2024-03-15,16,22.0,51.6,1.1,111,41.5,50.7,5.7
2024-03-15,17,22.5,43.7,2.6,136,24.5,77.6,6.6
2024-03-15,18,25.3,52.3,1.8,124,34.6,45.6,5.2
2024-03-15,19,20.5,50.3,1.6,107,24.3,81.7,5.5
2024-03-15,20,24.5,45.9,0.5,104,22.7,76.9,5.9
2024-03-15,21,10.5,53.0,0.1,135,46.6,102.6,5.5
2024-03-15,22,4.3,47.7,0.5,69,19.4,54.1,5.8
2024-03-15,23,12.3,38.4,0.6,96,19.1,74.6,5.7
2024-03-15,24,10.7,54.1,0.4,117,22.6,85.3,4.6
2024-03-15,25,9.3,54.6,4.4,134,49.1,99.6,4.7
2024-03-15,26,1.8,42.2,4.2,183,57.7,107.2,5.7
2024-03-15,27,8.6,60.8,5.3,165,63.4,88.9,3.4
2024-03-15,28,24.4,45.7,0.0,118,29.6,74.2,6.3
2024-03-15,29,25.7,29.7,3.4,121,21.9,91.7,6.9
2024-03-15,30,20.0,48.6,6.3,74,27.9,35.5,7.0
2024-03-15,31,25.6,39.9,0.8,85,32.0,66.0,7.2
2024-03-15,32,7.6,23.0,2.8,71,17.8,34.5,5.2
2024-03-15,33,8.5,62.4,0.3,75,26.5,61.8,4.4
2024-03-15,34,9.8,52.0,1.3,109,20.8,49.6,7.2
2024-03-15,35,13.3,33.5,5.1,125,42.4,93.4,4.8
2024-03-16,1,24.7,53.3,0.9,102,27.6,61.9,6.2
2024-03-16,2,21.2,47.8,2.1,68,21.2,56.0,6.4
2024-03-16,3,23.5,56.6,2.4,106,21.0,39.4,5.7
2024-03-16,4,22.3,45.2,0.3,118,43.6,81.9,7.4
2024-03-16,5,23.2,38.0,3.8,111,21.1,93.1,5.5
2024-03-16,6,24.4,53.7,5.9,109,48.6,64.5,4.7
2024-03-16,7,25.3,39.4,0.0,70,26.5,52.0,7.0
2024-03-16,8,21.3,53.8,1.1,63,10.5,30.5,6.6
2024-03-16,9,25.1,46.6,2.0,64,15.4,52.1,6.2
2024-03-16,10,24.2,53.2,2.5,53,11.4,38.4,5.6
2024-03-16,11,12.0,45.8,0.3,154,65.6,73.5,6.5
2024-03-16,12,12.2,47.7,3.2,138,41.7,76.9,5.1
2024-03-16,13,13.2,39.7,0.3,159,46.8,125.6,6.7
2024-03-16,14,2.8,43.1,0.2,164,40.2,60.8,5.1
2024-03-16,15,27.0,46.6,0.6,124,46.6,99.2,6.9
2024-03-16,16,23.2,68.6,1.0,121,42.0,98.8,7.1
2024-03-16,17,24.1,65.3,0.0,123,26.7,101.7,6.3
2024-03-16,18,15.6,30.5,1.4,99,18.1,55.3,4.8
2024-03-16,19,21.8,47.4,0.9,130,57.8,106.6,6.3
2024-03-16,20,21.0,51.4,0.8,127,48.0,107.9,5.1
2024-03-16,21,5.7,39.4,0.3,113,44.0,86.9,5.3
2024-03-16,22,13.5,48.2,1.2,132,49.9,98.0,5.5
2024-03-16,23,11.5,48.0,0.5,113,35.8,64.9,5.8
2024-03-16,24,11.2,51.9,0.1,110,17.2,60.6,4.7
2024-03-16,25,5.6,62.5,0.5,170,51.6,126.0,4.0
2024-03-16,26,10.9,45.7,0.4,129,30.5,72.0,7.5
2024-03-16,27,6.8,35.3,1.2,149,61.2,56.8,4.1
2024-03-16,28,22.2,40.9,0.2,121,39.3,87.3,6.6
2024-03-16,29,23.3,53.0,1.7,100,35.6,83.0,6.9
2024-03-16,30,21.9,43.0,0.2,96,26.0,76.9,7.9
2024-03-16,31,18.2,35.9,3.5,86,31.3,56.5,8.8
2024-03-16,32,9.6,52.9,2.7,121,31.6,46.5,5.0
2024-03-16,33,7.1,37.3,2.4,99,30.7,69.3,4.6
2024-03-16,34,9.8,46.1,2.7,85,21.1,64.5,7.7
2024-03-16,35,10.6,61.7,2.7,106,28.1,57.9,5.4
2024-03-17,1,23.3,42.3,0.5,110,46.5,50.0,6.9
2024-03-17,2,26.1,44.5,0.1,108,23.8,79.4,5.8
2024-03-17,3,28.6,52.2,2.9,91,27.8,73.3,4.1
2024-03-17,4,21.3,46.6,0.7,115,39.1,50.7,7.4
2024-03-17,5,22.3,48.8,0.4,110,46.3,64.7,5.3
2024-03-17,6,23.3,43.4,0.6,121,32.3,45.9,5.0
2024-03-17,7,19.4,52.2,5.1,82,14.9,39.6,7.9
2024-03-17,8,25.0,54.4,6.1,72,21.5,44.3,7.4
2024-03-17,9,22.4,48.8,2.7,85,20.6,36.7,5.8
2024-03-17,10,22.4,43.3,0.1,83,19.6,69.9,6.4
2024-03-17,11,14.2,45.9,0.1,139,53.1,74.0,5.4
2024-03-17,12,11.6,44.6,0.1,202,67.3,99.0,4.9
2024-03-17,13,7.2,51.4,1.6,151,26.3,118.3,7.4
2024-03-17,14,8.8,43.7,0.9,162,33.1,112.9,6.3
2024-03-17,15,22.9,51.2,1.5,131,58.3,109.7,7.3
2024-03-17,16,25.5,48.5,1.1,118,34.4,65.8,5.4
2024-03-17,17,22.2,50.9,7.9,89,17.6,52.9,7.1
2024-03-17,18,24.2,41.5,1.1,93,25.0,62.6,5.3
2024-03-17,19,21.7,39.9,0.0,151,54.9,112.9,5.8
2024-03-17,20,24.6,43.0,1.0,93,29.9,78.9,5.2
2024-03-17,21,12.0,48.1,2.3,85,14.1,30.0,6.8
2024-03-17,22,8.3,56.1,2.2,76,21.2,46.0,6.2
2024-03-17,23,0.4,53.8,0.6,83,36.7,42.7,4.4
2024-03-17,24,22.8,34.1,0.1,80,35.6,48.7,4.2
2024-03-17,25,14.4,45.3,1.1,146,42.3,55.0,4.2
2024-03-17,26,12.4,49.0,3.1,184,55.7,140.6,6.7
2024-03-17,27,4.4,49.0,0.3,131,45.1,59.0,3.6
2024-03-17,28,18.9,43.3,0.8,121,44.8,63.9,7.1
2024-03-17,29,21.6,54.7,1.7,119,38.5,60.5,6.4
2024-03-17,30,21.2,39.0,1.3,37,11.1,25.3,6.8
2024-03-17,31,20.0,57.3,2.5,65,22.2,38.5,7.5
2024-03-17,32,3.3,48.0,1.7,98,25.5,62.5,4.8
2024-03-17,33,9.9,37.9,1.9,101,31.6,58.5,3.6
2024-03-17,34,11.0,47.9,0.4,77,29.3,56.1,6.8
2024-03-17,35,11.8,63.7,7.6,104,46.0,65.8,5.2
2024-03-18,1,23.4,51.4,1.5,141,27.8,103.3,6.9
2024-03-18,2,21.5,52.5,2.5,125,52.7,85.9,5.7
2024-03-18,3,21.1,59.4,2.0,120,24.4,72.8,6.1
2024-03-18,4,20.7,60.8,0.2,157,67.7,92.9,7.2
2024-03-18,5,22.7,42.4,7.7,116,37.7,96.5,4.9
2024-03-18,6,22.8,35.9,7.2,91,26.8,70.7,4.2
2024-03-18,7,19.0,48.6,0.1,55,20.5,27.9,7.6
2024-03-18,8,24.4,48.3,4.6,87,30.3,61.7,6.7
2024-03-18,9,17.2,45.5,3.8,72,30.3,39.5,6.4
2024-03-18,10,21.6,54.5,1.9,100,18.3,42.8,5.8
2024-03-18,11,13.3,48.5,0.5,168,26.5,113.0,5.7
2024-03-18,12,8.3,39.0,0.6,141,42.0,97.0,5.4
2024-03-18,13,6.3,44.8,0.0,141,37.4,86.6,6.9
2024-03-18,14,10.2,45.5,0.1,168,41.2,83.2,5.1
2024-03-18,15,20.4,29.8,5.5,110,28.0,54.1,6.5
2024-03-18,16,28.2,46.1,1.0,133,58.7,105.3,4.9
2024-03-18,17,24.7,53.1,1.0,78,28.5,49.1,6.8
2024-03-18,18,22.9,59.1,1.3,119,26.7,45.6,5.3
2024-03-18,19,19.3,39.7,2.0,119,26.2,91.7,6.6
2024-03-18,20,24.5,52.3,4.2,89,37.2,69.3,5.0
2024-03-18,21,5.9,42.1,2.6,85,21.9,55.2,6.1
2024-03-18,22,6.7,43.8,0.0,88,19.8,36.6,5.4
2024-03-18,23,14.1,35.0,0.4,113,20.5,58.4,6.2
2024-03-18,24,13.4,40.4,0.3,90,27.2,45.5,3.9
2024-03-18,25,9.1,51.5,1.2,165,60.0,73.9,5.6
2024-03-18,26,10.6,42.7,1.0,153,41.7,80.5,6.1
2024-03-18,27,9.2,44.9,0.8,165,38.4,104.4,4.4
2024-03-18,28,21.9,44.2,1.4,117,31.3,66.0,7.3
2024-03-18,29,28.1,46.5,0.6,121,50.9,71.7,6.1
2024-03-18,30,25.0,45.5,0.3,72,27.2,42.0,7.6
2024-03-18,31,23.7,44.6,2.0,110,46.4,92.7,9.2
2024-03-18,32,8.6,45.5,0.7,93,37.6,40.6,5.3
2024-03-18,33,9.1,36.3,0.3,120,44.3,79.6,3.7
2024-03-18,34,8.5,60.6,2.3,108,47.6,73.9,7.5
2024-03-18,35,12.4,40.0,4.3,114,51.2,59.2,5.7
2024-03-19,1,21.1,46.2,2.5,109,16.7,91.4,6.2
2024-03-19,2,24.2,35.7,2.9,114,28.9,87.4,5.1
2024-03-19,3,27.7,41.1,3.6,111,33.1,83.1,5.9
2024-03-19,4,20.4,43.1,0.3,88,29.3,59.5,8.2
2024-03-19,5,23.0,33.4,0.2,84,14.4,68.9,5.1
2024-03-19,6,25.5,41.9,0.5,92,35.5,51.9,6.2
2024-03-19,7,23.5,48.0,0.2,74,17.7,35.3,6.5
2024-03-19,8,21.4,44.0,1.8,88,29.7,49.1,7.4
2024-03-19,9,28.3,61.3,4.5,82,23.8,55.7,5.8
2024-03-19,10,19.9,51.9,1.0,66,28.5,37.1,4.3
2024-03-19,11,9.7,45.8,0.8,138,58.0,102.3,6.6
2024-03-19,12,9.4,51.9,1.2,163,50.3,84.3,5.4
2024-03-19,13,6.5,37.9,0.4,162,51.7,114.0,6.8
2024-03-19,14,7.5,48.2,0.5,141,54.0,56.3,4.9
2024-03-19,15,20.6,48.5,0.3,103,35.9,64.5,6.6
2024-03-19,16,24.4,39.6,4.4,122,20.2,92.2,5.0
2024-03-19,17,23.4,44.5,2.0,110,34.6,90.6,6.9
2024-03-19,18,24.9,36.0,4.9,111,23.3,70.2,6.2
2024-03-19,19,22.6,48.9,0.7,107,24.0,50.8,5.1
2024-03-19,20,23.0,60.0,0.5,100,20.6,39.6,3.5
2024-03-19,21,9.0,46.2,1.2,119,19.3,57.1,5.9
2024-03-19,22,12.8,46.2,1.1,81,24.5,37.3,4.9
2024-03-19,23,6.7,42.9,0.1,129,47.2,74.1,5.3
2024-03-19,24,15.5,46.2,0.2,112,43.7,49.3,5.4
2024-03-19,25,6.3,42.3,2.4,155,36.7,59.9,4.9
2024-03-19,26,9.7,34.4,2.4,125,45.5,101.5,7.6
2024-03-19,27,11.6,61.7,0.6,163,67.3,134.4,4.8
2024-03-19,28,23.8,54.2,0.4,137,23.5,76.3,7.0
2024-03-19,29,25.6,45.4,4.4,105,39.0,59.5,5.8
2024-03-19,30,23.8,39.2,2.4,92,25.9,55.6,7.0
2024-03-19,31,22.3,43.3,4.7,50,9.6,24.2,7.8
2024-03-19,32,9.3,45.5,4.0,82,18.5,54.1,5.2
2024-03-19,33,7.6,36.5,0.8,168,49.1,77.6,3.5
2024-03-19,34,9.6,47.3,0.4,109,22.3,82.9,7.4
2024-03-19,35,16.1,41.2,1.0,100,29.3,82.8,4.4
2024-03-20,1,22.5,46.3,0.3,119,21.8,47.1,5.9
2024-03-20,2,23.3,55.3,1.0,103,37.5,69.9,6.3
2024-03-20,3,24.2,29.2,0.1,114,35.1,58.1,5.1
2024-03-20,4,23.4,36.2,0.5,109,21.1,52.1,6.7
2024-03-20,5,28.3,44.7,2.4,82,29.7,42.1,5.4
2024-03-20,6,26.8,47.5,1.8,80,29.2,53.7,5.1
2024-03-20,7,24.9,49.2,2.4,70,30.3,42.3,6.4
2024-03-20,8,20.9,33.6,3.3,82,27.8,46.7,6.6
2024-03-20,9,25.5,36.6,5.8,88,24.2,63.0,6.2
2024-03-20,10,20.4,51.7,1.1,82,18.7,57.4,4.8
2024-03-20,11,13.7,34.9,1.2,160,28.6,61.4,5.7
2024-03-20,12,7.3,64.4,1.0,196,61.8,97.7,5.8
2024-03-20,13,8.5,62.9,0.3,140,35.5,99.6,7.3
2024-03-20,14,12.9,56.2,1.1,155,43.9,84.3,5.4
2024-03-20,15,18.9,63.1,0.8,109,24.9,49.3,7.8
2024-03-20,16,23.5,53.2,2.7,124,32.8,70.5,5.4
2024-03-20,17,20.9,37.7,0.8,102,27.8,69.9,6.1
2024-03-20,18,25.2,48.5,2.7,110,38.2,74.2,4.8
2024-03-20,19,25.1,65.1,1.8,93,15.5,76.6,6.5
2024-03-20,20,22.0,38.8,0.5,161,49.6,84.4,4.6
2024-03-20,21,13.4,46.2,1.0,146,64.0,117.3,6.2
2024-03-20,22,9.1,42.3,3.7,94,37.2,53.8,5.9
2024-03-20,23,9.9,51.2,0.1,118,39.6,91.5,5.5
2024-03-20,24,9.7,55.9,0.1,118,44.8,55.2,3.7
2024-03-20,25,9.4,45.3,2.7,147,32.0,68.1,5.8
2024-03-20,26,4.4,40.2,1.1,164,39.8,122.5,6.5
2024-03-20,27,13.6,59.1,0.5,116,23.3,43.9,4.3
2024-03-20,28,26.2,51.6,1.5,89,27.9,41.4,7.0
2024-03-20,29,22.7,34.8,0.8,99,26.3,81.9,8.1
2024-03-20,30,20.2,38.8,1.4,68,28.6,49.1,6.6
2024-03-20,31,24.8,42.3,0.4,51,20.5,22.5,7.8
2024-03-20,32,8.9,48.5,2.3,88,29.9,43.9,4.3
2024-03-20,33,12.5,35.4,1.9,143,26.4,84.8,3.7
2024-03-20,34,11.9,50.4,0.2,151,61.0,96.7,7.5
2024-03-20,35,16.6,58.4,0.5,106,42.3,63.3,4.2
2024-03-21,1,14.4,46.0,0.1,124,33.9,66.3,6.1
2024-03-21,2,16.8,37.6,1.1,115,21.0,66.9,6.4
2024-03-21,3,22.8,37.3,1.1,148,31.9,58.4,6.0
2024-03-21,4,22.8,51.5,0.4,100,24.2,81.6,5.6
2024-03-21,5,22.0,46.8,5.7,133,21.9,94.3,5.8
2024-03-21,6,20.0,45.0,0.2,127,55.0,95.6,3.8
2024-03-21,7,25.3,58.8,3.1,70,27.7,43.0,7.2
2024-03-21,8,22.9,45.1,3.3,95,16.0,74.2,5.8
2024-03-21,9,22.9,45.5,1.2,83,27.0,70.3,6.3
2024-03-21,10,24.1,60.9,2.1,125,33.2,47.1,5.7
2024-03-21,11,10.7,39.7,0.2,151,57.7,95.4,6.8
2024-03-21,12,6.2,55.6,1.0,141,60.3,98.9,5.9
2024-03-21,13,10.0,41.7,1.1,110,44.9,55.3,6.0
2024-03-21,14,10.3,50.0,2.6,155,52.5,68.1,5.7
2024-03-21,15,22.2,35.2,0.3,112,38.0,77.6,7.6
2024-03-21,16,20.6,49.1,0.5,82,18.9,65.0,6.8
2024-03-21,17,18.6,55.2,1.7,119,36.8,60.5,6.8
2024-03-21,18,25.4,42.9,2.0,70,14.8,57.0,5.8
2024-03-21,19,21.7,30.8,4.8,81,26.5,58.4,5.8
2024-03-21,20,20.1,38.8,0.8,99,27.8,51.8,4.9
2024-03-21,21,11.4,37.7,1.0,107,25.3,69.7,5.7
2024-03-21,22,8.3,57.7,1.1,49,21.5,30.8,7.3
2024-03-21,23,13.0,40.4,0.7,104,34.9,41.7,5.8
2024-03-21,24,13.4,57.3,0.0,98,31.0,65.6,4.7
2024-03-21,25,9.8,43.1,0.6,170,40.5,78.8,4.7
2024-03-21,26,7.4,50.6,0.2,175,45.2,63.9,6.2
2024-03-21,27,8.5,40.8,0.5,184,28.7,89.4,4.0
2024-03-21,28,23.3,58.0,0.1,102,41.5,46.7,7.4
2024-03-21,29,24.1,38.3,0.1,108,35.2,68.3,6.9
2024-03-21,30,20.5,36.6,2.1,72,23.3,32.9,7.4
2024-03-21,31,25.1,40.3,1.6,50,8.7,35.8,8.3
2024-03-21,32,11.4,45.9,0.1,102,38.2,60.2,5.2
2024-03-21,33,11.9,39.2,1.0,89,32.9,33.7,3.9
2024-03-21,34,8.2,49.7,4.3,122,34.0,84.1,8.0
2024-03-21,35,13.1,51.7,3.2,101,28.7,73.8,5.5
2024-03-22,1,26.4,38.8,1.6,115,31.2,84.3,7.0
2024-03-22,2,26.5,47.5,0.4,96,40.8,54.0,6.9
2024-03-22,3,20.0,57.7,2.0,123,19.4,81.8,5.9
2024-03-22,4,22.6,48.1,6.3,93,18.8,48.7,6.8
2024-03-22,5,24.4,45.9,4.4,100,33.5,75.6,5.0
2024-03-22,6,25.0,40.0,0.4,99,23.5,55.5,5.3
2024-03-22,7,24.5,48.3,1.1,57,9.8,27.0,6.9
2024-03-22,8,20.6,52.0,2.8,101,33.6,79.2,7.2
2024-03-22,9,24.1,57.3,2.3,51,10.6,33.9,5.2
2024-03-22,10,22.9,39.3,0.4,116,49.3,54.7,5.3
2024-03-22,11,10.1,48.5,0.1,182,62.7,96.9,6.3
2024-03-22,12,9.9,42.0,1.0,151,40.5,70.6,6.0
2024-03-22,13,8.4,32.3,1.0,147,41.4,100.6,7.3
2024-03-22,14,13.2,36.8,0.2,148,63.6,69.7,4.7
2024-03-22,15,25.7,49.7,0.2,100,16.5,67.1,6.0
2024-03-22,16,27.2,48.7,6.1,89,29.3,75.1,5.6
2024-03-22,17,23.9,40.7,1.3,119,27.8,96.1,7.2
2024-03-22,18,23.7,55.2,6.0,112,32.0,69.3,5.7
2024-03-22,19,24.5,49.0,0.0,73,28.2,59.4,5.9
2024-03-22,20,24.4,41.7,1.3,110,30.4,60.3,5.7
2024-03-22,21,4.1,51.4,0.3,105,15.9,69.2,4.3
2024-03-22,22,3.8,50.0,1.7,138,38.9,109.4,5.3
2024-03-22,23,9.8,44.4,0.6,126,24.2,45.6,5.2
2024-03-22,24,11.4,51.9,0.1,91,15.5,73.1,4.5
2024-03-22,25,4.0,49.4,1.9,130,25.0,106.5,6.5
2024-03-22,26,16.8,51.1,3.5,149,54.2,66.9,6.3
2024-03-22,27,4.8,36.1,1.8,156,61.2,99.0,3.6
2024-03-22,28,22.0,32.6,0.9,144,52.0,54.8,6.9
2024-03-22,29,29.0,38.5,0.8,142,53.7,113.8,6.4
2024-03-22,30,21.9,38.5,1.6,104,37.4,36.5,7.2
2024-03-22,31,25.5,50.7,5.8,41,7.5,17.3,7.6
2024-03-22,32,6.6,42.7,1.4,102,22.2,39.4,5.0
2024-03-22,33,4.3,41.5,0.2,115,23.6,97.4,4.4
2024-03-22,34,7.8,51.5,1.9,136,32.9,61.1,7.6
2024-03-22,35,14.7,67.4,0.4,67,10.3,30.7,5.6
2024-03-23,1,27.5,41.2,2.6,103,42.0,75.6,6.8
2024-03-23,2,23.0,39.8,6.6,133,58.8,52.8,6.4
2024-03-23,3,23.9,54.4,0.3,83,17.1,49.3,4.6
2024-03-23,4,25.9,48.8,0.9,121,48.7,72.8,6.6
2024-03-23,5,28.1,51.2,7.4,109,37.3,82.5,4.1
2024-03-23,6,20.0,49.8,0.3,132,37.3,79.4,4.9
2024-03-23,7,21.0,30.8,0.9,89,20.8,47.3,6.9
2024-03-23,8,27.0,40.7,0.3,65,21.3,47.3,6.4
2024-03-23,9,20.0,37.0,1.0,91,38.7,66.5,7.1
2024-03-23,10,27.5,47.0,2.1,92,22.2,55.8,5.1
2024-03-23,11,8.1,39.1,0.0,174,51.7,113.1,5.3
2024-03-23,12,9.1,41.2,2.4,153,53.2,69.9,4.3
2024-03-23,13,10.7,44.9,0.2,158,38.8,127.9,7.1
2024-03-23,14,11.1,39.6,0.7,121,25.9,82.9,5.6
2024-03-23,15,22.8,55.0,2.0,90,19.4,39.5,7.1
2024-03-23,16,22.7,50.6,1.6,64,14.5,40.6,6.0
2024-03-23,17,26.2,40.7,2.3,130,29.4,90.2,7.7
2024-03-23,18,22.1,41.5,0.4,97,40.0,64.8,5.7
2024-03-23,19,19.2,49.3,0.7,119,36.3,45.8,6.1
2024-03-23,20,23.4,40.1,3.5,140,42.7,59.0,5.1
2024-03-23,21,8.6,56.8,1.2,106,40.4,53.8,6.2
2024-03-23,22,10.1,44.8,1.0,113,31.9,95.8,6.3
2024-03-23,23,6.1,53.1,0.2,88,31.2,51.7,5.2
2024-03-23,24,8.8,55.3,0.1,108,44.9,47.5,4.5
2024-03-23,25,9.5,63.1,2.2,171,53.2,119.8,5.1
2024-03-23,26,11.0,44.7,0.6,162,58.9,129.0,6.3
2024-03-23,27,11.5,55.4,0.0,115,50.4,82.2,4.3
2024-03-23,28,26.0,46.0,0.9,87,30.1,38.9,8.5
2024-03-23,29,27.0,67.0,0.8,122,45.9,53.5,6.6
2024-03-23,30,19.4,51.3,0.0,116,43.4,54.1,7.5
2024-03-23,31,18.9,41.7,0.3,26,9.2,21.1,7.9
2024-03-23,32,10.4,43.9,8.1,114,19.3,59.9,5.3
2024-03-23,33,11.3,36.6,4.6,136,30.1,100.9,3.3
2024-03-23,34,7.9,46.7,3.3,122,54.8,83.1,7.3
2024-03-23,35,14.8,49.4,3.3,153,30.5,62.0,3.5
2024-03-24,1,22.4,53.4,0.1,105,45.5,70.3,7.3
2024-03-24,2,27.7,44.6,1.8,111,39.1,74.3,7.4
2024-03-24,3,23.0,43.5,1.6,84,16.9,67.0,5.1
2024-03-24,4,22.4,37.7,1.4,79,23.6,56.0,7.5
2024-03-24,5,24.3,49.6,2.2,72,31.7,46.8,5.0
2024-03-24,6,25.9,45.7,1.5,90,35.7,66.3,3.9
2024-03-24,7,25.1,39.5,6.5,76,11.4,33.9,6.8
2024-03-24,8,21.6,52.6,1.3,69,29.9,28.3,5.9
2024-03-24,9,26.2,41.9,0.3,97,32.4,60.6,6.2
2024-03-24,10,24.3,47.9,4.5,61,23.8,37.3,6.9
2024-03-24,11,11.6,57.6,0.3,139,48.9,61.6,5.5
2024-03-24,12,8.9,36.7,0.4,139,42.2,96.5,5.5
2024-03-24,13,9.4,49.1,0.1,135,34.6,96.9,5.6
2024-03-24,14,9.8,48.4,1.0,123,41.0,93.3,5.3
2024-03-24,15,24.1,55.6,1.5,96,27.4,45.7,7.1
2024-03-24,16,22.2,32.4,2.2,124,41.2,66.8,6.3
2024-03-24,17,22.0,39.7,0.8,121,28.3,49.6,8.2
2024-03-24,18,23.1,45.8,2.1,92,20.7,67.8,5.3
2024-03-24,19,20.6,36.5,0.7,107,46.4,53.6,6.1
2024-03-24,20,26.6,47.9,2.2,120,45.7,93.9,3.6
2024-03-24,21,12.0,56.6,0.5,119,37.8,65.0,6.3
2024-03-24,22,10.2,47.9,4.7,128,45.3,71.2,5.8
2024-03-24,23,15.3,43.7,0.1,89,31.3,75.1,5.3
2024-03-24,24,8.4,38.9,0.6,137,46.6,88.1,4.0
2024-03-24,25,10.2,45.1,1.9,146,62.0,119.7,4.6
2024-03-24,26,8.5,51.6,0.8,157,26.7,85.5,6.3
2024-03-24,27,9.4,62.0,2.5,117,32.2,93.0,3.8
2024-03-24,28,25.3,41.2,3.2,125,45.9,90.5,6.7
2024-03-24,29,24.5,50.8,2.0,94,14.2,73.5,5.6
2024-03-24,30,23.2,44.7,0.4,95,16.7,73.5,7.6
2024-03-24,31,18.1,48.0,1.4,75,33.5,49.6,7.0
2024-03-24,32,11.2,40.6,0.8,103,36.0,46.7,4.7
2024-03-24,33,11.4,46.0,4.6,83,13.4,41.8,4.7
2024-03-24,34,9.4,37.7,0.6,164,54.6,120.2,7.3
2024-03-24,35,11.4,61.5,1.0,82,18.4,47.0,5.7
2024-03-25,1,23.0,44.6,1.7,95,37.2,46.7,5.9
2024-03-25,2,22.3,38.4,2.7,111,37.2,57.1,6.4
2024-03-25,3,26.6,41.7,0.4,116,18.4,50.5,4.3
2024-03-25,4,22.3,42.2,0.3,132,57.9,58.8,7.7
2024-03-25,5,25.3,52.9,1.5,82,29.0,31.5,4.7
2024-03-25,6,27.2,49.0,0.5,106,20.7,56.0,4.7
2024-03-25,7,21.5,46.0,4.2,84,35.9,49.4,6.6
2024-03-25,8,26.8,40.5,4.4,47,17.9,21.2,5.6
2024-03-25,9,22.0,54.7,3.2,63,12.9,33.3,5.7
2024-03-25,10,26.4,35.3,1.5,67,12.4,54.9,4.2
2024-03-25,11,10.8,50.6,0.5,118,21.1,58.9,5.1
2024-03-25,12,17.6,54.8,1.4,150,57.9,123.7,5.1
2024-03-25,13,10.2,52.6,0.7,137,57.5,110.2,6.2
2024-03-25,14,8.1,57.6,1.4,191,37.0,77.9,5.0
2024-03-25,15,25.5,33.8,7.4,97,32.8,58.4,6.0
2024-03-25,16,24.3,50.2,8.3,156,60.6,84.9,5.7
2024-03-25,17,20.6,33.5,1.2,139,49.4,104.1,6.2
2024-03-25,18,26.0,52.4,8.5,130,55.7,101.5,6.1
2024-03-25,19,16.2,53.7,0.5,82,31.7,62.2,6.7
2024-03-25,20,25.9,47.5,3.7,104,25.5,43.5,4.7
2024-03-25,21,10.7,47.5,0.1,151,31.3,96.5,7.3
2024-03-25,22,15.0,37.6,1.6,90,19.5,48.7,5.4
2024-03-25,23,7.8,30.9,0.9,111,23.6,93.6,4.8
2024-03-25,24,20.8,48.7,0.2,116,51.9,88.9,4.7
2024-03-25,25,8.0,47.4,3.4,119,48.3,76.6,4.8
2024-03-25,26,10.0,41.5,3.7,130,43.1,64.7,6.8
2024-03-25,27,10.9,46.2,1.1,167,56.1,128.9,3.5
2024-03-25,28,27.1,54.2,0.8,123,20.0,67.1,6.7
2024-03-25,29,20.8,47.2,1.3,71,17.9,51.7,5.7
2024-03-25,30,23.4,45.2,0.9,74,31.1,26.4,8.1
2024-03-25,31,21.6,53.1,0.7,75,32.8,36.6,7.9
2024-03-25,32,9.0,40.6,0.3,79,18.4,54.8,4.8
2024-03-25,33,13.5,47.1,2.7,114,43.0,46.2,4.7
2024-03-25,34,9.2,43.2,1.0,110,39.8,68.6,7.9
2024-03-25,35,13.6,41.8,9.1,90,14.1,65.9,5.9
2024-03-26,1,25.1,48.5,2.1,161,69.2,128.6,6.1
2024-03-26,2,25.0,46.5,2.5,73,16.9,49.4,4.7
2024-03-26,3,21.1,40.6,0.8,111,27.1,70.2,5.5
2024-03-26,4,20.9,37.8,3.0,109,37.7,90.2,7.3
2024-03-26,5,20.1,47.2,0.2,106,47.2,54.5,5.3
2024-03-26,6,25.4,53.1,1.5,133,20.5,106.2,5.1
2024-03-26,7,24.4,48.7,0.7,73,12.8,52.6,6.1
2024-03-26,8,21.3,45.0,0.2,65,17.0,31.8,7.5
2024-03-26,9,25.2,53.2,2.9,66,26.1,53.5,6.4
2024-03-26,10,26.7,49.5,1.5,83,18.8,56.2,5.1
2024-03-26,11,15.2,54.4,2.1,146,38.8,85.2,6.4
2024-03-26,12,11.4,49.2,1.1,162,25.1,111.8,5.6
2024-03-26,13,12.3,39.3,1.2,172,25.9,88.4,8.1
2024-03-26,14,5.5,46.6,0.1,173,62.7,130.6,3.9
2024-03-26,15,24.0,44.2,2.5,113,38.3,43.8,6.0
2024-03-26,16,24.3,43.2,1.8,83,16.4,47.4,5.5
2024-03-26,17,26.1,54.0,0.4,73,20.6,49.2,6.0
2024-03-26,18,19.7,39.0,1.3,113,46.2,73.8,5.9
2024-03-26,19,24.5,48.0,1.0,131,31.5,79.5,5.4
2024-03-26,20,25.6,57.1,1.2,110,36.0,66.6,4.8
2024-03-26,21,10.3,42.7,1.0,72,30.6,41.3,6.5
2024-03-26,22,4.5,24.7,0.3,119,38.4,92.4,5.6
2024-03-26,23,8.7,47.0,0.3,111,46.1,76.6,5.4
2024-03-26,24,16.0,48.4,0.0,113,47.3,54.8,4.5
2024-03-26,25,10.3,51.1,2.1,161,71.8,61.6,5.3
2024-03-26,26,5.9,54.4,9.9,178,72.1,118.1,5.6
2024-03-26,27,10.9,37.7,1.2,160,27.7,107.6,4.4
2024-03-26,28,23.5,50.2,2.9,105,17.0,54.8,6.8
2024-03-26,29,26.1,58.6,1.8,135,26.7,51.0,7.0
2024-03-26,30,28.3,47.3,1.3,115,50.3,46.1,8.0
2024-03-26,31,28.2,47.0,0.3,51,16.3,25.4,8.4
2024-03-26,32,6.3,44.6,5.2,115,31.3,72.7,4.8
2024-03-26,33,6.9,65.9,1.3,88,27.7,53.9,4.1
2024-03-26,34,10.1,54.0,0.3,116,45.1,62.2,6.7
2024-03-26,35,15.1,27.4,9.8,100,21.3,71.5,4.9
2024-03-27,1,20.3,53.6,6.8,130,47.6,75.4,6.4
2024-03-27,2,21.2,45.8,4.0,135,52.9,90.6,7.3
2024-03-27,3,25.1,55.4,0.4,89,18.7,71.8,5.9
2024-03-27,4,25.2,45.8,0.4,119,53.0,96.7,6.8
2024-03-27,5,24.3,38.9,2.7,91,27.4,34.1,5.2
2024-03-27,6,26.7,40.7,2.2,145,42.8,64.0,5.9
2024-03-27,7,27.4,43.1,2.9,70,24.1,39.4,7.8
2024-03-27,8,24.8,44.1,3.1,120,36.8,70.0,7.5
2024-03-27,9,23.0,51.2,3.0,77,20.6,56.1,6.2
2024-03-27,10,22.2,53.3,1.5,85,27.3,43.6,5.9
2024-03-27,11,10.5,55.7,0.4,121,41.2,95.1,5.5
2024-03-27,12,14.9,45.9,0.2,138,35.4,97.1,5.6
2024-03-27,13,10.9,52.9,1.1,146,63.0,106.1,6.7
2024-03-27,14,10.5,49.1,1.4,151,56.0,74.7,4.6
2024-03-27,15,25.3,46.5,0.8,103,23.7,79.6,5.9
2024-03-27,16,23.2,37.8,1.7,120,49.2,60.1,6.6
2024-03-27,17,22.7,45.4,1.4,132,29.9,56.7,7.0
2024-03-27,18,23.0,45.9,1.0,82,23.3,55.8,5.8
2024-03-27,19,24.1,22.4,0.2,112,48.8,54.9,5.6
2024-03-27,20,24.2,39.4,0.2,92,26.8,74.1,5.1
2024-03-27,21,8.5,32.8,4.0,134,26.9,108.1,5.8
2024-03-27,22,7.3,50.0,1.0,138,53.1,52.6,5.0
2024-03-27,23,6.8,47.2,0.1,103,25.7,73.8,6.2
2024-03-27,24,14.8,40.4,0.2,100,17.6,80.8,4.3
2024-03-27,25,7.0,49.5,0.7,145,47.3,56.0,5.0
2024-03-27,26,6.0,51.8,0.4,149,49.3,80.9,6.1
2024-03-27,27,11.5,44.8,0.4,180,69.3,88.1,4.7
2024-03-27,28,22.2,38.7,0.6,85,26.4,38.9,6.6
2024-03-27,29,22.7,62.5,5.3,93,22.4,43.9,7.4
2024-03-27,30,20.0,56.5,0.9,80,31.5,58.9,7.8
2024-03-27,31,18.6,41.0,2.3,48,12.8,27.2,7.3
2024-03-27,32,10.3,39.7,2.4,94,14.4,56.9,5.3
2024-03-27,33,6.2,37.3,5.7,89,22.6,33.1,5.3
2024-03-27,34,6.3,46.2,1.8,128,37.0,56.9,7.5
2024-03-27,35,13.2,62.2,13.0,115,47.6,68.2,5.9
2024-03-28,1,21.0,46.9,0.0,107,20.7,83.5,6.0
2024-03-28,2,21.3,47.7,2.0,98,32.0,38.5,5.9
2024-03-28,3,23.2,58.1,5.0,91,18.2,52.9,6.3
2024-03-28,4,25.4,37.2,6.5,99,30.3,69.2,7.5
2024-03-28,5,23.3,47.8,2.7,107,34.1,53.1,4.5
2024-03-28,6,23.1,46.6,0.5,135,55.0,47.8,4.4
2024-03-28,7,20.9,61.4,0.9,103,45.6,60.1,7.9
2024-03-28,8,29.8,48.8,2.2,59,23.2,46.9,6.9
2024-03-28,9,24.1,42.7,0.2,55,17.2,26.4,6.3
2024-03-28,10,22.7,47.9,1.1,84,37.8,63.5,6.2
2024-03-28,11,9.3,63.0,1.9,174,59.1,98.6,6.1
2024-03-28,12,8.4,46.8,0.1,156,47.0,77.1,6.8
2024-03-28,13,8.9,63.0,0.6,179,69.8,136.0,7.1
2024-03-28,14,8.7,64.2,1.9,167,58.7,135.4,5.6
2024-03-28,15,25.8,45.6,1.9,87,28.9,40.2,7.4
2024-03-28,16,26.2,51.3,2.5,109,48.6,50.1,6.4
2024-03-28,17,25.6,52.1,2.1,117,27.1,54.9,6.6
2024-03-28,18,27.9,49.1,0.2,134,52.9,71.9,5.0
2024-03-28,19,26.1,46.1,1.0,129,37.7,84.1,6.5
2024-03-28,20,23.5,50.8,3.5,107,40.0,69.2,5.3
2024-03-28,21,6.6,36.0,1.3,122,46.7,74.3,7.4
2024-03-28,22,13.9,40.6,1.8,95,32.5,46.9,6.4
2024-03-28,23,7.7,44.4,0.4,102,21.2,53.6,4.6
2024-03-28,24,15.7,55.4,0.8,84,19.7,32.0,4.9
2024-03-28,25,9.6,63.0,4.4,173,32.1,104.6,4.5
2024-03-28,26,9.5,45.9,1.9,162,55.7,102.7,6.8
2024-03-28,27,6.7,47.8,2.3,161,24.7,115.4,2.3
2024-03-28,28,29.1,49.2,0.3,110,36.8,90.9,7.3
2024-03-28,29,24.3,47.7,0.2,131,50.2,48.4,6.3
2024-03-28,30,18.3,50.5,0.1,67,23.5,48.7,8.1
2024-03-28,31,20.0,59.8,0.3,57,24.2,37.6,6.5
2024-03-28,32,9.1,49.4,0.6,108,41.4,39.6,5.0
2024-03-28,33,9.5,50.7,4.0,112,29.8,92.3,4.6
2024-03-28,34,14.8,42.0,1.6,116,25.1,56.3,7.9
2024-03-28,35,16.2,52.7,17.2,125,35.0,57.8,4.8
2024-03-29,1,21.2,27.2,0.0,97,16.9,55.3,7.1
2024-03-29,2,25.5,44.9,1.5,82,25.8,32.1,6.5
2024-03-29,3,26.7,35.3,2.0,105,38.3,52.0,5.5
2024-03-29,4,20.9,45.9,0.3,121,20.6,70.4,7.0
2024-03-29,5,19.8,38.2,1.1,133,33.6,53.3,6.8
2024-03-29,6,27.9,56.9,0.1,102,42.5,52.7,5.4
2024-03-29,7,23.7,57.1,1.2,73,17.6,28.9,7.5
2024-03-29,8,19.0,52.6,3.9,100,42.7,35.3,7.4
2024-03-29,9,22.6,48.5,2.0,108,47.8,71.1,6.4
2024-03-29,10,23.9,40.1,1.6,100,19.7,36.7,6.1
2024-03-29,11,11.4,53.2,1.6,153,45.0,82.7,5.7
2024-03-29,12,10.4,48.0,0.1,140,59.9,55.2,6.0
2024-03-29,13,11.7,28.5,0.2,166,56.0,134.9,6.4
2024-03-29,14,5.0,45.6,1.8,143,63.8,115.0,4.4
2024-03-29,15,24.5,52.0,1.8,127,43.1,63.7,6.2
2024-03-29,16,19.4,40.5,1.5,123,48.1,81.7,5.7
2024-03-29,17,23.8,51.0,2.8,112,24.2,72.1,6.9
2024-03-29,18,24.7,58.3,2.6,81,26.9,68.0,7.0
2024-03-29,19,21.7,50.2,1.5,89,18.4,69.6,5.4
2024-03-29,20,21.3,48.6,0.1,125,42.9,82.6,4.7
2024-03-29,21,7.5,39.5,3.4,144,55.8,119.1,6.6
2024-03-29,22,18.8,56.1,2.4,129,51.3,72.8,6.4
2024-03-29,23,12.0,48.7,0.4,122,46.4,68.1,5.5
2024-03-29,24,10.1,29.1,0.2,97,32.4,56.2,3.5
2024-03-29,25,8.8,51.5,0.5,138,47.3,102.0,4.5
2024-03-29,26,8.1,52.8,0.8,137,43.0,102.1,5.9
2024-03-29,27,10.9,38.9,2.0,159,67.4,135.1,3.8
2024-03-29,28,23.1,53.0,3.7,150,64.1,75.8,7.4
2024-03-29,29,21.8,53.3,0.5,131,48.2,50.0,5.9
2024-03-29,30,22.9,53.1,1.0,94,16.8,78.2,6.6
2024-03-29,31,20.7,41.3,1.0,60,18.9,36.4,8.4
2024-03-29,32,11.6,45.8,2.4,121,51.6,92.3,5.3
2024-03-29,33,10.9,35.8,1.7,126,28.7,45.2,3.8
2024-03-29,34,14.8,43.3,1.3,123,30.1,75.6,7.4
2024-03-29,35,12.3,51.9,14.5,139,61.4,110.3,5.6
2024-03-30,1,27.3,58.0,4.3,110,31.4,80.7,7.0
2024-03-30,2,25.3,46.8,0.5,95,26.0,49.7,5.7
2024-03-30,3,21.2,53.9,4.2,98,34.9,39.6,4.9
2024-03-30,4,24.0,55.9,0.3,129,26.1,65.6,7.3
2024-03-30,5,18.9,61.9,0.3,116,25.9,71.5,5.7
2024-03-30,6,22.9,38.0,1.9,95,17.7,49.2,4.9
2024-03-30,7,23.4,33.6,8.2,109,37.0,75.0,7.6
2024-03-30,8,24.0,41.0,1.0,94,29.2,63.2,7.2
2024-03-30,9,23.0,53.1,2.6,86,21.2,67.8,5.7
2024-03-30,10,21.7,48.3,1.6,113,25.6,61.6,5.5
2024-03-30,11,9.5,52.9,1.1,136,35.7,82.1,6.1
2024-03-30,12,12.4,54.4,0.2,167,35.1,91.9,7.0
2024-03-30,13,16.6,48.7,1.5,171,54.1,87.6,7.3
2024-03-30,14,16.3,47.3,0.1,141,24.1,117.1,4.3
2024-03-30,15,24.7,48.2,3.5,122,19.1,49.8,7.5
2024-03-30,16,20.2,62.3,2.7,98,27.8,74.5,5.6
2024-03-30,17,21.3,50.0,1.9,97,33.3,38.2,7.4
2024-03-30,18,22.8,44.2,5.6,115,17.9,85.4,6.5
2024-03-30,19,21.4,42.1,1.3,95,37.6,71.4,6.0
2024-03-30,20,20.0,49.2,0.7,119,33.6,81.9,4.4
2024-03-30,21,4.1,44.8,0.5,95,38.1,34.5,6.8
2024-03-30,22,5.4,37.0,1.7,105,19.4,51.4,6.4
2024-03-30,23,9.3,55.9,0.3,87,17.7,41.4,5.9
2024-03-30,24,11.0,57.9,0.3,132,42.7,90.4,4.2
2024-03-30,25,11.6,44.7,0.2,114,42.1,75.2,4.5
2024-03-30,26,11.6,40.7,0.3,142,27.7,108.3,6.1
2024-03-30,27,9.5,43.7,0.6,137,35.1,77.2,4.6
2024-03-30,28,26.6,45.5,0.0,113,25.5,71.8,6.9
2024-03-30,29,23.7,42.0,1.9,112,47.8,85.1,7.1
2024-03-30,30,21.5,57.6,0.4,58,18.0,28.2,8.8
2024-03-30,31,24.8,47.9,0.1,84,31.8,33.4,7.6
2024-03-30,32,9.6,55.0,0.7,98,32.2,60.4,4.2
2024-03-30,33,10.7,43.8,1.2,100,44.9,38.7,4.4
2024-03-30,34,10.2,39.9,1.8,127,40.8,53.6,7.9
2024-03-30,35,16.0,47.1,0.4,100,19.3,74.4,5.3
2024-03-31,1,18.5,56.6,1.8,145,49.7,64.0,6.8
2024-03-31,2,21.8,41.6,3.2,89,26.9,52.9,5.7
2024-03-31,3,21.6,58.0,0.3,96,38.5,40.8,5.5
2024-03-31,4,21.3,43.7,0.1,70,17.2,53.7,6.0
2024-03-31,5,25.6,45.2,1.7,136,39.1,99.9,4.1
2024-03-31,6,20.9,57.5,3.3,86,13.6,41.6,5.0
2024-03-31,7,21.1,47.9,1.7,70,25.2,49.8,7.7
2024-03-31,8,25.3,43.0,2.6,87,20.5,69.6,6.3
2024-03-31,9,23.6,53.0,1.8,95,28.0,73.4,6.7
2024-03-31,10,21.6,41.4,2.3,69,14.9,30.7,5.4
2024-03-31,11,7.7,36.5,1.1,148,25.3,89.0,5.7
2024-03-31,12,7.1,54.8,0.7,136,27.4,73.9,4.7
2024-03-31,13,15.3,36.3,1.5,157,25.4,74.0,6.6
2024-03-31,14,9.2,41.1,0.2,146,23.3,103.6,4.6
2024-03-31,15,23.8,43.7,7.4,99,41.4,62.1,6.9
2024-03-31,16,27.0,59.3,0.5,67,20.6,23.5,7.2
2024-03-31,17,20.6,38.9,5.5,92,14.3,37.4,6.4
2024-03-31,18,22.4,43.3,5.2,140,50.4,81.1,5.6
2024-03-31,19,31.2,53.5,0.2,136,22.1,56.8,6.1
2024-03-31,20,23.3,44.4,1.2,121,43.5,74.4,5.2
2024-03-31,21,8.6,44.3,1.0,92,33.7,34.5,5.3
2024-03-31,22,10.1,65.7,3.2,93,16.1,37.9,5.3
2024-03-31,23,12.9,67.9,0.6,123,48.7,80.8,5.0
2024-03-31,24,15.7,50.9,0.0,90,28.6,64.6,3.8
2024-03-31,25,10.0,42.0,2.8,158,57.5,91.3,4.8
2024-03-31,26,9.2,41.3,0.7,178,53.1,129.0,7.0
2024-03-31,27,10.3,45.1,1.7,148,54.3,66.5,4.5
2024-03-31,28,20.5,59.5,1.6,132,50.5,54.5,8.0
2024-03-31,29,23.4,51.5,1.0,121,30.2,51.6,6.1
2024-03-31,30,29.0,58.6,0.1,75,22.3,62.1,7.1
2024-03-31,31,23.3,53.0,0.8,83,26.9,59.5,7.6
2024-03-31,32,9.1,38.9,0.3,134,37.0,84.9,4.3
2024-03-31,33,7.3,46.8,0.2,151,28.2,89.0,3.8
2024-03-31,34,11.5,37.3,4.4,122,44.5,56.4,7.4
2024-03-31,35,9.8,58.8,11.5,119,24.9,74.7,5.1
2024-04-01,1,24.4,50.2,11.1,79,26.0,61.8,6.0
2024-04-01,2,24.9,58.2,4.5,79,14.2,41.4,5.5
2024-04-01,3,28.3,48.3,1.3,122,19.2,57.9,4.9
2024-04-01,4,23.1,60.1,0.1,103,32.8,40.6,6.8
2024-04-01,5,21.8,51.6,1.5,94,31.6,60.0,5.0
2024-04-01,6,30.5,47.7,1.0,55,23.2,25.1,4.9
2024-04-01,7,28.7,43.1,2.0,83,28.5,48.7,7.8
2024-04-01,8,23.7,50.4,7.2,52,19.8,33.5,6.8
2024-04-01,9,25.3,54.1,1.6,43,8.1,17.8,6.2
2024-04-01,10,24.6,52.4,6.1,85,18.7,50.7,4.5
2024-04-01,11,15.5,58.0,0.1,123,37.4,84.3,5.2
2024-04-01,12,14.7,41.7,1.5,78,18.7,38.2,5.5
2024-04-01,13,14.3,46.1,0.2,160,27.0,64.0,6.3
2024-04-01,14,15.3,42.0,2.5,140,35.6,102.5,5.5
2024-04-01,15,29.0,43.0,3.1,138,40.6,81.3,6.0
2024-04-01,16,24.5,50.0,0.7,87,16.4,38.9,7.0
2024-04-01,17,27.2,46.0,9.3,86,19.6,69.1,7.8
2024-04-01,18,27.3,41.5,3.2,70,14.5,53.5,5.3
2024-04-01,19,26.5,46.4,8.1,56,10.5,45.4,5.7
2024-04-01,20,27.1,55.6,2.5,99,26.4,78.0,5.6
2024-04-01,21,15.2,48.6,0.2,68,20.0,32.1,6.0
2024-04-01,22,19.1,44.9,0.5,90,35.6,44.1,6.1
2024-04-01,23,22.3,39.4,0.1,107,48.1,58.4,5.6
2024-04-01,24,17.1,35.1,0.9,90,19.4,33.8,4.3
2024-04-01,25,16.4,47.9,0.7,114,48.4,74.7,4.1
2024-04-01,26,19.0,47.0,0.9,94,40.8,77.7,5.7
2024-04-01,27,13.7,46.0,0.1,112,47.1,83.3,3.4
2024-04-01,28,23.8,48.5,0.1,78,23.1,32.6,6.1
2024-04-01,29,24.2,50.1,0.2,89,31.8,66.2,5.7
2024-04-01,30,24.2,44.8,0.5,70,18.2,35.5,7.6
2024-04-01,31,26.3,44.6,7.2,33,9.3,24.2,7.5
2024-04-01,32,13.1,48.7,1.3,86,19.9,34.3,5.2
2024-04-01,33,14.0,49.2,1.1,91,19.7,53.9,3.7
2024-04-01,34,11.1,37.8,0.3,115,42.7,66.8,7.3
2024-04-01,35,16.4,63.3,9.9,112,21.4,92.4,5.2
2024-04-02,1,26.1,46.0,8.4,116,41.7,81.0,6.1
2024-04-02,2,27.1,20.8,10.8,66,29.1,32.2,6.4
2024-04-02,3,28.9,51.0,11.0,107,45.0,83.7,5.3
2024-04-02,4,28.0,49.4,12.0,99,15.5,71.3,6.3
2024-04-02,5,24.3,42.7,0.7,95,16.6,77.1,5.2
2024-04-02,6,20.5,33.9,7.8,66,23.5,55.2,6.1
2024-04-02,7,26.7,39.3,0.9,74,23.4,54.0,6.6
2024-04-02,8,27.2,32.6,0.1,83,23.2,63.1,6.9
2024-04-02,9,23.9,50.7,0.5,64,11.2,47.3,6.5
2024-04-02,10,24.7,48.3,2.7,49,18.1,22.6,5.5
2024-04-02,11,12.8,51.9,0.1,158,41.7,74.5,6.3
2024-04-02,12,12.8,45.8,0.3,116,35.2,78.7,5.0
2024-04-02,13,10.4,32.5,1.0,129,23.7,107.0,7.4
2024-04-02,14,14.7,53.6,0.6,148,45.1,99.7,5.2
2024-04-02,15,26.8,55.0,5.6,81,27.5,45.7,6.2
2024-04-02,16,28.1,32.2,19.0,121,46.2,62.0,6.8
2024-04-02,17,27.8,58.2,6.5,98,42.8,65.1,7.5
2024-04-02,18,25.8,48.4,2.1,112,45.4,59.0,5.3
2024-04-02,19,26.7,39.2,3.1,89,26.1,64.0,6.3
2024-04-02,20,21.2,48.8,0.6,73,30.4,44.2,4.5
2024-04-02,21,17.5,40.9,0.1,58,23.5,28.9,6.6
2024-04-02,22,14.1,39.6,1.2,45,16.9,18.4,5.2
2024-04-02,23,19.7,38.2,0.1,77,30.4,42.9,5.5
2024-04-02,24,14.1,46.3,1.4,63,10.5,27.6,4.7
2024-04-02,25,10.4,30.3,1.4,140,52.5,116.5,4.6
2024-04-02,26,19.3,58.8,0.5,157,69.5,56.6,6.1
2024-04-02,27,13.9,40.2,0.5,138,38.2,112.6,4.1
2024-04-02,28,28.3,58.1,0.2,76,14.1,46.2,7.4
2024-04-02,29,27.7,53.5,6.4,144,63.6,83.3,7.2
2024-04-02,30,24.6,47.8,3.1,73,31.4,61.7,7.2
2024-04-02,31,29.5,51.1,0.2,43,14.6,27.2,6.5
2024-04-02,32,12.4,36.4,4.0,110,45.2,43.0,5.4
2024-04-02,33,11.0,50.7,1.9,70,19.8,48.7,3.7
2024-04-02,34,13.1,52.6,0.1,91,40.8,34.3,7.1
2024-04-02,35,19.1,44.4,10.4,94,36.8,69.7,5.9
2024-04-03,1,24.5,54.3,8.7,97,21.0,66.3,6.5
2024-04-03,2,27.4,51.8,0.0,80,35.4,38.8,5.3
2024-04-03,3,21.4,37.1,0.8,121,48.9,91.9,5.1
2024-04-03,4,25.0,45.7,0.8,72,30.2,26.1,7.1
2024-04-03,5,21.7,40.6,0.6,89,24.3,49.7,5.3
2024-04-03,6,30.8,41.0,1.4,103,31.2,47.5,5.5
2024-04-03,7,23.5,54.1,4.0,91,14.2,52.5,8.1
2024-04-03,8,29.0,55.0,1.5,54,17.0,20.8,6.7
2024-04-03,9,24.2,46.5,1.4,83,32.6,43.8,4.6
2024-04-03,10,27.5,48.0,5.6,86,17.1,37.1,6.3
2024-04-03,11,23.2,51.3,0.9,135,42.2,70.7,6.1
2024-04-03,12,11.2,47.9,1.2,140,21.9,67.7,5.5
2024-04-03,13,15.5,39.1,1.6,89,23.8,49.8,6.7
2024-04-03,14,13.5,49.2,1.2,126,19.7,94.3,6.3
2024-04-03,15,28.2,34.7,6.1,74,26.6,36.9,6.3
2024-04-03,16,25.6,47.4,13.1,71,15.4,29.2,6.5
2024-04-03,17,21.4,45.2,1.6,47,10.9,29.9,6.1
2024-04-03,18,25.7,37.1,1.6,96,32.2,38.6,5.2
2024-04-03,19,27.4,39.6,0.8,69,18.2,46.8,4.9
2024-04-03,20,23.8,40.2,3.0,136,47.3,53.3,4.6
2024-04-03,21,17.6,55.4,1.9,66,27.6,40.9,6.5
2024-04-03,22,11.5,45.2,2.7,56,12.6,24.3,6.4
2024-04-03,23,15.9,44.9,0.4,135,34.1,70.1,5.8
2024-04-03,24,21.0,60.8,0.0,108,20.7,66.3,3.8
2024-04-03,25,19.6,40.5,0.8,136,24.2,53.0,4.9
2024-04-03,26,13.4,41.7,1.4,141,53.2,55.4,6.0
2024-04-03,27,14.5,53.9,0.6,91,20.8,32.2,4.4
2024-04-03,28,27.9,52.4,2.9,75,29.3,54.2,6.0
2024-04-03,29,26.0,51.3,10.0,67,11.5,25.6,6.5
2024-04-03,30,25.3,48.1,0.8,29,5.2,23.6,7.5
2024-04-03,31,23.0,52.6,3.1,74,20.8,38.9,9.0
2024-04-03,32,11.9,47.4,0.6,125,19.2,47.5,5.6
2024-04-03,33,14.0,47.8,0.4,118,43.9,78.8,3.9
2024-04-03,34,10.6,38.3,1.1,69,15.2,26.7,7.3
2024-04-03,35,14.1,68.0,13.8,118,39.3,99.6,4.2
2024-04-04,1,28.5,38.6,0.2,67,26.6,25.6,6.6
2024-04-04,2,28.4,46.6,8.1,59,17.2,29.7,6.1
2024-04-04,3,29.7,58.0,0.7,118,37.8,44.2,5.7
2024-04-04,4,26.1,47.3,0.3,67,22.8,48.5,6.4
2024-04-04,5,28.9,66.1,3.0,55,20.2,30.3,5.2
2024-04-04,6,29.0,48.2,15.1,74,19.5,61.0,4.5
2024-04-04,7,24.9,55.0,2.9,75,21.5,60.7,8.0
2024-04-04,8,25.9,55.2,1.9,86,27.7,61.3,7.0
2024-04-04,9,29.5,47.2,1.8,44,17.2,30.1,6.8
2024-04-04,10,27.2,47.7,5.6,41,9.6,29.2,5.2
2024-04-04,11,12.9,52.2,0.9,111,38.3,51.2,6.6
2024-04-04,12,13.7,35.1,0.2,142,27.2,57.1,5.3
2024-04-04,13,14.2,48.3,1.4,136,31.2,113.4,7.5
2024-04-04,14,13.2,47.5,2.0,118,47.8,47.8,5.8
2024-04-04,15,26.8,45.3,5.5,101,39.3,66.3,6.6
2024-04-04,16,25.5,59.5,10.1,118,18.1,98.3,6.4
2024-04-04,17,25.1,44.1,2.1,139,32.5,61.7,7.0
2024-04-04,18,27.9,54.6,0.3,129,24.8,98.9,5.2
2024-04-04,19,26.5,42.6,1.1,97,20.5,38.4,7.0
2024-04-04,20,26.8,50.8,8.8,92,30.0,74.7,4.3
2024-04-04,21,14.5,43.9,1.8,65,27.8,49.6,6.7
2024-04-04,22,16.1,44.8,1.3,63,20.7,49.9,5.7
2024-04-04,23,18.2,39.3,0.1,92,39.9,35.5,5.6
2024-04-04,24,13.3,58.5,0.2,106,23.3,58.6,4.2
2024-04-04,25,12.7,56.3,0.7,116,28.7,58.2,4.8
2024-04-04,26,14.9,45.9,0.0,116,40.7,80.9,7.4
2024-04-04,27,14.1,55.7,2.0,123,46.1,47.1,3.6
2024-04-04,28,22.7,51.9,0.8,74,15.5,31.4,6.7
2024-04-04,29,23.7,60.9,0.5,100,22.6,52.6,6.9
2024-04-04,30,25.0,52.5,11.5,57,23.0,22.9,6.8
2024-04-04,31,25.6,44.4,1.8,59,25.9,22.2,8.4
2024-04-04,32,13.7,43.7,0.2,91,14.5,76.4,5.0
2024-04-04,33,11.9,60.3,5.3,117,51.7,45.4,4.3
2024-04-04,34,10.5,43.3,0.2,74,24.8,43.3,7.7
2024-04-04,35,14.7,52.0,0.2,65,21.8,53.6,4.3
2024-04-05,1,28.3,32.0,9.2,103,25.3,80.3,6.3
2024-04-05,2,25.6,35.8,0.3,86,34.0,48.5,5.5
2024-04-05,3,33.4,39.1,4.6,80,18.6,67.9,5.2
2024-04-05,4,19.8,62.1,0.8,115,48.9,47.8,6.3
2024-04-05,5,27.5,47.2,1.4,75,24.9,34.3,4.9
2024-04-05,6,28.9,43.8,8.0,44,7.7,28.9,5.3
2024-04-05,7,25.1,33.9,20.4,49,17.1,32.4,8.3
2024-04-05,8,31.8,67.2,1.7,81,14.8,32.7,7.1
2024-04-05,9,25.4,38.8,1.1,66,17.0,25.5,5.8
2024-04-05,10,26.3,40.6,0.6,50,9.1,19.1,5.9
2024-04-05,11,15.3,41.8,3.8,106,38.3,43.3,6.0
2024-04-05,12,13.3,41.7,1.4,139,37.7,115.1,4.8
2024-04-05,13,13.4,45.7,0.3,97,14.7,35.6,6.2
2024-04-05,14,19.8,47.4,1.3,146,44.3,73.2,6.1
2024-04-05,15,25.6,42.7,0.2,63,10.8,27.5,7.0
2024-04-05,16,20.2,51.4,4.3,101,45.2,75.6,6.0
2024-04-05,17,34.0,44.4,2.9,99,38.2,39.3,7.0
2024-04-05,18,26.7,46.9,9.1,121,37.9,54.9,5.7
2024-04-05,19,29.3,51.3,9.3,91,14.2,75.5,6.1
2024-04-05,20,25.1,45.1,12.9,112,22.8,82.9,4.4
2024-04-05,21,12.5,60.4,0.3,70,16.5,57.3,5.9
2024-04-05,22,16.0,46.5,0.3,72,32.1,28.9,5.7
2024-04-05,23,13.8,49.6,0.0,83,22.8,36.3,6.2
2024-04-05,24,22.9,53.9,0.1,77,11.9,47.9,6.1
2024-04-05,25,11.1,53.8,0.2,111,43.7,91.6,5.2
2024-04-05,26,11.6,45.1,2.9,72,26.3,47.0,7.7
2024-04-05,27,16.0,25.6,0.7,148,60.8,89.2,4.4
2024-04-05,28,26.0,62.4,0.8,73,14.3,41.7,7.6
2024-04-05,29,28.2,51.5,2.4,95,36.7,72.5,6.5
2024-04-05,30,23.9,40.2,4.9,101,32.4,68.7,6.9
2024-04-05,31,27.8,47.7,7.5,67,29.7,48.6,7.2
2024-04-05,32,10.3,35.6,2.0,99,32.7,82.3,4.9
2024-04-05,33,13.2,60.3,0.7,54,16.5,45.2,3.3
2024-04-05,34,12.8,38.7,3.5,109,30.7,88.5,7.8
2024-04-05,35,18.7,58.4,5.1,117,42.9,46.1,5.4
2024-04-06,1,26.9,51.7,2.3,69,22.5,31.3,6.5
2024-04-06,2,25.9,46.9,1.5,78,18.1,56.9,6.0
2024-04-06,3,24.0,55.8,4.2,111,31.2,64.7,6.0
2024-04-06,4,27.4,60.7,7.7,89,22.1,32.1,7.7
2024-04-06,5,24.9,50.1,4.8,90,21.3,44.4,5.6
2024-04-06,6,30.3,47.1,0.0,110,26.0,39.3,5.6
2024-04-06,7,26.6,50.1,0.4,58,15.2,39.6,7.7
2024-04-06,8,29.4,44.4,6.5,35,7.5,24.7,6.7
2024-04-06,9,24.9,50.6,1.5,93,36.5,32.7,5.3
2024-04-06,10,28.8,49.7,2.5,83,33.9,55.4,5.7
2024-04-06,11,21.4,52.7,1.4,149,40.4,62.4,5.9
2024-04-06,12,19.6,34.6,0.9,129,57.6,79.8,5.6
2024-04-06,13,12.4,44.9,3.2,135,29.6,110.4,7.2
2024-04-06,14,18.4,48.2,0.1,138,25.3,57.6,4.5
2024-04-06,15,25.3,31.5,0.3,101,24.8,78.9,5.2
2024-04-06,16,26.1,46.1,0.6,114,35.8,86.5,5.8
2024-04-06,17,26.1,42.2,1.2,79,28.4,28.5,6.5
2024-04-06,18,24.1,38.1,5.3,94,32.7,55.5,5.2
2024-04-06,19,25.6,40.4,20.6,103,20.8,70.3,5.1
2024-04-06,20,23.7,44.7,0.7,97,38.4,69.7,3.9
2024-04-06,21,17.1,38.2,0.2,75,24.2,55.0,6.7
2024-04-06,22,8.9,49.6,0.4,92,37.4,44.1,6.6
2024-04-06,23,16.5,45.5,0.1,111,18.8,78.7,5.0
2024-04-06,24,23.5,45.6,0.7,72,15.2,40.6,4.7
2024-04-06,25,8.5,48.6,2.9,112,48.4,61.2,5.0
2024-04-06,26,16.6,41.6,4.2,155,41.1,112.5,6.5
2024-04-06,27,11.6,37.8,0.6,102,21.3,66.9,3.2
2024-04-06,28,26.4,52.9,6.1,58,19.6,33.9,6.9
2024-04-06,29,29.3,38.8,2.4,125,39.7,75.0,6.6
2024-04-06,30,27.5,50.3,2.5,57,22.4,25.1,7.0
2024-04-06,31,25.2,48.2,12.0,43,7.1,35.8,7.6
2024-04-06,32,10.4,48.2,0.9,93,23.3,44.3,4.7
2024-04-06,33,21.5,49.4,0.1,95,32.2,67.7,4.3
2024-04-06,34,14.5,59.8,1.4,99,35.4,80.6,8.8
2024-04-06,35,19.1,54.3,2.2,75,15.2,51.3,5.0
2024-04-07,1,23.0,40.3,3.0,110,46.3,56.8,7.2
2024-04-07,2,26.7,51.7,1.5,77,16.0,54.9,4.6
2024-04-07,3,23.9,38.5,3.3,79,26.3,27.7,6.3
2024-04-07,4,29.0,53.0,0.2,83,29.4,42.0,7.2
2024-04-07,5,28.8,49.5,3.0,125,36.0,98.1,5.5
2024-04-07,6,27.3,56.5,11.8,98,41.3,78.9,5.4
2024-04-07,7,26.0,33.4,0.4,64,25.9,35.5,7.9
2024-04-07,8,23.9,48.8,0.8,35,8.9,22.2,6.2
2024-04-07,9,27.6,43.4,0.0,60,12.1,44.4,5.2
2024-04-07,10,27.1,45.9,0.6,74,20.2,51.3,5.3
2024-04-07,11,11.4,44.6,0.4,84,15.5,44.2,6.6
2024-04-07,12,17.1,58.9,1.1,94,20.8,56.9,5.6
2024-04-07,13,11.6,42.8,0.1,123,49.8,89.2,5.6
2024-04-07,14,12.1,55.0,1.8,123,39.0,56.2,5.5
2024-04-07,15,23.5,53.8,2.1,81,15.2,41.2,6.6
2024-04-07,16,31.5,54.5,0.8,66,26.3,24.5,5.7
2024-04-07,17,29.9,45.8,6.2,114,40.6,51.8,7.0
2024-04-07,18,31.0,45.4,3.6,67,17.3,36.2,5.7
2024-04-07,19,28.9,51.2,1.0,70,21.8,32.9,7.5
2024-04-07,20,24.0,50.9,6.5,108,32.6,45.9,4.4
2024-04-07,21,12.5,44.0,0.5,55,9.9,46.6,5.9
2024-04-07,22,16.4,52.7,0.4,46,12.1,18.2,5.7
2024-04-07,23,17.7,62.9,0.0,113,37.9,83.5,5.6
2024-04-07,24,13.7,38.0,0.3,100,30.8,64.6,4.5
2024-04-07,25,13.0,46.4,0.7,104,28.2,40.1,5.4
2024-04-07,26,10.9,50.8,0.6,138,51.9,74.6,6.5
2024-04-07,27,18.7,44.4,3.9,141,33.5,94.3,4.7
2024-04-07,28,24.3,42.1,5.7,79,21.6,55.4,6.8
2024-04-07,29,24.0,52.1,0.9,106,35.4,72.6,6.5
2024-04-07,30,27.3,41.2,1.5,35,10.6,28.8,7.5
2024-04-07,31,26.7,49.0,0.8,78,13.1,37.1,8.5
2024-04-07,32,11.9,57.0,6.7,67,16.9,43.2,5.6
2024-04-07,33,12.7,44.6,2.4,120,33.4,101.9,4.0
2024-04-07,34,15.4,49.2,2.8,119,38.7,64.2,7.7
2024-04-07,35,17.8,51.5,1.8,44,13.8,31.6,4.7
2024-04-08,1,25.1,54.3,11.5,104,39.5,53.5,6.9
2024-04-08,2,26.1,57.2,3.5,108,21.0,82.2,5.4
2024-04-08,3,23.2,50.0,18.2,73,32.6,26.4,5.9
2024-04-08,4,23.9,48.6,0.7,97,20.8,70.4,7.3
2024-04-08,5,25.4,56.1,1.6,105,27.1,73.0,4.8
2024-04-08,6,23.7,52.3,4.5,79,26.5,28.9,4.5
2024-04-08,7,29.5,48.0,1.7,52,15.6,38.3,6.5
2024-04-08,8,26.9,53.5,2.7,43,9.1,35.5,6.0
2024-04-08,9,29.1,42.3,7.5,63,18.9,47.5,5.9
2024-04-08,10,24.2,32.5,3.2,78,18.3,28.5,5.3
2024-04-08,11,12.2,39.0,0.3,91,13.8,42.4,5.9
2024-04-08,12,22.8,53.1,0.9,128,49.8,49.2,4.7
2024-04-08,13,20.0,55.6,1.0,103,32.4,61.7,7.3
2024-04-08,14,16.6,48.0,0.3,129,27.1,94.7,4.0
2024-04-08,15,26.4,50.5,4.4,62,23.1,28.6,7.2
2024-04-08,16,29.7,60.0,3.0,103,41.7,38.7,5.7
2024-04-08,17,26.1,46.5,0.4,107,24.0,51.1,7.2
2024-04-08,18,26.1,33.9,1.3,112,43.2,83.5,6.1
2024-04-08,19,27.3,49.9,0.2,68,15.7,27.0,7.0
2024-04-08,20,27.4,44.6,4.2,50,17.3,20.9,6.1
2024-04-08,21,15.6,51.2,0.1,57,19.8,41.0,6.5
2024-04-08,22,15.9,55.0,0.2,73,26.5,43.7,5.5
2024-04-08,23,17.8,53.6,0.1,98,22.3,48.3,6.1
2024-04-08,24,18.3,46.3,0.1,63,18.1,52.2,4.5
2024-04-08,25,18.8,43.8,2.4,103,43.7,66.5,5.5
2024-04-08,26,10.7,49.0,2.1,120,38.8,89.1,7.1
2024-04-08,27,13.2,50.9,3.7,157,69.1,97.7,4.8
2024-04-08,28,28.2,46.5,2.9,75,26.5,61.2,7.0
2024-04-08,29,27.3,53.8,2.2,80,29.4,30.8,7.2
2024-04-08,30,28.3,43.9,4.8,39,11.5,14.5,7.6
2024-04-08,31,25.2,35.8,4.2,57,25.0,38.2,8.1
2024-04-08,32,17.8,31.8,0.4,109,47.7,91.0,6.0
2024-04-08,33,15.9,45.4,1.9,85,23.7,70.0,3.4
2024-04-08,34,14.8,42.9,2.6,88,25.5,35.7,7.0
2024-04-08,35,18.2,49.1,10.9,110,36.5,62.8,3.5
2024-04-09,1,21.6,48.5,5.1,104,20.9,50.8,6.4
2024-04-09,2,27.0,57.7,4.6,89,26.8,39.0,4.0
2024-04-09,3,25.9,44.8,3.8,61,18.0,32.2,6.4
2024-04-09,4,23.7,54.1,2.5,67,10.1,51.1,6.5
2024-04-09,5,26.3,40.7,1.0,69,14.1,57.2,6.3
2024-04-09,6,26.7,42.6,0.2,33,14.4,13.0,5.1
2024-04-09,7,23.9,52.2,1.8,49,11.6,39.3,7.9
2024-04-09,8,26.0,49.9,1.2,81,14.6,45.2,6.0
2024-04-09,9,31.2,56.7,1.2,64,13.8,46.7,5.4
2024-04-09,10,23.7,45.6,3.8,59,10.6,41.5,5.1
2024-04-09,11,18.6,44.5,0.3,160,31.2,84.8,6.8
2024-04-09,12,16.9,50.7,0.5,100,39.4,63.3,5.6
2024-04-09,13,12.1,48.0,0.3,119,34.5,44.9,6.0
2024-04-09,14,21.5,46.0,0.7,104,17.9,41.5,3.9
2024-04-09,15,22.3,44.1,4.7,94,34.6,69.3,6.9
2024-04-09,16,26.6,50.7,0.7,101,35.0,84.1,6.1
2024-04-09,17,29.7,51.8,6.1,83,18.8,60.0,6.7
2024-04-09,18,26.1,43.9,1.2,112,28.1,55.5,4.8
2024-04-09,19,28.5,65.7,0.9,110,45.5,49.7,6.4
2024-04-09,20,25.5,51.9,0.3,57,11.3,33.0,4.8
2024-04-09,21,13.1,47.7,0.9,94,28.4,55.1,6.1
2024-04-09,22,13.8,46.7,0.3,112,45.8,62.4,6.0
2024-04-09,23,13.7,52.3,0.0,117,41.3,75.5,6.5
2024-04-09,24,21.0,52.2,0.1,77,16.3,45.6,4.1
2024-04-09,25,14.9,50.8,0.1,166,57.8,120.8,5.4
2024-04-09,26,20.3,33.9,0.9,115,48.3,40.8,6.4
2024-04-09,27,12.6,39.9,4.0,92,24.3,67.7,4.8
2024-04-09,28,27.1,51.2,7.3,87,22.5,65.4,7.5
2024-04-09,29,31.6,46.0,4.9,83,37.0,62.0,5.6
2024-04-09,30,24.5,48.0,3.1,59,25.6,48.9,8.9
2024-04-09,31,23.9,45.5,1.0,78,33.6,57.7,9.2
2024-04-09,32,15.5,50.1,1.1,117,48.6,47.0,4.8
2024-04-09,33,14.7,25.6,1.0,59,18.5,47.8,4.2
2024-04-09,34,13.9,53.8,1.4,81,17.2,37.5,6.1
2024-04-09,35,17.3,57.5,0.1,95,39.0,41.6,5.6
2024-04-10,1,23.1,48.1,0.2,69,18.2,37.2,6.0
2024-04-10,2,29.6,43.1,3.1,90,25.2,65.9,6.0
2024-04-10,3,26.9,48.5,1.1,61,15.1,34.6,6.7
2024-04-10,4,26.6,43.1,1.4,102,35.0,58.6,6.7
2024-04-10,5,25.9,53.7,13.9,79,28.1,37.0,4.9
2024-04-10,6,26.5,41.9,0.5,107,39.4,68.1,5.5
2024-04-10,7,28.4,62.4,1.9,100,36.2,42.9,7.2
2024-04-10,8,27.5,54.4,8.6,45,8.4,32.9,6.6
2024-04-10,9,27.1,48.1,4.4,55,13.1,24.9,6.8
2024-04-10,10,28.2,39.1,6.0,50,9.0,24.9,5.9
2024-04-10,11,15.5,44.3,0.0,118,28.2,59.4,6.5
2024-04-10,12,15.8,37.2,2.2,80,21.0,60.5,5.1
2024-04-10,13,14.7,49.2,1.2,142,23.4,107.7,6.9
2024-04-10,14,11.7,35.1,0.7,124,52.2,86.6,6.1
2024-04-10,15,26.9,53.6,9.8,83,26.4,36.1,6.5
2024-04-10,16,27.4,52.7,1.0,86,31.9,58.5,6.7
2024-04-10,17,29.5,47.0,3.0,105,23.0,84.0,6.1
2024-04-10,18,32.6,61.5,0.1,89,18.1,65.8,4.9
2024-04-10,19,29.0,48.5,6.7,100,18.0,72.2,5.3
2024-04-10,20,26.6,42.0,1.9,94,24.9,58.2,4.3
2024-04-10,21,17.7,52.6,0.7,133,40.5,71.5,5.5
2024-04-10,22,14.0,51.1,2.9,51,19.8,30.1,5.7
2024-04-10,23,13.3,52.4,0.1,109,35.8,72.3,4.9
2024-04-10,24,8.6,50.3,0.0,85,22.6,67.0,4.3
2024-04-10,25,9.6,39.3,0.5,103,20.5,57.5,5.6
2024-04-10,26,10.3,39.0,1.7,113,29.0,72.0,6.6
2024-04-10,27,14.1,61.7,4.1,118,34.3,42.0,4.3
2024-04-10,28,27.9,40.5,1.0,88,13.7,74.0,6.7
2024-04-10,29,29.6,45.0,1.0,55,19.9,31.6,5.7
2024-04-10,30,27.9,55.9,2.1,65,20.9,23.1,7.8
2024-04-10,31,25.7,51.2,5.8,64,20.8,36.4,7.8
2024-04-10,32,15.3,37.0,0.4,109,33.7,88.9,5.3
2024-04-10,33,13.1,39.9,2.0,99,25.2,75.1,3.1
2024-04-10,34,16.2,51.4,1.1,79,24.9,56.5,6.9
2024-04-10,35,19.7,55.1,3.3,99,44.5,78.5,3.7
2024-04-11,1,30.4,59.7,0.4,105,37.0,60.5,6.2
2024-04-11,2,20.9,52.9,3.6,76,24.1,37.6,5.2
2024-04-11,3,32.0,56.3,1.7,101,16.6,36.9,4.5
2024-04-11,4,25.8,34.6,0.3,94,30.9,77.5,8.0
2024-04-11,5,26.3,58.0,3.2,86,27.6,31.6,5.6
2024-04-11,6,26.1,63.0,2.4,99,18.9,68.5,5.0
2024-04-11,7,29.3,49.8,1.9,63,14.1,50.8,7.3
2024-04-11,8,26.6,41.9,4.8,65,16.6,53.6,7.0
2024-04-11,9,25.4,42.0,6.9,35,12.4,21.8,6.6
2024-04-11,10,28.1,61.3,1.8,75,13.8,53.0,5.7
2024-04-11,11,18.3,42.5,0.3,114,36.7,53.7,6.9
2024-04-11,12,12.9,52.0,2.0,100,16.6,57.8,6.2
2024-04-11,13,13.0,36.3,0.2,131,39.9,108.6,7.3
2024-04-11,14,17.0,49.9,0.1,134,53.4,111.3,4.1
2024-04-11,15,27.5,61.5,12.4,77,26.2,53.4,6.0
2024-04-11,16,25.1,50.4,1.7,89,40.0,49.3,6.3
2024-04-11,17,27.7,50.1,2.2,91,35.0,33.8,7.9
2024-04-11,18,24.6,42.2,8.8,98,15.2,41.8,6.0
2024-04-11,19,26.1,54.5,1.5,111,22.3,89.8,6.8
2024-04-11,20,28.2,41.7,2.7,82,12.6,47.0,5.0
2024-04-11,21,12.4,47.5,0.1,56,14.4,24.6,5.2
2024-04-11,22,15.8,19.0,0.3,91,37.3,47.5,5.9
2024-04-11,23,11.2,52.7,0.0,85,36.9,41.4,5.7
2024-04-11,24,17.6,40.5,0.1,110,17.8,86.6,5.1
2024-04-11,25,17.6,33.8,2.4,139,33.3,74.9,4.8
2024-04-11,26,13.6,51.0,2.9,132,26.6,109.6,6.3
2024-04-11,27,15.1,43.9,7.3,142,46.8,82.8,5.0
2024-04-11,28,27.9,40.5,7.6,67,23.1,38.7,6.3
2024-04-11,29,24.9,45.0,2.3,99,23.1,77.8,5.3
2024-04-11,30,24.1,39.7,14.0,60,18.4,34.0,8.8
2024-04-11,31,28.2,46.4,1.3,51,10.5,39.2,8.2
2024-04-11,32,20.9,44.8,0.1,63,23.3,22.4,4.5
2024-04-11,33,11.1,41.5,1.1,96,37.2,44.6,4.1
2024-04-11,34,16.2,40.5,1.7,105,29.0,86.5,8.1
2024-04-11,35,17.4,49.8,0.5,85,28.1,66.6,5.0
2024-04-12,1,27.1,45.2,0.8,100,23.3,45.4,6.4
2024-04-12,2,25.2,44.4,1.3,101,42.2,51.7,7.0
2024-04-12,3,25.6,51.4,0.9,79,23.1,44.7,4.9
2024-04-12,4,25.7,59.8,3.5,114,47.1,53.3,7.6
2024-04-12,5,25.3,49.2,3.8,86,32.3,50.5,4.9
2024-04-12,6,25.2,50.2,22.3,76,16.8,62.9,5.0
2024-04-12,7,27.0,44.4,0.6,73,23.3,39.4,7.3
2024-04-12,8,22.7,43.7,2.4,51,17.4,23.8,6.5
2024-04-12,9,25.0,26.6,1.0,89,31.3,64.1,4.8
2024-04-12,10,25.5,38.1,3.6,71,26.0,39.9,5.5
2024-04-12,11,11.2,39.7,1.6,126,55.4,53.5,6.9
2024-04-12,12,11.9,30.4,0.6,140,52.2,79.6,6.0
2024-04-12,13,13.3,37.6,0.0,159,35.8,78.2,7.5
2024-04-12,14,16.9,46.9,0.5,117,17.7,86.3,3.5
2024-04-12,15,21.4,48.7,3.0,100,44.2,64.1,6.7
2024-04-12,16,21.2,53.1,5.6,72,16.3,53.7,4.3
2024-04-12,17,26.3,61.7,1.3,92,33.1,57.8,6.8
2024-04-12,18,28.4,50.8,7.3,109,21.0,43.3,5.2
2024-04-12,19,26.3,46.5,0.9,77,17.1,36.8,5.6
2024-04-12,20,23.4,46.4,3.9,113,32.3,72.4,4.1
2024-04-12,21,16.2,47.2,0.8,89,14.1,54.0,6.5
2024-04-12,22,16.6,46.9,2.3,81,35.3,53.6,6.0
2024-04-12,23,15.1,40.5,0.0,92,32.8,40.6,5.9
2024-04-12,24,16.4,30.1,0.3,117,17.7,74.8,4.4
2024-04-12,25,13.8,46.1,3.7,143,32.3,74.0,6.3
2024-04-12,26,16.3,51.0,6.5,126,41.7,102.6,7.5
2024-04-12,27,15.9,40.6,1.1,106,45.0,40.9,5.4
2024-04-12,28,26.8,36.1,0.2,96,40.9,44.5,5.3
2024-04-12,29,27.9,72.9,0.4,108,48.3,85.2,6.4
2024-04-12,30,20.0,50.7,0.3,58,25.6,40.4,7.0
2024-04-12,31,31.0,63.5,2.4,79,29.6,63.6,7.4
2024-04-12,32,16.1,48.8,0.7,102,40.2,56.7,5.2
2024-04-12,33,15.2,51.8,1.8,125,41.8,84.6,4.5
2024-04-12,34,16.6,44.0,1.3,82,28.2,64.7,7.3
2024-04-12,35,16.4,43.1,10.0,98,35.4,75.8,4.3
2024-04-13,1,25.0,29.7,5.6,91,28.9,31.9,6.9
2024-04-13,2,27.5,40.3,9.6,74,24.1,46.5,5.7
2024-04-13,3,27.1,41.8,4.2,113,27.6,46.3,5.5
2024-04-13,4,26.2,47.7,3.9,98,25.0,75.4,7.5
2024-04-13,5,23.7,47.2,2.9,82,28.4,42.7,3.8
2024-04-13,6,22.4,43.8,3.0,80,22.5,48.5,4.6
2024-04-13,7,21.0,58.2,3.3,50,14.1,20.9,7.3
2024-04-13,8,29.6,40.0,4.9,61,12.9,21.7,7.3
2024-04-13,9,22.8,52.9,3.4,74,32.7,44.6,6.4
2024-04-13,10,27.7,47.9,4.0,42,9.0,21.8,5.5
2024-04-13,11,16.6,51.9,0.3,117,29.7,57.6,5.6
2024-04-13,12,7.3,48.5,1.6,143,59.9,73.7,5.0
2024-04-13,13,12.0,50.3,0.8,113,34.6,77.5,7.3
2024-04-13,14,7.1,56.7,0.0,116,28.7,95.5,5.4
2024-04-13,15,25.1,44.5,2.1,110,42.5,89.2,6.4
2024-04-13,16,25.8,59.4,0.7,65,21.7,40.2,6.0
2024-04-13,17,23.9,43.5,1.2,79,16.6,65.5,6.6
2024-04-13,18,28.1,54.2,0.8,70,22.4,26.8,6.1
2024-04-13,19,31.7,49.3,3.8,73,15.4,51.7,5.7
2024-04-13,20,27.7,50.8,5.5,88,21.7,53.1,5.8
2024-04-13,21,18.4,46.9,0.6,106,41.8,51.8,7.2
2024-04-13,22,14.3,49.6,2.9,96,19.7,40.9,5.2
2024-04-13,23,17.7,50.7,0.3,68,23.4,36.2,6.2
2024-04-13,24,15.6,56.4,0.3,94,15.3,72.8,4.5
2024-04-13,25,11.8,47.9,1.4,112,33.7,46.7,4.1
2024-04-13,26,12.1,42.3,5.1,152,48.1,64.3,7.0
2024-04-13,27,8.5,50.6,6.3,129,24.8,50.3,3.7
2024-04-13,28,28.0,37.9,9.0,50,9.3,32.8,7.7
2024-04-13,29,25.3,66.1,1.8,139,24.0,112.2,6.7
2024-04-13,30,24.0,38.4,12.3,46,8.2,29.8,7.3
2024-04-13,31,23.9,47.3,2.2,58,18.0,34.1,6.2
2024-04-13,32,14.5,53.5,1.6,72,11.7,60.6,4.3
2024-04-13,33,11.9,45.2,1.2,107,18.9,83.1,3.7
2024-04-13,34,19.0,40.1,2.7,118,46.5,42.6,7.2
2024-04-13,35,19.5,30.5,7.4,90,18.6,46.4,4.4
2024-04-14,1,26.5,52.8,3.0,79,11.9,41.7,5.8
2024-04-14,2,25.9,49.3,5.0,75,16.1,41.5,5.8
2024-04-14,3,26.5,48.7,4.2,140,25.2,57.7,6.2
2024-04-14,4,29.7,50.3,0.0,84,22.6,36.2,8.0
2024-04-14,5,26.5,44.9,12.4,74,14.1,41.3,6.6
2024-04-14,6,22.4,50.9,1.5,83,18.5,70.4,4.8
2024-04-14,7,28.9,63.5,5.1,73,13.8,52.4,7.6
2024-04-14,8,25.7,48.6,3.7,56,22.6,44.8,7.6
2024-04-14,9,29.2,50.9,1.3,50,12.4,40.4,6.9
2024-04-14,10,20.0,42.9,1.1,34,11.6,22.4,5.3
2024-04-14,11,16.4,49.3,2.3,168,30.6,121.9,6.1
2024-04-14,12,7.8,42.0,0.6,117,42.9,99.4,6.4
2024-04-14,13,14.1,32.1,0.0,107,45.3,43.6,6.7
2024-04-14,14,14.1,44.3,0.2,125,51.5,48.4,4.6
2024-04-14,15,20.2,45.7,5.2,66,14.7,32.5,6.8
2024-04-14,16,23.5,52.0,9.2,64,28.3,29.9,5.1
2024-04-14,17,22.8,46.5,4.6,79,20.3,34.3,6.3
2024-04-14,18,28.6,56.6,14.8,117,52.3,85.2,6.5
2024-04-14,19,24.6,38.4,0.9,96,25.4,42.7,6.2
2024-04-14,20,23.8,58.8,1.0,95,15.2,57.8,4.7
2024-04-14,21,13.1,55.3,0.1,93,14.8,74.8,5.8
2024-04-14,22,8.3,51.5,0.9,81,27.9,36.9,5.8
2024-04-14,23,21.0,42.1,0.1,137,28.2,77.8,6.3
2024-04-14,24,18.3,51.3,0.1,84,25.0,58.1,4.7
2024-04-14,25,18.1,45.6,4.2,146,52.7,85.7,5.0
2024-04-14,26,18.6,34.9,0.0,121,46.1,59.8,6.5
2024-04-14,27,23.4,42.1,1.4,123,25.6,57.9,3.6
2024-04-14,28,26.6,64.1,5.7,94,18.9,55.6,5.6
2024-04-14,29,29.1,48.5,1.9,69,15.0,31.1,6.2
2024-04-14,30,25.2,55.9,4.8,56,12.1,42.2,7.4
2024-04-14,31,24.8,43.4,6.0,41,11.8,26.2,7.6
2024-04-14,32,15.7,45.2,4.1,88,17.6,66.0,6.3
2024-04-14,33,16.5,53.6,2.5,82,26.3,66.6,4.6
2024-04-14,34,12.1,49.4,0.4,125,26.8,49.5,7.1
2024-04-14,35,15.4,43.2,25.1,82,30.3,62.6,5.3
2024-04-15,1,22.7,35.4,2.6,100,28.7,69.1,4.4
2024-04-15,2,27.0,32.3,0.8,88,23.9,42.2,5.6
2024-04-15,3,29.3,47.1,6.5,94,32.4,40.2,5.9
2024-04-15,4,26.5,47.9,8.5,120,18.3,80.2,7.3
2024-04-15,5,26.4,58.3,1.9,101,33.3,49.4,5.4
2024-04-15,6,24.3,57.4,1.1,104,36.7,84.8,5.1
2024-04-15,7,28.0,47.9,0.1,68,14.6,25.2,7.9
2024-04-15,8,28.3,49.7,2.2,42,10.2,29.2,6.4
2024-04-15,9,25.7,59.0,0.6,103,33.0,37.7,6.1
2024-04-15,10,22.3,35.5,0.1,62,11.1,22.7,4.9
2024-04-15,11,14.4,45.1,2.0,106,32.7,78.1,5.4
2024-04-15,12,11.8,40.0,1.7,136,58.7,96.9,5.2
2024-04-15,13,13.8,66.7,0.3,119,25.9,92.2,6.6
2024-04-15,14,17.3,40.1,0.8,126,46.0,56.2,4.8
2024-04-15,15,27.5,39.7,11.7,33,9.0,21.4,6.2
2024-04-15,16,24.6,39.1,3.0,65,11.1,48.1,7.1
2024-04-15,17,28.6,45.1,1.0,84,33.6,51.3,6.1
2024-04-15,18,26.0,40.1,0.5,95,30.9,63.9,5.3
2024-04-15,19,23.3,58.3,10.1,70,23.6,34.1,6.1
2024-04-15,20,25.6,52.2,7.5,95,37.7,50.7,4.7
2024-04-15,21,13.5,43.7,0.7,97,17.8,63.7,6.2
2024-04-15,22,15.5,59.6,2.8,92,37.2,75.4,6.5
2024-04-15,23,15.5,47.5,0.3,110,16.6,68.2,5.2
2024-04-15,24,12.6,53.4,0.9,56,22.4,44.5,4.4
2024-04-15,25,16.2,73.7,4.0,114,32.0,46.6,4.8
2024-04-15,26,16.3,45.4,0.9,149,39.9,112.4,6.8
2024-04-15,27,15.4,49.9,3.6,88,29.3,60.5,4.1
2024-04-15,28,29.5,46.8,8.6,119,50.6,61.8,6.4
2024-04-15,29,27.5,37.8,1.0,65,27.6,25.6,6.3
2024-04-15,30,23.4,44.4,3.0,71,29.9,29.3,6.8
2024-04-15,31,24.4,48.5,1.7,78,13.3,55.8,7.6
2024-04-15,32,13.9,42.9,8.0,110,25.7,87.8,5.1
2024-04-15,33,15.6,57.5,3.3,55,18.8,31.8,3.8
2024-04-15,34,19.1,48.0,6.5,96,20.0,75.9,7.9
2024-04-15,35,18.3,42.0,35.2,85,31.8,52.8,4.7
2024-04-16,1,24.2,55.5,2.6,83,32.0,53.8,8.0
2024-04-16,2,24.6,43.0,2.1,94,40.1,47.1,6.0
2024-04-16,3,24.0,55.5,2.8,116,28.0,68.4,4.9
2024-04-16,4,24.4,55.1,1.9,93,34.1,66.7,8.0
2024-04-16,5,26.0,41.0,4.1,87,22.1,57.6,4.8
2024-04-16,6,25.2,44.3,1.6,98,42.1,50.8,5.1
2024-04-16,7,27.1,49.0,7.2,78,20.2,29.2,7.3
2024-04-16,8,25.4,44.4,4.5,47,15.8,34.2,6.6
2024-04-16,9,20.9,46.4,0.7,76,19.2,44.2,6.0
2024-04-16,10,26.5,66.3,5.6,58,20.7,23.8,5.3
2024-04-16,11,16.9,56.5,2.5,139,42.0,76.1,5.6
2024-04-16,12,14.4,45.9,0.2,154,39.0,88.9,4.9
2024-04-16,13,18.4,45.3,0.2,119,36.5,90.2,7.5
2024-04-16,14,13.9,49.1,0.5,139,52.1,97.5,4.7
2024-04-16,15,25.3,46.6,1.5,89,21.5,35.6,6.5
2024-04-16,16,24.1,57.5,12.8,95,27.4,77.0,6.1
2024-04-16,17,26.8,46.2,1.7,108,37.0,67.6,7.0
2024-04-16,18,26.3,42.0,2.8,102,43.6,50.7,5.8
2024-04-16,19,25.2,52.8,1.4,37,7.8,21.2,6.2
2024-04-16,20,22.5,44.4,3.0,102,30.8,36.4,5.0
2024-04-16,21,12.5,49.3,0.6,93,34.2,68.7,6.5
2024-04-16,22,15.4,30.1,0.6,91,34.4,57.7,6.3
2024-04-16,23,13.2,43.2,0.4,92,24.8,50.1,5.2
2024-04-16,24,14.7,62.4,0.3,88,35.3,37.0,4.2
2024-04-16,25,16.2,48.2,0.4,80,14.0,28.3,4.3
2024-04-16,26,13.2,50.5,0.1,143,23.6,81.6,7.0
2024-04-16,27,12.1,53.5,3.2,79,11.9,63.0,3.8
2024-04-16,28,24.2,48.9,5.3,64,15.2,53.8,6.3
2024-04-16,29,25.8,47.1,0.4,64,26.3,39.8,6.3
2024-04-16,30,21.7,53.8,5.6,30,5.7,20.4,7.5
2024-04-16,31,30.3,44.9,1.8,34,6.5,28.7,8.0
2024-04-16,32,16.5,49.1,1.1,79,12.9,38.1,5.8
2024-04-16,33,15.4,52.0,1.6,88,22.6,39.5,3.7
2024-04-16,34,13.1,39.9,0.9,79,32.7,66.4,7.1
2024-04-16,35,16.2,54.8,6.7,95,37.2,71.3,4.1
2024-04-17,1,23.3,37.5,2.8,96,33.4,39.4,5.7
2024-04-17,2,24.8,57.2,0.1,103,37.8,38.6,5.4
2024-04-17,3,31.3,43.5,1.3,125,40.7,60.9,6.1
2024-04-17,4,26.3,48.6,3.1,89,35.1,56.6,7.6
2024-04-17,5,24.5,53.7,0.2,85,27.8,40.0,4.7
2024-04-17,6,26.6,50.6,2.2,111,37.3,50.2,4.9
2024-04-17,7,26.9,48.9,6.9,55,8.9,41.4,6.9
2024-04-17,8,24.3,36.6,7.0,53,19.6,42.0,6.8
2024-04-17,9,30.1,54.1,13.6,61,21.2,25.7,6.2
2024-04-17,10,27.1,48.1,2.4,33,10.5,24.0,5.5
2024-04-17,11,16.7,46.2,1.4,144,49.2,111.6,5.9
2024-04-17,12,12.6,41.0,0.5,128,45.2,84.1,5.7
2024-04-17,13,21.8,68.1,4.0,116,40.6,69.8,6.6
2024-04-17,14,13.4,63.9,1.3,146,51.8,59.2,3.4
2024-04-17,15,23.6,45.6,6.5,145,22.9,68.8,7.4
2024-04-17,16,28.4,64.4,0.5,132,41.7,76.2,6.0
2024-04-17,17,27.8,48.0,7.3,112,44.3,40.0,7.1
2024-04-17,18,25.0,50.9,1.0,125,53.6,44.9,5.3
2024-04-17,19,26.5,49.2,17.8,104,31.0,56.8,5.6
2024-04-17,20,20.4,42.9,0.1,103,42.2,72.7,4.1
2024-04-17,21,16.2,43.0,0.7,115,30.1,50.8,7.4
2024-04-17,22,13.7,44.1,0.0,25,8.8,14.5,6.6
2024-04-17,23,11.6,38.2,0.1,124,35.4,43.4,4.5
2024-04-17,24,14.7,48.3,0.1,83,34.6,56.7,5.1
2024-04-17,25,8.2,48.7,2.9,145,26.8,113.7,5.9
2024-04-17,26,15.6,49.0,2.0,145,28.3,71.7,6.3
2024-04-17,27,12.5,48.9,3.8,97,31.3,41.5,4.5
2024-04-17,28,25.6,48.3,2.1,92,24.2,65.8,6.2
2024-04-17,29,24.0,43.0,1.6,89,38.6,39.2,7.1
2024-04-17,30,24.4,57.8,3.7,52,13.3,24.1,7.8
2024-04-17,31,28.4,47.6,18.6,68,16.1,47.0,7.5
2024-04-17,32,12.8,54.7,3.0,81,32.7,62.9,5.3
2024-04-17,33,10.2,56.1,0.9,100,32.9,65.0,4.3
2024-04-17,34,15.2,50.1,5.7,96,16.2,55.8,7.8
2024-04-17,35,22.8,46.6,7.9,91,17.2,57.6,5.2
2024-04-18,1,22.7,44.8,0.6,95,14.9,74.7,6.3
2024-04-18,2,29.8,53.3,0.7,100,41.1,65.3,6.5
2024-04-18,3,20.3,32.2,6.3,93,20.0,45.7,5.5
2024-04-18,4,24.1,36.1,0.5,87,37.1,47.7,6.8
2024-04-18,5,24.8,52.5,9.2,92,31.0,43.8,5.2
2024-04-18,6,23.3,38.9,4.7,103,29.6,78.0,4.9
2024-04-18,7,23.5,47.2,3.6,61,12.9,25.4,7.5
2024-04-18,8,25.7,47.8,2.3,65,19.7,37.0,5.9
2024-04-18,9,25.3,50.6,0.7,70,22.2,51.5,6.6
2024-04-18,10,22.3,57.8,8.5,76,26.5,50.2,4.3
2024-04-18,11,15.2,55.1,0.9,142,38.4,73.8,6.0
2024-04-18,12,14.0,54.2,1.4,155,48.1,87.7,4.1
2024-04-18,13,16.5,34.3,3.0,93,33.4,35.5,7.1
2024-04-18,14,19.5,50.9,0.5,123,27.9,71.7,4.7
2024-04-18,15,23.9,46.9,2.9,94,30.1,43.8,6.5
2024-04-18,16,21.6,35.8,5.3,89,16.7,44.1,6.4
2024-04-18,17,24.7,61.5,6.9,102,22.2,60.9,7.4
2024-04-18,18,27.3,55.7,3.3,82,13.1,46.0,6.1
2024-04-18,19,30.0,41.0,0.6,112,26.3,80.3,6.8
2024-04-18,20,25.6,54.4,0.7,92,18.5,47.6,5.3
2024-04-18,21,18.9,46.3,1.6,127,25.9,94.4,7.2
2024-04-18,22,14.7,53.2,4.2,96,41.4,55.6,5.9
2024-04-18,23,23.8,40.3,0.1,117,38.5,41.5,6.2
2024-04-18,24,13.6,30.6,0.2,70,17.4,44.6,5.1
2024-04-18,25,14.3,38.4,0.7,103,22.2,62.3,4.8
2024-04-18,26,11.8,47.7,1.1,116,29.5,67.9,7.5
2024-04-18,27,11.8,51.8,1.1,95,15.8,59.7,3.7
2024-04-18,28,30.1,35.9,0.5,106,16.2,80.9,7.5
2024-04-18,29,32.0,41.5,0.5,103,32.3,84.7,6.8
2024-04-18,30,26.9,53.9,15.9,21,5,16.4,7.8
2024-04-18,31,21.4,47.3,15.0,75,30.4,46.0,7.8
2024-04-18,32,18.7,33.0,0.4,97,39.9,42.0,5.4
2024-04-18,33,13.8,55.0,2.6,91,14.8,39.3,4.3
2024-04-18,34,14.5,39.1,2.0,116,24.1,50.2,7.7
2024-04-18,35,15.0,47.2,5.8,111,33.8,93.5,4.4
2024-04-19,1,27.4,46.6,0.0,111,44.5,51.2,6.8
2024-04-19,2,30.3,47.2,6.6,94,24.9,70.9,6.2
2024-04-19,3,26.2,56.4,5.8,98,18.8,82.6,5.5
2024-04-19,4,23.2,52.7,5.5,84,29.8,34.5,6.2
2024-04-19,5,29.7,44.0,15.5,93,17.1,37.9,5.1
2024-04-19,6,26.8,61.8,4.3,70,16.4,52.7,5.7
2024-04-19,7,26.1,39.1,2.0,39,10.5,25.4,6.8
2024-04-19,8,24.0,58.1,1.0,47,14.7,19.4,7.4
2024-04-19,9,24.4,63.4,5.0,41,8.9,23.7,6.5
2024-04-19,10,28.7,36.5,1.5,68,22.4,53.4,6.1
2024-04-19,11,16.2,49.7,0.1,110,24.4,50.8,6.3
2024-04-19,12,13.0,39.5,0.1,143,22.4,107.6,6.2
2024-04-19,13,19.8,53.3,0.5,118,35.3,79.7,8.2
2024-04-19,14,13.2,22.9,0.3,116,29.6,61.9,5.0
2024-04-19,15,24.5,44.3,8.2,113,45.3,54.4,6.4
2024-04-19,16,27.3,54.7,2.0,123,44.7,97.1,6.1
2024-04-19,17,26.8,44.2,8.2,63,12.7,48.0,7.1
2024-04-19,18,24.4,52.8,6.3,94,34.9,47.9,4.7
2024-04-19,19,30.1,39.1,3.4,76,33.2,49.4,5.9
2024-04-19,20,27.3,47.4,5.7,93,22.1,49.4,4.5
2024-04-19,21,13.3,56.7,0.6,110,20.0,92.3,5.7
2024-04-19,22,15.3,44.9,4.1,87,14.9,65.5,5.1
2024-04-19,23,12.0,61.2,0.1,110,43.5,86.7,5.1
2024-04-19,24,11.3,41.3,0.2,72,11.4,43.6,4.7
2024-04-19,25,14.1,52.7,0.8,106,22.3,60.7,5.7
2024-04-19,26,11.8,42.6,1.0,117,38.0,41.5,7.0
2024-04-19,27,10.1,48.9,1.8,137,56.9,86.4,4.4
2024-04-19,28,23.7,60.3,0.7,103,19.0,66.1,7.0
2024-04-19,29,25.6,51.6,1.1,103,35.8,37.8,5.7
2024-04-19,30,26.1,37.6,0.1,78,14.2,40.0,6.9
2024-04-19,31,23.2,49.0,0.7,70,27.6,51.7,7.3
2024-04-19,32,10.4,42.4,0.0,85,15.4,49.1,5.2
2024-04-19,33,13.8,53.9,0.9,87,14.7,34.8,4.2
2024-04-19,34,14.9,48.5,4.6,131,38.2,51.0,7.0
2024-04-19,35,16.6,56.9,11.9,87,32.7,32.3,4.5
2024-04-20,1,23.4,61.2,0.8,86,33.0,49.7,6.5
2024-04-20,2,28.6,31.9,0.5,68,27.0,45.0,5.3
2024-04-20,3,24.3,44.0,4.4,93,35.8,70.6,4.7
2024-04-20,4,23.4,45.8,0.1,61,20.7,49.8,7.6
2024-04-20,5,27.8,45.7,2.3,90,17.2,47.8,4.4
2024-04-20,6,27.8,41.5,4.2,90,26.1,36.3,5.2
2024-04-20,7,28.5,71.4,1.4,102,15.5,56.9,7.6
2024-04-20,8,26.6,39.3,0.4,20,5,15.0,5.6
2024-04-20,9,26.8,33.0,12.1,103,46.3,46.2,6.3
2024-04-20,10,25.3,32.1,1.9,63,26.1,44.2,5.2
2024-04-20,11,17.2,45.9,1.7,115,34.2,87.4,6.6
2024-04-20,12,15.8,46.4,0.2,117,50.6,42.1,6.5
2024-04-20,13,11.4,49.7,0.9,147,66.0,106.0,7.0
2024-04-20,14,17.2,48.8,4.1,128,23.8,50.9,5.4
2024-04-20,15,24.6,55.3,0.3,83,31.7,41.6,6.5
2024-04-20,16,23.1,46.4,0.7,90,30.4,66.7,5.6
2024-04-20,17,25.1,44.9,5.1,102,17.8,75.5,6.2
2024-04-20,18,25.0,52.5,2.3,54,8.6,43.9,6.1
2024-04-20,19,29.2,41.2,0.9,92,32.2,37.8,6.4
2024-04-20,20,22.4,47.1,0.3,99,26.7,77.8,5.2
2024-04-20,21,10.3,67.4,0.5,66,11.2,30.7,6.0
2024-04-20,22,19.5,52.4,2.0,42,17.8,34.3,5.3
2024-04-20,23,13.2,46.4,0.1,67,27.6,42.2,5.2
2024-04-20,24,9.8,43.6,0.3,66,18.1,37.7,3.6
2024-04-20,25,13.4,42.4,1.4,111,30.1,47.8,4.7
2024-04-20,26,15.6,48.7,4.0,114,19.1,52.4,6.3
2024-04-20,27,8.9,43.6,2.1,129,50.1,109.2,4.1
2024-04-20,28,24.0,55.1,0.7,73,27.6,36.0,7.0
2024-04-20,29,27.7,47.6,0.9,88,13.9,42.9,4.9
2024-04-20,30,27.3,52.0,2.0,73,13.0,61.4,7.5
2024-04-20,31,28.6,50.7,5.5,59,14.9,40.0,7.8
2024-04-20,32,17.5,48.1,0.3,53,13.0,42.2,5.0
2024-04-20,33,18.6,41.6,0.5,85,20.9,51.3,3.6
2024-04-20,34,11.3,50.2,0.2,88,20.7,52.5,7.3
2024-04-20,35,15.1,47.7,5.5,72,23.2,41.7,5.1
2024-04-21,1,25.6,43.3,3.7,63,23.8,28.9,5.0
2024-04-21,2,23.2,32.6,3.1,119,26.1,74.8,6.5
2024-04-21,3,25.5,49.1,1.0,98,21.6,77.2,5.9
2024-04-21,4,26.5,45.1,6.4,67,18.1,25.7,6.4
2024-04-21,5,24.9,47.0,12.6,102,38.4,53.7,5.0
2024-04-21,6,25.7,45.2,1.0,62,19.7,28.1,6.0
2024-04-21,7,26.8,22.8,12.8,87,35.6,52.3,8.3
2024-04-21,8,24.9,57.9,5.2,46,18.8,35.7,6.1
2024-04-21,9,26.2,55.2,8.8,95,15.3,57.6,5.5
2024-04-21,10,29.4,40.5,7.1,62,25.6,41.0,5.5
2024-04-21,11,12.6,42.5,1.3,132,55.1,88.4,6.4
2024-04-21,12,16.2,41.8,0.7,168,34.8,115.2,5.8
2024-04-21,13,14.5,45.5,0.1,130,52.7,105.2,6.2
2024-04-21,14,16.9,32.0,2.9,104,44.1,54.8,5.8
2024-04-21,15,23.8,49.2,6.1,94,17.5,57.1,7.2
2024-04-21,16,27.3,50.4,3.1,115,37.4,87.5,5.8
2024-04-21,17,30.6,45.9,2.7,74,11.9,47.8,6.3
2024-04-21,18,30.9,51.5,8.1,59,24.6,37.6,6.0
2024-04-21,19,27.0,47.9,1.7,76,28.8,36.6,5.6
2024-04-21,20,28.1,36.1,2.9,80,34.2,38.2,4.6
2024-04-21,21,16.6,63.1,0.3,79,17.2,55.8,7.1
2024-04-21,22,15.4,51.8,0.1,87,15.0,64.8,6.3
2024-04-21,23,21.7,45.4,0.2,97,29.4,75.1,6.4
2024-04-21,24,13.1,46.8,0.8,75,16.2,62.1,3.2
2024-04-21,25,10.7,38.7,0.1,149,54.9,84.5,4.4
2024-04-21,26,13.0,38.0,2.6,160,55.7,59.3,5.6
2024-04-21,27,14.5,39.3,2.4,136,41.7,81.1,4.7
2024-04-21,28,27.9,65.8,5.8,95,41.2,77.5,7.1
2024-04-21,29,26.9,45.8,7.8,104,30.3,48.0,7.2
2024-04-21,30,26.1,53.8,0.9,60,13.2,39.4,8.6
2024-04-21,31,27.4,52.6,5.7,81,27.9,50.2,7.9
2024-04-21,32,18.2,46.7,0.2,79,33.8,56.6,5.0
2024-04-21,33,14.5,45.4,10.0,76,16.8,46.2,2.9
2024-04-21,34,17.7,41.7,3.0,56,17.2,28.1,7.2
2024-04-21,35,16.9,43.1,24.3,70,26.5,32.6,5.1
2024-04-22,1,23.9,46.0,3.8,84,30.0,45.2,6.9
2024-04-22,2,29.7,51.9,0.9,90,31.0,63.8,6.1
2024-04-22,3,28.3,59.7,1.2,91,23.0,33.3,6.4
2024-04-22,4,26.0,53.7,0.6,101,26.6,36.9,7.2
2024-04-22,5,28.7,41.8,0.3,121,26.1,93.1,4.7
2024-04-22,6,25.4,45.4,3.8,93,23.2,32.9,4.7
2024-04-22,7,27.2,33.9,0.7,37,6.4,15.5,8.7
2024-04-22,8,25.9,63.7,0.7,80,12.6,48.7,6.7
2024-04-22,9,22.8,51.9,1.7,90,21.6,69.4,5.8
2024-04-22,10,31.9,48.3,4.8,53,22.6,39.2,5.4
2024-04-22,11,17.8,40.0,0.9,134,45.8,107.0,5.2
2024-04-22,12,17.4,47.0,0.2,153,45.1,73.9,5.2
2024-04-22,13,18.5,56.9,3.2,98,32.0,54.4,7.7
2024-04-22,14,12.4,54.8,0.3,130,31.2,96.3,4.8
2024-04-22,15,26.9,58.9,2.0,83,33.0,29.7,6.6
2024-04-22,16,26.1,58.8,12.0,100,30.7,52.1,6.5
2024-04-22,17,26.9,40.3,6.6,79,21.6,48.1,6.5
2024-04-22,18,29.6,56.6,2.2,81,36.2,49.9,5.1
2024-04-22,19,23.3,45.4,0.7,105,22.2,77.7,5.8
2024-04-22,20,27.4,54.5,1.8,106,36.7,71.6,4.6
2024-04-22,21,17.6,57.4,3.2,88,31.8,68.3,6.4
2024-04-22,22,15.1,35.4,0.3,70,12.4,38.3,5.7
2024-04-22,23,11.6,50.8,0.4,111,25.8,72.7,5.6
2024-04-22,24,16.6,50.6,0.1,56,19.6,30.0,4.0
2024-04-22,25,7.0,44.5,3.7,136,56.0,77.0,5.1
2024-04-22,26,13.8,55.7,1.0,150,57.1,59.3,5.6
2024-04-22,27,16.0,37.0,0.1,109,18.8,63.9,4.4
2024-04-22,28,27.9,48.5,5.5,81,29.0,47.3,6.1
2024-04-22,29,25.6,56.0,0.9,152,42.0,91.4,6.4
2024-04-22,30,28.1,48.4,1.8,56,22.2,46.9,8.2
2024-04-22,31,27.0,49.4,1.9,92,16.5,57.2,7.6
2024-04-22,32,18.1,51.7,3.3,92,24.7,36.7,5.2
2024-04-22,33,17.3,35.8,3.5,82,21.2,41.1,3.5
2024-04-22,34,11.7,53.2,1.9,87,31.7,46.4,8.5
2024-04-22,35,16.6,53.1,14.6,115,22.6,45.0,4.3
2024-04-23,1,26.1,51.1,4.0,54,21.0,38.0,6.0
2024-04-23,2,21.7,46.0,8.2,88,13.3,46.7,5.1
2024-04-23,3,25.4,52.3,6.5,86,19.6,38.7,4.9
2024-04-23,4,26.3,52.8,4.8,89,14.4,41.7,6.9
2024-04-23,5,20.8,49.5,11.0,108,47.1,38.7,5.5
2024-04-23,6,23.3,54.7,3.6,130,26.4,103.4,4.8
2024-04-23,7,22.2,57.0,1.6,87,33.2,54.4,6.7
2024-04-23,8,24.5,36.4,4.1,90,32.1,37.4,5.8
2024-04-23,9,23.8,51.9,3.3,43,18.0,30.8,7.2
2024-04-23,10,25.0,56.8,4.4,79,21.5,46.6,5.0
2024-04-23,11,8.7,59.3,0.0,117,31.8,70.2,5.9
2024-04-23,12,17.2,44.6,1.5,134,47.0,103.0,5.7
2024-04-23,13,12.9,37.2,1.7,154,34.9,128.9,6.3
2024-04-23,14,15.8,41.4,1.5,129,55.2,90.2,4.2
2024-04-23,15,22.4,53.3,3.2,62,16.3,46.2,6.7
2024-04-23,16,31.4,58.8,1.9,82,20.9,47.4,6.5
2024-04-23,17,25.2,48.8,1.3,111,44.8,81.1,7.2
2024-04-23,18,24.3,61.3,1.0,82,19.4,61.0,5.5
2024-04-23,19,24.4,37.7,2.3,63,9.9,37.7,6.5
2024-04-23,20,23.1,45.9,0.4,69,24.1,44.6,5.0
2024-04-23,21,15.2,46.3,0.4,59,18.0,42.9,5.8
2024-04-23,22,17.2,44.6,0.9,107,30.0,79.4,6.4
2024-04-23,23,15.8,58.1,0.0,108,23.4,79.9,5.2
2024-04-23,24,13.0,46.9,0.4,65,29.1,35.1,5.0
2024-04-23,25,14.3,56.5,1.5,125,52.8,94.7,4.8
2024-04-23,26,12.9,57.0,5.1,100,33.5,46.4,6.9
2024-04-23,27,11.3,56.0,1.2,118,37.6,83.9,4.0
2024-04-23,28,24.2,49.8,3.1,126,54.4,79.0,5.9
2024-04-23,29,26.4,47.7,0.5,90,37.1,61.3,5.5
2024-04-23,30,30.3,37.2,5.2,65,20.6,26.5,7.1
2024-04-23,31,28.0,56.4,5.2,38,14.8,22.8,8.0
2024-04-23,32,11.8,53.9,1.5,84,24.2,66.3,5.3
2024-04-23,33,13.2,33.2,3.8,71,28.0,32.0,3.6
2024-04-23,34,14.0,37.5,0.2,122,36.7,67.5,8.2
2024-04-23,35,17.9,50.7,3.6,141,44.5,56.0,5.9
2024-04-24,1,25.2,47.9,12.8,62,24.6,51.6,7.2
2024-04-24,2,29.7,38.9,4.0,79,25.4,39.5,6.5
2024-04-24,3,26.2,51.9,0.3,64,11.6,50.8,5.7
2024-04-24,4,23.2,42.7,0.5,97,32.8,72.9,8.1
2024-04-24,5,21.7,38.6,2.2,76,30.6,35.6,4.9
2024-04-24,6,25.0,41.5,0.3,79,30.6,30.8,4.9
2024-04-24,7,26.5,41.3,4.0,97,27.3,60.1,6.8
2024-04-24,8,28.4,42.2,3.0,63,13.1,41.0,7.5
2024-04-24,9,28.6,61.1,0.5,75,12.0,37.8,6.8
2024-04-24,10,29.1,42.5,0.8,62,16.3,29.5,5.2
2024-04-24,11,14.5,37.4,0.3,149,47.5,76.2,6.3
2024-04-24,12,13.7,40.8,1.4,109,39.2,80.2,5.2
2024-04-24,13,15.0,43.2,1.1,147,36.1,71.7,6.6
2024-04-24,14,18.2,47.0,0.2,113,50.2,42.7,5.1
2024-04-24,15,26.2,48.1,5.6,101,15.3,77.9,6.8
2024-04-24,16,26.3,59.8,2.1,110,29.8,46.4,6.5
2024-04-24,17,26.6,43.3,1.6,81,24.8,30.2,7.3
2024-04-24,18,26.5,44.2,5.5,107,16.3,75.0,5.9
2024-04-24,19,30.9,49.3,7.4,98,23.9,53.7,6.6
2024-04-24,20,23.6,37.5,0.2,126,34.3,90.8,4.1
2024-04-24,21,16.5,55.8,0.1,124,43.4,78.9,5.6
2024-04-24,22,15.3,35.6,0.9,65,11.7,30.8,6.2
2024-04-24,23,23.3,42.6,0.2,117,42.2,61.1,4.9
2024-04-24,24,13.6,46.1,0.3,75,23.0,54.8,5.1
2024-04-24,25,16.7,37.7,2.0,120,52.7,43.2,4.2
2024-04-24,26,16.3,51.3,3.6,126,51.8,100.5,5.5
2024-04-24,27,11.2,37.9,3.1,126,20.2,55.0,3.0
2024-04-24,28,29.4,25.8,1.9,72,28.4,45.0,6.9
2024-04-24,29,24.6,45.7,3.5,83,36.7,45.9,7.0
2024-04-24,30,24.6,49.1,0.8,21,6.8,12.8,6.9
2024-04-24,31,26.7,57.3,1.6,72,25.1,51.1,7.9
2024-04-24,32,8.5,52.7,0.6,103,29.3,40.8,5.0
2024-04-24,33,9.2,46.1,2.9,125,25.2,69.8,3.9
2024-04-24,34,11.4,35.5,0.6,91,37.6,39.5,7.6
2024-04-24,35,17.9,39.5,9.6,80,36.0,60.4,5.3
2024-04-25,1,26.5,46.3,2.8,81,22.4,31.8,6.1
2024-04-25,2,28.0,38.6,22.1,102,25.7,83.4,5.7
2024-04-25,3,24.4,52.2,1.3,74,30.2,29.9,6.1
2024-04-25,4,25.1,62.1,8.5,81,12.2,55.0,6.7
2024-04-25,5,29.0,42.7,0.1,110,35.1,68.4,4.5
2024-04-25,6,30.6,40.8,5.8,110,43.4,52.0,4.7
2024-04-25,7,30.8,49.9,10.6,78,20.2,61.2,6.9
2024-04-25,8,24.4,62.4,0.9,86,28.1,30.2,5.8
2024-04-25,9,34.4,37.7,0.2,37,11.8,30.2,5.0
2024-04-25,10,25.5,39.6,13.6,70,15.1,53.5,5.2
2024-04-25,11,14.8,67.8,1.5,138,23.5,88.0,5.4
2024-04-25,12,13.3,44.3,1.1,79,15.4,40.2,6.0
2024-04-25,13,14.2,61.2,1.8,131,52.4,56.3,7.0
2024-04-25,14,10.5,58.9,0.5,105,26.0,82.9,4.8
2024-04-25,15,26.3,48.2,7.1,90,13.8,42.2,6.9
2024-04-25,16,26.5,47.9,3.7,75,23.9,28.8,6.5
2024-04-25,17,23.5,67.7,0.4,97,34.5,64.9,6.2
2024-04-25,18,23.1,72.2,0.5,70,11.9,32.4,6.4
2024-04-25,19,23.1,33.9,2.4,101,44.1,49.4,6.1
2024-04-25,20,26.5,42.4,6.1,93,30.2,39.7,4.5
2024-04-25,21,11.0,65.4,1.1,95,42.0,56.1,7.4
2024-04-25,22,11.7,45.9,0.7,72,31.5,26.0,6.7
2024-04-25,23,11.8,42.2,0.6,83,19.5,31.5,5.5
2024-04-25,24,18.3,63.5,0.0,75,26.9,27.8,3.8
2024-04-25,25,14.3,40.6,1.6,151,52.8,118.1,5.2
2024-04-25,26,16.2,56.5,0.9,135,50.8,94.2,6.3
2024-04-25,27,12.6,60.4,0.2,138,41.6,98.4,4.3
2024-04-25,28,29.0,72.1,0.4,67,27.1,42.1,6.3
2024-04-25,29,26.7,50.2,5.3,79,24.1,59.8,6.4
2024-04-25,30,28.4,59.8,1.1,58,10.4,47.4,6.7
2024-04-25,31,25.3,58.0,5.2,35,11.7,23.8,7.8
2024-04-25,32,10.5,44.6,3.0,78,31.4,43.8,5.6
2024-04-25,33,18.6,40.1,4.5,83,26.4,53.6,3.5
2024-04-25,34,18.3,39.3,1.2,102,28.3,49.2,8.7
2024-04-25,35,17.0,54.2,5.9,101,17.4,63.5,4.9
2024-04-26,1,25.1,50.4,2.7,101,30.5,61.5,6.1
2024-04-26,2,25.6,58.1,2.3,56,22.1,20.6,6.2
2024-04-26,3,32.9,45.2,1.6,126,43.5,60.3,5.8
2024-04-26,4,25.8,42.2,20.4,150,28.9,88.3,7.1
2024-04-26,5,27.2,45.0,1.2,84,32.1,70.0,5.7
2024-04-26,6,27.4,52.8,2.3,51,17.4,36.2,4.8
2024-04-26,7,25.7,49.2,3.2,63,26.0,30.3,8.2
2024-04-26,8,27.7,45.9,0.7,56,16.6,38.5,7.2
2024-04-26,9,24.4,65.2,2.6,66,13.6,50.4,5.4
2024-04-26,10,23.2,51.7,3.2,29,9.4,21.0,5.1
2024-04-26,11,15.9,48.3,0.3,131,53.6,56.5,6.7
2024-04-26,12,15.7,49.6,1.7,121,53.8,50.0,5.3
2024-04-26,13,17.1,53.5,1.4,129,57.2,109.5,7.1
2024-04-26,14,14.8,45.0,1.1,130,39.1,63.0,4.3
2024-04-26,15,24.1,59.1,0.4,114,36.4,50.3,5.0
2024-04-26,16,24.2,47.7,1.5,91,19.2,38.4,6.2
2024-04-26,17,28.7,44.0,1.9,124,46.6,47.7,6.5
2024-04-26,18,27.6,43.0,0.3,61,17.5,50.3,5.2
2024-04-26,19,23.5,43.0,1.0,79,32.6,55.7,6.3
2024-04-26,20,24.8,52.8,3.3,98,42.1,53.3,4.8
2024-04-26,21,13.0,51.6,1.0,76,29.2,58.5,5.8
2024-04-26,22,16.0,54.8,0.9,74,11.1,29.8,6.6
2024-04-26,23,11.2,28.6,0.1,87,28.6,63.2,6.0
2024-04-26,24,18.8,60.7,0.5,95,40.6,80.1,4.4
2024-04-26,25,16.3,40.3,3.3,116,39.1,80.8,5.6
2024-04-26,26,7.4,48.6,4.2,144,32.4,95.4,8.3
2024-04-26,27,12.9,45.6,3.1,139,53.5,106.6,4.4
2024-04-26,28,26.0,37.4,1.6,85,18.1,60.4,7.8
2024-04-26,29,25.7,48.6,0.1,89,26.8,69.5,6.1
2024-04-26,30,24.6,61.9,5.3,20,5,10.2,8.5
2024-04-26,31,23.1,42.1,0.6,43,16.2,18.3,9.0
2024-04-26,32,7.8,40.8,2.2,80,16.7,62.7,5.3
2024-04-26,33,15.6,52.0,3.9,104,30.4,65.9,3.7
2024-04-26,34,14.0,52.3,2.1,107,20.4,81.0,8.4
2024-04-26,35,24.3,48.8,21.4,121,40.0,94.3,4.9
2024-04-27,1,29.7,42.0,11.3,94,37.5,53.1,6.8
2024-04-27,2,23.2,40.1,1.2,88,14.8,74.3,4.7
2024-04-27,3,29.9,40.1,0.1,68,18.5,37.8,5.0
2024-04-27,4,27.1,31.4,2.4,83,23.5,69.4,7.3
2024-04-27,5,24.9,51.9,5.0,85,34.6,40.8,4.5
2024-04-27,6,22.5,52.8,1.8,88,28.0,73.8,4.8
2024-04-27,7,22.6,56.7,5.2,99,41.7,52.0,6.1
2024-04-27,8,29.5,47.5,0.2,57,9.3,26.4,6.2
2024-04-27,9,26.7,44.4,10.4,58,23.4,32.3,6.8
2024-04-27,10,27.5,53.4,0.4,29,12.2,15.6,6.5
2024-04-27,11,13.7,43.6,0.6,124,28.4,92.3,5.8
2024-04-27,12,14.4,38.0,1.2,105,40.7,57.3,5.5
2024-04-27,13,17.0,39.2,0.7,93,33.6,78.0,7.1
2024-04-27,14,17.3,50.2,0.1,135,39.8,97.3,5.1
2024-04-27,15,24.1,45.9,2.9,104,43.5,73.4,6.4
2024-04-27,16,28.2,26.8,1.8,96,28.9,62.1,6.9
2024-04-27,17,23.5,58.1,10.4,109,44.3,57.4,6.1
2024-04-27,18,24.8,36.1,0.2,64,18.0,22.8,5.6
2024-04-27,19,23.3,63.0,10.9,76,33.8,46.9,6.3
2024-04-27,20,22.3,55.0,4.9,117,40.7,61.3,5.1
2024-04-27,21,12.9,45.2,0.5,86,22.5,60.5,6.5
2024-04-27,22,16.3,50.7,1.2,60,14.8,32.7,6.4
2024-04-27,23,14.9,52.2,0.1,73,21.7,57.1,5.6
2024-04-27,24,17.8,44.1,0.4,113,28.2,50.0,3.6
2024-04-27,25,17.2,52.7,0.1,96,21.8,66.5,5.0
2024-04-27,26,14.7,40.7,0.7,108,34.2,49.4,6.5
2024-04-27,27,12.6,57.0,1.1,137,44.6,62.7,4.2
2024-04-27,28,27.0,36.9,4.5,85,25.7,37.4,6.0
2024-04-27,29,26.0,41.2,0.4,33,6.6,13.2,5.0
2024-04-27,30,24.0,51.2,0.4,50,11.5,26.8,7.6
2024-04-27,31,23.6,53.9,2.2,28,9.4,16.0,8.5
2024-04-27,32,13.6,45.3,0.7,107,27.4,69.3,5.6
2024-04-27,33,14.1,50.3,2.8,89,21.4,74.7,3.3
2024-04-27,34,17.3,55.2,0.2,64,19.0,51.7,7.4
2024-04-27,35,19.8,54.2,22.5,62,20.3,21.8,4.4
2024-04-28,1,26.7,46.7,0.2,98,40.8,48.4,6.3
2024-04-28,2,27.1,47.9,2.5,119,22.8,91.5,5.3
2024-04-28,3,22.6,36.0,2.0,75,31.7,63.6,4.8
2024-04-28,4,25.6,26.8,0.9,119,49.4,95.5,7.5
2024-04-28,5,25.4,38.7,7.1,51,21.8,20.0,5.4
2024-04-28,6,27.2,46.3,4.7,70,26.3,55.0,4.3
2024-04-28,7,26.0,46.6,1.4,30,9.7,20.4,6.3
2024-04-28,8,23.9,48.2,3.0,86,37.3,48.4,6.3
2024-04-28,9,28.1,39.8,2.0,54,16.3,43.6,5.0
2024-04-28,10,27.5,65.5,0.2,39,11.3,22.5,4.9
2024-04-28,11,17.0,47.8,0.8,109,44.0,44.0,6.1
2024-04-28,12,20.6,46.4,0.5,147,35.2,117.2,5.5
2024-04-28,13,18.2,57.3,0.9,119,24.2,60.4,6.8
2024-04-28,14,17.7,54.6,0.2,129,42.8,63.5,5.0
2024-04-28,15,28.9,47.4,10.5,85,14.5,48.1,5.5
2024-04-28,16,28.0,46.4,2.6,102,26.6,64.0,7.0
2024-04-28,17,22.4,45.4,3.7,79,27.3,44.8,8.0
2024-04-28,18,24.2,48.3,15.4,86,33.1,41.5,5.5
2024-04-28,19,20.1,50.0,5.0,83,12.6,37.0,5.0
2024-04-28,20,24.0,51.9,4.2,95,39.4,35.5,4.9
2024-04-28,21,13.0,41.8,0.6,88,15.2,65.7,6.9
2024-04-28,22,10.3,43.3,3.0,138,59.5,97.5,6.3
2024-04-28,23,12.0,53.0,0.0,98,15.6,68.1,5.8
2024-04-28,24,16.3,47.9,0.0,80,20.6,51.2,5.2
2024-04-28,25,11.2,45.9,0.1,108,32.8,52.6,4.9
2024-04-28,26,14.3,52.3,0.9,117,22.9,91.8,6.4
2024-04-28,27,15.2,60.6,2.3,88,26.1,71.1,4.5
2024-04-28,28,28.1,38.1,1.3,103,31.6,58.0,7.6
2024-04-28,29,25.9,54.6,0.5,104,15.6,38.1,6.0
2024-04-28,30,30.9,53.4,3.1,42,6.9,26.0,7.6
2024-04-28,31,26.3,40.4,3.8,98,41.3,39.0,7.5
2024-04-28,32,14.8,46.6,1.4,115,47.6,46.6,4.8
2024-04-28,33,10.2,59.2,0.9,74,30.3,30.5,3.6
2024-04-28,34,17.5,31.6,0.8,91,18.4,66.5,6.6
2024-04-28,35,17.4,57.5,0.9,97,37.5,63.8,6.0
2024-04-29,1,25.3,47.1,0.3,65,28.2,32.4,6.0
2024-04-29,2,32.1,61.2,4.4,132,52.9,69.9,5.0
2024-04-29,3,25.6,39.8,2.1,83,26.2,67.0,5.8
2024-04-29,4,21.6,41.3,3.7,59,14.4,38.4,8.2
2024-04-29,5,26.1,44.1,3.5,62,21.9,23.9,4.2
2024-04-29,6,23.2,50.5,1.3,98,23.9,77.4,4.4
2024-04-29,7,23.7,46.7,1.6,56,10.1,34.8,7.4
2024-04-29,8,28.4,61.3,2.3,63,20.7,50.9,6.3
2024-04-29,9,28.6,45.0,9.6,41,6.7,29.5,7.4
2024-04-29,10,23.0,42.7,8.7,53,16.9,35.1,6.2
2024-04-29,11,17.4,33.3,1.2,110,18.1,51.6,5.8
2024-04-29,12,17.7,48.4,0.8,101,29.0,61.8,4.6
2024-04-29,13,14.8,38.4,0.9,128,28.9,80.4,7.0
2024-04-29,14,11.5,50.9,0.2,129,26.6,81.6,5.3
2024-04-29,15,29.6,47.3,2.8,81,21.0,31.0,5.5
2024-04-29,16,25.1,32.5,5.6,138,40.6,105.3,6.5
2024-04-29,17,27.0,57.6,7.0,66,13.3,24.4,6.9
2024-04-29,18,27.8,46.6,15.1,82,26.9,62.4,6.1
2024-04-29,19,24.4,49.4,2.5,115,49.7,95.3,5.2
2024-04-29,20,26.8,49.8,1.6,85,23.8,71.1,4.4
2024-04-29,21,16.1,50.7,1.5,102,43.1,47.6,7.0
2024-04-29,22,14.7,47.0,3.4,81,15.8,32.9,6.1
2024-04-29,23,14.3,45.4,0.0,70,17.4,30.0,6.2
2024-04-29,24,16.9,48.7,0.1,49,20.4,28.5,5.1
2024-04-29,25,10.0,51.7,3.6,122,42.9,95.0,5.7
2024-04-29,26,17.0,47.4,3.5,95,15.1,77.8,6.2
2024-04-29,27,10.3,41.8,0.4,171,58.5,117.7,4.6
2024-04-29,28,23.5,47.6,5.9,87,25.8,48.7,7.1
2024-04-29,29,26.3,57.7,7.7,108,39.8,61.7,6.0
2024-04-29,30,23.6,46.4,1.0,67,16.6,56.4,7.9
2024-04-29,31,31.2,42.3,1.9,21,5,11.4,8.1
2024-04-29,32,13.9,30.5,3.1,89,38.8,40.3,5.0
2024-04-29,33,13.6,43.2,1.9,86,14.0,70.2,4.1
2024-04-29,34,20.3,31.1,2.9,82,34.9,58.1,7.8
2024-04-29,35,18.4,42.1,5.1,69,15.9,54.6,3.8
2024-04-30,1,26.1,53.8,4.2,107,47.4,67.4,6.4
2024-04-30,2,23.2,62.8,3.7,124,28.7,66.6,6.2
2024-04-30,3,27.0,45.7,1.6,72,29.7,25.7,6.9
2024-04-30,4,27.1,60.8,1.7,65,15.3,45.5,6.7
2024-04-30,5,24.1,64.8,1.6,75,26.5,53.4,5.1
2024-04-30,6,28.3,50.5,7.9,137,28.9,115.7,5.6
2024-04-30,7,24.5,45.8,11.3,42,10.2,35.4,8.0
2024-04-30,8,23.7,38.3,2.0,45,18.3,17.2,6.6
2024-04-30,9,29.2,54.8,3.0,46,10.9,23.3,6.4
2024-04-30,10,23.0,34.0,0.1,80,29.2,44.6,4.8
2024-04-30,11,19.9,47.1,1.2,124,46.7,58.8,5.2
2024-04-30,12,13.9,47.7,1.8,120,34.2,61.7,5.9
2024-04-30,13,13.6,65.7,0.3,147,22.9,72.4,7.2
2024-04-30,14,19.3,44.0,1.0,150,52.6,118.2,4.0
2024-04-30,15,28.6,51.6,4.5,104,45.5,59.1,7.9
2024-04-30,16,26.5,48.1,4.5,90,23.2,56.2,4.5
2024-04-30,17,25.1,43.0,12.4,112,34.0,86.3,6.4
2024-04-30,18,22.2,43.5,5.5,89,22.1,65.6,6.1
2024-04-30,19,27.9,35.1,10.7,115,37.0,62.7,6.1
2024-04-30,20,26.2,56.1,1.5,84,22.5,30.0,5.2
2024-04-30,21,10.8,42.1,1.3,93,22.7,57.2,6.6
2024-04-30,22,13.9,51.8,0.8,73,11.7,50.5,6.2
2024-04-30,23,12.9,49.0,0.1,102,20.2,85.9,5.9
2024-04-30,24,14.5,51.5,0.0,57,11.7,22.8,4.6
2024-04-30,25,14.7,47.8,0.5,133,20.2,106.5,4.8
2024-04-30,26,14.2,52.0,0.1,100,19.7,44.5,5.7
2024-04-30,27,12.0,54.0,0.3,139,44.4,73.6,3.8
2024-04-30,28,28.2,61.4,3.2,62,23.0,37.5,6.2
2024-04-30,29,23.6,49.6,3.5,104,17.0,73.8,6.0
2024-04-30,30,23.9,37.3,14.2,59,17.7,21.7,7.8
2024-04-30,31,23.6,39.8,2.0,58,20.0,24.5,7.6
2024-04-30,32,14.5,46.2,3.1,76,14.7,51.0,5.4
2024-04-30,33,13.6,54.9,5.2,80,34.6,51.3,3.7
2024-04-30,34,14.2,30.4,0.1,103,37.7,65.5,7.6
2024-04-30,35,21.1,63.9,3.8,94,24.4,33.8,5.7
2024-05-01,1,29.6,37.6,0.3,88,16.1,40.2,6.0
2024-05-01,2,26.8,55.1,3.8,133,38.1,84.6,5.8
2024-05-01,3,33.0,46.8,6.4,65,11.5,26.6,5.1
2024-05-01,4,30.7,48.4,0.1,68,12.6,25.9,7.3
2024-05-01,5,29.3,61.6,0.9,62,23.1,25.3,4.8
2024-05-01,6,29.3,48.7,19.0,86,36.7,34.1,4.6
2024-05-01,7,30.7,46.1,9.7,25,11.0,13.7,7.5
2024-05-01,8,22.2,67.2,3.8,46,20.3,33.1,7.3
2024-05-01,9,28.5,44.3,10.0,35,8.3,23.5,4.6
2024-05-01,10,26.8,54.9,23.5,20,5,12.7,5.7
2024-05-01,11,19.0,57.5,0.2,108,24.0,88.6,4.4
2024-05-01,12,22.9,40.9,2.1,98,18.7,57.2,6.0
2024-05-01,13,24.4,39.2,1.5,121,41.9,49.9,7.7
2024-05-01,14,22.9,46.7,0.9,141,52.8,112.7,6.4
2024-05-01,15,31.5,58.9,8.0,76,28.2,28.1,5.7
2024-05-01,16,32.9,49.8,2.2,85,26.6,65.6,6.2
2024-05-01,17,31.7,50.0,2.8,97,20.4,69.2,6.8
2024-05-01,18,32.0,43.8,14.7,120,28.0,50.5,6.1
2024-05-01,19,33.5,51.8,25.6,41,16.2,18.4,6.3
2024-05-01,20,26.2,36.8,0.0,97,17.7,77.3,5.2
2024-05-01,21,22.1,53.9,0.0,38,10.4,30.8,5.0
2024-05-01,22,17.5,45.1,1.2,71,20.6,45.8,7.0
2024-05-01,23,26.0,42.0,0.8,96,32.9,69.0,6.5
2024-05-01,24,26.9,38.5,1.0,41,16.4,26.7,4.7
2024-05-01,25,19.6,43.5,6.8,120,32.7,63.1,4.7
2024-05-01,26,18.6,39.6,1.4,89,33.6,53.7,7.4
2024-05-01,27,15.4,52.8,0.3,104,27.8,62.9,4.3
2024-05-01,28,27.8,63.4,0.9,82,19.2,48.0,5.9
2024-05-01,29,29.5,53.8,1.0,103,36.6,74.1,6.0
2024-05-01,30,30.1,62.2,18.0,71,31.8,32.0,8.1
2024-05-01,31,29.5,54.0,6.3,95,37.5,65.9,7.5
2024-05-01,32,19.1,44.7,0.5,74,13.4,54.9,4.4
2024-05-01,33,20.0,41.3,1.1,112,32.8,51.4,4.8
2024-05-01,34,20.0,49.3,2.6,64,13.1,23.7,7.3
2024-05-01,35,24.9,57.4,1.2,53,17.5,33.9,4.9
2024-05-02,1,28.7,40.8,7.3,76,31.6,33.3,7.8
2024-05-02,2,26.7,54.9,2.1,95,19.8,37.3,5.8
2024-05-02,3,29.8,37.3,10.3,89,16.8,43.7,6.0
2024-05-02,4,27.6,43.3,0.3,96,41.9,45.4,7.6
2024-05-02,5,25.6,42.4,6.4,58,10.2,22.1,4.4
2024-05-02,6,29.9,40.1,8.3,91,36.6,45.3,5.1
2024-05-02,7,31.7,44.0,1.4,67,17.2,54.1,7.4
2024-05-02,8,28.9,59.7,20.6,32,10.0,23.6,7.6
2024-05-02,9,28.6,48.7,0.2,90,16.7,40.4,6.3
2024-05-02,10,32.7,47.8,9.6,74,14.5,49.0,5.5
2024-05-02,11,25.4,64.1,3.3,123,48.5,51.1,6.7
2024-05-02,12,26.0,36.9,3.7,134,31.7,82.1,6.2
2024-05-02,13,20.1,54.2,0.4,129,57.0,80.1,6.6
2024-05-02,14,26.3,56.0,0.2,122,37.8,49.9,4.9
2024-05-02,15,26.7,37.5,0.6,84,29.7,38.1,6.2
2024-05-02,16,33.6,36.5,4.5,96,20.7,60.6,6.6
2024-05-02,17,27.5,45.8,35.7,91,21.7,61.4,6.4
2024-05-02,18,31.5,61.2,0.1,44,19.7,29.7,5.9
2024-05-02,19,31.6,58.6,7.2,86,24.2,34.9,6.3
2024-05-02,20,31.6,51.0,1.5,40,17.5,22.5,6.2
2024-05-02,21,23.5,51.7,2.2,99,35.9,44.3,6.5
2024-05-02,22,23.6,46.6,11.0,79,34.8,65.8,7.4
2024-05-02,23,25.9,55.4,0.4,79,16.2,50.1,6.0
2024-05-02,24,24.0,53.8,0.6,74,29.8,42.8,4.9
2024-05-02,25,20.9,39.8,0.4,104,40.3,53.7,5.1
2024-05-02,26,19.0,51.6,5.8,135,40.2,100.9,6.6
2024-05-02,27,25.7,56.7,1.7,163,35.6,138.4,4.3
2024-05-02,28,31.4,60.9,7.7,43,12.3,27.9,7.1
2024-05-02,29,30.0,70.6,2.3,84,29.4,43.5,5.9
2024-05-02,30,25.4,55.7,20.7,51,13.8,34.0,7.6
2024-05-02,31,31.4,44.9,5.4,48,21.0,31.2,8.5
2024-05-02,32,20.8,53.2,4.0,60,20.2,44.9,5.6
2024-05-02,33,20.5,55.4,0.3,81,16.6,32.4,4.2
2024-05-02,34,15.0,40.3,9.4,97,37.2,42.0,7.4
2024-05-02,35,20.8,57.0,4.8,72,25.2,51.0,4.5
2024-05-03,1,32.8,44.5,9.4,89,27.8,55.3,6.4
2024-05-03,2,30.0,56.0,15.4,84,13.4,44.8,5.4
2024-05-03,3,29.9,35.7,1.7,57,22.7,24.3,5.5
2024-05-03,4,29.8,50.7,0.5,84,21.9,43.6,7.2
2024-05-03,5,27.7,45.3,7.0,94,29.6,35.0,4.8
2024-05-03,6,27.2,57.7,10.0,86,34.8,71.1,4.4
2024-05-03,7,28.5,63.2,18.0,57,10.4,37.9,8.0
2024-05-03,8,27.1,48.3,20.6,44,8.6,28.9,7.6
2024-05-03,9,25.5,44.9,5.6,24,8.4,12.8,6.7
2024-05-03,10,22.3,58.0,11.7,79,34.3,63.0,5.0
2024-05-03,11,24.2,43.0,1.6,124,53.7,59.8,6.2
2024-05-03,12,19.3,48.9,1.1,112,32.2,79.8,5.4
2024-05-03,13,16.8,54.9,5.3,105,23.0,59.2,6.8
2024-05-03,14,16.0,54.2,7.3,135,59.2,105.3,4.8
2024-05-03,15,27.2,46.7,0.3,87,38.6,34.0,6.3
2024-05-03,16,25.2,53.0,2.9,102,28.9,57.2,5.0
2024-05-03,17,25.7,40.0,11.2,69,23.8,30.8,7.1
2024-05-03,18,33.0,49.7,3.0,78,28.7,55.6,4.7
2024-05-03,19,25.2,56.6,7.0,36,5.8,25.5,4.2
2024-05-03,20,28.1,60.5,11.4,86,19.6,59.2,5.3
2024-05-03,21,24.1,49.3,2.2,110,43.4,84.8,5.8
2024-05-03,22,20.7,46.3,1.2,68,15.4,56.9,5.9
2024-05-03,23,28.1,49.8,0.2,74,21.1,52.7,5.9
2024-05-03,24,27.1,64.1,0.5,76,23.3,38.2,4.5
2024-05-03,25,24.4,34.6,0.2,127,36.0,77.6,3.8
2024-05-03,26,21.2,62.2,0.1,115,33.0,61.4,6.6
2024-05-03,27,23.5,34.6,2.1,106,32.3,88.4,3.5
2024-05-03,28,29.8,55.7,7.6,75,23.2,29.8,6.1
2024-05-03,29,32.6,57.8,4.9,113,50.5,58.5,5.8
2024-05-03,30,26.4,46.5,0.6,85,21.2,32.6,9.4
2024-05-03,31,30.6,50.9,2.1,95,34.9,38.7,7.8
2024-05-03,32,20.6,49.3,0.0,49,15.0,31.6,5.0
2024-05-03,33,17.9,54.0,3.4,99,17.5,43.3,4.3
2024-05-03,34,18.5,48.8,10.9,54,20.6,27.5,7.6
2024-05-03,35,18.2,55.6,5.4,94,24.6,42.7,5.6
2024-05-04,1,33.1,57.5,0.3,90,28.4,64.4,6.7
2024-05-04,2,30.5,63.9,11.9,129,55.0,45.9,6.1
2024-05-04,3,31.7,56.4,1.3,80,26.6,46.8,3.9
2024-05-04,4,30.1,48.7,2.2,94,21.2,37.8,6.5
2024-05-04,5,30.7,43.6,7.9,86,29.6,47.5,4.6
2024-05-04,6,31.0,51.5,24.6,81,18.4,28.7,5.1
2024-05-04,7,25.6,43.1,3.2,33,10.6,13.7,7.3
2024-05-04,8,29.0,61.0,2.7,28,8.0,11.0,6.8
2024-05-04,9,28.9,52.8,7.7,66,23.7,40.5,6.3
2024-05-04,10,32.2,56.5,0.5,37,8.8,21.5,5.7
2024-05-04,11,20.4,58.3,0.5,120,39.0,100.1,7.3
2024-05-04,12,17.2,59.5,2.4,132,30.6,62.1,4.4
2024-05-04,13,25.8,57.5,3.7,163,45.9,137.5,7.4
2024-05-04,14,26.0,41.0,2.8,106,22.0,62.5,6.1
2024-05-04,15,32.2,33.3,0.0,78,19.4,61.5,6.8
2024-05-04,16,26.7,39.2,16.7,56,18.8,38.9,4.8
2024-05-04,17,23.4,51.1,19.2,80,24.5,66.8,6.8
2024-05-04,18,31.2,49.4,1.3,74,22.4,44.8,6.1
2024-05-04,19,29.5,54.7,1.1,81,21.4,29.8,5.5
2024-05-04,20,34.1,53.2,2.4,59,15.9,22.2,4.2
2024-05-04,21,22.6,72.2,0.1,105,44.0,61.9,4.5
2024-05-04,22,22.0,56.4,4.2,102,40.0,45.9,6.8
2024-05-04,23,28.2,55.4,0.3,85,15.7,33.2,5.7
2024-05-04,24,28.2,46.3,0.7,94,26.0,41.5,5.4
2024-05-04,25,14.9,49.0,0.5,116,29.8,95.8,4.4
2024-05-04,26,15.4,57.7,8.3,79,18.0,47.5,6.7
2024-05-04,27,19.3,49.8,13.4,119,53.2,89.9,4.0
2024-05-04,28,30.4,51.6,4.1,73,20.5,47.2,7.0
2024-05-04,29,29.6,55.2,7.7,70,30.0,34.1,5.8
2024-05-04,30,34.9,36.9,32.5,20,6.8,15.2,7.5
2024-05-04,31,32.7,41.2,11.8,34,9.7,16.8,6.8
2024-05-04,32,18.4,51.8,2.0,83,19.8,52.9,5.6
2024-05-04,33,17.4,44.1,12.7,88,20.3,43.5,4.9
2024-05-04,34,13.8,45.1,5.6,97,25.1,70.3,7.9
2024-05-04,35,17.0,49.5,5.0,104,22.1,42.1,4.3
2024-05-05,1,32.2,52.1,19.9,83,22.6,55.0,7.6
2024-05-05,2,23.8,54.8,11.6,66,20.3,50.0,6.3
2024-05-05,3,31.7,55.8,10.4,58,17.0,27.1,6.1
2024-05-05,4,29.8,58.2,8.5,90,37.6,71.1,6.6
2024-05-05,5,25.9,45.8,1.5,82,33.8,48.4,6.4
2024-05-05,6,34.4,62.1,20.9,106,26.5,74.4,4.2
2024-05-05,7,32.6,47.0,21.4,74,20.3,57.9,7.9
2024-05-05,8,29.7,50.0,1.6,58,17.3,33.9,7.6
2024-05-05,9,21.6,37.3,4.9,84,30.6,64.1,5.8
2024-05-05,10,24.9,51.8,2.4,83,36.1,59.3,5.0
2024-05-05,11,28.6,43.7,0.4,91,34.6,64.2,6.2
2024-05-05,12,23.0,54.9,3.0,84,15.2,64.3,5.9
2024-05-05,13,22.8,41.5,1.2,126,50.5,81.6,6.2
2024-05-05,14,22.0,53.6,6.8,94,22.7,71.7,4.0
2024-05-05,15,28.3,41.7,3.5,135,30.3,106.4,4.8
2024-05-05,16,28.0,64.0,20.4,97,28.8,40.5,5.6
2024-05-05,17,32.0,58.2,8.5,84,18.7,44.6,7.4
2024-05-05,18,25.6,48.9,9.4,80,30.7,48.2,6.5
2024-05-05,19,34.2,52.2,24.0,89,30.9,67.5,6.6
2024-05-05,20,32.6,43.7,7.7,90,20.7,52.0,4.5
2024-05-05,21,20.5,58.7,0.2,80,32.2,42.9,6.0
2024-05-05,22,19.8,36.8,0.5,98,38.4,56.3,6.5
2024-05-05,23,24.5,34.9,0.5,94,31.1,66.2,5.1
2024-05-05,24,23.7,63.5,0.0,62,9.7,48.3,4.8
2024-05-05,25,21.4,50.3,1.3,131,28.1,58.7,5.4
2024-05-05,26,15.3,56.5,11.4,88,32.9,43.8,6.0
2024-05-05,27,19.1,45.7,3.5,107,30.7,70.8,4.1
2024-05-05,28,32.0,46.2,5.1,87,22.6,43.5,6.0
2024-05-05,29,28.2,54.4,0.3,69,24.7,41.3,8.0
2024-05-05,30,29.5,43.0,4.0,51,11.6,18.1,8.1
2024-05-05,31,27.4,46.9,5.0,35,5.5,21.8,8.8
2024-05-05,32,24.0,47.8,0.7,93,36.1,59.1,4.7
2024-05-05,33,27.8,46.1,16.2,58,11.5,38.9,3.2
2024-05-05,34,16.4,42.6,4.7,45,12.3,31.6,6.5
2024-05-05,35,23.6,51.6,4.8,67,11.6,44.9,5.9
2024-05-06,1,29.7,49.8,2.1,54,12.2,25.0,5.7
2024-05-06,2,29.9,57.9,0.4,81,21.2,48.6,6.2
2024-05-06,3,29.2,39.6,4.8,59,15.7,23.2,5.3
2024-05-06,4,28.1,45.8,3.4,77,18.1,37.3,7.4
2024-05-06,5,33.6,58.7,23.8,69,24.8,44.0,5.2
2024-05-06,6,29.6,51.2,15.0,74,12.2,59.7,5.7
2024-05-06,7,28.6,39.3,1.7,60,15.4,36.5,7.9
2024-05-06,8,32.9,58.5,11.7,40,15.2,17.9,6.3
2024-05-06,9,33.8,39.3,2.6,55,18.9,22.8,6.2
2024-05-06,10,28.6,51.5,1.8,45,8.9,35.9,5.1
2024-05-06,11,19.0,52.9,2.0,121,32.4,77.8,6.6
2024-05-06,12,22.8,51.8,3.6,115,39.8,54.0,5.7
2024-05-06,13,18.2,31.7,3.0,130,45.5,83.4,7.9
2024-05-06,14,21.4,40.5,0.7,156,52.9,68.5,5.1
2024-05-06,15,31.0,45.6,9.2,85,21.2,58.0,5.6
2024-05-06,16,29.8,57.8,1.1,89,18.6,44.6,5.1
2024-05-06,17,29.7,45.7,0.2,94,33.9,56.3,6.6
2024-05-06,18,34.6,41.9,14.9,64,16.2,54.0,5.8
2024-05-06,19,30.5,38.3,8.2,107,31.2,54.4,5.9
2024-05-06,20,27.5,54.8,0.4,102,16.2,78.9,4.8
2024-05-06,21,18.4,50.1,0.1,108,22.1,42.6,5.9
2024-05-06,22,27.0,48.9,0.4,73,29.7,30.4,5.8
2024-05-06,23,18.5,49.5,1.1,87,16.0,62.3,6.1
2024-05-06,24,26.8,38.8,0.4,70,28.5,25.0,4.4
2024-05-06,25,22.0,40.5,3.5,120,46.8,88.2,5.2
2024-05-06,26,20.7,53.3,0.8,112,35.7,59.6,7.1
2024-05-06,27,15.7,53.3,1.1,114,36.5,95.2,4.1
2024-05-06,28,26.3,41.2,1.5,76,28.2,32.4,6.5
2024-05-06,29,28.3,75.7,2.7,87,31.9,60.7,6.9
2024-05-06,30,31.1,49.0,4.8,56,16.4,38.2,6.8
2024-05-06,31,29.7,45.0,11.0,31,8.3,10.9,8.2
2024-05-06,32,25.1,56.2,2.4,63,17.3,38.2,6.2
2024-05-06,33,16.3,49.2,1.6,89,15.5,32.7,4.3
2024-05-06,34,19.9,49.9,10.1,97,16.2,64.1,7.5
2024-05-06,35,24.9,58.5,1.8,82,13.0,29.1,4.9
2024-05-07,1,26.4,52.0,3.4,108,17.7,42.4,6.7
2024-05-07,2,27.4,55.4,6.1,51,20.9,34.6,5.3
2024-05-07,3,29.3,49.2,9.0,50,12.5,34.3,5.7
2024-05-07,4,33.2,55.6,7.0,123,37.6,61.9,7.2
2024-05-07,5,24.4,65.8,3.0,70,17.8,48.8,5.3
2024-05-07,6,29.1,39.4,2.5,95,34.6,61.0,4.7
2024-05-07,7,26.8,48.2,19.7,94,15.6,79.3,7.7
2024-05-07,8,30.4,55.6,1.7,82,24.2,66.7,7.5
2024-05-07,9,34.1,66.1,17.5,42,7.7,26.0,5.4
2024-05-07,10,29.5,44.4,0.6,67,17.3,31.9,5.4
2024-05-07,11,28.0,50.6,1.3,108,23.2,54.5,7.2
2024-05-07,12,16.5,43.0,2.1,93,29.7,72.1,5.5
2024-05-07,13,17.3,48.4,0.1,136,29.2,51.3,6.8
2024-05-07,14,17.2,62.0,1.9,88,23.0,64.7,5.2
2024-05-07,15,27.3,47.7,3.0,54,23.6,24.0,7.3
2024-05-07,16,27.9,47.9,7.5,72,20.6,49.6,5.5
2024-05-07,17,30.3,61.4,1.1,71,12.1,41.7,6.2
2024-05-07,18,25.3,48.6,10.1,89,32.7,65.6,4.3
2024-05-07,19,26.5,47.9,10.8,96,39.6,69.9,5.1
2024-05-07,20,29.6,67.8,12.2,56,16.5,38.8,5.4
2024-05-07,21,23.3,43.0,2.6,92,35.8,71.8,4.9
2024-05-07,22,25.2,40.7,2.2,94,40.1,62.0,5.0
2024-05-07,23,23.4,30.6,0.4,50,18.1,36.3,4.8
2024-05-07,24,18.4,46.0,0.4,69,16.1,56.7,5.3
2024-05-07,25,19.7,38.7,1.2,105,28.7,74.6,5.8
2024-05-07,26,19.8,43.4,2.9,117,30.7,53.2,6.5
2024-05-07,27,20.4,45.7,1.6,100,29.7,72.4,3.6
2024-05-07,28,31.7,64.5,9.5,50,8.8,28.6,6.4
2024-05-07,29,30.0,51.5,4.3,92,24.5,72.1,7.4
2024-05-07,30,26.1,44.8,11.3,30,7.4,10.9,8.3
2024-05-07,31,25.6,67.7,15.7,57,15.2,26.5,7.6
2024-05-07,32,23.9,44.7,7.9,32,11.6,16.1,5.3
2024-05-07,33,20.0,44.5,16.5,65,18.4,37.9,4.2
2024-05-07,34,18.8,49.3,2.4,67,29.7,30.6,6.5
2024-05-07,35,21.8,65.6,49.6,111,41.4,61.2,4.7
2024-05-08,1,30.1,47.7,6.3,70,17.0,53.7,6.3
2024-05-08,2,28.8,59.5,6.9,97,25.4,58.6,5.9
2024-05-08,3,33.8,75.9,0.3,77,21.9,55.9,5.0
2024-05-08,4,32.0,60.9,5.6,60,21.0,35.0,7.4
2024-05-08,5,27.1,59.9,2.6,130,30.5,104.1,5.0
2024-05-08,6,28.5,52.8,1.7,85,29.8,49.3,5.1
2024-05-08,7,34.1,53.4,11.3,50,13.1,38.8,6.9
2024-05-08,8,32.4,40.3,0.5,68,28.1,33.2,6.9
2024-05-08,9,31.8,53.6,0.7,20,8.4,12.7,4.9
2024-05-08,10,29.2,45.0,3.5,85,26.0,32.1,6.3
2024-05-08,11,21.8,44.0,1.0,92,20.4,49.3,6.1
2024-05-08,12,20.0,48.2,0.5,95,14.7,61.1,4.4
2024-05-08,13,27.2,50.8,2.1,82,19.4,33.5,6.1
2024-05-08,14,19.0,51.9,3.9,132,24.8,100.3,5.6
2024-05-08,15,30.6,70.1,2.5,87,26.3,32.7,7.0
2024-05-08,16,26.8,54.6,17.7,43,6.7,28.5,5.8
2024-05-08,17,30.3,55.7,10.9,108,34.0,80.8,6.4
2024-05-08,18,29.5,53.5,4.7,105,35.0,43.8,5.6
2024-05-08,19,30.7,54.1,16.6,90,36.9,47.1,5.7
2024-05-08,20,28.9,64.9,7.7,67,25.0,46.4,5.2
2024-05-08,21,21.2,42.2,0.9,66,14.9,29.1,6.2
2024-05-08,22,19.5,31.1,3.2,77,12.7,58.4,6.1
2024-05-08,23,25.3,47.4,0.5,79,35.4,39.7,5.3
2024-05-08,24,23.1,42.0,0.4,66,20.9,43.0,5.3
2024-05-08,25,22.8,66.9,4.5,112,39.0,54.4,3.9
2024-05-08,26,17.7,53.2,1.8,102,25.6,86.2,5.5
2024-05-08,27,12.9,29.3,0.2,130,54.4,81.2,5.4
2024-05-08,28,29.2,47.3,8.1,81,20.8,49.5,6.3
2024-05-08,29,32.2,61.9,6.8,92,39.2,69.4,6.8
2024-05-08,30,33.3,64.0,1.4,40,13.0,26.8,7.8
2024-05-08,31,28.4,41.6,0.1,46,18.6,32.3,7.7
2024-05-08,32,17.8,38.9,2.8,60,14.1,28.3,6.0
2024-05-08,33,21.9,50.5,9.1,87,25.9,36.8,4.1
2024-05-08,34,24.6,39.4,1.3,105,21.7,38.1,7.8
2024-05-08,35,18.6,49.5,3.3,73,25.3,55.2,6.7
2024-05-09,1,31.2,43.3,5.2,67,16.9,27.1,6.1
2024-05-09,2,27.6,49.0,5.6,109,21.8,84.7,5.2
2024-05-09,3,26.5,34.2,13.5,105,32.2,54.6,6.4
2024-05-09,4,28.9,71.0,3.0,66,27.9,53.1,7.8
2024-05-09,5,28.1,40.2,31.9,76,31.1,57.2,5.5
2024-05-09,6,26.0,49.7,21.2,102,22.8,75.3,4.8
2024-05-09,7,25.3,44.8,17.6,83,22.0,61.6,6.9
2024-05-09,8,27.7,50.3,3.4,41,6.8,17.3,7.4
2024-05-09,9,31.3,43.4,3.1,37,15.4,13.4,5.6
2024-05-09,10,28.5,45.9,5.3,77,14.3,51.8,6.5
2024-05-09,11,25.8,57.4,0.9,99,17.2,82.7,5.6
2024-05-09,12,18.5,52.9,3.9,99,33.0,50.4,4.8
2024-05-09,13,24.6,54.1,1.7,138,46.4,75.4,7.6
2024-05-09,14,21.4,41.4,1.7,58,21.8,31.6,3.7
2024-05-09,15,27.2,41.0,5.7,76,12.8,31.5,7.8
2024-05-09,16,28.3,42.0,22.0,47,10.3,37.6,6.0
2024-05-09,17,26.5,52.6,9.7,71,26.1,28.9,6.3
2024-05-09,18,27.8,52.6,12.5,123,50.9,44.1,5.5
2024-05-09,19,29.9,46.8,8.1,75,18.5,37.7,6.2
2024-05-09,20,36.4,58.0,7.6,50,10.2,17.6,3.9
2024-05-09,21,14.4,39.0,0.8,109,17.9,43.5,7.6
2024-05-09,22,26.1,52.6,2.3,79,33.5,65.1,6.6
2024-05-09,23,21.2,52.1,0.1,87,16.5,33.8,5.4
2024-05-09,24,25.9,44.8,0.0,90,21.8,63.2,3.7
2024-05-09,25,15.8,41.4,0.1,117,51.8,61.4,5.5
2024-05-09,26,16.4,30.3,6.9,85,20.1,31.0,6.3
2024-05-09,27,18.4,59.7,2.8,112,41.4,93.1,3.5
2024-05-09,28,31.0,56.4,10.8,76,22.4,55.7,6.4
2024-05-09,29,27.0,55.2,3.7,61,19.9,37.4,6.7
2024-05-09,30,24.5,52.0,3.3,53,10.7,36.1,7.1
2024-05-09,31,33.2,42.8,27.5,79,22.4,52.6,6.2
2024-05-09,32,23.8,43.0,3.2,92,38.4,52.3,4.4
2024-05-09,33,16.7,69.7,2.3,58,10.6,46.9,4.7
2024-05-09,34,14.9,41.0,0.2,70,11.0,57.9,8.2
2024-05-09,35,23.4,44.4,1.9,67,20.3,45.5,4.7
2024-05-10,1,30.3,50.3,5.9,91,27.3,51.0,6.2
2024-05-10,2,28.1,54.4,9.6,74,25.9,62.2,4.8
2024-05-10,3,30.3,40.4,7.3,69,19.1,50.1,5.0
2024-05-10,4,30.0,41.2,19.6,75,32.6,32.9,7.4
2024-05-10,5,26.7,54.4,7.9,76,27.5,29.8,5.1
2024-05-10,6,33.4,52.5,9.2,73,21.0,29.5,5.3
2024-05-10,7,29.8,49.6,4.4,48,12.9,32.5,8.2
2024-05-10,8,32.3,49.4,2.9,71,12.9,56.8,6.3
2024-05-10,9,28.8,53.5,4.3,43,17.0,28.6,5.9
2024-05-10,10,31.7,57.6,6.7,24,9.0,18.1,4.3
2024-05-10,11,22.7,52.4,10.9,113,31.7,57.2,5.9
2024-05-10,12,23.6,42.2,0.3,91,40.4,48.3,4.5
2024-05-10,13,22.9,56.3,1.2,118,39.2,64.2,7.5
2024-05-10,14,22.6,50.9,0.2,119,24.2,49.5,5.6
2024-05-10,15,30.7,45.7,1.0,81,27.5,34.0,7.0
2024-05-10,16,30.2,40.2,3.2,75,24.2,31.3,6.9
2024-05-10,17,24.6,42.0,25.4,105,39.7,58.3,7.1
2024-05-10,18,31.6,47.4,2.6,82,35.0,49.9,4.7
2024-05-10,19,28.6,29.3,2.5,84,21.9,65.9,5.9
2024-05-10,20,29.3,45.4,9.3,72,32.2,57.8,3.0
2024-05-10,21,24.0,55.6,0.6,68,29.3,36.1,6.5
2024-05-10,22,22.8,52.8,0.2,96,19.4,69.1,6.6
2024-05-10,23,25.9,60.1,0.2,88,31.6,66.3,6.0
2024-05-10,24,26.7,50.8,0.2,86,21.9,68.6,4.8
2024-05-10,25,18.0,55.7,0.3,136,59.9,88.0,3.9
2024-05-10,26,25.1,52.7,6.4,150,22.5,92.5,6.5
2024-05-10,27,19.3,49.8,5.9,96,23.1,40.9,5.8
2024-05-10,28,29.2,49.8,13.9,76,16.9,45.2,7.4
2024-05-10,29,31.2,50.9,4.0,68,23.8,38.6,5.4
2024-05-10,30,28.1,51.0,6.2,32,8.3,24.2,7.4
2024-05-10,31,28.3,59.0,10.1,46,17.0,27.5,7.2
2024-05-10,32,15.5,68.5,4.4,111,39.6,66.0,5.7
2024-05-10,33,18.2,61.0,3.9,64,16.0,48.1,3.3
2024-05-10,34,20.0,56.3,0.9,98,29.4,50.3,7.9
2024-05-10,35,23.8,59.5,37.5,86,19.0,59.9,4.0
2024-05-11,1,24.1,54.8,6.3,72,17.0,53.9,5.0
2024-05-11,2,27.4,59.3,10.1,82,16.5,33.1,7.0
2024-05-11,3,29.0,47.4,2.8,77,12.8,53.5,6.4
2024-05-11,4,26.3,47.1,10.4,97,25.7,36.2,6.4
2024-05-11,5,31.1,60.2,1.3,68,23.4,34.3,5.6
2024-05-11,6,25.7,55.8,0.1,73,11.3,29.1,4.6
2024-05-11,7,25.4,59.7,6.3,54,15.0,35.2,7.0
2024-05-11,8,31.9,54.5,4.5,47,9.5,26.0,8.0
2024-05-11,9,25.7,53.6,8.0,58,20.4,32.5,5.9
2024-05-11,10,29.3,66.3,6.8,56,14.1,25.8,4.8
2024-05-11,11,27.3,42.5,0.1,112,32.9,42.6,5.7
2024-05-11,12,19.4,50.5,0.5,97,26.8,69.8,4.8
2024-05-11,13,17.7,54.9,6.2,97,24.8,61.4,7.6
2024-05-11,14,17.6,56.8,2.7,116,36.4,52.8,4.8
2024-05-11,15,28.6,48.8,5.1,77,17.6,41.0,5.9
2024-05-11,16,29.4,45.4,2.6,57,15.2,35.0,6.5
2024-05-11,17,26.4,44.2,8.0,80,33.4,48.6,6.4
2024-05-11,18,28.9,29.5,21.7,60,23.1,27.0,5.8
2024-05-11,19,32.4,55.6,1.1,59,18.4,43.9,6.2
2024-05-11,20,31.6,44.7,3.7,98,37.3,39.4,3.9
2024-05-11,21,27.0,55.9,2.5,37,6.3,25.3,5.2
2024-05-11,22,19.4,50.6,0.4,47,15.0,20.6,7.0
2024-05-11,23,16.9,34.2,0.0,103,30.8,41.6,6.5
2024-05-11,24,25.4,40.1,0.5,98,38.0,61.8,3.4
2024-05-11,25,22.0,63.8,1.4,50,9.3,22.4,6.0
2024-05-11,26,25.2,50.2,1.1,140,32.6,80.8,6.9
2024-05-11,27,19.8,54.3,7.5,107,22.7,56.1,4.0
2024-05-11,28,32.3,42.8,14.2,77,16.9,55.6,7.0
2024-05-11,29,31.2,54.5,0.4,134,26.2,68.6,6.2
2024-05-11,30,28.2,67.3,0.4,48,21.4,33.0,7.5
2024-05-11,31,30.8,47.4,13.5,35,6.1,28.7,7.1
2024-05-11,32,23.3,56.4,0.5,59,14.0,31.9,5.4
2024-05-11,33,20.3,48.1,2.8,49,18.4,25.7,3.5
2024-05-11,34,23.3,47.3,5.8,89,26.5,61.1,7.8
2024-05-11,35,19.1,56.9,10.2,67,27.1,56.4,5.7
2024-05-12,1,32.9,34.5,4.9,52,10.0,31.9,6.0
2024-05-12,2,31.5,59.0,7.8,85,36.1,33.9,6.2
2024-05-12,3,29.7,48.2,21.6,58,23.2,22.0,4.7
2024-05-12,4,34.8,53.5,5.5,115,24.9,85.3,6.9
2024-05-12,5,32.8,46.7,3.9,51,15.4,40.7,4.8
2024-05-12,6,27.2,44.1,2.3,89,39.2,68.9,4.5
2024-05-12,7,23.6,45.4,7.6,78,28.7,60.3,7.2
2024-05-12,8,30.3,46.7,1.1,57,19.5,30.4,6.8
2024-05-12,9,24.5,45.7,2.7,53,12.4,41.0,6.6
2024-05-12,10,29.9,40.1,4.5,48,15.7,29.6,6.0
2024-05-12,11,23.7,47.7,2.5,108,18.8,72.7,4.9
2024-05-12,12,21.6,47.0,0.0,96,25.4,42.4,5.9
2024-05-12,13,21.0,36.3,0.3,108,40.3,75.2,7.2
2024-05-12,14,25.1,49.3,0.5,132,27.7,67.0,3.4
2024-05-12,15,28.8,60.6,20.2,61,12.1,44.2,5.0
2024-05-12,16,25.7,41.3,8.6,92,24.0,72.6,5.9
2024-05-12,17,32.6,48.2,0.9,104,35.9,87.0,7.1
2024-05-12,18,27.0,63.1,7.6,33,12.7,20.0,5.1
2024-05-12,19,33.3,38.0,4.2,103,24.8,70.8,5.8
2024-05-12,20,26.8,56.7,6.6,59,23.9,27.6,4.6
2024-05-12,21,24.9,47.0,1.1,88,36.3,48.2,6.8
2024-05-12,22,16.7,41.5,1.7,103,18.2,62.8,6.1
2024-05-12,23,24.2,35.1,0.2,66,23.8,25.3,5.1
2024-05-12,24,19.9,55.0,0.0,49,12.3,29.0,3.8
2024-05-12,25,22.8,49.1,0.3,87,25.5,47.4,5.2
2024-05-12,26,17.1,39.5,5.6,95,37.1,56.4,7.4
2024-05-12,27,23.8,57.2,2.1,93,29.1,40.6,4.0
2024-05-12,28,29.9,48.9,18.2,65,23.9,49.1,7.7
2024-05-12,29,31.4,66.7,2.8,75,18.1,32.0,6.4
2024-05-12,30,23.0,46.3,2.3,69,21.0,32.9,6.8
2024-05-12,31,26.4,54.4,5.9,68,16.4,54.9,7.2
2024-05-12,32,22.5,53.8,8.6,50,10.7,40.6,4.9
2024-05-12,33,21.8,53.3,2.0,73,17.4,33.5,3.5
2024-05-12,34,28.2,25.3,11.4,100,34.5,66.3,6.7
2024-05-12,35,21.4,67.6,0.8,75,31.7,44.7,6.1
2024-05-13,1,26.3,56.2,1.6,95,16.0,38.9,6.1
2024-05-13,2,31.3,47.7,1.8,57,10.0,36.6,5.7
2024-05-13,3,27.3,59.4,20.4,56,15.9,42.3,6.7
2024-05-13,4,28.1,46.1,12.6,88,29.3,63.9,6.3
2024-05-13,5,25.2,52.9,8.7,55,24.0,34.3,4.8
2024-05-13,6,34.2,55.1,8.9,40,10.5,23.6,4.4
2024-05-13,7,27.3,41.4,8.5,43,13.2,18.3,7.2
2024-05-13,8,28.7,59.9,24.6,58,19.4,42.9,6.7
2024-05-13,9,28.9,47.6,10.6,27,5.3,16.6,5.7
2024-05-13,10,29.7,49.8,3.3,51,8.7,43.3,5.9
2024-05-13,11,23.0,56.2,1.5,65,25.3,53.6,6.4
2024-05-13,12,21.9,54.2,2.4,114,23.2,71.1,5.4
2024-05-13,13,20.9,47.3,3.5,128,40.5,65.8,6.5
2024-05-13,14,22.9,39.1,1.0,112,43.3,62.9,4.4
2024-05-13,15,32.1,43.9,9.5,86,32.7,66.7,6.2
2024-05-13,16,30.9,44.5,0.7,77,21.8,42.9,5.8
2024-05-13,17,29.7,43.6,7.0,57,24.1,25.9,7.2
2024-05-13,18,29.8,55.4,0.3,74,29.1,30.7,6.0
2024-05-13,19,28.7,48.3,2.1,75,19.7,52.5,5.9
2024-05-13,20,32.7,54.0,29.5,80,26.1,65.3,5.0
2024-05-13,21,23.1,52.5,3.3,100,33.8,53.6,6.0
2024-05-13,22,19.1,47.4,2.6,86,23.7,67.5,6.3
2024-05-13,23,26.0,50.8,0.3,58,25.1,24.9,4.6
2024-05-13,24,24.0,43.5,0.0,41,16.7,18.0,4.5
2024-05-13,25,19.6,62.2,2.9,133,23.0,62.2,5.7
2024-05-13,26,22.6,46.6,6.0,133,57.7,96.5,5.7
2024-05-13,27,19.8,57.7,1.9,120,21.0,59.0,4.2
2024-05-13,28,28.8,40.7,4.3,79,12.7,29.0,7.7
2024-05-13,29,29.0,54.7,6.5,101,35.0,63.0,5.2
2024-05-13,30,28.9,50.6,1.2,83,14.6,46.7,8.3
2024-05-13,31,29.3,51.6,2.5,45,18.5,25.4,7.8
2024-05-13,32,18.5,52.9,15.5,64,27.5,52.3,4.5
2024-05-13,33,26.1,49.1,9.8,83,21.5,37.6,3.8
2024-05-13,34,22.3,46.1,1.7,70,24.6,42.3,6.8
2024-05-13,35,21.3,49.4,3.2,91,32.8,62.4,5.4
2024-05-14,1,26.1,43.1,1.5,52,14.7,31.1,6.5
2024-05-14,2,30.0,42.7,5.3,110,30.6,66.7,5.8
2024-05-14,3,29.8,43.4,2.0,62,13.1,40.7,6.0
2024-05-14,4,23.7,59.2,7.3,80,31.2,33.1,8.0
2024-05-14,5,31.0,53.8,5.0,75,13.1,49.4,5.0
2024-05-14,6,33.4,50.4,0.3,68,11.3,32.9,5.0
2024-05-14,7,22.7,49.6,6.5,20,6.8,10.2,6.1
2024-05-14,8,27.2,41.1,3.7,51,22.1,33.3,6.0
2024-05-14,9,29.9,50.2,2.2,55,23.2,45.1,5.6
2024-05-14,10,27.3,48.8,11.4,20,5,10,6.4
2024-05-14,11,24.2,46.1,1.4,132,34.6,60.0,6.6
2024-05-14,12,24.9,52.2,5.8,93,19.5,38.3,5.2
2024-05-14,13,23.0,37.2,1.0,98,24.5,48.2,8.3
2024-05-14,14,17.3,56.6,1.9,92,24.9,75.0,5.3
2024-05-14,15,28.0,38.9,13.4,115,24.7,61.6,5.8
2024-05-14,16,30.4,47.3,16.5,49,13.8,30.6,7.3
2024-05-14,17,27.9,41.2,4.7,86,16.8,47.7,7.2
2024-05-14,18,27.1,49.7,23.1,67,16.0,26.3,5.8
2024-05-14,19,28.1,47.4,5.1,102,32.0,61.9,6.3
2024-05-14,20,30.6,66.1,2.0,68,17.5,38.1,5.8
2024-05-14,21,26.4,46.4,1.6,63,16.9,26.0,6.2
2024-05-14,22,24.2,50.5,2.1,63,27.9,37.7,5.9
2024-05-14,23,25.5,56.7,0.1,103,16.8,39.0,6.2
2024-05-14,24,19.6,57.7,0.6,91,26.7,61.9,3.3
2024-05-14,25,15.0,43.8,0.8,143,37.7,100.9,5.7
2024-05-14,26,25.0,31.4,4.2,154,63.2,74.6,6.7
2024-05-14,27,16.7,34.2,0.4,130,52.7,92.5,4.5
2024-05-14,28,30.0,44.8,5.5,100,17.8,60.3,6.0
2024-05-14,29,29.7,54.5,5.7,95,30.4,68.6,6.3
2024-05-14,30,26.1,52.2,0.5,58,10.6,24.4,7.5
2024-05-14,31,27.0,62.7,1.0,60,10.5,23.2,7.5
2024-05-14,32,19.2,50.2,6.0,92,20.1,49.3,4.9
2024-05-14,33,19.9,43.6,1.3,91,25.9,33.2,4.1
2024-05-14,34,23.3,38.5,2.3,46,14.0,26.7,7.5
2024-05-14,35,22.6,50.9,2.9,99,33.0,38.6,4.5
2024-05-15,1,31.5,66.7,0.9,123,44.6,104.0,6.6
2024-05-15,2,30.7,52.7,6.3,56,9.3,30.0,6.4
2024-05-15,3,32.0,47.6,27.7,99,23.6,55.3,6.2
2024-05-15,4,30.3,52.8,10.1,102,41.7,49.4,6.3
2024-05-15,5,25.8,39.1,10.6,103,36.5,68.3,5.0
2024-05-15,6,29.4,33.7,14.2,95,37.4,39.4,4.7
2024-05-15,7,33.3,42.4,18.7,62,26.5,32.8,8.0
2024-05-15,8,28.4,61.8,10.5,56,15.9,24.1,7.4
2024-05-15,9,32.9,54.6,5.4,45,10.4,32.5,4.7
2024-05-15,10,28.2,52.4,33.0,67,15.0,42.5,5.4
2024-05-15,11,21.5,54.8,2.8,109,19.0,47.7,6.2
2024-05-15,12,25.0,46.2,0.3,115,36.8,40.7,5.5
2024-05-15,13,18.7,53.0,2.1,105,25.7,70.5,6.5
2024-05-15,14,24.2,39.3,1.9,122,32.9,64.9,4.5
2024-05-15,15,30.4,55.3,7.2,102,45.1,40.8,6.1
2024-05-15,16,30.7,26.7,0.5,68,20.4,47.3,6.4
2024-05-15,17,29.5,39.9,2.7,86,27.2,37.6,7.5
2024-05-15,18,27.9,60.9,4.8,82,22.6,55.7,6.6
2024-05-15,19,25.3,52.9,3.5,71,14.9,44.8,6.3
2024-05-15,20,30.6,55.1,7.7,82,13.6,63.8,5.1
2024-05-15,21,23.3,45.3,1.4,70,17.5,56.8,6.8
2024-05-15,22,20.9,38.9,8.8,83,23.2,48.3,6.9
2024-05-15,23,22.0,58.7,0.1,80,34.1,45.7,6.0
2024-05-15,24,25.1,51.9,0.2,64,17.7,44.5,5.3
2024-05-15,25,21.9,37.4,0.4,128,37.8,59.5,5.8
2024-05-15,26,21.4,58.3,0.3,98,36.8,78.8,6.0
2024-05-15,27,17.8,53.1,1.8,97,16.5,70.6,3.0
2024-05-15,28,31.2,57.2,3.0,54,10.1,33.2,7.3
2024-05-15,29,32.4,49.8,1.9,50,18.2,40.7,7.4
2024-05-15,30,29.1,53.2,5.6,38,7.9,14.2,7.6
2024-05-15,31,27.6,50.2,1.6,79,23.8,46.3,7.8
2024-05-15,32,22.1,54.2,1.7,108,34.8,73.3,4.8
2024-05-15,33,19.0,32.2,2.4,98,36.2,75.4,5.0
2024-05-15,34,21.5,58.6,5.8,81,23.6,32.0,7.4
2024-05-15,35,23.5,68.8,1.2,87,26.0,53.1,4.9
2024-05-16,1,26.9,48.6,7.7,50,10.7,36.3,6.1
2024-05-16,2,30.3,50.4,1.6,71,26.8,49.4,6.3
2024-05-16,3,25.3,41.7,8.2,121,48.9,72.2,5.3
2024-05-16,4,27.4,48.6,1.8,90,27.4,34.0,7.1
2024-05-16,5,30.4,54.6,5.3,98,25.9,75.1,5.0
2024-05-16,6,29.5,63.6,10.5,97,17.4,81.6,4.6
2024-05-16,7,32.1,42.6,0.0,69,14.0,47.7,6.3
2024-05-16,8,24.6,44.4,5.0,41,9.8,18.2,5.9
2024-05-16,9,26.9,61.2,4.6,31,12.0,25.5,5.4
2024-05-16,10,35.1,47.2,2.4,44,19.1,22.2,5.5
2024-05-16,11,25.2,34.8,0.2,94,38.8,54.4,7.0
2024-05-16,12,19.0,52.5,0.5,98,39.8,46.3,6.2
2024-05-16,13,23.6,56.4,0.5,123,33.3,94.5,7.4
2024-05-16,14,25.0,48.3,0.7,124,45.6,94.2,4.9
2024-05-16,15,27.7,59.7,1.4,98,17.8,35.9,6.5
2024-05-16,16,26.0,64.4,16.8,85,26.9,69.8,6.6
2024-05-16,17,27.9,40.5,5.8,58,12.1,44.1,6.9
2024-05-16,18,30.6,47.2,5.2,120,18.3,70.6,6.3
2024-05-16,19,28.1,49.5,0.3,88,30.6,43.9,6.4
2024-05-16,20,29.9,63.8,6.2,99,25.0,41.3,4.5
2024-05-16,21,23.4,48.6,0.6,80,17.8,45.4,5.8
2024-05-16,22,20.1,45.8,0.2,102,23.0,56.5,6.0
2024-05-16,23,23.3,48.9,1.2,68,15.5,27.0,5.5
2024-05-16,24,15.6,46.1,1.0,74,12.8,32.4,4.0
2024-05-16,25,17.5,48.3,0.8,116,47.9,59.4,5.4
2024-05-16,26,20.6,37.2,3.2,101,27.2,76.1,6.2
2024-05-16,27,18.2,45.1,11.5,124,31.9,70.0,3.5
2024-05-16,28,33.0,60.9,2.7,63,14.4,27.7,6.9
2024-05-16,29,32.0,63.9,2.6,45,13.1,37.1,6.4
2024-05-16,30,31.1,39.1,0.9,88,37.8,52.1,8.0
2024-05-16,31,29.9,56.2,11.8,67,20.5,55.5,8.6
2024-05-16,32,15.8,40.4,2.7,101,45.2,70.5,5.3
2024-05-16,33,17.9,39.3,4.6,86,38.4,41.1,4.2
2024-05-16,34,19.0,45.0,12.8,59,12.0,24.0,8.6
2024-05-16,35,20.4,49.4,27.5,72,22.1,44.1,5.2
2024-05-17,1,35.7,42.6,4.3,60,23.1,49.9,5.9
2024-05-17,2,27.7,38.2,8.4,80,24.4,40.7,5.1
2024-05-17,3,27.2,49.7,23.4,78,22.1,42.8,5.1
2024-05-17,4,29.8,51.9,20.5,96,30.4,77.8,6.6
2024-05-17,5,29.5,61.1,6.3,58,12.2,25.6,5.4
2024-05-17,6,30.0,58.8,13.4,79,23.1,65.9,5.8
2024-05-17,7,29.0,53.8,8.9,81,31.7,61.8,7.1
2024-05-17,8,27.9,47.9,0.5,32,14.0,19.2,6.4
2024-05-17,9,33.6,73.1,1.7,57,12.6,31.5,6.9
2024-05-17,10,30.0,52.5,7.4,73,15.7,40.1,6.5
2024-05-17,11,17.3,53.7,0.7,132,32.2,88.9,6.4
2024-05-17,12,20.5,49.1,3.6,109,36.9,66.1,5.3
2024-05-17,13,19.3,59.3,1.1,103,42.5,54.0,6.6
2024-05-17,14,18.7,46.0,0.2,112,22.3,62.2,5.1
2024-05-17,15,29.3,50.0,4.9,57,22.5,42.8,7.0
2024-05-17,16,30.9,49.4,0.2,32,12.7,14.1,6.8
2024-05-17,17,28.8,53.8,25.4,90,28.5,47.0,7.4
2024-05-17,18,33.3,46.7,2.2,107,38.5,54.4,5.7
2024-05-17,19,29.2,47.8,11.8,86,23.1,63.1,6.1
2024-05-17,20,30.4,37.3,9.1,86,16.3,46.9,4.2
2024-05-17,21,18.2,47.5,0.7,87,25.4,31.2,6.0
2024-05-17,22,22.6,49.6,0.6,74,23.7,51.8,5.6
2024-05-17,23,28.3,37.6,0.0,73,21.2,31.1,5.7
2024-05-17,24,27.9,53.7,0.0,77,14.8,28.7,4.1
2024-05-17,25,18.4,56.1,0.5,102,19.6,60.3,5.7
2024-05-17,26,18.5,61.0,4.9,143,27.8,84.1,6.0
2024-05-17,27,20.4,44.6,1.4,80,30.6,44.7,3.7
2024-05-17,28,30.7,52.7,1.5,74,33.1,47.7,6.9
2024-05-17,29,27.1,43.2,27.2,101,29.4,40.6,6.2
2024-05-17,30,33.7,59.3,9.0,78,17.4,64.1,7.3
2024-05-17,31,31.4,41.0,13.8,33,11.9,19.3,7.9
2024-05-17,32,23.5,54.4,1.0,83,18.6,39.1,5.0
2024-05-17,33,22.5,52.6,0.8,95,29.2,53.3,4.5
2024-05-17,34,22.0,53.0,3.3,61,17.6,28.9,8.1
2024-05-17,35,23.8,59.8,24.8,89,17.9,65.0,4.8
2024-05-18,1,29.7,60.4,31.1,91,28.4,56.7,6.0
2024-05-18,2,28.4,56.8,3.5,44,17.9,34.6,5.6
2024-05-18,3,24.1,51.6,11.0,56,14.3,38.6,6.0
2024-05-18,4,26.0,49.8,5.4,111,20.0,73.9,8.0
2024-05-18,5,31.3,45.9,1.7,105,24.9,41.7,3.9
2024-05-18,6,28.5,45.0,0.8,78,14.0,42.4,5.3
2024-05-18,7,29.1,56.1,2.1,89,30.6,72.5,6.8
2024-05-18,8,27.0,53.8,7.7,49,11.4,21.8,7.5
2024-05-18,9,31.7,56.2,0.3,29,6.6,18.7,5.8
2024-05-18,10,29.1,54.6,9.5,68,27.8,36.2,4.9
2024-05-18,11,24.0,52.5,0.8,83,14.5,30.1,7.2
2024-05-18,12,26.0,42.9,0.7,99,29.4,66.9,5.7
2024-05-18,13,24.4,54.3,1.4,160,54.7,93.0,6.6
2024-05-18,14,21.3,44.5,0.7,123,20.7,98.6,5.7
2024-05-18,15,31.4,45.2,5.7,76,15.2,41.8,7.4
2024-05-18,16,28.6,32.2,10.0,102,18.2,43.1,5.6
2024-05-18,17,29.5,54.8,7.9,40,7.5,18.2,7.6
2024-05-18,18,26.7,51.2,2.2,84,25.3,47.4,4.9
2024-05-18,19,26.1,58.5,1.8,50,9.2,22.6,6.1
2024-05-18,20,26.9,46.6,0.7,86,38.7,59.3,5.0
2024-05-18,21,22.3,35.6,0.9,67,26.3,56.9,7.0
2024-05-18,22,22.9,53.3,3.0,74,24.6,38.7,5.6
2024-05-18,23,23.4,61.0,0.4,93,24.2,41.8,5.5
2024-05-18,24,23.5,55.6,0.0,58,22.1,22.4,4.5
2024-05-18,25,16.4,47.6,1.8,102,18.5,58.3,5.4
2024-05-18,26,17.3,21.8,12.5,141,60.1,81.8,5.9
2024-05-18,27,22.1,41.3,10.2,121,48.0,77.0,4.4
2024-05-18,28,28.6,45.4,6.3,38,14.2,20.3,6.1
2024-05-18,29,29.8,61.4,2.6,81,13.6,44.2,6.1
2024-05-18,30,27.8,52.8,1.9,64,13.6,50.7,7.3
2024-05-18,31,20.7,56.2,1.9,39,16.2,22.6,7.4
2024-05-18,32,20.3,39.0,4.2,113,29.5,45.1,5.2
2024-05-18,33,22.0,45.7,2.5,65,18.5,51.8,5.0
2024-05-18,34,27.7,36.8,7.0,80,26.9,33.5,8.1
2024-05-18,35,23.7,48.1,20.1,94,41.5,51.5,4.4
2024-05-19,1,25.9,43.6,22.9,102,34.1,37.5,6.5
2024-05-19,2,26.7,34.2,1.6,59,15.8,25.1,5.0
2024-05-19,3,28.3,59.9,16.1,79,24.3,33.8,5.3
2024-05-19,4,29.2,53.1,32.0,96,35.0,78.3,6.9
2024-05-19,5,27.5,38.7,10.9,44,7.9,32.5,5.3
2024-05-19,6,28.6,56.8,4.9,74,29.4,32.7,5.2
2024-05-19,7,29.7,56.2,8.3,46,8.0,20.9,8.0
2024-05-19,8,28.6,55.2,18.6,53,17.6,28.7,7.2
2024-05-19,9,32.2,36.7,21.2,61,25.8,36.3,6.2
2024-05-19,10,29.6,50.0,4.0,62,14.3,51.8,6.2
2024-05-19,11,19.7,47.1,0.1,80,29.2,66.7,6.3
2024-05-19,12,17.0,44.5,1.5,90,26.5,74.2,6.0
2024-05-19,13,21.5,49.2,0.1,117,41.2,75.5,6.8
2024-05-19,14,19.6,39.9,1.2,143,37.3,93.9,4.8
2024-05-19,15,30.2,61.8,21.5,108,27.2,51.8,5.7
2024-05-19,16,26.2,36.0,31.2,82,15.2,40.3,6.3
2024-05-19,17,26.0,48.8,6.4,76,12.6,42.2,6.6
2024-05-19,18,29.3,53.2,0.7,66,15.2,33.0,5.4
2024-05-19,19,26.1,48.5,4.7,50,12.0,30.8,5.6
2024-05-19,20,25.5,42.7,2.0,87,27.6,36.5,4.6
2024-05-19,21,20.8,47.0,1.3,106,45.1,84.9,5.4
2024-05-19,22,21.5,47.6,3.7,72,29.3,27.3,6.2
2024-05-19,23,28.2,44.8,0.2,81,36.4,40.0,6.5
2024-05-19,24,24.4,42.1,1.2,72,25.6,37.7,5.0
2024-05-19,25,18.7,46.1,6.2,133,54.3,68.3,5.0
2024-05-19,26,19.9,39.1,8.7,102,31.1,85.4,6.8
2024-05-19,27,15.6,52.2,4.4,134,44.4,55.0,4.8
2024-05-19,28,27.8,52.0,8.8,133,54.1,84.0,6.6
2024-05-19,29,29.6,45.0,7.2,66,20.7,45.8,5.7
2024-05-19,30,26.0,69.5,2.5,48,20.1,24.0,7.8
2024-05-19,31,30.2,43.8,7.0,60,23.9,38.3,8.3
2024-05-19,32,22.2,56.6,1.7,94,36.9,50.6,4.4
2024-05-19,33,22.2,39.9,4.9,67,19.4,43.0,4.4
2024-05-19,34,24.0,49.9,6.9,51,7.9,32.6,7.5
2024-05-19,35,20.1,56.0,2.2,88,38.7,58.8,4.6
2024-05-20,1,31.3,60.1,2.2,92,40.3,57.2,4.8
2024-05-20,2,30.7,37.5,4.8,102,33.1,41.7,5.3
2024-05-20,3,28.0,42.1,4.5,91,24.2,74.8,4.8
2024-05-20,4,27.2,44.2,2.7,87,37.6,41.9,7.2
2024-05-20,5,31.5,53.8,1.5,98,29.6,66.0,5.3
2024-05-20,6,31.5,48.4,2.9,63,11.2,42.0,5.1
2024-05-20,7,26.3,38.8,0.3,78,30.3,39.7,7.8
2024-05-20,8,29.0,52.9,4.6,70,30.8,57.8,5.3
2024-05-20,9,28.8,54.2,0.5,35,5.3,13.5,6.3
2024-05-20,10,30.6,42.4,5.0,20,5,10,5.1
2024-05-20,11,18.9,47.8,0.8,91,35.7,76.7,6.0
2024-05-20,12,27.4,60.5,1.3,72,29.6,44.1,5.5
2024-05-20,13,15.8,53.5,2.2,110,29.7,39.5,7.1
2024-05-20,14,19.1,59.9,3.9,76,32.7,45.0,5.3
2024-05-20,15,29.1,60.8,25.3,129,43.0,76.9,5.9
2024-05-20,16,32.5,43.3,8.5,109,34.7,84.5,6.2
2024-05-20,17,31.0,57.5,2.0,54,15.3,20.0,6.9
2024-05-20,18,31.8,59.2,9.8,69,16.0,29.4,5.1
2024-05-20,19,29.0,67.7,3.0,55,18.8,28.9,7.0
2024-05-20,20,31.9,68.4,7.4,75,26.2,33.0,4.5
2024-05-20,21,21.5,40.6,0.1,61,11.4,34.1,5.5
2024-05-20,22,19.7,54.7,0.1,74,32.8,51.6,5.5
2024-05-20,23,22.6,53.3,0.1,91,16.3,64.1,5.8
2024-05-20,24,19.6,42.6,1.1,100,21.8,43.6,3.3
2024-05-20,25,19.9,46.1,2.0,77,32.4,27.3,5.4
2024-05-20,26,18.6,61.7,2.3,134,47.6,111.9,6.4
2024-05-20,27,20.3,40.8,9.6,132,23.0,69.7,4.2
2024-05-20,28,29.8,58.5,11.4,76,30.7,51.5,6.3
2024-05-20,29,31.5,45.9,25.7,93,31.0,64.2,4.8
2024-05-20,30,29.3,44.7,14.2,111,39.3,93.9,6.7
2024-05-20,31,28.8,45.8,2.3,20,5,14.0,8.3
2024-05-20,32,25.4,57.0,4.5,73,22.0,35.8,4.6
2024-05-20,33,16.4,57.6,3.8,91,21.2,73.5,3.5
2024-05-20,34,19.1,51.0,0.8,61,17.0,50.3,7.8
2024-05-20,35,19.8,59.6,6.0,92,21.7,39.4,4.0
2024-05-21,1,32.7,32.3,18.0,74,13.9,57.3,6.4
2024-05-21,2,26.8,52.1,2.4,90,15.6,40.4,6.6
2024-05-21,3,28.6,51.6,22.4,100,42.4,59.4,5.3
2024-05-21,4,28.1,50.8,1.5,75,22.3,29.5,6.7
2024-05-21,5,24.2,46.7,5.5,105,46.9,55.3,4.9
2024-05-21,6,32.5,62.0,5.5,64,23.7,32.7,4.8
2024-05-21,7,25.6,45.5,32.4,68,27.0,32.0,7.3
2024-05-21,8,34.2,40.3,2.3,51,16.3,27.1,7.2
2024-05-21,9,27.8,47.9,8.4,41,10.3,25.7,6.1
2024-05-21,10,28.7,38.6,26.1,52,16.8,25.9,6.0
2024-05-21,11,18.6,28.2,1.4,104,27.8,73.6,5.7
2024-05-21,12,21.5,54.9,3.8,82,16.1,38.3,6.4
2024-05-21,13,18.6,44.6,0.7,127,41.4,96.4,6.7
2024-05-21,14,23.8,52.0,0.5,83,18.7,34.0,4.6
2024-05-21,15,29.7,43.2,4.0,65,17.6,27.5,6.4
2024-05-21,16,27.5,46.0,2.4,87,13.2,61.7,7.1
2024-05-21,17,29.3,53.3,5.3,123,38.5,75.3,7.1
2024-05-21,18,28.2,62.2,18.4,105,20.4,85.1,5.2
2024-05-21,19,30.2,36.8,7.3,61,17.5,33.4,6.4
2024-05-21,20,28.1,45.0,0.8,106,26.6,67.7,4.5
2024-05-21,21,24.5,37.3,5.8,46,12.4,38.5,4.8
2024-05-21,22,21.0,49.8,2.7,68,17.5,27.3,6.4
2024-05-21,23,22.2,60.1,0.0,74,30.1,58.5,5.8
2024-05-21,24,23.5,50.5,1.0,56,23.4,24.0,3.6
2024-05-21,25,20.4,53.7,5.6,105,29.7,80.8,4.3
2024-05-21,26,22.3,34.0,2.2,105,44.4,65.8,7.4
2024-05-21,27,21.3,40.6,1.6,95,15.3,73.6,4.5
2024-05-21,28,31.1,61.4,12.2,60,26.9,49.1,6.2
2024-05-21,29,32.2,63.0,4.9,65,26.6,41.9,7.4
2024-05-21,30,24.2,59.7,8.0,46,13.5,17.6,7.4
2024-05-21,31,30.1,41.0,8.4,46,15.7,38.0,7.9
2024-05-21,32,23.7,47.4,0.8,56,24.0,26.8,5.2
2024-05-21,33,22.3,56.9,0.1,87,27.6,54.8,3.9
2024-05-21,34,14.5,26.6,0.9,99,21.3,83.6,6.9
2024-05-21,35,18.7,54.1,0.2,61,11.1,47.6,4.4
2024-05-22,1,25.8,37.0,9.5,95,24.4,50.4,7.0
2024-05-22,2,28.4,50.3,0.4,66,16.3,38.8,5.3
2024-05-22,3,28.4,45.9,4.0,97,21.2,68.0,5.0
2024-05-22,4,28.3,52.1,21.3,86,15.0,41.7,7.6
2024-05-22,5,26.0,46.9,13.2,53,21.3,30.6,5.1
2024-05-22,6,29.0,55.6,11.6,62,11.6,42.4,5.1
2024-05-22,7,27.6,51.8,55.9,20,5,10,7.8
2024-05-22,8,27.5,58.1,5.6,63,9.5,35.9,8.7
2024-05-22,9,30.4,47.8,12.4,60,19.4,50.6,6.3
2024-05-22,10,24.4,49.0,9.0,30,12.4,12.6,5.5
2024-05-22,11,22.3,62.8,1.3,115,40.8,75.7,5.3
2024-05-22,12,23.3,33.0,2.2,103,30.1,40.0,5.2
2024-05-22,13,20.5,56.0,0.5,95,33.5,47.9,6.6
2024-05-22,14,22.1,38.2,1.8,119,40.9,55.1,5.0
2024-05-22,15,26.4,48.9,14.6,92,14.6,70.0,7.2
2024-05-22,16,30.9,44.0,3.8,78,20.0,52.9,5.5
2024-05-22,17,29.9,59.2,12.3,86,16.8,67.8,5.5
2024-05-22,18,30.1,48.2,16.2,101,21.3,61.4,5.1
2024-05-22,19,28.6,50.2,3.5,83,13.0,49.5,5.2
2024-05-22,20,30.8,56.3,23.2,71,24.6,58.2,5.6
2024-05-22,21,21.5,58.8,1.0,73,22.3,31.9,5.6
2024-05-22,22,16.8,58.1,1.8,67,16.8,39.3,6.7
2024-05-22,23,22.4,34.7,1.6,49,8.5,19.2,4.7
2024-05-22,24,18.4,36.0,0.2,84,33.2,37.5,4.6
2024-05-22,25,16.1,48.1,0.4,133,30.2,70.9,4.8
2024-05-22,26,29.0,46.5,6.2,100,43.4,69.1,5.9
2024-05-22,27,18.4,50.4,1.2,142,55.5,96.4,3.9
2024-05-22,28,29.6,56.0,2.9,46,14.1,17.6,6.7
2024-05-22,29,30.6,57.2,0.8,77,18.3,28.1,6.1
2024-05-22,30,28.9,52.0,9.3,22,5.6,10.1,7.4
2024-05-22,31,28.7,65.3,23.6,48,9.5,36.6,8.4
2024-05-22,32,17.0,44.6,1.3,84,27.9,57.1,5.0
2024-05-22,33,23.5,30.9,1.8,54,19.3,44.7,3.3
2024-05-22,34,16.6,54.2,10.6,84,31.3,40.3,6.6
2024-05-22,35,21.6,42.9,22.4,70,27.8,46.6,6.0
2024-05-23,1,27.7,57.4,2.7,57,20.7,41.2,6.6
2024-05-23,2,29.0,46.3,10.3,91,34.9,67.6,5.6
2024-05-23,3,28.3,38.0,11.5,116,50.8,63.1,5.4
2024-05-23,4,29.0,59.2,5.1,83,21.1,61.8,7.7
2024-05-23,5,32.0,59.6,0.2,121,42.9,95.8,5.3
2024-05-23,6,31.4,50.2,2.6,72,13.0,30.9,4.4
2024-05-23,7,29.3,63.5,2.0,86,34.5,68.4,5.6
2024-05-23,8,28.8,51.1,5.3,60,22.6,42.9,6.6
2024-05-23,9,33.5,65.3,9.4,72,19.7,51.2,6.3
2024-05-23,10,27.8,48.3,2.7,79,34.0,51.3,5.8
2024-05-23,11,19.6,37.2,0.3,109,16.5,83.5,6.9
2024-05-23,12,17.5,37.0,2.0,123,32.8,75.3,5.8
2024-05-23,13,20.5,42.0,0.5,131,47.5,53.0,7.2
2024-05-23,14,22.0,60.1,1.3,148,23.7,124.2,4.8
2024-05-23,15,32.7,48.2,2.9,80,34.2,52.4,7.0
2024-05-23,16,29.5,55.9,0.5,107,26.8,65.2,6.2
2024-05-23,17,28.7,65.3,10.5,118,31.5,48.9,8.2
2024-05-23,18,30.7,51.9,4.9,68,23.6,30.3,5.2
2024-05-23,19,28.6,41.4,12.6,47,15.3,19.8,5.8
2024-05-23,20,28.4,47.4,26.8,59,12.2,45.4,5.0
2024-05-23,21,30.2,38.7,1.1,105,18.6,71.7,6.3
2024-05-23,22,27.7,51.7,2.2,68,21.5,24.8,6.5
2024-05-23,23,28.1,52.7,1.4,106,21.8,51.8,5.0
2024-05-23,24,25.4,41.1,0.2,31,11.0,12.9,5.0
2024-05-23,25,13.8,48.3,2.5,134,49.7,109.3,5.0
2024-05-23,26,17.4,56.2,11.3,116,31.2,76.0,5.3
2024-05-23,27,18.1,40.2,3.2,128,33.7,88.0,4.8
2024-05-23,28,31.2,55.8,4.5,96,17.3,47.9,6.8
2024-05-23,29,32.9,59.6,14.0,89,31.1,32.1,5.9
2024-05-23,30,29.9,45.9,6.1,58,17.8,38.4,7.5
2024-05-23,31,33.5,51.7,4.9,58,11.2,25.8,8.3
2024-05-23,32,14.9,58.2,4.7,104,36.9,77.2,4.9
2024-05-23,33,18.4,42.7,3.3,57,24.0,43.3,3.6
2024-05-23,34,21.6,54.7,14.8,65,28.8,28.9,6.3
2024-05-23,35,27.9,48.9,1.7,73,16.4,57.5,6.0
2024-05-24,1,29.1,52.6,14.0,86,22.8,42.5,7.0
2024-05-24,2,30.4,41.4,3.3,76,22.9,42.6,6.3
2024-05-24,3,27.2,57.4,7.9,71,25.8,45.0,5.6
2024-05-24,4,29.7,55.9,0.7,119,19.6,98.1,6.6
2024-05-24,5,29.9,48.6,8.6,47,7.9,23.4,4.5
2024-05-24,6,27.7,64.9,32.4,44,18.0,26.8,5.0
2024-05-24,7,29.5,58.6,0.7,50,11.3,31.9,6.6
2024-05-24,8,26.6,46.7,26.7,37,11.7,17.5,5.5
2024-05-24,9,32.0,55.6,5.0,41,13.1,31.7,7.1
2024-05-24,10,28.5,34.9,12.1,59,14.3,27.8,4.6
2024-05-24,11,20.4,59.5,4.1,122,31.7,60.9,7.3
2024-05-24,12,22.7,33.3,4.5,107,40.6,41.6,5.1
2024-05-24,13,18.0,46.9,0.7,113,47.6,86.3,6.9
2024-05-24,14,21.0,50.3,0.9,100,18.3,78.6,4.4
2024-05-24,15,29.6,36.7,3.6,67,14.1,38.5,7.2
2024-05-24,16,27.1,53.3,15.7,111,30.5,50.2,7.1
2024-05-24,17,26.0,45.9,2.7,69,25.7,32.3,6.5
2024-05-24,18,30.5,33.0,2.6,57,24.7,32.7,4.9
2024-05-24,19,28.5,57.5,12.6,86,20.1,40.6,6.5
2024-05-24,20,27.5,48.5,18.3,69,19.2,56.1,4.2
2024-05-24,21,23.4,57.7,1.7,97,19.0,58.3,6.4
2024-05-24,22,21.2,49.1,0.3,89,27.4,73.6,6.2
2024-05-24,23,30.0,52.3,0.1,57,11.8,41.1,4.8
2024-05-24,24,29.8,59.7,0.4,62,10.8,35.8,4.2
2024-05-24,25,19.3,53.5,9.8,137,59.8,96.4,4.1
2024-05-24,26,23.1,47.0,0.7,158,46.0,132.6,7.4
2024-05-24,27,25.1,39.4,0.4,112,41.1,84.3,5.6
2024-05-24,28,33.0,57.3,3.5,110,27.6,88.7,7.3
2024-05-24,29,25.9,63.8,1.7,76,13.0,52.8,6.5
2024-05-24,30,29.9,35.2,1.4,82,14.9,52.9,7.5
2024-05-24,31,29.3,53.7,20.5,69,21.5,39.3,7.0
2024-05-24,32,15.1,40.3,0.1,85,30.8,69.3,4.8
2024-05-24,33,11.6,58.5,11.0,82,21.5,67.3,3.6
2024-05-24,34,17.6,52.0,0.5,109,24.4,49.8,7.9
2024-05-24,35,23.3,55.1,1.3,47,14.0,25.1,4.8
2024-05-25,1,31.9,53.6,39.8,73,29.6,48.3,7.3
2024-05-25,2,26.6,47.0,4.4,68,16.9,52.0,6.5
2024-05-25,3,24.7,57.0,0.6,89,29.9,74.9,5.3
2024-05-25,4,32.1,60.8,7.8,72,18.0,50.1,6.1
2024-05-25,5,27.2,52.2,8.8,64,16.0,28.3,5.1
2024-05-25,6,27.6,56.8,4.9,53,20.4,22.5,4.6
2024-05-25,7,29.1,43.3,12.9,49,21.0,36.5,7.4
2024-05-25,8,29.0,61.0,3.3,20,6.7,10,5.6
2024-05-25,9,32.2,31.9,0.9,28,9.6,21.2,6.3
2024-05-25,10,32.8,42.7,5.0,52,12.7,28.2,5.8
2024-05-25,11,22.9,48.0,0.9,85,14.9,34.5,7.3
2024-05-25,12,23.8,52.2,0.9,126,36.7,102.6,5.0
2024-05-25,13,20.2,45.7,1.1,83,18.3,30.7,6.4
2024-05-25,14,25.0,55.9,2.8,103,40.7,80.2,5.8
2024-05-25,15,30.4,41.4,8.4,98,27.0,71.0,7.3
2024-05-25,16,28.3,52.5,10.7,96,41.0,46.8,5.6
2024-05-25,17,27.1,45.4,28.1,100,27.2,82.5,5.6
2024-05-25,18,30.6,36.0,4.8,89,31.9,35.2,5.9
2024-05-25,19,28.6,55.0,0.8,77,20.5,32.7,5.8
2024-05-25,20,28.1,52.7,5.2,53,19.4,29.0,4.9
2024-05-25,21,18.8,59.6,2.1,82,32.1,52.1,6.6
2024-05-25,22,19.3,44.7,0.7,107,38.2,85.3,6.8
2024-05-25,23,23.3,32.1,0.2,57,11.5,25.8,4.8
2024-05-25,24,19.0,47.5,0.5,79,24.8,56.1,5.4
2024-05-25,25,17.5,40.5,4.0,103,43.6,39.9,4.8
2024-05-25,26,16.9,42.0,13.3,110,28.1,70.2,5.9
2024-05-25,27,22.6,59.5,0.1,115,40.3,61.6,3.4
2024-05-25,28,25.6,49.7,2.7,113,31.7,42.7,6.8
2024-05-25,29,31.6,53.2,17.1,71,14.0,42.0,6.6
2024-05-25,30,26.3,52.8,13.4,20,5,13.3,8.7
2024-05-25,31,29.4,60.7,1.4,24,5,19.0,7.5
2024-05-25,32,21.8,40.3,10.4,109,25.7,56.1,5.6
2024-05-25,33,22.1,52.7,0.3,68,16.6,50.3,4.5
2024-05-25,34,25.0,53.3,0.0,116,38.3,82.2,9.0
2024-05-25,35,23.1,53.0,23.4,84,36.7,49.1,4.1
2024-05-26,1,26.7,43.9,3.8,88,22.7,46.8,6.5
2024-05-26,2,28.2,46.0,14.7,46,19.6,38.4,5.5
2024-05-26,3,26.0,47.1,1.8,99,29.4,60.0,4.3
2024-05-26,4,32.6,52.9,10.0,99,17.3,53.6,7.2
2024-05-26,5,23.0,50.8,1.3,74,30.2,45.1,5.1
2024-05-26,6,23.5,45.7,4.2,81,18.2,32.6,6.4
2024-05-26,7,27.4,34.9,17.9,69,30.0,40.9,6.1
2024-05-26,8,28.1,51.4,0.5,47,9.3,34.3,6.5
2024-05-26,9,33.6,59.0,18.4,42,9.3,25.8,5.3
2024-05-26,10,27.7,58.6,9.7,45,9.3,32.5,5.6
2024-05-26,11,19.7,47.1,2.5,123,39.0,57.8,6.2
2024-05-26,12,25.6,43.8,0.8,120,29.3,50.3,5.0
2024-05-26,13,20.7,60.5,0.2,85,36.5,43.6,6.5
2024-05-26,14,18.0,48.6,0.1,123,47.6,89.9,5.1
2024-05-26,15,27.8,46.9,3.9,78,26.7,62.4,6.3
2024-05-26,16,29.4,57.4,0.8,98,33.7,60.8,6.2
2024-05-26,17,23.5,61.1,12.5,57,20.9,45.5,6.1
2024-05-26,18,28.9,43.9,3.7,118,44.9,92.2,4.9
2024-05-26,19,27.3,59.8,1.6,83,29.2,53.7,5.4
2024-05-26,20,26.7,47.3,4.1,29,5,11.0,4.8
2024-05-26,21,25.8,46.4,5.6,57,17.9,41.7,6.8
2024-05-26,22,20.1,53.5,2.0,93,41.8,63.0,5.7
2024-05-26,23,28.5,48.9,1.1,70,17.7,48.1,6.0
2024-05-26,24,15.9,39.5,0.0,78,30.2,28.9,4.0
2024-05-26,25,21.2,46.7,13.6,121,47.7,47.9,5.9
2024-05-26,26,19.8,58.6,2.2,73,29.7,37.9,6.3
2024-05-26,27,19.4,46.1,0.2,106,46.4,41.5,3.7
2024-05-26,28,28.2,47.9,8.3,75,20.6,36.1,7.2
2024-05-26,29,31.6,54.5,10.1,106,24.3,81.4,6.2
2024-05-26,30,26.6,56.6,8.0,73,20.3,30.6,8.2
2024-05-26,31,29.8,51.5,6.9,51,19.4,40.7,8.3
2024-05-26,32,19.3,44.1,9.7,98,31.1,65.5,5.3
2024-05-26,33,23.2,62.6,1.1,92,33.9,64.8,4.3
2024-05-26,34,21.4,49.0,9.5,100,33.2,74.5,6.8
2024-05-26,35,17.1,60.2,7.4,67,12.7,45.2,6.2
2024-05-27,1,27.5,55.6,0.9,84,28.8,56.1,7.0
2024-05-27,2,32.6,69.4,0.5,82,14.4,69.7,5.7
2024-05-27,3,29.7,57.1,1.4,84,27.1,30.3,6.3
2024-05-27,4,23.0,49.3,17.2,73,26.0,41.8,6.5
2024-05-27,5,33.5,39.0,1.3,88,14.6,51.1,4.9
2024-05-27,6,26.4,51.3,1.8,77,33.2,41.8,5.5
2024-05-27,7,31.4,37.5,8.7,29,11.4,19.6,8.1
2024-05-27,8,31.4,53.3,7.6,38,10.2,25.2,7.7
2024-05-27,9,27.9,59.8,5.9,76,15.5,43.0,5.5
2024-05-27,10,26.3,51.8,8.4,33,10.8,18.8,6.6
2024-05-27,11,24.0,46.3,1.3,118,52.9,41.9,7.0
2024-05-27,12,26.4,56.3,0.5,139,37.4,56.2,6.3
2024-05-27,13,19.7,54.8,2.4,95,15.8,60.1,6.7
2024-05-27,14,23.2,32.1,0.5,115,44.5,62.4,6.1
2024-05-27,15,29.3,52.8,6.7,54,20.6,31.8,6.1
2024-05-27,16,29.7,43.8,2.8,87,22.6,56.5,6.3
2024-05-27,17,25.1,59.3,14.4,107,18.7,46.5,6.9
2024-05-27,18,27.8,48.8,16.2,93,25.0,50.9,6.1
2024-05-27,19,26.8,44.1,7.4,70,31.1,56.1,5.6
2024-05-27,20,30.5,49.3,12.6,34,5.8,14.2,4.3
2024-05-27,21,24.4,38.2,1.3,76,33.8,61.3,5.6
2024-05-27,22,19.4,47.9,2.7,123,26.2,45.2,4.9
2024-05-27,23,29.0,45.7,0.3,114,26.7,64.3,5.0
2024-05-27,24,22.1,37.3,0.1,124,41.7,86.2,3.1
2024-05-27,25,17.6,47.9,2.9,112,33.2,89.0,5.9
2024-05-27,26,18.1,48.8,1.9,70,26.1,58.0,5.7
2024-05-27,27,22.0,43.3,17.8,111,17.8,42.5,4.8
2024-05-27,28,27.8,65.1,5.7,104,25.0,88.3,6.9
2024-05-27,29,27.6,48.0,20.3,125,49.3,62.2,6.1
2024-05-27,30,27.1,53.3,7.5,20,7.3,10,7.9
2024-05-27,31,26.0,40.7,8.1,62,16.0,24.0,8.5
2024-05-27,32,23.0,41.7,7.9,52,19.9,34.5,5.1
2024-05-27,33,21.1,47.5,8.7,106,25.5,49.5,3.7
2024-05-27,34,18.4,45.3,2.5,83,31.4,32.3,7.3
2024-05-27,35,24.5,53.6,16.4,95,27.7,45.9,4.7
2024-05-28,1,25.6,47.0,14.4,74,32.2,40.0,5.8
2024-05-28,2,27.5,51.1,1.9,49,18.7,24.0,5.4
2024-05-28,3,25.8,42.5,0.5,75,27.8,45.8,5.7
2024-05-28,4,29.4,51.6,16.1,92,16.7,62.4,7.3
2024-05-28,5,28.8,58.4,1.5,101,22.6,68.6,4.6
2024-05-28,6,24.3,41.8,6.5,59,22.1,46.5,5.9
2024-05-28,7,30.5,34.5,16.5,23,5,11.4,7.4
2024-05-28,8,28.0,40.4,15.9,45,15.7,34.5,5.6
2024-05-28,9,26.9,57.0,1.8,75,12.9,52.5,5.9
2024-05-28,10,29.3,48.4,6.4,35,9.8,13.7,6.0
2024-05-28,11,22.8,42.4,0.4,120,41.1,45.2,5.5
2024-05-28,12,28.1,71.6,1.2,111,19.1,71.5,5.6
2024-05-28,13,23.7,53.7,0.5,65,11.3,49.8,6.5
2024-05-28,14,22.6,43.3,0.1,130,28.4,59.3,5.5
2024-05-28,15,31.3,72.4,4.5,107,44.7,53.5,7.3
2024-05-28,16,30.6,49.6,5.6,102,40.2,67.4,6.5
2024-05-28,17,30.7,36.1,3.9,72,14.1,48.7,6.9
2024-05-28,18,30.2,43.4,5.5,66,28.2,49.4,5.1
2024-05-28,19,30.4,48.9,7.0,83,32.9,34.5,6.7
2024-05-28,20,28.8,56.9,0.3,101,30.0,84.8,4.6
2024-05-28,21,23.6,56.2,0.8,91,34.4,56.7,5.7
2024-05-28,22,20.8,54.1,0.1,80,17.3,37.8,5.1
2024-05-28,23,27.5,56.8,1.3,84,27.5,69.8,5.0
2024-05-28,24,21.9,55.9,1.6,92,18.5,50.6,3.6
2024-05-28,25,18.7,49.6,2.7,72,30.5,39.1,4.0
2024-05-28,26,24.7,51.4,0.9,116,27.2,56.6,7.0
2024-05-28,27,23.0,45.5,1.2,122,19.2,75.5,3.9
2024-05-28,28,29.1,58.5,0.9,74,20.0,47.2,7.6
2024-05-28,29,27.4,60.2,8.6,66,19.8,30.1,6.7
2024-05-28,30,26.0,38.0,3.6,65,22.6,49.1,8.1
2024-05-28,31,32.8,41.5,6.8,64,14.5,53.0,8.1
2024-05-28,32,20.4,52.0,0.8,69,22.6,58.4,5.0
2024-05-28,33,19.2,50.8,11.6,91,17.7,69.9,4.2
2024-05-28,34,19.3,51.5,0.8,78,20.0,38.9,8.0
2024-05-28,35,25.2,56.0,8.8,109,18.0,71.7,4.7
2024-05-29,1,30.7,60.3,6.2,101,35.9,85.2,7.4
2024-05-29,2,28.6,32.2,1.0,44,8.5,31.2,5.5
2024-05-29,3,26.9,59.3,17.2,46,20.3,24.7,5.5
2024-05-29,4,31.2,48.9,7.4,76,19.6,28.4,6.9
2024-05-29,5,28.1,54.8,3.1,61,26.7,45.4,5.9
2024-05-29,6,31.8,46.9,9.9,59,22.7,40.6,5.0
2024-05-29,7,27.8,53.9,12.8,64,20.4,46.4,8.0
2024-05-29,8,27.9,53.0,1.1,70,17.1,58.2,7.7
2024-05-29,9,24.0,59.1,4.0,70,29.4,52.8,5.5
2024-05-29,10,27.9,56.2,5.0,86,14.3,35.0,5.4
2024-05-29,11,25.1,48.0,14.7,107,30.7,78.2,5.1
2024-05-29,12,21.3,50.8,0.2,136,59.3,75.9,5.4
2024-05-29,13,22.4,49.4,0.2,82,33.0,41.2,7.0
2024-05-29,14,21.8,43.3,1.0,101,27.1,49.1,5.3
2024-05-29,15,24.5,52.6,0.6,86,27.1,63.0,7.0
2024-05-29,16,30.0,52.3,1.0,82,15.8,43.2,6.1
2024-05-29,17,29.9,38.5,0.3,59,22.2,47.2,6.9
2024-05-29,18,34.5,55.7,17.8,82,33.1,33.8,4.5
2024-05-29,19,28.5,54.9,12.7,65,13.8,36.2,6.0
2024-05-29,20,30.8,51.7,1.7,79,14.1,43.2,4.9
2024-05-29,21,20.6,59.8,2.7,62,24.1,38.4,7.0
2024-05-29,22,20.9,46.1,0.5,70,17.4,46.3,4.9
2024-05-29,23,21.5,39.1,0.2,84,19.7,57.4,6.6
2024-05-29,24,19.6,46.6,0.2,53,20.5,34.5,5.2
2024-05-29,25,18.0,36.3,1.2,103,44.9,72.0,4.5
2024-05-29,26,23.4,59.5,2.6,147,56.5,89.7,6.8
2024-05-29,27,15.8,56.9,9.1,113,29.8,78.3,3.5
2024-05-29,28,27.3,60.2,2.6,65,22.7,29.2,6.5
2024-05-29,29,31.8,49.1,1.4,94,39.5,56.9,6.5
2024-05-29,30,28.3,56.1,6.1,73,28.0,33.7,7.7
2024-05-29,31,29.0,69.1,4.5,82,21.5,51.8,7.9
2024-05-29,32,25.4,46.6,2.9,58,18.0,23.7,6.6
2024-05-29,33,22.8,43.2,1.6,121,39.8,96.1,4.5
2024-05-29,34,25.0,40.0,1.5,54,21.0,41.7,8.0
2024-05-29,35,24.3,51.1,16.7,53,23.1,23.4,5.9
2024-05-30,1,32.0,36.9,9.0,78,26.0,60.7,6.5
2024-05-30,2,29.3,61.9,4.7,92,28.6,54.8,5.3
2024-05-30,3,28.7,57.5,1.4,66,14.2,51.8,4.4
2024-05-30,4,31.6,64.4,8.9,66,16.4,48.0,6.8
2024-05-30,5,28.2,60.4,0.9,32,5.5,25.0,5.0
2024-05-30,6,25.3,45.2,13.2,80,35.3,29.3,4.8
2024-05-30,7,29.6,55.4,3.6,40,17.2,27.3,7.2
2024-05-30,8,27.7,54.2,5.7,71,19.4,38.3,6.8
2024-05-30,9,28.2,61.7,7.8,92,38.3,70.1,5.7
2024-05-30,10,27.6,48.2,1.6,71,10.7,28.3,5.1
2024-05-30,11,21.0,50.9,4.9,113,25.2,74.3,5.9
2024-05-30,12,25.7,62.0,0.3,150,33.1,121.6,6.0
2024-05-30,13,21.8,47.4,3.9,107,44.6,73.6,6.2
2024-05-30,14,29.9,55.3,0.1,116,25.8,90.6,4.5
2024-05-30,15,29.2,44.4,2.9,93,14.7,65.7,6.8
2024-05-30,16,32.1,57.0,15.7,84,26.1,65.7,6.2
2024-05-30,17,27.5,43.2,1.8,78,13.8,64.9,6.4
2024-05-30,18,27.3,67.1,3.9,83,24.9,40.9,6.3
2024-05-30,19,33.3,39.0,5.2,51,20.8,23.3,6.3
2024-05-30,20,33.7,42.5,6.2,80,28.8,38.9,4.5
2024-05-30,21,20.8,46.4,0.6,95,24.9,52.6,6.0
2024-05-30,22,22.0,57.3,3.8,85,28.1,59.4,5.6
2024-05-30,23,24.9,48.0,0.8,91,38.8,67.5,6.2
2024-05-30,24,25.5,52.1,0.1,85,15.3,50.1,4.1
2024-05-30,25,18.9,57.6,1.1,139,21.6,92.5,5.9
2024-05-30,26,18.8,55.6,4.8,143,58.9,67.4,6.7
2024-05-30,27,19.0,39.8,10.4,96,35.2,43.3,4.0
2024-05-30,28,30.5,52.7,12.0,72,22.1,46.9,7.1
2024-05-30,29,27.0,52.6,13.3,100,36.7,84.6,6.3
2024-05-30,30,31.5,55.1,4.0,85,27.8,50.6,8.0
2024-05-30,31,28.7,67.8,8.2,51,11.1,22.1,7.5
2024-05-30,32,21.3,62.4,10.1,97,42.4,78.9,5.6
2024-05-30,33,16.1,46.0,0.5,66,17.5,28.8,4.1
2024-05-30,34,21.4,57.9,2.2,104,29.9,86.4,7.9
2024-05-30,35,20.8,59.3,9.6,86,35.0,53.5,4.4
2024-05-31,1,28.5,45.2,3.0,57,21.0,45.2,5.2
2024-05-31,2,32.6,49.5,10.6,60,12.4,31.0,6.2
2024-05-31,3,28.3,47.7,6.4,95,17.5,61.4,5.5
2024-05-31,4,26.4,45.3,8.9,76,17.1,44.4,6.8
2024-05-31,5,32.0,43.0,3.1,64,25.2,52.5,5.6
2024-05-31,6,29.1,49.6,2.2,77,27.5,35.6,5.7
2024-05-31,7,25.4,59.4,0.8,37,6.0,16.3,7.8
2024-05-31,8,32.8,38.0,2.5,46,17.3,38.5,8.2
2024-05-31,9,23.6,37.9,8.0,78,29.0,32.8,5.7
2024-05-31,10,32.4,55.1,7.2,81,13.5,55.0,4.8
2024-05-31,11,28.0,44.1,0.3,90,15.3,71.8,5.2
2024-05-31,12,26.6,40.6,2.0,119,41.2,69.7,5.2
2024-05-31,13,22.4,48.5,2.6,93,16.9,61.3,7.4
2024-05-31,14,19.0,52.6,3.0,67,28.1,29.7,5.7
2024-05-31,15,27.0,62.0,7.8,109,44.7,58.9,6.9
2024-05-31,16,30.3,66.9,31.4,46,12.6,27.4,5.7
2024-05-31,17,28.4,51.6,1.3,72,14.4,26.5,7.1
2024-05-31,18,29.0,54.4,28.4,92,16.5,39.3,4.8
2024-05-31,19,27.8,56.3,4.8,83,33.1,53.0,5.7
2024-05-31,20,29.6,47.5,8.9,73,30.5,40.4,5.1
2024-05-31,21,20.8,51.4,0.5,86,36.0,46.9,6.4
2024-05-31,22,24.5,42.7,0.0,95,30.6,63.8,4.9
2024-05-31,23,24.4,56.2,0.3,53,15.6,19.1,6.0
2024-05-31,24,18.6,44.6,1.2,95,16.8,64.3,5.1
2024-05-31,25,17.2,43.9,18.5,146,35.9,97.1,4.5
2024-05-31,26,21.4,46.9,2.3,112,31.4,43.7,6.6
2024-05-31,27,20.4,49.4,2.3,106,25.6,60.5,3.3
2024-05-31,28,29.2,54.7,10.5,53,20.3,38.0,6.8
2024-05-31,29,28.4,56.0,2.2,78,22.0,63.1,6.5
2024-05-31,30,26.9,53.6,1.3,53,14.5,35.4,7.1
2024-05-31,31,31.8,43.1,8.9,35,9.3,29.0,7.6
2024-05-31,32,20.9,37.4,3.3,60,25.7,23.4,5.1
2024-05-31,33,26.4,49.9,0.7,64,23.7,27.2,4.4
2024-05-31,34,24.7,38.8,3.5,98,42.4,46.2,8.2
2024-05-31,35,22.5,58.2,14.1,77,30.0,38.8,4.2
2024-06-01,1,33.6,52.8,48.7,69,28.1,36.0,5.6
2024-06-01,2,31.9,48.9,0.4,70,26.6,26.6,3.7
2024-06-01,3,35.1,68.5,32.9,51,17.1,19.7,4.6
2024-06-01,4,35.6,64.2,74.6,48,8.6,19.4,4.4
2024-06-01,5,32.9,80.3,30.7,34,12.3,28.3,3.7
2024-06-01,6,32.8,44.7,14.3,52,15.7,24.0,3.8
2024-06-01,7,29.9,51.0,18.3,20,6.2,12.0,4.8
2024-06-01,8,26.0,68.2,4.4,67,26.5,37.5,4.6
2024-06-01,9,33.2,58.8,1.8,20,8.3,10.3,4.8
2024-06-01,10,32.1,62.8,18.7,83,13.9,50.1,4.1
2024-06-01,11,28.1,62.8,3.6,78,28.7,39.8,4.1
2024-06-01,12,27.1,56.9,2.4,77,27.7,56.1,3.1
2024-06-01,13,31.6,63.6,0.0,121,26.0,70.7,5.4
2024-06-01,14,26.1,51.9,1.9,82,17.1,65.7,2.2
2024-06-01,15,32.2,71.4,4.1,63,26.6,52.9,5.3
2024-06-01,16,32.0,79.1,16.2,57,24.4,35.9,5.0
2024-06-01,17,29.8,69.9,3.7,74,20.1,54.1,5.1
2024-06-01,18,30.2,73.1,4.7,88,18.1,73.0,4.4
2024-06-01,19,33.3,62.4,44.8,48,8.0,39.5,5.0
2024-06-01,20,30.2,69.7,29.0,38,11.6,26.4,4.3
2024-06-01,21,29.2,58.4,0.0,85,31.5,42.6,4.4
2024-06-01,22,24.8,78.8,7.0,77,13.6,51.4,4.5
2024-06-01,23,35.2,72.2,0.6,35,6.8,25.0,4.2
2024-06-01,24,30.3,64.1,14.2,52,17.7,19.0,3.4
2024-06-01,25,29.4,43.8,16.3,100,19.2,60.7,2.3
2024-06-01,26,24.7,54.5,8.1,112,28.2,63.7,4.5
2024-06-01,27,24.9,64.1,18.8,82,20.0,66.8,2.7
2024-06-01,28,30.2,63.2,0.9,61,20.4,50.5,6.0
2024-06-01,29,34.1,64.4,49.0,35,9.3,28.6,5.4
2024-06-01,30,35.5,54.3,1.2,67,19.4,29.2,5.7
2024-06-01,31,31.0,53.3,4.1,52,13.1,30.1,6.2
2024-06-01,32,21.8,47.8,3.3,91,20.9,61.7,4.7
2024-06-01,33,26.0,56.5,37.9,92,15.5,73.0,3.5
2024-06-01,34,26.8,47.5,18.8,79,20.7,43.3,6.2
2024-06-01,35,27.7,75.3,5.7,89,22.6,68.7,3.8
2024-06-02,1,31.9,61.4,0.9,72,20.4,45.3,4.4
2024-06-02,2,27.3,73.0,7.0,66,15.0,46.0,3.8
2024-06-02,3,30.0,54.1,31.0,86,31.4,63.6,5.0
2024-06-02,4,31.7,68.7,35.9,72,22.4,37.4,5.8
2024-06-02,5,35.1,58.0,5.6,82,18.1,45.9,4.1
2024-06-02,6,34.2,66.0,28.6,107,23.5,83.4,3.9
2024-06-02,7,32.3,65.2,17.5,55,12.9,21.3,5.7
2024-06-02,8,30.5,46.5,26.6,78,23.5,58.1,4.9
2024-06-02,9,29.6,67.5,87.7,22,6.2,10.7,5.3
2024-06-02,10,30.2,61.6,43.8,61,14.0,40.4,3.7
2024-06-02,11,33.4,79.5,0.7,120,37.4,84.7,5.0
2024-06-02,12,26.1,57.7,22.0,95,34.2,63.0,3.2
2024-06-02,13,30.6,66.1,15.9,75,15.3,38.1,5.5
2024-06-02,14,33.4,50.7,26.7,90,14.0,58.9,3.6
2024-06-02,15,33.7,75.2,47.3,97,23.5,58.7,4.1
2024-06-02,16,26.2,47.7,32.8,35,13.0,26.1,5.5
2024-06-02,17,30.5,67.5,37.9,34,13.8,21.1,5.7
2024-06-02,18,32.0,69.0,29.3,49,18.3,40.7,4.2
2024-06-02,19,30.8,75.6,1.0,95,28.7,59.1,4.2
2024-06-02,20,26.1,63.3,50.3,77,11.6,50.3,4.1
2024-06-02,21,24.8,53.1,0.2,50,17.6,23.6,4.0
2024-06-02,22,32.0,61.9,3.1,31,6.2,15.6,4.0
2024-06-02,23,31.3,54.7,0.3,35,5.6,27.7,3.5
2024-06-02,24,29.0,57.9,2.0,52,18.8,20.7,2.8
2024-06-02,25,26.1,50.8,4.4,114,41.5,43.6,2.7
2024-06-02,26,28.1,39.2,9.2,102,23.3,46.8,5.2
2024-06-02,27,28.5,55.6,11.0,89,22.4,58.5,3.7
2024-06-02,28,34.1,73.7,14.2,100,22.1,83.8,5.3
2024-06-02,29,31.0,58.0,30.7,59,19.8,33.7,4.4
2024-06-02,30,29.5,59.5,46.9,67,11.9,42.8,5.0
2024-06-02,31,34.6,53.4,15.1,30,8.0,17.2,5.8
2024-06-02,32,33.8,55.5,7.2,75,19.5,47.2,3.7
2024-06-02,33,26.8,59.4,9.4,70,13.2,43.0,3.0
2024-06-02,34,21.2,61.4,9.3,93,30.9,40.0,7.3
2024-06-02,35,28.4,49.4,8.1,64,25.6,49.8,3.1
2024-06-03,1,33.4,60.2,3.4,57,11.2,40.1,5.1
2024-06-03,2,28.0,75.2,18.2,60,21.3,36.4,3.9
2024-06-03,3,32.7,71.8,14.1,53,11.9,24.7,4.2
2024-06-03,4,32.8,67.0,33.5,41,11.9,20.2,5.8
2024-06-03,5,28.8,59.0,4.4,87,15.4,61.6,3.9
2024-06-03,6,31.3,59.8,1.9,51,20.6,20.3,4.3
2024-06-03,7,33.9,65.0,114.8,47,11.6,37.7,6.0
2024-06-03,8,29.6,68.4,21.8,51,19.0,34.9,5.8
2024-06-03,9,29.2,57.4,5.5,56,17.6,22.7,5.8
2024-06-03,10,33.2,50.8,127.5,49,21.8,26.9,3.0
2024-06-03,11,29.7,64.1,1.8,135,54.7,110.2,5.4
2024-06-03,12,31.5,62.3,17.6,66,26.9,45.9,2.8
2024-06-03,13,30.5,44.0,11.9,100,22.1,81.9,5.9
2024-06-03,14,28.4,46.9,2.9,99,23.2,75.1,3.7
2024-06-03,15,33.6,66.8,24.9,55,19.4,35.9,4.8
2024-06-03,16,34.3,53.5,11.7,32,8.4,19.1,6.0
2024-06-03,17,28.9,47.5,30.7,81,25.5,67.2,5.0
2024-06-03,18,34.6,57.8,48.6,62,26.1,26.6,4.9
2024-06-03,19,37.8,62.3,4.4,72,31.9,51.2,4.2
2024-06-03,20,30.0,59.0,2.6,28,8.7,11.1,3.7
2024-06-03,21,32.8,51.3,2.1,93,31.3,41.2,5.3
2024-06-03,22,29.2,63.1,23.3,83,13.5,59.1,4.9
2024-06-03,23,41.6,55.6,2.9,42,15.8,25.4,4.4
2024-06-03,24,31.1,39.9,0.0,53,9.4,20.1,3.2
2024-06-03,25,23.9,53.8,1.0,87,39.0,56.1,3.4
2024-06-03,26,23.4,47.7,13.1,89,32.4,49.5,4.5
2024-06-03,27,26.2,56.3,22.9,109,23.7,64.2,2.1
2024-06-03,28,28.7,64.7,6.1,49,19.5,34.6,5.0
2024-06-03,29,34.5,69.0,22.3,51,13.4,33.2,4.2
2024-06-03,30,28.6,57.7,18.6,64,19.8,28.9,5.3
2024-06-03,31,37.9,67.0,57.8,67,24.0,53.5,5.7
2024-06-03,32,24.4,54.7,16.5,80,21.8,52.6,3.0
2024-06-03,33,20.9,56.3,11.2,61,24.2,27.7,3.0
2024-06-03,34,20.5,63.2,16.4,63,12.5,23.6,5.9
2024-06-03,35,27.4,66.6,45.5,62,16.1,23.3,3.8
2024-06-04,1,30.5,65.8,7.4,49,18.8,23.5,5.2
2024-06-04,2,35.4,58.1,77.5,59,14.8,45.6,3.8
2024-06-04,3,30.2,61.5,27.8,33,8.1,17.0,4.3
2024-06-04,4,31.1,57.4,19.2,108,18.0,42.8,5.6
2024-06-04,5,30.1,63.9,23.1,59,10.8,41.5,4.3
2024-06-04,6,31.3,60.5,17.1,64,26.8,43.4,4.1
2024-06-04,7,28.9,53.6,95.8,24,5.5,10,5.4
2024-06-04,8,29.4,63.7,7.0,20,5.6,14.9,6.3
2024-06-04,9,33.4,70.1,0.1,60,22.3,47.1,5.3
2024-06-04,10,31.5,67.0,29.4,51,9.7,27.5,3.8
2024-06-04,11,26.2,47.7,0.9,114,49.0,51.0,4.3
2024-06-04,12,26.6,57.9,4.4,74,17.8,38.7,5.2
2024-06-04,13,35.2,45.0,6.9,65,13.1,26.0,5.8
2024-06-04,14,31.9,60.0,3.4,83,28.8,50.1,4.1
2024-06-04,15,32.2,63.4,23.1,89,39.3,36.5,3.9
2024-06-04,16,33.6,78.6,5.4,50,8.2,40.0,4.0
2024-06-04,17,25.9,53.8,12.3,68,20.2,35.9,4.6
2024-06-04,18,28.1,68.8,2.2,42,8.1,28.5,3.3
2024-06-04,19,30.3,60.9,0.5,54,8.9,21.4,5.7
2024-06-04,20,28.4,76.6,9.3,62,27.5,32.8,3.1
2024-06-04,21,23.5,60.0,7.3,66,18.3,41.7,5.5
2024-06-04,22,29.7,76.7,3.7,80,33.9,61.8,4.5
2024-06-04,23,32.2,57.0,8.0,30,9.7,10.7,4.4
2024-06-04,24,29.8,63.9,1.4,84,36.5,52.9,2.3
2024-06-04,25,27.9,61.6,6.7,63,11.7,31.8,4.5
2024-06-04,26,26.5,64.0,2.7,66,10.5,37.9,4.7
2024-06-04,27,25.7,53.3,18.1,105,31.9,42.5,2.6
2024-06-04,28,33.2,80.7,4.3,65,20.9,32.6,6.3
2024-06-04,29,30.9,69.6,9.7,57,13.4,46.6,4.5
2024-06-04,30,29.4,76.8,0.1,34,5.6,12.0,6.9
2024-06-04,31,26.7,57.6,15.4,86,19.7,61.4,6.0
2024-06-04,32,29.7,41.9,2.8,67,17.2,56.1,4.0
2024-06-04,33,29.0,63.9,22.2,41,7.1,34.8,2.0
2024-06-04,34,23.9,76.0,0.9,65,18.9,28.4,5.7
2024-06-04,35,27.2,73.8,3.1,61,15.5,40.3,3.6
2024-06-05,1,31.9,68.7,25.5,56,24.3,43.4,4.9
2024-06-05,2,29.1,47.3,49.9,55,16.6,31.5,4.6
2024-06-05,3,31.3,67.8,19.5,88,16.1,33.2,3.4
2024-06-05,4,32.8,70.8,15.4,77,16.2,36.6,5.9
2024-06-05,5,30.4,66.3,9.6,39,15.8,29.3,3.9
2024-06-05,6,30.5,71.9,5.6,45,14.4,22.6,2.2
2024-06-05,7,32.6,69.7,4.9,35,13.1,14.3,5.9
2024-06-05,8,34.1,65.4,22.5,41,7.4,15.2,5.9
2024-06-05,9,31.5,67.3,6.2,56,11.7,40.6,5.2
2024-06-05,10,32.4,75.6,7.2,36,15.0,17.1,4.4
2024-06-05,11,29.9,64.0,10.9,86,28.8,65.9,5.6
2024-06-05,12,33.6,50.3,0.4,99,18.9,79.5,3.1
2024-06-05,13,29.2,44.9,3.7,71,24.6,31.9,5.0
2024-06-05,14,26.7,59.3,2.9,111,39.6,41.5,4.0
2024-06-05,15,31.1,75.7,3.2,61,13.9,24.6,5.0
2024-06-05,16,29.8,64.8,21.2,53,8.1,23.6,3.9
2024-06-05,17,30.5,68.2,29.0,64,16.4,28.6,6.3
2024-06-05,18,34.1,78.1,47.8,63,25.9,22.2,4.8
2024-06-05,19,32.7,42.1,27.1,79,34.0,32.3,4.3
2024-06-05,20,34.1,64.5,47.4,87,28.6,61.2,2.0
2024-06-05,21,30.3,65.4,3.8,57,13.2,41.3,4.8
2024-06-05,22,27.7,54.1,17.2,77,34.6,33.8,4.2
2024-06-05,23,33.0,59.6,3.2,57,14.6,29.3,3.9
2024-06-05,24,30.6,52.6,0.5,72,28.0,60.1,3.5
2024-06-05,25,25.8,57.5,16.1,112,34.0,44.8,4.3
2024-06-05,26,24.6,36.7,7.3,81,31.7,57.2,5.8
2024-06-05,27,27.2,51.8,10.7,63,17.6,41.2,3.1
2024-06-05,28,31.9,64.9,14.8,99,20.6,37.0,5.3
2024-06-05,29,29.7,70.7,1.4,68,18.3,42.1,4.0
2024-06-05,30,30.4,75.5,12.3,45,10.0,23.8,6.2
2024-06-05,31,30.9,57.6,1.0,31,12.1,22.8,6.5
2024-06-05,32,29.2,57.1,1.8,33,10.8,17.8,3.3
2024-06-05,33,23.1,58.6,35.9,85,15.4,47.8,3.2
2024-06-05,34,29.4,44.4,9.7,68,29.8,31.0,5.2
2024-06-05,35,30.7,66.1,5.1,81,16.6,33.8,3.7
2024-06-06,1,31.9,64.7,34.4,80,34.2,52.4,5.8
2024-06-06,2,29.5,75.2,137.4,86,33.0,67.6,3.6
2024-06-06,3,30.5,54.9,14.0,44,18.0,22.4,3.0
2024-06-06,4,28.3,80.0,1.1,51,19.5,39.7,4.7
2024-06-06,5,37.1,76.6,92.7,60,13.1,48.5,4.4
2024-06-06,6,34.3,62.6,24.1,59,17.2,45.8,3.1
2024-06-06,7,30.0,47.1,48.1,56,16.2,21.5,5.5
2024-06-06,8,30.5,77.1,21.8,23,5.5,10.0,4.9
2024-06-06,9,31.3,67.5,24.9,59,14.0,34.2,3.8
2024-06-06,10,29.2,57.3,7.1,50,9.0,42.5,2.6
2024-06-06,11,33.6,57.8,7.5,71,14.9,55.6,3.5
2024-06-06,12,32.1,61.1,25.9,67,25.8,42.5,4.3
2024-06-06,13,27.3,61.8,1.5,94,33.3,53.6,6.3
2024-06-06,14,32.7,61.5,1.4,39,9.5,17.0,3.7
2024-06-06,15,32.2,54.5,5.4,38,6.4,30.1,4.1
2024-06-06,16,34.1,51.5,57.0,65,18.9,54.4,5.3
2024-06-06,17,30.9,58.1,3.9,27,5.5,11.7,5.4
2024-06-06,18,32.4,71.3,53.0,29,9.6,20.8,4.0
2024-06-06,19,33.7,65.2,26.7,69,14.2,57.8,5.3
2024-06-06,20,30.0,70.0,12.4,68,21.5,32.2,3.0
2024-06-06,21,29.5,54.7,11.6,55,22.0,23.3,4.3
2024-06-06,22,29.3,60.0,20.6,67,19.9,26.5,4.9
2024-06-06,23,31.7,69.8,2.1,38,12.9,13.3,3.3
2024-06-06,24,32.8,55.9,0.5,66,12.7,48.1,3.2
2024-06-06,25,31.0,66.9,5.9,126,43.7,92.6,3.1
2024-06-06,26,34.0,50.5,3.8,76,22.6,55.2,5.5
2024-06-06,27,22.4,50.6,20.6,96,33.0,68.0,2.9
2024-06-06,28,29.6,49.6,19.9,45,6.9,20.8,5.7
2024-06-06,29,35.9,52.5,3.7,50,14.1,40.7,4.5
2024-06-06,30,31.4,56.2,7.9,47,16.4,26.7,6.4
2024-06-06,31,30.6,46.5,1.2,46,7.9,34.3,7.0
2024-06-06,32,31.1,48.8,20.0,89,14.4,51.2,3.8
2024-06-06,33,23.7,61.4,27.6,89,29.5,61.1,2.9
2024-06-06,34,33.2,61.0,1.3,41,12.4,22.3,5.4
2024-06-06,35,30.0,57.5,31.6,29,11.1,18.8,2.8
2024-06-07,1,32.3,65.5,6.2,87,32.7,63.9,5.0
2024-06-07,2,29.2,60.8,6.6,49,21.4,25.3,4.7
2024-06-07,3,29.2,59.9,17.7,85,27.4,68.4,3.4
2024-06-07,4,29.7,65.9,12.1,73,13.6,28.7,6.1
2024-06-07,5,35.0,64.0,7.6,55,22.5,37.6,2.8
2024-06-07,6,30.4,58.5,27.7,47,19.1,17.2,3.2
2024-06-07,7,33.2,64.6,4.0,84,25.5,55.9,6.2
2024-06-07,8,28.1,55.1,1.3,20,7.3,16.0,5.2
2024-06-07,9,30.5,51.7,22.8,25,5,19.6,4.3
2024-06-07,10,31.2,65.2,11.0,72,30.8,48.1,5.0
2024-06-07,11,27.1,64.6,8.2,92,34.2,54.1,5.0
2024-06-07,12,29.6,42.2,10.7,99,38.4,63.2,4.8
2024-06-07,13,23.2,59.9,0.6,70,16.0,53.6,6.4
2024-06-07,14,22.2,58.6,8.7,118,31.7,61.8,2.9
2024-06-07,15,32.8,63.9,34.4,76,25.6,42.1,5.2
2024-06-07,16,32.9,55.5,26.2,80,15.0,54.4,4.0
2024-06-07,17,30.2,62.3,60.3,73,14.2,38.2,4.9
2024-06-07,18,29.2,51.7,49.7,79,12.2,45.9,4.3
2024-06-07,19,30.9,83.2,5.2,45,6.9,28.0,4.0
2024-06-07,20,33.8,55.4,3.1,61,9.6,21.5,2.4
2024-06-07,21,25.2,50.9,8.7,55,18.9,22.5,4.6
2024-06-07,22,30.1,60.7,0.8,33,13.0,26.9,4.2
2024-06-07,23,34.4,61.6,1.3,91,24.1,72.0,4.8
2024-06-07,24,33.9,45.7,3.1,57,13.3,30.6,3.8
2024-06-07,25,26.7,66.5,8.1,96,39.6,44.0,4.5
2024-06-07,26,22.8,49.4,3.8,103,25.1,56.5,5.4
2024-06-07,27,29.0,43.9,26.2,72,30.9,41.1,2.4
2024-06-07,28,35.4,49.5,2.5,42,10.0,16.8,6.0
2024-06-07,29,34.0,69.8,10.5,88,18.1,42.2,5.2
2024-06-07,30,32.9,69.4,14.0,49,18.6,41.1,6.8
2024-06-07,31,27.3,66.0,26.4,37,6.4,30.6,5.5
2024-06-07,32,26.2,50.6,34.9,71,30.5,27.9,3.2
2024-06-07,33,25.6,57.7,6.1,36,15.1,23.0,3.6
2024-06-07,34,25.3,59.6,3.3,71,15.6,52.5,5.0
2024-06-07,35,25.6,61.2,0.9,53,19.7,32.3,2.6
2024-06-08,1,30.3,68.3,24.0,62,22.7,46.5,4.5
2024-06-08,2,33.2,74.7,4.1,20,5.1,10,4.6
2024-06-08,3,29.4,55.4,30.4,92,16.9,40.9,3.8
2024-06-08,4,32.9,65.1,33.5,92,17.7,67.9,5.2
2024-06-08,5,25.5,63.0,26.0,57,11.7,33.2,3.2
2024-06-08,6,31.6,62.5,4.0,80,28.3,41.3,3.7
2024-06-08,7,32.8,76.7,78.8,87,25.1,55.0,6.4
2024-06-08,8,29.6,50.2,71.8,52,17.6,23.2,5.5
2024-06-08,9,30.3,77.3,24.8,26,5.8,13.7,3.7
2024-06-08,10,27.3,70.6,57.4,95,31.1,39.3,3.7
2024-06-08,11,28.5,52.8,5.3,107,20.6,66.7,4.2
2024-06-08,12,26.3,52.6,20.3,82,29.5,42.4,3.5
2024-06-08,13,28.0,58.3,7.2,95,24.6,33.4,6.5
2024-06-08,14,28.8,51.9,2.1,100,17.6,77.1,2.5
2024-06-08,15,32.5,57.8,24.0,46,20.6,21.5,4.7
2024-06-08,16,31.2,61.5,79.8,77,25.1,56.9,4.3
2024-06-08,17,31.0,65.7,82.6,53,14.1,22.4,5.5
2024-06-08,18,34.2,66.7,39.3,68,27.5,44.8,5.0
2024-06-08,19,33.4,59.2,17.2,61,19.9,42.7,6.0
2024-06-08,20,30.2,67.8,14.1,86,31.2,40.6,2.5
2024-06-08,21,32.9,64.7,5.0,73,17.6,38.5,5.0
2024-06-08,22,28.4,69.6,5.9,59,20.3,37.0,4.8
2024-06-08,23,35.5,70.4,5.1,101,19.3,66.2,4.7
2024-06-08,24,30.4,58.4,7.6,37,15.0,15.8,3.6
2024-06-08,25,20.9,64.0,7.5,58,11.4,38.7,2.8
2024-06-08,26,33.9,52.6,13.8,62,22.5,47.5,4.1
2024-06-08,27,26.5,54.0,3.6,108,17.3,61.8,2.8
2024-06-08,28,34.2,59.1,16.7,27,5,20.9,4.6
2024-06-08,29,32.4,67.1,10.4,51,17.0,24.2,3.7
2024-06-08,30,30.5,59.7,6.5,20,6.8,10,6.6
2024-06-08,31,31.5,64.4,11.7,27,6.0,22.3,5.2
2024-06-08,32,26.4,61.4,9.4,64,26.2,50.2,2.9
2024-06-08,33,22.5,68.1,6.9,67,16.5,46.3,2.5
2024-06-08,34,27.9,66.9,4.7,31,6.9,14.6,6.3
2024-06-08,35,31.7,55.8,13.9,55,24.5,28.8,3.1
2024-06-09,1,30.7,51.7,14.1,40,13.7,16.3,5.2
2024-06-09,2,29.5,68.1,3.7,60,16.1,45.5,3.9
2024-06-09,3,29.3,59.2,12.5,68,29.9,46.9,4.0
2024-06-09,4,30.5,55.0,28.1,48,16.0,21.9,5.1
2024-06-09,5,31.0,58.6,21.9,64,23.5,53.1,4.1
2024-06-09,6,30.3,51.4,6.7,53,20.8,31.1,3.7
2024-06-09,7,26.8,70.7,25.2,44,8.6,21.8,4.7
2024-06-09,8,33.6,64.5,21.4,64,19.3,40.2,5.1
2024-06-09,9,33.1,67.9,57.3,39,7.5,24.4,4.5
2024-06-09,10,28.6,68.7,23.0,68,22.9,30.5,4.0
2024-06-09,11,24.0,72.5,0.8,88,34.7,54.1,3.9
2024-06-09,12,30.1,47.2,4.3,85,35.2,46.3,4.2
2024-06-09,13,28.1,55.8,7.8,93,18.5,61.0,5.4
2024-06-09,14,30.1,38.3,4.5,114,28.2,44.7,3.6
2024-06-09,15,30.7,59.4,12.3,75,31.1,49.5,4.5
2024-06-09,16,33.8,68.9,2.2,63,20.8,27.7,4.2
2024-06-09,17,31.2,59.0,8.2,37,8.6,16.3,4.8
2024-06-09,18,30.7,72.9,9.0,75,30.4,32.8,3.7
2024-06-09,19,32.0,66.5,39.9,74,23.1,50.5,3.1
2024-06-09,20,31.1,57.1,4.6,89,33.0,56.6,3.6
2024-06-09,21,30.1,61.7,5.7,70,21.2,44.3,4.6
2024-06-09,22,31.4,64.9,1.4,67,27.0,23.7,4.0
2024-06-09,23,35.0,52.2,0.6,65,22.8,29.7,4.4
2024-06-09,24,33.3,44.7,2.5,58,18.5,29.8,2.9
2024-06-09,25,25.6,54.8,17.1,155,43.6,59.6,3.4
2024-06-09,26,29.5,45.7,0.7,154,48.1,60.6,5.6
2024-06-09,27,28.5,51.7,7.5,52,18.1,26.9,2.0
2024-06-09,28,31.5,75.6,32.4,58,21.9,36.8,4.5
2024-06-09,29,33.8,58.2,8.7,25,9.9,16.4,4.3
2024-06-09,30,29.2,71.8,37.5,76,19.9,51.2,5.4
2024-06-09,31,29.0,63.7,18.2,20,6.8,16.6,7.3
2024-06-09,32,27.8,58.0,21.8,44,19.5,17.0,3.7
2024-06-09,33,25.0,59.1,8.4,46,17.3,31.6,2.4
2024-06-09,34,29.8,64.9,0.0,41,18.2,26.5,5.5
2024-06-09,35,28.5,61.4,7.2,63,22.4,49.1,2.6
2024-06-10,1,28.1,65.3,40.0,52,23.1,28.8,5.2
2024-06-10,2,29.6,63.4,6.3,61,9.2,31.6,5.1
2024-06-10,3,27.8,73.3,40.3,83,26.7,29.5,3.6
2024-06-10,4,28.9,60.6,1.6,36,5.5,20.5,4.4
2024-06-10,5,35.9,56.1,25.9,52,14.4,28.5,3.8
2024-06-10,6,31.6,42.8,63.9,79,35.1,32.6,3.6
2024-06-10,7,29.4,79.2,7.9,48,16.6,30.2,4.7
2024-06-10,8,35.1,67.1,17.6,39,10.3,28.7,5.3
2024-06-10,9,30.4,56.0,0.3,47,19.1,21.9,4.9
2024-06-10,10,33.2,56.0,35.1,49,18.1,22.4,2.3
2024-06-10,11,27.2,61.7,5.0,83,28.1,48.0,5.5
2024-06-10,12,29.7,64.0,4.6,104,44.4,42.4,4.6
2024-06-10,13,30.3,59.5,9.1,78,21.9,27.6,5.8
2024-06-10,14,32.1,72.2,6.8,76,19.8,48.5,3.6
2024-06-10,15,28.8,69.2,60.7,63,24.1,42.0,4.9
2024-06-10,16,30.4,70.6,20.9,46,7.7,24.8,5.5
2024-06-10,17,27.9,58.2,1.3,50,10.6,41.7,5.1
2024-06-10,18,29.0,75.1,12.8,41,17.0,30.1,4.3
2024-06-10,19,37.3,53.4,24.7,76,29.4,35.0,4.5
2024-06-10,20,27.0,43.4,61.1,77,17.1,60.7,3.3
2024-06-10,21,28.6,55.6,10.5,73,11.0,52.4,4.7
2024-06-10,22,27.6,52.0,19.9,87,23.1,55.2,4.6
2024-06-10,23,29.8,70.6,0.6,37,10.1,14.0,3.2
2024-06-10,24,32.1,58.7,5.7,47,8.5,24.5,3.3
2024-06-10,25,27.6,54.3,6.1,97,42.9,40.7,4.0
2024-06-10,26,28.9,66.1,15.4,75,11.3,46.4,4.9
2024-06-10,27,24.6,64.1,4.0,73,14.3,30.9,2.0
2024-06-10,28,31.5,59.3,13.1,82,22.8,52.4,5.8
2024-06-10,29,32.5,58.3,17.2,85,23.5,54.8,5.8
2024-06-10,30,32.0,69.9,44.4,37,10.3,13.5,6.2
2024-06-10,31,32.8,60.2,39.2,42,14.1,31.0,7.1
2024-06-10,32,22.6,58.5,4.4,62,13.1,32.8,3.5
2024-06-10,33,27.7,56.6,6.2,48,7.3,27.5,3.3
2024-06-10,34,24.1,53.9,11.2,43,9.7,21.4,5.4
2024-06-10,35,27.8,70.7,93.4,43,10.5,29.5,3.5
2024-06-11,1,28.0,75.9,15.2,64,19.2,40.6,5.5
2024-06-11,2,35.8,58.8,18.3,80,32.0,64.7,4.1
2024-06-11,3,31.3,68.9,8.2,76,20.8,41.4,3.5
2024-06-11,4,32.8,61.8,14.5,52,18.7,39.1,5.5
2024-06-11,5,32.3,78.0,31.4,74,17.6,35.5,4.6
2024-06-11,6,33.1,55.9,9.0,81,13.7,58.8,3.3
2024-06-11,7,33.0,53.5,3.1,37,11.9,17.6,5.7
2024-06-11,8,33.6,71.4,110.4,24,5,18.4,5.3
2024-06-11,9,31.4,73.5,5.9,91,22.9,67.7,4.4
2024-06-11,10,29.0,70.8,34.3,43,12.5,16.0,5.2
2024-06-11,11,30.1,52.1,5.7,79,34.7,52.4,4.7
2024-06-11,12,23.2,67.6,7.7,76,14.1,56.9,4.4
2024-06-11,13,25.6,74.7,15.9,83,27.9,42.2,5.9
2024-06-11,14,30.4,43.5,6.7,89,36.6,54.4,3.0
2024-06-11,15,31.5,69.0,29.1,47,19.7,23.9,3.8
2024-06-11,16,24.3,71.8,4.6,65,18.4,36.0,4.8
2024-06-11,17,28.9,70.9,2.6,71,15.7,25.8,5.8
2024-06-11,18,31.1,60.0,86.3,20,5,14.1,3.9
2024-06-11,19,32.6,44.8,25.4,86,34.5,58.9,4.3
2024-06-11,20,26.4,56.8,39.1,71,18.0,44.2,3.9
2024-06-11,21,30.1,47.1,11.8,67,19.5,35.2,4.7
2024-06-11,22,27.9,70.4,5.6,60,17.2,36.3,3.9
2024-06-11,23,36.6,59.4,4.5,51,12.8,39.1,4.5
2024-06-11,24,28.2,73.0,3.8,86,22.9,47.9,3.1
2024-06-11,25,26.8,55.9,10.9,50,8.4,28.3,5.0
2024-06-11,26,24.5,52.3,20.1,62,13.5,35.5,4.9
2024-06-11,27,29.4,56.9,13.5,52,8.6,42.8,2.8
2024-06-11,28,31.1,62.0,21.4,80,19.9,28.9,4.3
2024-06-11,29,32.7,58.1,6.2,64,27.6,42.3,4.3
2024-06-11,30,33.6,58.4,118.8,35,11.4,18.9,6.3
2024-06-11,31,30.8,49.3,19.1,54,21.3,38.3,7.2
2024-06-11,32,30.6,51.9,54.4,71,21.3,50.6,2.5
2024-06-11,33,27.6,70.4,14.3,20,7.5,10,2.0
2024-06-11,34,23.2,56.6,4.6,47,20.1,23.8,6.3
2024-06-11,35,31.6,78.1,30.4,39,16.3,32.7,4.1
2024-06-12,1,27.0,63.3,28.4,38,9.3,16.8,5.6
2024-06-12,2,34.9,61.0,0.8,77,28.2,36.1,5.6
2024-06-12,3,27.8,64.0,11.2,54,17.2,36.8,4.1
2024-06-12,4,34.3,59.2,96.2,74,15.1,55.9,5.3
2024-06-12,5,31.8,67.8,4.9,42,11.2,34.7,3.3
2024-06-12,6,34.0,58.8,14.7,28,9.0,15.7,3.4
2024-06-12,7,36.2,67.8,12.5,20,5,12.3,5.7
2024-06-12,8,32.0,50.9,36.0,30,9.4,25.5,5.1
2024-06-12,9,34.4,53.5,50.0,58,10.9,31.6,3.7
2024-06-12,10,34.1,66.2,13.2,52,21.1,34.1,5.0
2024-06-12,11,26.6,66.1,3.5,78,23.4,32.8,3.9
2024-06-12,12,23.1,46.6,1.8,76,31.2,51.6,5.5
2024-06-12,13,28.2,65.5,8.7,74,30.9,58.7,5.3
2024-06-12,14,26.5,56.4,11.2,68,24.9,56.4,3.4
2024-06-12,15,32.1,55.1,4.9,70,18.3,38.2,5.0
2024-06-12,16,32.5,62.8,60.2,54,15.9,43.6,4.1
2024-06-12,17,32.1,72.0,14.6,76,26.9,42.4,4.5
2024-06-12,18,34.0,70.5,7.1,65,21.3,48.1,4.7
2024-06-12,19,30.7,67.2,14.1,52,15.6,24.7,5.7
2024-06-12,20,30.3,61.8,25.6,60,15.5,43.0,2.0
2024-06-12,21,27.7,60.8,3.8,63,27.1,46.6,4.7
2024-06-12,22,27.3,54.5,0.2,59,18.5,39.2,5.0
2024-06-12,23,34.9,54.7,2.2,26,9.1,11.0,3.6
2024-06-12,24,28.2,75.2,4.3,78,27.0,60.0,2.8
2024-06-12,25,26.3,55.0,8.8,64,13.1,23.3,3.7
2024-06-12,26,22.9,55.2,0.8,108,18.8,83.0,5.1
2024-06-12,27,28.3,64.1,10.6,108,30.9,49.9,3.2
2024-06-12,28,34.2,64.8,8.7,67,24.2,49.4,5.8
2024-06-12,29,33.3,55.5,4.9,75,19.4,42.4,5.3
2024-06-12,30,33.2,70.0,8.4,20,5,10,5.4
2024-06-12,31,27.3,68.3,28.8,47,17.8,23.0,6.6
2024-06-12,32,29.7,60.9,11.8,77,14.7,27.4,3.6
2024-06-12,33,27.3,64.6,16.4,89,31.5,43.0,2.7
2024-06-12,34,29.2,55.6,7.5,56,12.4,31.2,6.0
2024-06-12,35,26.7,60.6,3.3,86,22.0,34.7,4.8
2024-06-13,1,31.1,56.5,14.1,46,11.5,20.2,4.8
2024-06-13,2,31.2,70.5,22.0,58,22.1,25.5,4.7
2024-06-13,3,32.6,65.8,10.7,88,19.8,61.0,5.0
2024-06-13,4,27.0,60.2,13.5,68,22.5,37.4,6.0
2024-06-13,5,34.0,64.5,17.1,34,14.3,15.8,4.7
2024-06-13,6,29.5,78.3,20.1,56,11.0,23.8,3.3
2024-06-13,7,31.8,70.9,42.4,63,14.9,52.7,5.1
2024-06-13,8,35.1,64.4,13.8,61,21.7,27.2,5.9
2024-06-13,9,30.3,70.6,37.9,30,10.1,22.0,4.1
2024-06-13,10,30.7,58.7,47.1,52,10.4,20.4,2.6
2024-06-13,11,27.4,57.4,2.7,69,20.9,40.4,4.0
2024-06-13,12,23.7,54.6,28.4,57,18.6,27.5,3.4
2024-06-13,13,26.2,67.6,0.7,78,29.7,46.7,5.8
2024-06-13,14,30.6,67.1,0.1,67,15.8,37.2,3.8
2024-06-13,15,33.2,46.0,0.4,82,13.6,35.5,4.9
2024-06-13,16,30.1,60.8,45.0,59,9.0,21.6,4.5
2024-06-13,17,30.5,61.3,16.5,60,15.8,38.6,5.5
2024-06-13,18,33.6,62.5,29.3,70,31.5,50.7,3.9
2024-06-13,19,33.5,47.8,109.9,89,29.8,47.7,3.9
2024-06-13,20,28.4,66.5,6.6,56,13.8,24.5,2.4
2024-06-13,21,29.1,50.8,8.2,80,31.5,30.3,5.2
2024-06-13,22,35.8,48.3,12.2,47,8.8,26.4,4.5
2024-06-13,23,34.0,63.2,4.1,54,20.5,25.5,3.2
2024-06-13,24,30.6,48.8,0.2,60,14.2,24.6,3.7
2024-06-13,25,30.7,47.3,2.7,101,28.3,73.7,2.5
2024-06-13,26,23.2,53.5,7.0,79,16.0,33.5,5.2
2024-06-13,27,26.7,51.3,10.2,98,22.2,70.1,3.5
2024-06-13,28,31.8,93.7,12.3,78,29.4,42.4,5.0
2024-06-13,29,33.9,64.5,4.1,54,11.0,38.3,3.5
2024-06-13,30,27.7,60.6,5.6,26,5,17.9,5.8
2024-06-13,31,28.1,61.1,18.8,63,26.5,35.3,7.6
2024-06-13,32,25.1,62.8,0.5,78,14.9,52.1,4.0
2024-06-13,33,25.5,54.1,12.5,63,25.7,48.9,2.0
2024-06-13,34,28.9,56.2,3.2,93,35.4,59.5,5.8
2024-06-13,35,24.0,55.9,20.9,41,7.2,25.7,3.2
2024-06-14,1,32.6,65.7,2.5,56,8.4,45.4,6.3
2024-06-14,2,30.1,62.3,9.4,81,35.8,65.6,3.9
2024-06-14,3,30.6,63.1,5.9,74,20.5,58.7,3.5
2024-06-14,4,29.5,66.7,17.6,26,10.8,16.4,6.7
2024-06-14,5,35.5,64.9,10.1,37,15.8,13.7,3.0
2024-06-14,6,29.5,79.2,3.4,92,18.2,50.1,2.1
2024-06-14,7,33.5,68.8,30.7,24,7.7,16.9,5.4
2024-06-14,8,35.4,48.2,9.5,26,5,11.1,5.4
2024-06-14,9,34.2,57.8,3.1,77,25.9,29.3,5.0
2024-06-14,10,30.7,60.8,36.1,46,17.4,37.6,4.1
2024-06-14,11,33.4,52.5,12.8,125,29.4,82.7,4.6
2024-06-14,12,30.5,51.0,1.8,88,22.7,54.2,4.0
2024-06-14,13,30.4,54.2,0.5,46,15.7,18.0,5.4
2024-06-14,14,28.3,53.1,4.4,80,26.1,44.6,3.4
2024-06-14,15,28.7,44.8,3.2,81,21.9,39.3,5.3
2024-06-14,16,29.9,62.8,47.2,63,11.6,26.5,4.6
2024-06-14,17,27.4,69.4,37.3,42,7.9,33.8,5.2
2024-06-14,18,26.1,58.1,18.3,65,28.8,37.6,2.9
2024-06-14,19,28.9,73.5,3.2,66,28.7,23.6,3.9
2024-06-14,20,32.2,63.4,22.0,118,52.3,46.3,3.2
2024-06-14,21,29.4,48.6,2.8,55,23.4,20.6,4.2
2024-06-14,22,29.5,47.3,21.3,20,5,10.5,4.0
2024-06-14,23,33.4,61.1,2.1,45,16.1,26.3,3.5
2024-06-14,24,34.4,47.7,0.1,86,25.6,55.9,3.0
2024-06-14,25,28.0,64.3,12.3,80,16.2,39.6,3.1
2024-06-14,26,28.9,56.8,0.8,49,12.0,37.2,5.0
2024-06-14,27,25.7,51.3,13.3,67,25.5,29.5,2.8
2024-06-14,28,31.8,68.9,8.5,53,13.5,28.7,6.4
2024-06-14,29,33.3,68.3,10.6,51,17.3,19.1,4.8
2024-06-14,30,31.9,72.7,25.9,82,20.9,36.2,5.6
2024-06-14,31,30.4,56.2,13.6,55,20.9,33.8,6.9
2024-06-14,32,23.0,66.1,59.7,63,12.9,37.1,3.1
2024-06-14,33,23.9,74.5,16.5,51,17.1,18.3,2.0
2024-06-14,34,25.2,80.9,28.5,37,12.7,28.4,7.1
2024-06-14,35,29.5,56.4,6.7,59,12.4,39.5,4.4
2024-06-15,1,33.1,76.9,20.6,57,14.7,47.0,4.8
2024-06-15,2,34.6,72.9,5.8,62,10.7,38.0,4.2
2024-06-15,3,29.8,68.0,46.3,62,19.3,24.6,3.5
2024-06-15,4,30.7,58.1,1.1,100,36.2,55.6,5.0
2024-06-15,5,28.9,59.2,8.9,72,26.3,39.2,4.1
2024-06-15,6,31.4,63.4,47.8,36,10.9,16.0,3.3
2024-06-15,7,30.8,78.4,17.5,30,8.0,16.1,6.2
2024-06-15,8,32.1,65.6,21.5,31,11.2,17.8,5.4
2024-06-15,9,25.9,73.8,17.4,47,14.0,31.8,5.3
2024-06-15,10,30.0,62.1,77.6,73,25.2,45.2,4.6
2024-06-15,11,33.1,59.2,2.1,114,42.9,43.7,4.6
2024-06-15,12,31.7,61.4,18.2,95,19.8,57.5,4.2
2024-06-15,13,29.5,57.5,1.2,80,27.0,58.9,5.8
2024-06-15,14,26.5,61.4,7.3,92,35.2,67.7,3.6
2024-06-15,15,28.2,71.2,32.2,37,8.1,26.3,5.4
2024-06-15,16,32.7,68.8,4.9,44,10.4,34.8,4.1
2024-06-15,17,34.0,52.4,42.3,58,15.4,45.1,5.2
2024-06-15,18,30.5,55.5,3.5,60,26.9,40.8,3.3
2024-06-15,19,25.2,57.5,1.5,95,23.9,45.1,4.2
2024-06-15,20,28.3,72.8,1.5,77,18.6,59.5,4.0
2024-06-15,21,31.1,65.6,9.5,118,42.7,90.8,4.5
2024-06-15,22,24.5,64.8,4.1,42,16.5,18.4,3.9
2024-06-15,23,27.5,49.0,0.3,55,23.3,25.2,4.0
2024-06-15,24,31.6,52.4,4.5,62,15.9,48.0,2.2
2024-06-15,25,28.3,62.6,29.2,66,10.1,32.4,3.6
2024-06-15,26,24.0,65.7,15.6,90,34.2,47.6,4.6
2024-06-15,27,26.3,49.8,1.5,71,23.9,44.4,2.1
2024-06-15,28,30.3,65.0,8.4,41,9.7,29.1,6.1
2024-06-15,29,30.6,76.7,0.9,53,22.1,19.1,3.8
2024-06-15,30,29.0,65.8,19.1,38,16.9,15.6,5.8
2024-06-15,31,25.3,58.7,13.3,37,8.3,24.6,6.2
2024-06-15,32,24.5,62.7,6.0,41,17.6,18.4,3.8
2024-06-15,33,26.1,36.2,7.3,92,30.2,42.4,2.0
2024-06-15,34,25.6,63.6,67.4,43,8.9,27.5,5.5
2024-06-15,35,28.2,66.2,8.0,83,16.6,66.3,3.7
2024-06-16,1,26.8,61.3,4.4,67,17.1,37.9,4.9
2024-06-16,2,31.5,62.5,0.3,95,33.8,63.9,4.6
2024-06-16,3,34.0,62.7,39.3,58,22.2,22.9,4.6
2024-06-16,4,31.2,66.4,67.3,29,10.7,10.2,5.6
2024-06-16,5,30.9,73.0,3.5,32,13.6,19.4,3.6
2024-06-16,6,31.6,67.2,67.3,42,18.9,26.9,4.6
2024-06-16,7,31.0,70.2,22.4,48,11.0,36.4,5.8
2024-06-16,8,32.2,73.9,6.1,57,13.2,27.6,6.1
2024-06-16,9,32.5,57.8,29.2,59,13.7,41.3,4.4
2024-06-16,10,31.9,59.1,1.8,54,13.5,20.6,3.1
2024-06-16,11,29.1,61.1,19.6,67,25.7,47.9,4.6
2024-06-16,12,29.8,55.3,0.2,96,32.3,38.5,4.0
2024-06-16,13,28.8,76.2,31.8,133,32.4,56.8,6.2
2024-06-16,14,33.9,42.3,4.6,70,17.4,42.5,2.9
2024-06-16,15,33.5,62.5,37.1,39,11.5,28.0,4.2
2024-06-16,16,30.9,60.0,3.3,58,23.0,29.8,3.7
2024-06-16,17,26.9,76.9,19.0,48,7.4,30.5,4.7
2024-06-16,18,28.1,54.8,7.3,40,9.3,19.9,4.1
2024-06-16,19,28.9,70.8,8.4,55,19.2,38.9,4.8
2024-06-16,20,32.7,64.7,11.5,46,20.6,27.9,2.9
2024-06-16,21,29.1,49.9,17.6,67,14.1,48.0,4.0
2024-06-16,22,30.3,58.0,6.0,43,15.5,29.0,5.2
2024-06-16,23,32.5,42.6,4.4,53,23.3,29.5,4.2
2024-06-16,24,31.4,62.0,3.3,24,8.9,11.1,4.2
2024-06-16,25,27.9,65.9,23.9,62,14.2,28.3,4.1
2024-06-16,26,26.4,74.9,2.8,67,26.1,35.1,5.6
2024-06-16,27,27.0,74.6,17.8,81,32.4,32.2,2.2
2024-06-16,28,34.8,58.7,12.4,64,18.5,38.0,4.7
2024-06-16,29,31.9,71.3,15.5,47,17.5,19.5,4.1
2024-06-16,30,31.9,52.0,2.5,21,7.5,10,6.0
2024-06-16,31,32.2,52.1,5.3,44,12.7,35.3,6.3
2024-06-16,32,22.6,47.3,3.4,68,23.9,42.9,4.1
2024-06-16,33,23.0,69.1,0.2,28,5,12.7,2.0
2024-06-16,34,27.7,60.9,2.3,27,9.1,12.5,6.1
2024-06-16,35,22.7,62.9,18.2,81,14.6,36.8,3.5
2024-06-17,1,33.1,61.9,85.0,55,23.0,26.2,4.7
2024-06-17,2,30.3,58.6,17.9,61,10.9,30.1,4.2
2024-06-17,3,29.4,73.4,5.6,74,13.0,45.4,4.0
2024-06-17,4,30.3,48.4,22.3,30,10.0,12.0,5.0
2024-06-17,5,29.7,66.1,62.8,75,27.3,57.4,4.2
2024-06-17,6,27.0,71.3,12.2,75,12.6,37.3,3.1
2024-06-17,7,35.8,63.6,4.4,31,8.4,21.4,6.2
2024-06-17,8,34.3,63.7,43.3,20,8.0,10.1,5.5
2024-06-17,9,34.1,57.9,26.7,39,17.2,15.5,4.7
2024-06-17,10,32.3,76.7,6.7,64,17.9,25.9,3.7
2024-06-17,11,26.4,49.1,4.5,101,24.2,58.7,4.0
2024-06-17,12,24.2,75.6,2.2,68,13.8,26.1,3.9
2024-06-17,13,30.0,55.9,18.6,114,50.9,77.6,6.0
2024-06-17,14,34.9,42.9,13.0,97,23.1,35.5,4.0
2024-06-17,15,30.8,72.1,67.5,35,9.1,13.5,4.4
2024-06-17,16,29.1,71.9,33.0,73,18.1,34.9,3.6
2024-06-17,17,31.0,58.8,49.6,66,17.8,51.6,5.4
2024-06-17,18,32.7,67.1,9.6,82,17.4,53.6,4.3
2024-06-17,19,33.2,65.3,24.2,54,10.5,19.3,3.6
2024-06-17,20,28.4,71.2,47.3,67,18.0,51.4,3.0
2024-06-17,21,31.0,68.8,1.0,104,34.2,38.8,5.7
2024-06-17,22,26.2,61.3,4.6,65,12.9,47.7,5.6
2024-06-17,23,31.5,65.1,2.3,83,34.2,55.0,4.2
2024-06-17,24,32.8,44.7,1.1,43,17.6,18.2,2.9
2024-06-17,25,19.5,64.6,5.9,103,18.7,74.4,3.5
2024-06-17,26,27.5,53.7,4.9,47,17.8,37.3,5.2
2024-06-17,27,25.4,65.4,1.7,125,41.3,102.3,2.2
2024-06-17,28,29.1,52.2,5.5,56,20.0,24.1,4.9
2024-06-17,29,31.5,58.7,0.7,32,14.3,26.3,4.2
2024-06-17,30,32.3,71.1,19.1,20,5,10,5.6
2024-06-17,31,33.3,59.4,48.6,60,22.7,42.7,6.2
2024-06-17,32,27.0,63.4,0.6,65,10.9,53.4,4.2
2024-06-17,33,23.6,70.9,2.7,36,8.4,13.7,2.6
2024-06-17,34,32.8,51.6,0.5,76,32.8,43.4,6.5
2024-06-17,35,23.6,55.7,68.4,63,24.3,23.0,3.4
2024-06-18,1,31.3,56.0,23.6,39,10.0,20.5,5.7
2024-06-18,2,32.1,53.7,36.6,50,20.8,39.6,4.5
2024-06-18,3,31.3,53.8,20.7,61,13.8,34.7,3.2
2024-06-18,4,31.9,65.4,20.7,83,34.8,50.3,5.9
2024-06-18,5,31.0,51.1,5.3,68,24.5,53.0,4.0
2024-06-18,6,28.5,60.4,32.3,52,18.4,25.3,2.8
2024-06-18,7,31.0,62.2,43.5,41,15.5,20.1,5.8
2024-06-18,8,32.4,57.4,62.8,34,6.0,23.0,5.9
2024-06-18,9,30.3,56.6,6.1,51,12.1,24.2,4.1
2024-06-18,10,30.0,46.2,3.8,26,6.1,21.0,4.1
2024-06-18,11,25.8,61.7,3.4,101,28.0,52.5,4.1
2024-06-18,12,36.6,46.6,11.1,113,20.3,55.5,3.2
2024-06-18,13,29.7,66.4,0.9,76,21.8,64.2,7.3
2024-06-18,14,31.1,48.1,3.4,73,29.6,44.7,3.4
2024-06-18,15,31.2,61.4,45.1,25,5.5,20.5,4.5
2024-06-18,16,33.1,68.5,15.8,47,13.0,24.8,4.2
2024-06-18,17,28.4,57.2,28.0,85,21.0,54.8,6.1
2024-06-18,18,32.0,72.5,18.4,82,28.4,68.0,3.8
2024-06-18,19,30.1,75.2,75.8,80,17.6,60.5,5.0
2024-06-18,20,33.7,62.6,6.2,80,26.6,45.1,2.9
2024-06-18,21,32.0,70.8,7.3,20,6.1,10,5.0
2024-06-18,22,32.9,47.7,3.6,62,15.0,25.8,4.5
2024-06-18,23,33.8,38.3,1.4,52,19.0,25.4,3.8
2024-06-18,24,22.5,58.7,1.4,81,14.2,46.4,3.1
2024-06-18,25,22.7,51.5,4.6,55,13.3,25.9,3.9
2024-06-18,26,22.7,62.3,12.8,90,15.7,60.7,5.8
2024-06-18,27,25.3,52.3,6.9,124,49.0,97.2,2.0
2024-06-18,28,34.7,63.7,30.3,94,22.9,78.4,4.7
2024-06-18,29,33.8,67.1,4.7,47,13.3,23.7,4.6
2024-06-18,30,31.7,69.1,8.1,23,10.0,18.1,6.2
2024-06-18,31,29.3,65.2,15.8,27,11.1,21.8,7.7
2024-06-18,32,26.0,53.9,37.3,35,10.3,26.2,3.8
2024-06-18,33,22.5,54.1,0.3,82,35.2,55.6,2.4
2024-06-18,34,26.1,66.7,14.9,70,24.2,54.9,6.7
2024-06-18,35,28.9,63.5,52.4,47,20.4,32.4,2.7
2024-06-19,1,29.8,60.0,16.3,66,16.8,49.4,5.2
2024-06-19,2,31.0,58.9,1.4,62,18.2,41.3,4.4
2024-06-19,3,27.0,69.2,109.3,88,22.5,49.6,2.7
2024-06-19,4,28.1,65.1,12.1,63,17.6,48.4,4.8
2024-06-19,5,39.0,60.0,23.7,66,10.4,23.6,4.1
2024-06-19,6,29.8,58.4,42.6,32,6.6,22.8,4.2
2024-06-19,7,34.7,62.3,8.1,46,14.2,31.9,6.3
2024-06-19,8,24.9,70.8,51.7,63,27.1,45.9,6.0
2024-06-19,9,34.3,66.9,29.0,20,5,14.1,3.8
2024-06-19,10,31.3,68.3,8.9,72,21.3,52.3,5.0
2024-06-19,11,26.7,59.1,7.4,67,16.6,31.0,3.8
2024-06-19,12,30.5,67.1,20.3,39,12.4,25.0,3.8
2024-06-19,13,30.6,52.6,5.7,82,36.4,36.8,5.3
2024-06-19,14,31.6,40.3,2.4,81,17.3,40.5,3.8
2024-06-19,15,29.9,66.2,24.6,63,17.0,46.3,4.9
2024-06-19,16,25.2,64.5,10.1,82,19.8,37.5,4.5
2024-06-19,17,31.8,62.2,10.9,72,11.1,28.6,5.9
2024-06-19,18,30.4,65.0,32.9,99,16.9,41.8,3.5
2024-06-19,19,32.3,63.3,2.6,76,30.0,58.5,5.0
2024-06-19,20,32.1,64.5,7.2,78,13.1,31.5,2.7
2024-06-19,21,32.6,68.4,8.0,104,45.2,42.9,4.3
2024-06-19,22,33.2,58.5,3.3,76,21.9,56.6,4.9
2024-06-19,23,25.8,56.3,1.2,55,13.2,27.7,4.2
2024-06-19,24,28.8,67.5,1.5,100,28.4,67.8,3.7
2024-06-19,25,24.8,45.4,13.4,104,38.5,48.8,4.9
2024-06-19,26,24.8,51.4,1.8,92,29.1,43.1,4.9
2024-06-19,27,24.4,56.2,13.7,70,14.0,53.7,3.2
2024-06-19,28,29.5,68.4,24.9,107,16.2,43.8,4.3
2024-06-19,29,33.3,72.0,0.1,48,19.4,28.9,4.5
2024-06-19,30,32.5,59.6,25.5,36,9.0,23.0,5.6
2024-06-19,31,28.2,52.5,17.9,59,15.2,22.8,5.9
2024-06-19,32,28.8,77.9,8.8,53,9.2,30.3,3.7
2024-06-19,33,29.1,53.4,17.2,62,15.5,30.9,2.4
2024-06-19,34,25.8,67.6,2.8,82,15.2,46.8,6.1
2024-06-19,35,29.3,58.8,1.7,57,19.2,23.6,4.4
2024-06-20,1,30.3,54.3,1.6,88,24.4,68.2,4.0
2024-06-20,2,28.0,65.0,53.7,59,21.8,44.5,4.3
2024-06-20,3,30.4,47.7,13.9,49,21.1,23.3,3.3
2024-06-20,4,24.3,63.3,34.1,50,17.0,27.9,5.2
2024-06-20,5,28.4,71.9,10.8,64,16.7,48.2,5.1
2024-06-20,6,29.6,80.0,18.2,40,17.6,32.1,4.1
2024-06-20,7,32.9,60.6,24.0,28,10.5,19.2,6.6
2024-06-20,8,31.5,64.8,18.1,42,16.2,33.2,4.7
2024-06-20,9,31.2,73.6,11.0,59,25.7,25.1,4.5
2024-06-20,10,34.7,72.5,88.6,65,16.2,50.4,3.9
2024-06-20,11,30.3,51.7,0.1,74,14.2,59.4,4.1
2024-06-20,12,31.5,57.1,4.1,124,42.8,76.4,5.2
2024-06-20,13,28.7,56.9,26.1,106,33.4,43.0,5.5
2024-06-20,14,34.2,53.1,11.5,121,54.3,47.7,2.9
2024-06-20,15,31.2,61.1,6.1,45,8.4,35.7,4.2
2024-06-20,16,28.7,58.1,15.2,68,22.2,55.8,4.0
2024-06-20,17,31.4,82.2,23.6,62,21.0,33.2,6.1
2024-06-20,18,33.3,61.7,5.3,52,23.2,33.8,4.7
2024-06-20,19,23.7,61.6,31.7,43,18.6,36.4,4.6
2024-06-20,20,28.2,70.2,28.2,79,14.8,53.6,4.8
2024-06-20,21,28.9,42.2,0.9,47,19.5,19.2,4.0
2024-06-20,22,28.7,61.2,4.4,69,17.6,32.4,5.0
2024-06-20,23,28.6,53.9,3.8,75,32.8,49.6,3.8
2024-06-20,24,27.9,54.8,1.8,37,14.0,23.6,2.0
2024-06-20,25,28.3,62.6,11.2,76,31.6,59.2,3.5
2024-06-20,26,29.7,59.7,0.4,76,27.6,32.5,5.2
2024-06-20,27,23.7,58.9,24.8,45,10.3,32.9,2.5
2024-06-20,28,30.5,62.8,0.9,56,18.7,47.2,5.7
2024-06-20,29,35.5,64.3,5.5,67,15.7,32.7,4.8
2024-06-20,30,30.2,77.3,17.4,39,6.3,13.9,6.2
2024-06-20,31,33.4,59.1,58.7,29,5,20.2,5.4
2024-06-20,32,24.8,60.2,12.6,38,11.6,19.9,4.0
2024-06-20,33,28.0,51.5,3.1,54,19.7,32.4,2.0
2024-06-20,34,20.4,51.8,38.2,60,9.4,49.5,6.2
2024-06-20,35,30.3,62.8,16.3,31,7.0,14.8,4.0
2024-06-21,1,30.9,74.1,79.3,41,16.4,26.2,5.3
2024-06-21,2,34.2,71.6,51.7,62,20.8,35.7,3.1
2024-06-21,3,32.2,60.1,29.8,77,15.5,29.9,3.1
2024-06-21,4,32.0,45.6,66.5,68,25.3,27.7,5.1
2024-06-21,5,31.0,60.8,44.3,96,19.7,37.9,3.1
2024-06-21,6,32.0,60.6,0.9,60,12.7,44.9,2.6
2024-06-21,7,27.3,67.3,12.8,20,7.3,10,3.9
2024-06-21,8,33.5,69.9,6.5,52,15.1,37.8,5.8
2024-06-21,9,37.2,55.6,49.6,42,18.3,25.6,3.4
2024-06-21,10,32.0,56.6,21.1,47,16.7,28.7,3.2
2024-06-21,11,35.1,54.7,4.1,63,24.6,33.1,5.0
2024-06-21,12,35.0,53.9,18.7,84,19.9,35.5,2.6
2024-06-21,13,26.3,56.2,5.2,84,15.0,43.3,4.1
2024-06-21,14,27.4,58.5,4.5,94,23.8,33.0,3.1
2024-06-21,15,32.7,58.3,5.5,78,16.3,32.9,4.9
2024-06-21,16,33.4,69.2,7.9,47,12.6,20.6,5.3
2024-06-21,17,25.7,69.0,17.0,47,18.5,35.9,6.4
2024-06-21,18,32.3,70.9,5.4,56,11.9,34.6,3.6
2024-06-21,19,28.4,63.4,4.4,37,14.3,28.1,4.9
2024-06-21,20,28.6,62.6,19.8,48,16.1,40.5,2.8
2024-06-21,21,29.2,50.8,9.9,75,19.5,55.0,5.5
2024-06-21,22,28.6,54.6,27.6,67,24.0,33.7,4.1
2024-06-21,23,31.5,52.3,1.2,82,23.2,62.1,3.4
2024-06-21,24,27.2,59.3,2.9,74,16.5,56.8,2.2
2024-06-21,25,27.6,48.6,0.8,73,15.3,59.3,2.9
2024-06-21,26,22.5,59.2,9.6,58,21.3,26.2,5.1
2024-06-21,27,26.8,67.2,18.7,96,37.5,68.9,3.2
2024-06-21,28,33.8,79.4,17.7,41,16.1,30.6,6.0
2024-06-21,29,31.4,62.0,5.0,54,18.5,45.8,4.1
2024-06-21,30,31.2,62.9,25.4,20,6.1,11.6,5.5
2024-06-21,31,29.5,59.7,39.3,20,8.1,16.6,6.0
2024-06-21,32,24.8,57.5,13.0,71,24.8,32.7,3.9
2024-06-21,33,28.8,65.3,23.9,68,14.6,36.2,2.6
2024-06-21,34,26.5,55.3,15.7,79,23.5,53.7,5.9
2024-06-21,35,30.9,50.6,2.2,32,5,23.7,4.2
2024-06-22,1,34.2,73.1,0.2,87,37.6,69.4,5.0
2024-06-22,2,30.7,57.9,13.7,83,26.5,67.6,4.0
2024-06-22,3,31.3,43.8,40.9,59,19.0,27.6,4.5
2024-06-22,4,34.0,48.6,33.0,77,14.4,28.2,6.1
2024-06-22,5,32.8,71.3,77.4,67,17.9,55.4,4.3
2024-06-22,6,34.2,65.3,32.8,85,24.4,42.7,3.8
2024-06-22,7,32.2,61.5,45.5,41,8.9,22.1,5.2
2024-06-22,8,30.5,70.6,22.3,50,7.8,36.7,4.7
2024-06-22,9,30.7,48.6,11.5,48,18.6,21.4,5.6
2024-06-22,10,29.1,58.1,74.9,84,16.3,65.4,3.2
2024-06-22,11,24.0,57.3,13.0,76,32.4,44.1,3.9
2024-06-22,12,29.0,64.5,8.3,88,20.3,70.2,4.2
2024-06-22,13,29.1,60.1,2.7,70,29.2,46.1,5.1
2024-06-22,14,27.9,60.9,15.2,90,14.2,73.5,4.1
2024-06-22,15,35.7,61.7,16.1,65,19.0,29.3,5.1
2024-06-22,16,33.1,67.5,0.9,59,9.7,35.1,4.8
2024-06-22,17,29.9,68.2,47.8,31,7.4,25.0,5.5
2024-06-22,18,30.4,52.3,20.9,57,14.2,25.1,4.9
2024-06-22,19,33.4,54.3,0.7,45,13.5,24.5,5.4
2024-06-22,20,34.3,58.9,26.0,27,10.3,18.7,3.7
2024-06-22,21,30.9,55.7,5.7,67,27.0,29.3,4.5
2024-06-22,22,30.8,58.8,9.6,32,13.8,21.6,4.2
2024-06-22,23,35.3,43.1,1.6,56,21.9,26.3,4.1
2024-06-22,24,29.4,45.4,1.6,41,14.1,19.1,3.5
2024-06-22,25,27.2,67.1,4.4,83,25.2,52.2,3.5
2024-06-22,26,21.4,55.6,0.5,98,15.6,34.4,4.1
2024-06-22,27,28.8,50.1,24.8,92,32.6,53.3,2.5
2024-06-22,28,29.3,67.4,6.5,83,12.6,38.1,5.3
2024-06-22,29,30.1,53.5,1.0,67,29.3,30.6,4.3
2024-06-22,30,30.9,69.5,15.4,60,9.1,29.4,5.9
2024-06-22,31,35.3,69.5,2.7,37,7.6,30.5,5.7
2024-06-22,32,22.6,69.4,1.8,71,13.7,50.2,3.6
2024-06-22,33,27.0,77.2,1.7,38,13.8,22.0,2.0
2024-06-22,34,30.5,57.9,14.0,34,8.9,16.5,6.3
2024-06-22,35,27.5,62.6,12.5,44,9.6,34.1,3.3
2024-06-23,1,27.0,63.6,26.6,30,12.6,12.2,5.8
2024-06-23,2,34.2,74.4,13.0,60,25.9,37.1,3.1
2024-06-23,3,29.5,61.5,27.6,43,7.0,32.6,4.0
2024-06-23,4,33.9,47.9,18.5,61,23.0,49.8,6.0
2024-06-23,5,27.8,44.7,26.8,49,15.0,39.9,3.1
2024-06-23,6,32.9,69.3,19.0,31,5.3,21.7,3.1
2024-06-23,7,32.9,73.3,7.7,22,6.5,14.9,5.5
2024-06-23,8,30.6,71.7,13.4,57,18.9,35.9,4.9
2024-06-23,9,32.4,57.2,37.9,43,12.8,15.2,4.9
2024-06-23,10,31.1,66.8,11.5,79,31.2,28.0,4.3
2024-06-23,11,29.8,52.4,1.1,75,15.0,52.1,3.8
2024-06-23,12,30.5,65.5,3.0,88,34.9,64.8,3.9
2024-06-23,13,34.1,52.5,12.2,80,13.5,57.7,5.8
2024-06-23,14,29.4,72.4,13.2,86,13.4,32.9,3.3
2024-06-23,15,32.6,58.1,1.7,64,18.2,48.4,4.8
2024-06-23,16,33.1,66.3,38.1,34,9.5,16.1,5.9
2024-06-23,17,29.3,58.0,6.6,36,7.7,28.2,6.3
2024-06-23,18,28.2,49.6,35.3,65,23.5,51.9,4.5
2024-06-23,19,29.7,58.0,30.0,43,6.8,22.8,4.7
2024-06-23,20,29.4,50.5,11.0,61,9.2,45.8,3.4
2024-06-23,21,27.5,58.4,1.4,69,25.9,29.0,4.6
2024-06-23,22,30.5,52.7,10.3,64,16.6,33.2,4.9
2024-06-23,23,31.9,63.3,8.3,31,12.4,12.4,3.8
2024-06-23,24,33.1,46.1,2.1,40,12.6,18.7,2.2
2024-06-23,25,22.1,49.2,13.2,97,30.5,58.1,3.6
2024-06-23,26,24.9,47.3,3.6,90,39.8,36.4,4.7
2024-06-23,27,18.9,68.2,4.7,69,25.5,39.0,2.1
2024-06-23,28,32.0,56.2,15.0,74,19.4,51.6,6.0
2024-06-23,29,31.6,53.6,4.4,36,9.3,16.0,4.7
2024-06-23,30,33.0,67.0,11.0,54,19.5,27.7,5.6
2024-06-23,31,33.2,65.7,10.6,34,5.8,22.1,6.1
2024-06-23,32,22.3,56.7,2.2,114,29.6,81.7,4.0
2024-06-23,33,28.7,66.7,2.2,57,15.5,35.6,3.8
2024-06-23,34,25.4,51.6,38.5,61,24.2,51.0,6.9
2024-06-23,35,26.3,58.7,8.6,44,10.4,21.3,4.5
2024-06-24,1,30.8,55.4,1.4,86,37.2,63.4,4.9
2024-06-24,2,29.8,61.6,14.2,52,21.7,33.3,5.4
2024-06-24,3,26.3,66.8,70.6,72,29.7,53.7,2.8
2024-06-24,4,29.4,41.7,55.9,30,9.8,23.7,7.0
2024-06-24,5,29.2,89.2,8.3,75,11.3,36.1,3.0
2024-06-24,6,29.9,68.6,5.3,57,24.4,48.4,4.2
2024-06-24,7,31.0,55.7,43.4,20,5,14.0,5.2
2024-06-24,8,34.2,64.0,17.5,43,9.0,29.3,5.1
2024-06-24,9,32.0,61.2,12.9,20,6.9,12.9,4.0
2024-06-24,10,29.9,60.6,22.9,55,18.9,34.8,3.7
2024-06-24,11,29.1,48.6,9.7,93,40.1,55.7,4.9
2024-06-24,12,32.2,56.7,7.7,98,40.9,80.8,4.2
2024-06-24,13,27.1,49.0,4.5,88,39.1,68.9,5.3
2024-06-24,14,27.8,54.9,2.8,112,30.6,39.6,3.0
2024-06-24,15,29.6,63.7,32.2,60,16.5,36.8,5.8
2024-06-24,16,33.7,65.9,7.0,65,20.6,48.4,3.9
2024-06-24,17,30.9,59.9,14.3,58,18.8,28.7,5.8
2024-06-24,18,30.2,55.8,10.4,62,10.9,27.4,4.2
2024-06-24,19,33.2,49.7,5.5,74,18.7,29.1,4.7
2024-06-24,20,25.3,72.6,28.0,41,12.1,15.2,3.3
2024-06-24,21,31.6,57.2,2.5,49,9.7,30.5,4.5
2024-06-24,22,31.7,61.0,1.8,77,21.7,58.8,4.3
2024-06-24,23,26.9,52.3,8.5,49,10.3,31.4,3.4
2024-06-24,24,31.9,55.1,2.0,83,33.1,56.4,4.2
2024-06-24,25,26.7,63.2,5.6,87,32.3,40.8,3.9
2024-06-24,26,27.2,56.2,9.4,102,28.3,40.0,5.5
2024-06-24,27,27.5,55.1,0.3,97,24.2,67.8,2.0
2024-06-24,28,32.4,67.9,8.7,33,14.2,17.3,5.3
2024-06-24,29,29.9,57.0,27.2,73,21.1,33.3,4.7
2024-06-24,30,31.7,63.4,11.5,44,8.4,34.6,4.8
2024-06-24,31,30.1,73.0,111.3,24,9.2,17.7,6.8
2024-06-24,32,23.9,54.8,9.7,61,24.8,29.2,3.2
2024-06-24,33,26.6,60.6,34.5,46,18.6,19.9,2.3
2024-06-24,34,22.5,48.6,25.5,23,9.1,11.3,5.7
2024-06-24,35,26.1,62.4,0.5,22,9.5,16.0,3.5
2024-06-25,1,33.2,63.0,41.4,98,15.7,80.6,5.6
2024-06-25,2,28.9,60.8,8.2,32,10.9,16.1,4.4
2024-06-25,3,32.4,77.7,9.0,48,20.2,39.5,4.3
2024-06-25,4,33.3,76.5,17.5,52,13.9,42.3,5.5
2024-06-25,5,27.7,67.1,23.2,20,5.3,16.9,4.6
2024-06-25,6,29.0,54.3,18.0,31,10.4,18.4,3.8
2024-06-25,7,28.8,65.4,2.0,57,13.3,46.1,6.4
2024-06-25,8,33.9,62.8,22.0,54,12.6,25.8,5.5
2024-06-25,9,35.5,59.7,112.0,29,7.6,17.0,4.4
2024-06-25,10,27.1,65.3,1.0,21,5,12.6,4.0
2024-06-25,11,27.9,71.9,1.4,99,15.1,60.3,5.1
2024-06-25,12,27.7,70.1,5.4,83,13.3,35.9,3.5
2024-06-25,13,31.2,58.9,26.9,75,19.5,41.3,6.3
2024-06-25,14,28.5,50.4,14.7,72,21.1,51.0,4.6
2024-06-25,15,32.0,63.7,2.4,32,10.8,26.1,5.1
2024-06-25,16,32.2,64.1,4.6,83,13.8,56.0,4.4
2024-06-25,17,33.5,64.7,30.0,55,12.0,19.3,5.9
2024-06-25,18,33.0,55.9,18.2,73,31.5,41.7,4.9
2024-06-25,19,31.1,71.8,18.5,56,12.1,34.4,3.8
2024-06-25,20,33.3,64.7,6.9,72,14.8,43.7,3.5
2024-06-25,21,27.5,53.7,4.4,68,25.1,56.6,4.5
2024-06-25,22,29.0,57.1,18.7,80,22.4,61.7,3.2
2024-06-25,23,34.4,68.2,6.0,24,7.5,10.4,3.3
2024-06-25,24,24.7,52.3,2.2,44,15.8,21.6,2.9
2024-06-25,25,23.1,63.9,0.1,101,40.1,48.3,2.3
2024-06-25,26,24.6,54.7,4.8,63,23.7,51.3,5.0
2024-06-25,27,27.5,47.5,14.2,49,17.7,41.5,2.6
2024-06-25,28,34.2,62.5,16.0,58,16.0,36.4,5.6
2024-06-25,29,32.0,62.5,2.5,38,9.0,19.2,4.1
2024-06-25,30,30.4,61.9,43.0,20,6.1,10,5.8
2024-06-25,31,30.4,47.0,4.2,20,6.0,10,6.8
2024-06-25,32,25.9,52.3,2.2,51,10.4,23.2,3.5
2024-06-25,33,26.1,56.6,4.4,72,13.6,44.0,2.0
2024-06-25,34,29.5,48.7,2.8,61,27.4,42.3,6.2
2024-06-25,35,25.0,49.4,13.4,40,6.8,28.4,3.8
2024-06-26,1,29.6,65.0,10.7,116,25.8,48.8,5.3
2024-06-26,2,32.0,61.5,25.6,55,16.1,33.4,4.6
2024-06-26,3,28.3,57.1,21.7,49,11.2,17.3,3.9
2024-06-26,4,29.9,67.0,8.3,64,24.4,25.9,4.4
2024-06-26,5,28.7,55.4,15.4,91,26.6,46.9,3.8
2024-06-26,6,26.9,65.7,7.4,70,23.8,47.1,3.2
2024-06-26,7,34.5,67.0,57.4,61,18.8,25.0,6.0
2024-06-26,8,27.5,69.9,18.4,20,5.8,10.5,4.7
2024-06-26,9,25.8,71.6,3.8,20,5.3,12.8,4.8
2024-06-26,10,31.3,65.2,39.0,50,20.1,36.8,3.4
2024-06-26,11,27.3,54.6,0.0,84,22.7,36.3,3.2
2024-06-26,12,23.9,50.2,28.5,91,21.6,48.1,3.4
2024-06-26,13,26.2,59.7,3.3,63,17.4,41.4,5.1
2024-06-26,14,34.0,56.3,3.3,94,20.3,67.7,4.3
2024-06-26,15,28.3,72.2,4.9,65,18.1,24.0,4.2
2024-06-26,16,31.4,73.1,12.1,90,22.4,48.1,4.7
2024-06-26,17,29.9,56.9,51.3,57,9.1,23.6,4.1
2024-06-26,18,28.2,58.9,13.7,56,18.5,35.4,3.9
2024-06-26,19,31.5,53.8,12.3,40,16.6,19.9,4.9
2024-06-26,20,30.0,63.1,18.5,35,13.2,19.7,2.3
2024-06-26,21,31.6,60.1,8.6,56,15.8,24.6,4.9
2024-06-26,22,25.8,49.1,20.8,61,22.0,38.9,5.9
2024-06-26,23,30.7,49.8,1.4,56,21.2,42.1,3.7
2024-06-26,24,32.8,54.4,1.2,63,19.5,40.4,3.4
2024-06-26,25,27.9,64.9,38.9,71,16.8,51.8,3.8
2024-06-26,26,25.0,59.4,0.3,95,16.1,78.0,4.0
2024-06-26,27,30.3,51.1,13.9,118,40.1,51.5,2.5
2024-06-26,28,29.5,77.5,0.0,52,17.8,37.7,6.5
2024-06-26,29,35.0,86.2,17.7,73,15.0,48.9,3.7
2024-06-26,30,33.2,54.4,8.9,58,10.6,34.5,6.5
2024-06-26,31,30.9,63.0,36.5,24,7.6,12.1,7.5
2024-06-26,32,23.3,62.8,1.6,61,25.6,40.5,4.2
2024-06-26,33,27.3,69.5,0.3,49,13.9,22.2,2.1
2024-06-26,34,27.7,57.9,0.6,38,12.2,30.1,5.6
2024-06-26,35,25.5,58.8,14.2,21,6.2,16.4,4.1
2024-06-27,1,31.6,56.0,4.4,54,8.4,44.1,5.8
2024-06-27,2,26.5,49.5,53.8,61,17.2,36.5,4.8
2024-06-27,3,25.9,52.2,23.7,90,31.9,41.1,4.2
2024-06-27,4,34.4,53.8,0.2,83,17.9,43.8,4.7
2024-06-27,5,31.2,74.0,6.7,59,22.3,24.8,3.5
2024-06-27,6,34.4,72.0,18.3,68,24.3,51.5,4.2
2024-06-27,7,33.5,61.6,28.9,28,11.4,20.4,5.2
2024-06-27,8,28.6,56.3,16.1,71,19.9,52.2,4.9
2024-06-27,9,26.9,55.7,2.4,67,17.8,26.8,4.3
2024-06-27,10,32.4,66.3,10.8,30,8.1,23.4,5.0
2024-06-27,11,29.7,73.9,16.3,71,23.0,48.6,4.4
2024-06-27,12,26.6,51.9,25.1,98,35.7,53.3,3.5
2024-06-27,13,30.3,61.3,5.3,90,19.0,52.1,4.9
2024-06-27,14,31.4,57.5,3.7,91,14.4,33.7,2.6
2024-06-27,15,32.8,71.6,20.7,75,21.4,58.2,4.9
2024-06-27,16,30.6,58.4,14.0,59,16.0,49.2,4.8
2024-06-27,17,28.6,57.0,7.3,65,10.6,33.6,5.8
2024-06-27,18,27.2,67.5,4.2,40,13.1,26.0,3.8
2024-06-27,19,33.2,54.9,15.0,45,9.2,37.4,4.3
2024-06-27,20,31.7,63.0,68.5,46,7.7,34.0,3.2
2024-06-27,21,31.0,58.9,16.7,52,10.4,22.7,4.7
2024-06-27,22,28.9,67.3,19.5,89,34.9,64.7,4.3
2024-06-27,23,29.2,50.4,0.7,46,9.3,22.4,3.2
2024-06-27,24,27.5,51.1,0.3,84,16.5,35.3,3.1
2024-06-27,25,24.9,50.6,3.9,102,24.6,46.8,3.3
2024-06-27,26,28.5,48.1,3.6,71,28.4,42.7,5.2
2024-06-27,27,30.2,54.1,25.9,88,21.5,46.1,2.5
2024-06-27,28,30.2,63.6,8.9,39,13.3,18.9,5.4
2024-06-27,29,35.4,75.3,1.2,22,7.0,15.2,5.7
2024-06-27,30,29.2,75.8,36.3,39,15.4,20.6,5.5
2024-06-27,31,27.9,64.5,6.8,45,10.6,29.0,6.4
2024-06-27,32,28.8,60.6,19.1,39,13.9,28.2,3.3
2024-06-27,33,23.7,42.9,16.8,64,15.2,31.3,2.1
2024-06-27,34,27.4,72.0,2.3,57,11.0,37.9,5.7
2024-06-27,35,26.0,65.3,41.4,73,19.3,48.7,4.4
2024-06-28,1,31.8,64.0,3.9,67,10.3,27.1,4.0
2024-06-28,2,31.6,73.9,2.9,96,25.5,78.1,4.0
2024-06-28,3,29.6,61.5,3.3,91,24.2,36.8,4.8
2024-06-28,4,36.3,59.0,1.4,72,13.2,34.1,5.3
2024-06-28,5,27.9,59.8,46.7,74,19.4,39.6,4.5
2024-06-28,6,33.5,73.2,23.6,52,22.4,32.0,4.9
2024-06-28,7,34.6,56.1,45.2,34,13.4,22.6,6.5
2024-06-28,8,27.8,60.3,4.3,50,14.7,30.2,4.8
2024-06-28,9,34.2,66.3,43.3,65,17.3,49.6,3.8
2024-06-28,10,30.0,81.9,13.8,83,15.4,61.7,3.1
2024-06-28,11,27.3,60.5,9.6,107,38.6,54.2,5.6
2024-06-28,12,27.6,59.9,5.6,96,21.3,66.7,4.4
2024-06-28,13,24.3,59.4,10.7,82,34.2,33.8,5.0
2024-06-28,14,27.5,59.9,1.7,64,17.4,30.4,3.4
2024-06-28,15,31.7,58.9,13.7,73,17.3,30.1,4.6
2024-06-28,16,33.3,60.4,4.7,76,14.3,37.3,4.2
2024-06-28,17,28.3,62.5,17.1,44,19.2,20.8,5.3
2024-06-28,18,32.3,71.8,11.7,39,6.8,25.3,3.6
2024-06-28,19,29.5,70.3,7.6,45,14.9,38.2,4.1
2024-06-28,20,32.8,62.8,28.8,65,17.3,27.3,3.8
2024-06-28,21,29.0,53.7,6.4,80,25.3,34.9,4.5
2024-06-28,22,30.2,52.0,1.1,59,9.2,38.6,4.6
2024-06-28,23,30.4,52.7,3.2,55,15.8,42.8,3.9
2024-06-28,24,32.0,55.5,2.8,77,22.8,43.3,2.7
2024-06-28,25,22.8,72.0,0.1,66,15.1,28.8,3.9
2024-06-28,26,28.0,58.6,15.0,108,24.6,50.5,5.4
2024-06-28,27,22.3,60.2,5.8,58,22.0,44.2,2.8
2024-06-28,28,29.7,64.7,2.4,81,36.4,39.6,4.9
2024-06-28,29,30.9,59.5,1.2,42,14.6,19.7,6.6
2024-06-28,30,33.4,53.1,17.9,32,12.2,18.7,6.1
2024-06-28,31,29.8,58.9,8.3,56,22.6,41.7,6.1
2024-06-28,32,22.5,62.5,32.2,59,15.1,22.9,4.5
2024-06-28,33,24.9,61.1,5.9,25,6.6,16.2,2.7
2024-06-28,34,28.2,64.3,2.4,56,25.0,35.0,6.1
2024-06-28,35,26.2,64.4,1.9,60,23.4,38.2,3.5
2024-06-29,1,33.0,64.9,11.1,52,13.3,20.7,5.7
2024-06-29,2,31.5,72.1,28.2,70,14.8,27.7,3.5
2024-06-29,3,32.8,67.0,26.5,82,19.6,32.0,2.7
2024-06-29,4,29.9,51.6,1.0,57,10.6,36.9,5.1
2024-06-29,5,31.0,62.8,30.7,40,15.0,31.8,3.8
2024-06-29,6,37.9,47.1,24.6,35,10.7,28.9,4.3
2024-06-29,7,31.2,66.0,20.9,35,13.7,19.9,5.8
2024-06-29,8,25.3,57.3,25.2,20,6.4,10,5.1
2024-06-29,9,38.7,54.6,46.1,35,12.2,20.3,3.1
2024-06-29,10,28.4,78.3,34.3,59,20.4,29.5,3.7
2024-06-29,11,26.0,59.6,0.1,61,17.4,27.5,4.6
2024-06-29,12,26.3,52.2,7.2,64,25.5,40.2,4.0
2024-06-29,13,32.2,58.0,17.2,53,9.6,28.1,5.2
2024-06-29,14,33.2,62.2,8.3,121,31.1,96.5,3.7
2024-06-29,15,31.1,48.5,26.7,53,17.8,44.2,4.8
2024-06-29,16,33.1,64.9,66.2,74,30.2,42.7,4.2
2024-06-29,17,32.4,60.3,95.3,59,9.7,27.4,6.3
2024-06-29,18,30.1,59.2,10.5,67,22.6,51.4,4.2
2024-06-29,19,35.1,58.3,4.9,47,8.3,23.9,4.4
2024-06-29,20,34.7,64.9,16.4,68,28.9,31.0,3.5
2024-06-29,21,30.6,55.1,6.6,47,14.6,26.2,4.6
2024-06-29,22,30.8,53.5,0.0,90,28.8,35.9,4.4
2024-06-29,23,34.3,54.3,2.2,72,23.3,42.3,4.4
2024-06-29,24,29.0,56.8,0.3,48,18.2,19.6,2.6
2024-06-29,25,29.9,46.4,23.5,87,31.6,35.4,4.0
2024-06-29,26,30.7,52.4,25.0,102,28.1,37.3,5.3
2024-06-29,27,29.1,57.5,17.0,102,45.8,35.8,2.5
2024-06-29,28,31.8,70.5,12.3,101,24.9,68.1,5.1
2024-06-29,29,30.4,68.6,1.4,55,11.3,44.5,4.1
2024-06-29,30,29.9,67.1,10.7,38,11.0,27.7,6.0
2024-06-29,31,34.1,67.9,5.4,42,11.5,30.3,6.0
2024-06-29,32,26.3,66.3,7.6,87,37.0,71.2,2.1
2024-06-29,33,21.5,53.7,61.2,23,5,10.8,3.0
2024-06-29,34,31.0,55.3,3.3,59,17.0,24.5,6.0
2024-06-29,35,29.2,64.6,31.0,79,18.2,38.2,2.4
2024-06-30,1,31.1,65.5,25.6,32,13.7,12.1,4.6
2024-06-30,2,31.9,68.9,15.9,70,25.9,42.7,4.1
2024-06-30,3,28.4,41.8,18.6,93,32.7,57.9,3.3
2024-06-30,4,31.9,69.5,30.3,39,6.6,15.1,5.8
2024-06-30,5,33.3,63.8,12.4,33,9.6,22.4,2.7
2024-06-30,6,34.6,61.9,35.0,45,13.6,33.8,2.2
2024-06-30,7,35.1,56.4,31.3,46,11.6,32.4,6.4
2024-06-30,8,26.3,53.9,51.1,44,7.7,29.2,4.6
2024-06-30,9,27.2,71.7,38.2,36,10.1,21.2,5.3
2024-06-30,10,32.9,48.4,35.6,20,8.6,12.2,3.0
2024-06-30,11,30.5,61.6,3.9,100,26.5,40.3,4.9
2024-06-30,12,33.2,42.9,0.6,122,50.4,103.7,2.9
2024-06-30,13,25.8,47.1,7.9,117,30.0,77.1,5.5
2024-06-30,14,27.4,48.6,1.5,81,25.3,58.4,3.9
2024-06-30,15,27.6,65.7,18.3,63,16.7,33.4,5.4
2024-06-30,16,33.3,61.5,3.0,55,20.1,40.5,4.7
2024-06-30,17,31.5,59.8,6.2,77,26.2,47.6,5.1
2024-06-30,18,32.8,57.5,4.5,71,13.1,32.8,3.8
2024-06-30,19,35.9,63.9,0.9,85,28.8,64.6,4.2
2024-06-30,20,31.9,64.9,13.5,77,27.4,59.0,3.8
2024-06-30,21,30.9,58.9,6.1,59,16.2,43.5,4.4
2024-06-30,22,29.4,51.5,0.9,78,16.1,56.5,4.7
2024-06-30,23,27.2,56.6,2.7,67,17.2,52.5,4.6
2024-06-30,24,33.7,47.9,0.8,54,22.7,21.5,4.3
2024-06-30,25,24.4,73.0,6.4,46,13.8,29.6,3.1
2024-06-30,26,24.7,54.7,1.2,98,25.6,79.2,5.8
2024-06-30,27,26.8,44.4,21.8,59,19.4,41.3,2.6
2024-06-30,28,30.0,70.4,0.0,87,32.2,38.2,5.3
2024-06-30,29,33.7,69.3,18.1,70,30.0,28.6,4.8
2024-06-30,30,32.5,57.4,77.8,66,28.2,37.7,5.5
2024-06-30,31,30.0,56.8,19.5,52,16.4,33.9,6.8
2024-06-30,32,20.6,52.7,8.1,31,7.0,20.2,3.2
2024-06-30,33,23.0,59.9,41.2,49,12.7,22.9,2.9
2024-06-30,34,27.9,53.9,2.1,60,19.7,49.6,5.6
2024-06-30,35,26.7,72.5,3.4,75,15.3,46.4,3.1
2024-07-01,1,32.1,70.5,34.0,37,14.4,24.6,5.0
2024-07-01,2,29.0,62.7,90.9,20,5,10,5.0
2024-07-01,3,35.6,71.2,22.7,20,6.5,10,4.4
2024-07-01,4,34.5,69.5,24.2,79,34.9,62.6,5.6
2024-07-01,5,29.6,58.7,0.6,62,13.3,22.4,3.8
2024-07-01,6,30.2,88.1,38.6,68,26.8,48.2,3.9
2024-07-01,7,31.5,66.3,34.0,42,9.6,30.5,6.2
2024-07-01,8,34.0,73.6,11.3,29,7.5,22.3,6.3
2024-07-01,9,35.7,70.6,71.4,20,5.2,14.2,4.0
2024-07-01,10,34.3,73.6,7.1,20,7.7,10,3.4
2024-07-01,11,31.3,67.2,1.0,100,36.1,66.4,5.2
2024-07-01,12,28.3,74.9,17.8,79,25.4,37.8,4.1
2024-07-01,13,31.6,70.7,2.2,79,34.5,51.7,6.0
2024-07-01,14,37.4,63.6,9.3,81,32.1,44.3,3.3
2024-07-01,15,25.9,70.1,20.4,32,9.6,20.3,5.2
2024-07-01,16,30.4,72.0,1.5,49,20.7,24.8,3.7
2024-07-01,17,34.6,64.3,42.5,45,7.9,25.3,5.5
2024-07-01,18,32.4,64.7,33.5,35,15.0,18.1,2.7
2024-07-01,19,30.1,64.3,64.1,45,12.3,24.8,5.2
2024-07-01,20,31.5,84.0,41.4,54,19.7,34.7,2.8
2024-07-01,21,30.2,83.1,11.1,57,23.2,32.3,4.8
2024-07-01,22,34.6,64.8,6.2,32,13.5,13.1,4.9
2024-07-01,23,39.7,68.8,4.6,82,35.1,65.9,4.2
2024-07-01,24,32.0,65.2,13.2,56,10.8,26.5,2.8
2024-07-01,25,28.6,66.7,1.5,69,14.4,38.3,3.7
2024-07-01,26,29.8,69.3,17.8,83,13.2,55.9,4.2
2024-07-01,27,26.5,63.2,19.8,101,17.8,42.6,3.0
2024-07-01,28,29.8,66.0,16.7,42,12.6,15.0,5.1
2024-07-01,29,34.3,67.7,8.0,45,15.4,34.7,4.7
2024-07-01,30,34.7,80.2,113.5,38,13.5,13.3,6.4
2024-07-01,31,37.9,64.8,9.0,27,6.2,13.8,5.4
2024-07-01,32,37.1,70.0,13.7,69,24.8,50.1,4.3
2024-07-01,33,25.9,60.9,21.8,41,9.0,19.1,2.0
2024-07-01,34,30.3,59.7,22.1,88,16.8,67.8,6.1
2024-07-01,35,28.6,62.1,37.3,33,9.8,20.6,3.2
2024-07-02,1,29.6,76.2,59.9,43,8.6,27.7,5.8
2024-07-02,2,36.5,73.0,1.3,49,11.5,26.0,3.6
2024-07-02,3,34.8,66.9,32.3,26,7.1,16.7,4.9
2024-07-02,4,29.2,79.9,84.7,54,12.3,25.2,3.7
2024-07-02,5,31.7,63.1,18.4,27,5,22.5,3.8
2024-07-02,6,29.9,75.5,70.9,50,7.8,25.8,3.3
2024-07-02,7,34.7,71.6,4.3,43,11.8,19.1,6.0
2024-07-02,8,28.8,72.6,20.1,20,5,14.1,4.3
2024-07-02,9,30.3,77.3,58.9,30,7.5,20.9,4.5
2024-07-02,10,33.0,66.9,89.6,22,5,10,3.6
2024-07-02,11,31.2,72.1,8.0,29,10.8,17.0,4.4
2024-07-02,12,33.3,84.1,16.4,45,10.5,37.5,3.5
2024-07-02,13,33.9,67.7,36.3,81,24.6,43.8,5.0
2024-07-02,14,30.5,62.3,9.1,33,7.4,11.8,2.8
2024-07-02,15,34.0,68.5,13.0,55,20.1,45.5,4.8
2024-07-02,16,31.1,73.9,70.2,53,23.8,23.2,5.3
2024-07-02,17,36.3,64.3,10.1,38,14.1,23.3,3.6
2024-07-02,18,32.2,70.1,40.6,48,9.2,31.0,5.1
2024-07-02,19,34.2,78.3,20.1,53,15.6,41.7,3.2
2024-07-02,20,35.6,67.1,21.0,77,13.1,44.1,3.3
2024-07-02,21,28.0,64.2,29.7,50,13.9,32.2,4.9
2024-07-02,22,34.7,80.4,2.1,32,5,12.8,4.2
2024-07-02,23,31.4,66.1,10.7,70,24.5,51.2,3.8
2024-07-02,24,40.1,66.0,1.2,64,22.6,25.1,2.3
2024-07-02,25,33.1,65.6,40.9,77,12.4,53.9,2.7
2024-07-02,26,27.8,80.9,29.7,83,27.5,51.5,4.9
2024-07-02,27,25.9,54.9,66.3,51,16.1,36.1,2.0
2024-07-02,28,33.3,69.1,22.4,47,16.9,36.0,6.0
2024-07-02,29,33.8,71.0,0.2,50,15.0,35.9,5.7
2024-07-02,30,26.3,64.4,19.6,36,10.2,18.9,5.6
2024-07-02,31,36.9,70.8,57.9,77,17.9,52.4,5.1
2024-07-02,32,28.8,74.6,49.0,78,29.7,31.7,3.3
2024-07-02,33,32.9,75.9,4.4,49,7.5,28.3,2.6
2024-07-02,34,32.1,58.8,12.7,42,8.8,31.9,7.0
2024-07-02,35,28.5,69.3,43.9,27,7.5,20.1,4.3
2024-07-03,1,35.9,64.8,131.2,30,12.3,17.0,5.6
2024-07-03,2,32.3,62.6,32.5,31,12.4,19.0,3.8
2024-07-03,3,31.2,60.6,32.1,37,14.1,23.1,3.2
2024-07-03,4,30.0,73.3,3.3,48,10.5,20.7,6.1
2024-07-03,5,29.3,71.4,6.9,40,11.6,22.3,4.7
2024-07-03,6,33.8,76.8,61.2,41,15.8,33.7,3.1
2024-07-03,7,32.0,77.1,53.0,20,7.2,11.7,4.8
2024-07-03,8,33.1,47.9,40.3,40,8.7,18.1,5.4
2024-07-03,9,34.6,65.1,6.7,49,16.1,33.3,3.9
2024-07-03,10,34.6,70.4,67.9,55,17.2,24.1,4.2
2024-07-03,11,33.7,59.2,9.3,97,36.7,45.0,4.1
2024-07-03,12,35.9,67.8,3.3,74,17.6,36.7,3.8
2024-07-03,13,37.1,84.9,22.5,78,23.0,64.3,5.7
2024-07-03,14,37.3,65.7,3.2,79,22.4,46.0,3.9
2024-07-03,15,34.5,63.3,28.7,28,7.3,21.9,5.0
2024-07-03,16,31.7,73.7,80.7,40,16.1,28.7,4.8
2024-07-03,17,29.6,62.7,10.1,47,12.9,18.7,5.7
2024-07-03,18,36.5,58.7,47.3,35,11.4,29.6,2.9
2024-07-03,19,28.3,71.7,28.3,37,11.9,25.6,3.4
2024-07-03,20,30.0,67.0,27.0,86,17.2,37.7,2.5
2024-07-03,21,37.9,72.4,9.7,32,11.0,14.1,4.6
2024-07-03,22,38.1,68.0,5.5,34,14.5,22.0,4.7
2024-07-03,23,29.6,76.8,16.2,43,7.9,28.4,4.4
2024-07-03,24,35.8,63.9,6.1,69,29.1,36.7,3.5
2024-07-03,25,25.1,74.3,13.5,75,23.4,57.4,4.6
2024-07-03,26,30.8,57.3,67.3,101,16.9,52.1,5.3
2024-07-03,27,28.7,67.3,16.2,109,30.1,55.6,3.5
2024-07-03,28,33.3,65.6,22.5,39,13.7,26.4,5.9
2024-07-03,29,32.6,58.1,6.5,20,5,12.7,3.1
2024-07-03,30,32.3,84.9,106.2,20,6.9,17.0,6.0
2024-07-03,31,32.3,62.8,11.9,20,5,10.1,7.4
2024-07-03,32,29.6,59.7,59.5,83,13.6,36.3,3.9
2024-07-03,33,26.4,64.8,47.7,34,12.6,17.9,3.3
2024-07-03,34,32.3,56.6,1.3,74,28.6,53.2,6.5
2024-07-03,35,31.3,65.0,45.5,58,22.9,29.9,3.0
2024-07-04,1,28.0,70.0,57.6,27,9.3,13.0,4.5
2024-07-04,2,33.9,59.5,106.0,82,23.2,46.0,4.5
2024-07-04,3,30.3,63.3,17.8,72,15.1,35.9,3.7
2024-07-04,4,30.0,72.7,60.5,85,23.7,70.1,5.0
2024-07-04,5,31.2,83.1,26.5,67,25.6,39.7,3.7
2024-07-04,6,32.1,64.4,104.3,61,10.2,22.5,3.4
2024-07-04,7,29.5,73.5,18.7,34,14.0,24.6,6.3
2024-07-04,8,28.8,84.2,3.3,32,14.4,21.3,5.5
2024-07-04,9,33.0,77.4,8.5,64,17.0,23.6,4.3
2024-07-04,10,30.8,61.7,32.2,20,6.8,10,3.0
2024-07-04,11,28.7,61.9,10.5,74,14.0,29.2,5.0
2024-07-04,12,37.2,67.8,4.8,35,12.4,19.7,4.1
2024-07-04,13,31.5,60.5,35.1,121,51.3,50.1,5.4
2024-07-04,14,40.4,81.2,3.6,91,23.8,72.0,3.6
2024-07-04,15,34.0,72.5,18.6,41,11.8,20.4,4.4
2024-07-04,16,34.5,76.4,33.3,53,14.1,20.6,4.2
2024-07-04,17,31.7,62.8,38.9,54,20.0,43.1,5.1
2024-07-04,18,34.5,71.9,134.9,60,26.4,35.7,3.2
2024-07-04,19,31.4,45.7,51.3,45,9.6,30.3,4.9
2024-07-04,20,30.0,72.1,23.6,59,12.6,37.9,3.6
2024-07-04,21,36.3,68.2,0.4,34,8.8,25.6,4.3
2024-07-04,22,31.8,80.7,0.7,70,30.1,29.2,5.0
2024-07-04,23,45.0,60.9,2.8,20,5.2,15.6,3.7
2024-07-04,24,28.6,72.5,9.5,46,16.2,34.4,3.2
2024-07-04,25,32.9,71.6,5.7,98,22.7,63.8,4.4
2024-07-04,26,31.3,63.6,19.2,35,14.8,27.7,5.2
2024-07-04,27,24.2,64.0,6.2,91,33.6,38.7,2.3
2024-07-04,28,36.1,74.3,35.3,37,9.7,16.1,4.1
2024-07-04,29,33.5,61.7,16.4,51,19.6,23.4,4.0
2024-07-04,30,32.6,57.8,22.0,20,5,10.2,5.9
2024-07-04,31,36.0,75.3,81.8,20,8.1,10,6.7
2024-07-04,32,30.9,69.9,26.2,45,9.0,21.7,3.3
2024-07-04,33,32.4,71.8,14.8,40,13.3,23.9,2.5
2024-07-04,34,32.1,74.7,2.7,88,18.1,60.0,6.1
2024-07-04,35,34.0,58.1,27.2,88,18.8,41.0,3.1
2024-07-05,1,30.2,64.3,25.9,70,23.9,55.8,5.0
2024-07-05,2,31.0,67.4,103.1,93,39.5,76.1,4.2
2024-07-05,3,28.5,82.1,9.2,50,20.3,21.8,3.5
2024-07-05,4,30.5,61.2,52.1,36,13.7,13.2,5.5
2024-07-05,5,30.9,71.1,2.5,20,8.8,10,3.6
2024-07-05,6,31.8,67.0,2.6,31,8.5,11.0,4.5
2024-07-05,7,29.6,66.7,13.2,41,16.0,24.9,6.7
2024-07-05,8,29.9,66.0,13.2,48,8.1,31.9,5.3
2024-07-05,9,30.4,77.2,22.0,40,9.6,16.5,5.5
2024-07-05,10,29.1,75.7,47.6,57,9.4,25.9,4.9
2024-07-05,11,31.1,67.5,12.5,44,19.3,23.9,5.3
2024-07-05,12,33.4,60.3,16.5,95,18.0,68.7,4.1
2024-07-05,13,39.2,62.4,56.7,63,11.9,25.0,5.5
2024-07-05,14,38.0,67.1,5.5,71,11.4,43.9,3.0
2024-07-05,15,31.7,58.4,3.1,67,24.6,23.9,4.8
2024-07-05,16,35.7,82.5,38.7,62,22.8,25.1,4.2
2024-07-05,17,37.4,66.4,26.7,64,18.7,44.3,6.1
2024-07-05,18,30.8,68.1,9.9,25,10.3,20.8,4.5
2024-07-05,19,26.5,71.8,25.9,53,22.2,19.2,4.9
2024-07-05,20,28.7,75.2,18.4,31,13.7,13.1,2.2
2024-07-05,21,35.0,68.6,5.5,55,16.0,45.1,4.5
2024-07-05,22,31.3,85.6,41.0,57,14.7,40.5,6.2
2024-07-05,23,36.2,69.8,6.2,57,21.6,45.0,4.9
2024-07-05,24,35.9,82.6,14.1,21,5,13.4,3.3
2024-07-05,25,31.8,76.3,36.6,69,11.3,35.2,4.1
2024-07-05,26,29.6,71.2,0.8,76,18.7,38.9,4.7
2024-07-05,27,22.7,74.4,2.3,52,8.8,19.9,3.3
2024-07-05,28,33.7,65.6,15.4,38,13.5,18.4,6.1
2024-07-05,29,33.3,69.2,9.2,25,7.2,10.9,5.2
2024-07-05,30,35.2,61.2,26.8,45,12.0,18.4,5.9
2024-07-05,31,30.7,66.3,22.8,47,18.3,19.1,6.1
2024-07-05,32,25.5,61.5,15.0,40,13.1,26.8,4.1
2024-07-05,33,27.8,77.6,22.0,71,18.8,34.9,2.2
2024-07-05,34,31.0,78.3,27.3,70,22.7,53.4,7.1
2024-07-05,35,26.3,71.7,9.8,20,5.4,14.6,3.0
2024-07-06,1,33.0,56.5,67.7,62,24.8,28.9,4.8
2024-07-06,2,31.5,78.6,33.7,20,5.6,12.7,3.9
2024-07-06,3,28.6,58.7,43.0,72,10.9,28.7,4.4
2024-07-06,4,30.4,72.4,0.5,55,13.0,32.9,5.0
2024-07-06,5,33.6,86.8,13.6,55,18.9,34.5,4.4
2024-07-06,6,31.0,67.5,59.8,27,7.3,11.2,2.3
2024-07-06,7,33.0,65.3,58.0,61,14.9,28.6,6.5
2024-07-06,8,33.3,72.9,1.7,20,5.2,10.3,6.0
2024-07-06,9,34.6,68.1,4.1,29,12.1,22.4,4.9
2024-07-06,10,31.2,86.6,8.8,43,17.3,28.7,3.7
2024-07-06,11,36.7,81.1,7.5,75,13.6,53.9,4.7
2024-07-06,12,27.7,69.3,49.4,103,29.5,60.4,3.9
2024-07-06,13,38.2,77.9,2.8,53,15.1,21.7,5.5
2024-07-06,14,35.1,64.4,32.0,87,22.6,32.8,3.7
2024-07-06,15,29.6,65.1,0.4,60,12.1,39.1,5.5
2024-07-06,16,34.4,74.1,15.8,56,23.3,24.7,4.8
2024-07-06,17,36.5,67.8,13.4,39,6.6,17.7,5.2
2024-07-06,18,31.6,69.8,69.4,28,11.9,20.6,3.2
2024-07-06,19,32.0,83.4,40.3,44,15.6,35.5,5.4
2024-07-06,20,35.9,65.6,26.4,36,11.4,18.3,4.1
2024-07-06,21,34.5,71.3,32.4,78,26.4,53.7,4.4
2024-07-06,22,41.1,72.9,34.3,20,5,16.7,3.5
2024-07-06,23,37.7,69.0,1.3,41,15.8,33.2,3.9
2024-07-06,24,37.4,72.0,4.2,39,13.9,14.6,4.6
2024-07-06,25,26.5,68.4,31.8,75,22.5,31.5,3.5
2024-07-06,26,32.8,85.2,18.5,64,17.4,51.1,5.6
2024-07-06,27,27.1,60.5,14.5,66,12.1,49.6,2.7
2024-07-06,28,31.4,77.4,6.2,95,42.6,65.1,4.4
2024-07-06,29,34.0,67.4,16.8,62,26.7,43.6,4.5
2024-07-06,30,29.4,67.3,1.3,20,8.8,10,6.6
2024-07-06,31,33.4,70.2,50.6,29,5,21.8,5.0
2024-07-06,32,32.7,64.0,4.7,59,17.8,22.2,3.6
2024-07-06,33,33.7,69.3,15.4,48,16.3,37.2,2.0
2024-07-06,34,32.7,61.0,37.8,63,22.1,52.7,5.7
2024-07-06,35,29.6,76.3,16.7,56,20.9,30.5,4.7
2024-07-07,1,28.4,57.1,50.7,28,11.8,14.3,5.6
2024-07-07,2,32.6,70.6,1.7,43,14.3,21.8,3.4
2024-07-07,3,28.4,88.3,8.4,52,15.5,35.9,4.2
2024-07-07,4,27.8,65.3,5.1,77,23.7,53.3,6.7
2024-07-07,5,35.7,71.7,37.6,66,22.8,55.8,4.0
2024-07-07,6,27.4,71.0,4.7,49,18.6,37.6,3.5
2024-07-07,7,34.7,54.6,71.2,20,7.4,13.4,6.1
2024-07-07,8,33.8,65.0,23.2,32,13.3,18.1,5.4
2024-07-07,9,26.4,71.0,36.4,46,20.1,29.3,4.8
2024-07-07,10,28.8,50.0,52.0,32,8.4,22.9,3.4
2024-07-07,11,37.6,77.3,0.0,107,24.2,87.7,3.5
2024-07-07,12,29.4,67.3,8.4,81,33.3,63.1,5.2
2024-07-07,13,38.9,58.8,10.1,57,19.5,46.1,5.5
2024-07-07,14,35.3,70.5,22.8,56,23.3,40.2,2.1
2024-07-07,15,34.7,71.9,1.8,56,11.8,35.9,5.4
2024-07-07,16,32.5,88.5,28.3,20,5,16.9,5.2
2024-07-07,17,29.9,76.4,37.5,38,15.2,31.4,5.8
2024-07-07,18,33.5,62.6,30.6,78,26.1,49.1,3.6
2024-07-07,19,33.7,67.2,31.9,33,7.3,20.1,4.3
2024-07-07,20,30.9,73.4,182.7,75,22.6,47.7,3.7
2024-07-07,21,34.4,81.7,2.7,21,6.4,15.7,4.6
2024-07-07,22,32.0,80.0,9.2,63,18.3,25.0,4.7
2024-07-07,23,36.7,80.6,10.2,26,5.9,12.6,4.4
2024-07-07,24,40.1,59.5,7.9,36,5.8,16.8,3.2
2024-07-07,25,35.3,69.7,1.8,97,32.7,52.3,2.9
2024-07-07,26,28.1,82.8,24.6,38,16.5,22.2,4.0
2024-07-07,27,34.5,75.4,53.1,77,21.6,30.7,2.1
2024-07-07,28,28.9,63.6,9.8,32,10.8,11.5,4.8
2024-07-07,29,35.4,75.9,8.7,47,9.5,20.7,5.1
2024-07-07,30,32.3,83.1,11.7,33,9.5,22.6,5.5
2024-07-07,31,31.8,71.4,10.8,46,17.1,37.8,5.5
2024-07-07,32,27.0,67.2,11.3,20,6.6,12.1,3.5
2024-07-07,33,32.7,59.7,23.8,28,11.2,22.8,2.2
2024-07-07,34,29.9,75.8,31.0,42,10.3,31.6,6.7
2024-07-07,35,31.5,63.9,75.3,21,5,12.8,3.9
2024-07-08,1,32.2,59.7,25.5,42,10.2,27.8,4.3
2024-07-08,2,30.7,79.9,61.2,45,9.9,28.1,4.0
2024-07-08,3,37.4,61.3,17.9,31,12.4,21.8,3.9
2024-07-08,4,32.5,61.3,80.5,55,16.7,24.6,5.5
2024-07-08,5,36.4,73.6,74.0,61,23.4,30.7,3.7
2024-07-08,6,29.4,72.2,4.7,77,16.0,46.5,3.2
2024-07-08,7,30.7,80.9,72.7,45,9.1,31.0,5.8
2024-07-08,8,31.6,81.0,64.4,47,14.3,21.1,5.9
2024-07-08,9,28.8,61.7,14.0,33,8.8,20.3,4.5
2024-07-08,10,33.7,62.7,0.1,60,11.9,34.4,4.4
2024-07-08,11,34.4,73.2,11.7,68,11.0,34.5,4.4
2024-07-08,12,32.1,57.1,0.7,62,25.4,34.3,3.5
2024-07-08,13,34.0,56.3,37.3,82,25.4,37.8,5.7
2024-07-08,14,37.8,71.6,17.3,76,20.5,54.9,3.7
2024-07-08,15,33.8,65.8,32.9,30,13.1,12.7,6.0
2024-07-08,16,34.1,75.4,116.5,60,12.3,23.8,4.6
2024-07-08,17,27.6,56.3,25.7,33,12.3,20.5,5.9
2024-07-08,18,34.1,77.4,59.1,44,12.9,23.1,4.7
2024-07-08,19,33.0,61.6,27.4,53,11.9,42.1,4.6
2024-07-08,20,29.8,65.5,2.3,23,9.2,17.1,3.7
2024-07-08,21,30.8,59.4,8.7,60,11.2,28.9,3.8
2024-07-08,22,30.9,64.1,14.7,30,9.5,15.0,4.0
2024-07-08,23,37.5,65.6,21.4,106,38.7,45.8,4.8
2024-07-08,24,38.7,64.8,14.9,49,9.9,35.2,3.0
2024-07-08,25,28.0,68.3,15.7,133,34.3,92.6,2.9
2024-07-08,26,34.7,55.1,33.7,61,17.0,36.1,4.7
2024-07-08,27,26.4,64.8,38.6,93,36.1,32.9,3.9
2024-07-08,28,32.6,72.8,21.1,50,14.6,37.5,5.5
2024-07-08,29,37.0,72.0,10.2,24,8.8,19.4,4.5
2024-07-08,30,27.9,73.5,60.8,51,11.4,23.6,5.1
2024-07-08,31,31.7,74.0,101.5,20,6.6,10,6.9
2024-07-08,32,33.0,67.8,11.9,78,13.0,42.4,4.7
2024-07-08,33,27.4,71.6,39.8,39,9.4,25.3,3.0
2024-07-08,34,30.1,60.2,35.5,38,8.9,21.1,5.8
2024-07-08,35,27.2,76.2,4.9,61,22.5,45.5,3.6
2024-07-09,1,32.5,68.2,16.8,70,25.2,37.9,4.1
2024-07-09,2,32.9,70.9,1.3,49,15.3,32.2,5.1
2024-07-09,3,33.0,64.1,14.1,34,8.0,12.9,4.5
2024-07-09,4,35.4,63.8,13.2,78,30.8,28.2,4.5
2024-07-09,5,29.8,64.3,1.3,21,7.5,12.1,3.7
2024-07-09,6,37.0,75.6,12.6,27,6.5,17.3,3.3
2024-07-09,7,26.8,66.3,65.2,34,13.5,28.3,4.5
2024-07-09,8,31.2,71.8,13.9,24,5,19.9,5.1
2024-07-09,9,29.9,77.0,13.5,38,10.5,13.3,4.0
2024-07-09,10,33.6,64.4,87.1,42,18.2,27.3,3.5
2024-07-09,11,32.5,75.1,2.5,57,13.3,44.5,4.1
2024-07-09,12,36.2,51.5,3.5,83,23.4,35.0,5.0
2024-07-09,13,33.2,67.5,20.5,94,22.3,69.8,5.8
2024-07-09,14,37.6,73.4,7.9,35,15.1,17.5,3.2
2024-07-09,15,30.6,79.0,24.8,58,10.3,35.4,4.1
2024-07-09,16,37.4,83.1,19.2,60,19.1,50.5,4.0
2024-07-09,17,33.4,76.3,26.5,76,21.2,34.8,5.9
2024-07-09,18,29.7,74.0,1.4,47,18.0,22.1,4.2
2024-07-09,19,29.6,67.9,15.0,68,18.4,46.2,4.7
2024-07-09,20,33.7,78.5,0.7,59,10.9,26.5,4.2
2024-07-09,21,36.2,74.8,2.9,20,7.9,10,4.1
2024-07-09,22,32.0,85.7,84.3,78,33.0,56.1,3.9
2024-07-09,23,39.9,61.0,3.2,32,11.2,15.9,4.2
2024-07-09,24,35.2,68.9,0.8,50,11.0,35.7,2.5
2024-07-09,25,27.2,59.5,34.4,59,18.5,24.4,3.7
2024-07-09,26,34.2,66.5,6.3,78,27.2,50.2,4.2
2024-07-09,27,30.9,62.4,10.3,70,27.3,43.3,3.1
2024-07-09,28,30.2,66.2,14.9,20,5,10,7.0
2024-07-09,29,37.0,64.8,19.5,89,22.5,59.3,4.5
2024-07-09,30,29.8,63.6,26.4,54,19.8,39.1,6.7
2024-07-09,31,34.3,62.8,187.0,29,8.0,19.9,7.0
2024-07-09,32,32.3,60.1,72.9,72,20.4,45.8,2.5
2024-07-09,33,25.3,78.2,2.6,25,8.7,20.5,2.8
2024-07-09,34,31.0,81.1,127.5,62,24.5,35.2,6.4
2024-07-09,35,28.6,67.4,15.3,81,36.0,63.8,4.7
2024-07-10,1,31.5,69.0,1.0,73,21.5,51.4,5.1
2024-07-10,2,33.1,80.2,16.1,70,16.3,30.5,3.7
2024-07-10,3,30.4,58.9,75.9,71,17.2,54.5,4.8
2024-07-10,4,31.8,63.6,71.4,24,10.7,16.5,5.2
2024-07-10,5,30.3,64.4,26.9,34,6.7,25.3,4.5
2024-07-10,6,31.5,70.3,2.8,24,5,17.9,3.2
2024-07-10,7,33.6,85.2,1.6,32,11.9,13.4,5.7
2024-07-10,8,31.4,72.1,32.7,82,31.0,63.9,5.4
2024-07-10,9,32.0,62.6,25.8,76,21.7,28.4,4.3
2024-07-10,10,28.0,65.9,27.7,20,8.7,15.6,3.8
2024-07-10,11,36.8,57.8,2.0,90,29.9,49.1,4.3
2024-07-10,12,36.9,61.0,17.4,92,19.8,50.0,3.4
2024-07-10,13,28.4,64.2,3.0,83,21.0,66.3,5.5
2024-07-10,14,35.2,65.5,21.2,74,20.0,53.6,3.8
2024-07-10,15,31.1,78.8,13.0,38,6.2,17.2,5.3
2024-07-10,16,31.2,77.2,56.3,66,28.3,41.2,5.0
2024-07-10,17,32.1,65.0,7.5,64,21.2,34.3,4.6
2024-07-10,18,33.9,73.2,130.3,69,25.7,32.7,4.6
2024-07-10,19,30.7,75.8,5.3,68,19.4,43.6,5.3
2024-07-10,20,27.8,66.9,0.4,48,9.0,20.6,4.5
2024-07-10,21,38.4,66.7,9.6,69,24.9,56.2,5.6
2024-07-10,22,37.1,62.0,2.9,37,15.4,29.9,3.9
2024-07-10,23,43.4,68.9,1.0,39,10.5,28.9,2.8
2024-07-10,24,30.8,71.0,9.5,59,15.5,47.8,3.5
2024-07-10,25,37.1,50.6,9.9,103,18.9,38.8,2.8
2024-07-10,26,30.3,83.8,12.4,76,29.7,43.7,5.2
2024-07-10,27,32.0,71.6,57.2,90,31.2,65.1,2.7
2024-07-10,28,36.2,64.5,3.6,28,9.5,23.5,5.9
2024-07-10,29,28.4,73.7,27.7,67,24.2,29.7,4.8
2024-07-10,30,30.9,56.9,11.4,21,5.2,10,6.6
2024-07-10,31,36.6,56.6,41.7,49,7.7,17.5,7.2
2024-07-10,32,32.3,66.7,4.1,32,5.3,11.6,3.6
2024-07-10,33,32.8,71.1,17.5,79,21.1,53.5,2.8
2024-07-10,34,32.7,67.8,37.1,50,10.4,19.7,5.3
2024-07-10,35,31.5,63.8,17.8,28,8.6,10.3,4.1
2024-07-11,1,32.3,64.4,11.1,20,5,10,3.8
2024-07-11,2,30.9,78.2,11.5,44,8.5,22.8,2.0
2024-07-11,3,35.9,78.6,50.6,53,22.4,36.1,4.1
2024-07-11,4,31.5,35.5,9.7,38,16.6,31.7,6.3
2024-07-11,5,32.6,57.2,22.2,25,5,20.0,2.8
2024-07-11,6,35.2,68.5,16.5,43,14.7,22.3,3.1
2024-07-11,7,32.6,67.9,3.3,20,5,10,5.3
2024-07-11,8,34.5,60.0,17.3,20,5,10,5.2
2024-07-11,9,34.0,86.1,13.1,20,5,14.6,4.7
2024-07-11,10,31.5,65.2,30.7,57,15.5,46.5,4.0
2024-07-11,11,33.9,84.7,4.0,61,20.3,47.9,4.6
2024-07-11,12,33.0,56.4,30.0,125,28.8,55.5,3.6
2024-07-11,13,41.3,75.9,32.7,101,18.9,70.6,6.5
2024-07-11,14,35.5,81.1,13.7,72,27.9,49.4,2.7
2024-07-11,15,33.0,75.4,27.1,64,20.2,45.3,5.2
2024-07-11,16,30.4,48.6,30.7,38,15.8,13.6,4.7
2024-07-11,17,31.3,64.5,1.1,20,5,10.8,4.8
2024-07-11,18,33.8,65.5,38.7,62,10.2,45.5,3.8
2024-07-11,19,30.3,63.3,7.4,41,10.5,27.3,4.5
2024-07-11,20,30.0,86.1,3.8,55,19.6,32.2,2.7
2024-07-11,21,36.6,59.5,13.1,48,9.8,35.3,5.0
2024-07-11,22,40.1,62.6,20.0,34,9.0,24.6,4.8
2024-07-11,23,39.7,71.9,26.1,20,8.0,15.4,3.8
2024-07-11,24,37.3,81.6,2.7,30,5,20.2,2.3
2024-07-11,25,31.5,60.2,21.5,61,15.3,24.3,4.7
2024-07-11,26,29.7,51.1,11.9,69,25.3,43.2,4.0
2024-07-11,27,37.3,70.8,41.8,25,11.1,10,3.2
2024-07-11,28,32.9,76.8,18.1,50,8.1,40.8,5.0
2024-07-11,29,35.6,48.0,1.9,26,6.0,11.9,4.7
2024-07-11,30,33.0,63.5,11.4,20,7.5,11.4,4.3
2024-07-11,31,32.8,74.2,19.2,32,9.9,19.6,5.5
2024-07-11,32,33.3,55.0,23.0,22,5.0,10,3.8
2024-07-11,33,31.6,67.0,17.0,55,20.5,45.3,2.6
2024-07-11,34,30.9,78.6,17.0,33,13.0,26.6,6.3
2024-07-11,35,31.1,56.8,26.3,37,12.8,17.9,4.0
2024-07-12,1,35.7,68.9,93.2,65,21.6,46.5,4.3
2024-07-12,2,36.3,77.4,86.3,20,8.5,16.6,4.4
2024-07-12,3,29.0,74.3,71.3,79,23.0,55.8,4.1
2024-07-12,4,33.6,57.9,36.6,45,14.7,33.3,5.4
2024-07-12,5,32.3,73.1,4.2,64,24.8,43.7,4.5
2024-07-12,6,29.5,52.0,23.0,20,5,10,3.3
2024-07-12,7,29.5,70.9,31.5,20,8.5,11.3,5.8
2024-07-12,8,31.0,67.0,6.1,20,6.1,11.4,4.8
2024-07-12,9,32.0,64.7,90.0,30,7.5,19.1,4.6
2024-07-12,10,31.3,59.3,113.8,82,15.1,29.9,4.1
2024-07-12,11,31.9,61.6,52.1,84,14.5,30.5,5.6
2024-07-12,12,34.4,73.6,9.6,77,31.5,55.2,3.7
2024-07-12,13,35.0,69.1,5.2,59,19.6,35.2,5.2
2024-07-12,14,32.9,77.5,9.5,27,9.7,22.4,2.7
2024-07-12,15,31.2,74.7,48.4,20,5.7,10.5,4.2
2024-07-12,16,32.4,68.5,35.5,32,5.9,18.5,4.8
2024-07-12,17,31.1,70.9,14.3,93,26.4,64.4,5.4
2024-07-12,18,31.6,70.2,48.6,67,14.7,52.3,3.4
2024-07-12,19,35.9,75.3,6.4,27,5.5,19.7,4.4
2024-07-12,20,32.9,60.1,52.6,64,14.0,41.9,3.8
2024-07-12,21,37.7,64.8,14.0,20,7.7,12.7,4.4
2024-07-12,22,31.6,66.5,7.7,60,12.9,50.5,4.6
2024-07-12,23,41.6,63.3,3.8,47,10.8,22.6,4.3
2024-07-12,24,38.0,65.1,9.5,51,12.6,41.6,2.6
2024-07-12,25,35.0,64.9,10.4,51,20.1,30.9,2.6
2024-07-12,26,31.5,55.1,32.1,51,11.6,24.3,5.1
2024-07-12,27,32.2,58.8,5.8,75,31.1,36.7,2.0
2024-07-12,28,33.0,74.8,15.0,67,26.2,46.0,5.0
2024-07-12,29,34.0,77.2,17.6,52,20.1,31.9,4.4
2024-07-12,30,37.1,66.2,26.1,23,8.5,19.5,4.9
2024-07-12,31,32.3,63.7,13.7,30,12.7,13.7,5.5
2024-07-12,32,28.4,77.8,13.6,27,5.4,17.8,3.2
2024-07-12,33,29.2,67.9,26.6,70,14.4,51.4,3.7
2024-07-12,34,33.7,79.0,10.3,68,24.4,33.3,6.4
2024-07-12,35,26.6,66.4,34.4,52,22.3,21.4,3.5
2024-07-13,1,32.3,75.7,52.3,55,12.8,36.0,5.0
2024-07-13,2,31.1,70.6,22.6,58,16.2,20.6,3.6
2024-07-13,3,31.1,73.7,15.0,42,8.4,18.3,3.9
2024-07-13,4,29.7,74.4,111.8,42,8.9,16.1,5.2
2024-07-13,5,35.1,79.3,121.8,42,12.4,24.7,3.4
2024-07-13,6,33.5,58.0,59.9,44,11.3,27.5,4.0
2024-07-13,7,29.4,73.7,74.5,57,11.1,28.2,5.1
2024-07-13,8,31.4,71.3,53.2,20,5,10.5,5.5
2024-07-13,9,31.1,72.5,4.9,64,27.2,50.1,4.9
2024-07-13,10,31.9,63.1,22.6,20,6.7,14.5,3.7
2024-07-13,11,35.4,70.8,24.9,72,28.6,60.5,5.1
2024-07-13,12,34.0,70.2,9.3,46,19.6,20.9,4.3
2024-07-13,13,37.2,84.2,29.4,70,29.4,46.8,6.5
2024-07-13,14,33.1,80.5,1.6,61,12.8,24.5,3.2
2024-07-13,15,30.9,64.7,37.2,20,7.5,10,5.9
2024-07-13,16,29.4,69.2,32.9,61,17.7,25.3,4.1
2024-07-13,17,30.9,73.6,83.1,66,12.9,50.1,6.0
2024-07-13,18,31.3,85.5,0.1,30,5.6,23.4,3.4
2024-07-13,19,31.5,62.0,33.7,47,14.6,17.3,5.0
2024-07-13,20,33.2,72.6,29.9,73,17.5,50.9,4.6
2024-07-13,21,31.2,77.4,3.8,80,34.3,44.0,4.4
2024-07-13,22,31.1,65.1,2.1,59,20.3,48.9,4.8
2024-07-13,23,35.8,73.3,3.4,37,13.5,17.6,3.9
2024-07-13,24,41.0,69.1,3.2,62,15.5,23.1,2.8
2024-07-13,25,24.8,69.1,11.4,84,13.0,62.0,3.5
2024-07-13,26,33.1,58.4,10.7,91,23.3,49.2,5.7
2024-07-13,27,31.8,73.9,56.1,77,34.3,59.1,2.7
2024-07-13,28,32.8,72.3,12.0,28,7.5,18.8,6.1
2024-07-13,29,32.8,65.7,9.7,71,23.5,32.3,5.2
2024-07-13,30,33.2,74.0,1.5,39,12.7,21.0,5.5
2024-07-13,31,27.0,75.9,154.7,44,18.5,28.3,6.1
2024-07-13,32,29.2,63.9,53.2,35,10.4,24.9,3.9
2024-07-13,33,31.8,76.7,13.0,51,7.9,30.3,3.0
2024-07-13,34,28.0,52.5,3.5,36,5.6,20.6,5.9
2024-07-13,35,34.5,78.1,1.9,40,16.7,31.7,3.9
2024-07-14,1,31.6,68.6,109.4,32,13.6,21.0,6.3
2024-07-14,2,31.6,71.1,13.0,62,18.3,25.9,4.1
2024-07-14,3,32.0,65.7,29.8,40,11.0,25.6,4.0
2024-07-14,4,31.2,60.9,7.6,49,21.5,27.1,4.6
2024-07-14,5,34.8,65.5,1.9,68,13.1,55.7,4.5
2024-07-14,6,34.1,77.6,55.2,51,16.0,20.7,3.9
2024-07-14,7,34.2,75.4,3.7,24,9.8,10,5.5
2024-07-14,8,34.7,73.1,85.3,28,11.8,18.3,5.8
2024-07-14,9,35.3,69.3,59.1,46,13.4,24.8,4.2
2024-07-14,10,31.8,62.8,8.8,70,22.9,55.0,3.9
2024-07-14,11,34.6,79.7,1.9,45,15.8,18.5,4.3
2024-07-14,12,31.2,82.2,16.8,69,26.2,53.1,3.4
2024-07-14,13,37.6,61.9,2.4,34,5.4,18.9,4.9
2024-07-14,14,30.3,64.8,2.2,61,18.2,48.6,4.4
2024-07-14,15,31.5,86.2,27.8,32,12.6,15.5,5.1
2024-07-14,16,33.4,67.1,25.9,24,6.2,10,5.3
2024-07-14,17,38.2,75.5,37.9,36,11.7,16.0,4.7
2024-07-14,18,28.7,65.0,29.6,39,6.3,18.5,4.6
2024-07-14,19,33.3,62.3,61.9,40,7.5,27.8,4.6
2024-07-14,20,30.9,85.2,20.7,20,8.0,10.9,3.8
2024-07-14,21,34.3,74.8,8.3,20,5,11.7,4.3
2024-07-14,22,34.6,57.6,3.4,20,6.6,10,4.9
2024-07-14,23,33.0,76.2,3.2,48,20.6,37.3,4.5
2024-07-14,24,28.9,74.5,14.2,33,11.1,19.3,2.0
2024-07-14,25,32.1,79.9,2.0,74,18.6,31.6,3.7
2024-07-14,26,35.4,60.6,2.6,96,37.3,46.7,5.2
2024-07-14,27,25.5,80.1,50.6,75,11.8,28.5,2.1
2024-07-14,28,30.3,67.9,24.9,46,7.5,28.5,4.3
2024-07-14,29,30.8,79.8,18.7,95,27.1,45.0,4.5
2024-07-14,30,29.6,81.0,56.4,45,16.9,28.8,7.1
2024-07-14,31,33.3,70.8,25.2,27,9.5,20.5,7.1
2024-07-14,32,32.4,69.0,20.5,67,14.9,26.5,3.2
2024-07-14,33,25.6,64.5,35.7,68,18.5,47.2,3.0
2024-07-14,34,30.2,69.6,5.2,36,8.3,29.5,5.0
2024-07-14,35,31.1,60.2,56.9,57,11.0,39.4,3.4
2024-07-15,1,35.0,61.1,22.7,69,20.0,28.2,4.9
2024-07-15,2,33.3,62.9,34.1,93,29.0,70.5,4.6
2024-07-15,3,34.5,56.4,7.2,46,17.2,24.0,4.6
2024-07-15,4,37.0,74.6,11.5,46,10.4,35.8,4.9
2024-07-15,5,35.5,72.4,59.8,30,9.4,24.7,2.9
2024-07-15,6,36.2,62.8,30.8,67,12.2,46.5,3.3
2024-07-15,7,28.7,78.0,12.2,53,19.5,37.1,6.5
2024-07-15,8,36.8,65.8,7.9,41,14.5,20.9,5.2
2024-07-15,9,32.3,62.9,44.0,51,9.7,28.6,3.7
2024-07-15,10,31.2,66.6,96.6,20,5,10.9,3.4
2024-07-15,11,36.6,69.1,10.8,87,17.5,53.4,4.6
2024-07-15,12,38.1,69.7,70.1,58,15.1,29.9,3.7
2024-07-15,13,36.0,78.6,2.4,82,19.1,62.6,5.7
2024-07-15,14,30.7,66.0,24.7,35,10.9,16.1,4.2
2024-07-15,15,31.8,75.1,5.6,53,9.8,39.5,5.1
2024-07-15,16,30.7,92.6,99.2,48,9.3,19.1,4.6
2024-07-15,17,34.1,77.2,18.7,20,7.6,14.1,5.0
2024-07-15,18,31.8,66.6,9.4,20,8.2,10.9,5.0
2024-07-15,19,28.7,83.7,54.0,56,13.2,35.2,5.3
2024-07-15,20,31.0,80.6,44.0,58,24.1,35.9,3.6
2024-07-15,21,29.3,68.1,42.9,51,16.7,18.5,4.3
2024-07-15,22,31.0,61.0,6.2,57,11.5,47.8,4.1
2024-07-15,23,38.6,83.0,0.4,76,27.4,60.7,3.5
2024-07-15,24,28.0,75.3,4.8,49,20.0,18.8,2.8
2024-07-15,25,33.0,63.6,46.2,93,25.5,49.7,4.0
2024-07-15,26,30.9,72.4,6.0,80,35.4,56.7,5.2
2024-07-15,27,31.9,79.3,1.8,62,22.5,49.4,2.2
2024-07-15,28,34.8,68.5,1.3,20,5.7,11.0,5.4
2024-07-15,29,34.5,84.5,1.4,37,11.9,20.0,4.3
2024-07-15,30,29.6,53.2,5.7,46,13.3,17.8,6.7
2024-07-15,31,30.3,75.7,78.6,61,20.4,30.6,6.2
2024-07-15,32,30.0,68.3,35.0,49,18.8,36.6,3.2
2024-07-15,33,35.9,62.7,12.5,68,29.4,51.4,2.0
2024-07-15,34,31.0,75.6,6.3,43,18.3,26.7,6.9
2024-07-15,35,28.7,68.0,12.1,48,19.0,29.6,3.5
2024-07-16,1,31.6,73.4,31.7,33,5.1,20.5,5.2
2024-07-16,2,31.4,73.3,127.4,40,12.0,14.6,4.3
2024-07-16,3,37.3,71.4,40.4,41,11.9,31.7,3.6
2024-07-16,4,30.5,60.7,1.5,33,10.0,21.6,5.3
2024-07-16,5,33.4,56.9,6.1,45,14.9,16.1,4.2
2024-07-16,6,31.7,69.7,5.7,44,13.3,25.4,4.3
2024-07-16,7,33.1,73.6,15.6,44,8.6,20.7,5.2
2024-07-16,8,31.8,72.2,10.6,20,6.9,10,6.3
2024-07-16,9,30.5,69.2,35.8,40,9.1,32.2,5.1
2024-07-16,10,34.6,76.2,31.1,37,13.0,31.4,2.7
2024-07-16,11,32.7,68.8,20.3,75,13.7,59.0,4.8
2024-07-16,12,31.7,67.3,16.8,66,12.4,44.9,4.3
2024-07-16,13,33.6,68.2,16.2,75,30.1,36.2,4.6
2024-07-16,14,33.0,60.7,11.6,52,11.3,20.3,3.4
2024-07-16,15,35.6,85.0,30.3,46,8.4,22.4,5.7
2024-07-16,16,31.9,55.2,8.0,86,37.9,67.6,4.7
2024-07-16,17,29.7,79.7,4.6,38,7.5,30.8,5.4
2024-07-16,18,33.4,72.7,65.7,47,10.6,23.2,4.4
2024-07-16,19,30.0,58.7,36.2,80,13.3,42.3,3.9
2024-07-16,20,34.8,61.4,2.8,42,11.2,30.5,2.8
2024-07-16,21,31.8,67.4,6.9,45,8.1,32.4,4.4
2024-07-16,22,33.1,72.7,15.0,41,11.3,25.5,5.2
2024-07-16,23,41.5,78.8,5.9,40,8.9,31.4,5.3
2024-07-16,24,36.7,81.6,4.7,86,29.4,38.3,2.8
2024-07-16,25,32.2,81.8,7.6,84,35.8,62.1,3.3
2024-07-16,26,32.2,79.1,25.1,95,37.7,70.9,5.1
2024-07-16,27,29.6,66.7,3.3,100,31.0,77.4,3.2
2024-07-16,28,34.0,66.8,22.1,22,5,17.0,3.7
2024-07-16,29,32.0,66.2,18.6,20,5,15.4,4.2
2024-07-16,30,34.9,72.9,7.1,55,16.6,42.7,6.6
2024-07-16,31,32.6,71.8,57.8,20,9.0,10,4.5
2024-07-16,32,36.0,57.9,46.6,81,18.3,35.8,3.5
2024-07-16,33,30.7,82.0,3.3,52,9.8,26.1,2.4
2024-07-16,34,32.1,64.6,20.8,66,26.8,36.8,5.5
2024-07-16,35,32.9,68.4,23.7,69,22.3,37.8,4.4
2024-07-17,1,34.1,71.8,10.7,50,17.4,28.9,4.7
2024-07-17,2,30.3,73.3,8.0,20,5,14.2,4.5
2024-07-17,3,26.9,71.9,39.3,42,7.4,27.2,4.1
2024-07-17,4,34.7,58.1,16.0,83,14.4,50.8,6.5
2024-07-17,5,34.3,84.5,28.0,64,11.7,41.2,4.1
2024-07-17,6,34.4,81.8,33.7,40,17.2,17.0,3.6
2024-07-17,7,31.8,73.8,26.2,68,16.1,52.6,6.0
2024-07-17,8,30.8,65.0,26.2,20,8.0,11.7,5.3
2024-07-17,9,32.1,74.6,2.9,42,12.2,27.9,4.9
2024-07-17,10,34.2,69.4,104.6,26,9.5,13.5,4.1
2024-07-17,11,39.8,80.5,33.6,92,35.6,77.2,4.2
2024-07-17,12,29.9,58.7,0.0,61,16.2,43.3,4.4
2024-07-17,13,28.4,78.4,17.5,98,41.5,65.3,7.1
2024-07-17,14,35.8,75.1,3.1,79,18.9,42.2,3.9
2024-07-17,15,30.2,66.4,17.3,101,30.5,64.2,4.9
2024-07-17,16,34.1,72.4,40.4,63,21.4,35.2,5.6
2024-07-17,17,26.5,69.0,114.4,60,19.1,27.0,5.3
2024-07-17,18,29.7,68.0,14.1,37,7.9,23.2,3.9
2024-07-17,19,32.1,79.8,57.0,69,25.1,57.8,4.7
2024-07-17,20,34.3,57.6,17.5,61,17.1,40.4,4.3
2024-07-17,21,35.0,78.1,52.8,47,10.0,22.0,4.6
2024-07-17,22,31.1,75.4,13.0,58,9.4,22.4,3.8
2024-07-17,23,42.0,64.4,22.7,77,21.9,47.1,4.2
2024-07-17,24,38.9,69.0,13.0,45,7.7,26.4,2.7
2024-07-17,25,27.4,73.8,55.0,62,20.4,48.6,3.7
2024-07-17,26,27.9,69.3,11.7,102,15.7,86.5,6.1
2024-07-17,27,29.9,55.3,21.3,42,15.6,24.6,3.2
2024-07-17,28,30.3,81.1,17.0,20,8.7,16.4,6.5
2024-07-17,29,30.4,80.2,48.6,65,11.2,51.1,4.7
2024-07-17,30,37.4,64.0,9.8,40,8.7,30.8,6.6
2024-07-17,31,29.3,66.3,4.3,38,12.1,23.2,6.7
2024-07-17,32,29.2,82.3,17.5,43,9.4,15.7,4.2
2024-07-17,33,32.8,77.7,4.8,56,21.1,32.9,2.0
2024-07-17,34,31.8,68.3,19.5,37,6.7,18.9,6.6
2024-07-17,35,29.8,64.9,5.2,42,14.6,30.5,2.8
2024-07-18,1,37.3,75.8,41.4,61,23.8,36.3,4.9
2024-07-18,2,30.9,66.3,124.8,26,5.2,13.2,3.9
2024-07-18,3,34.3,43.0,24.2,66,13.1,52.2,5.2
2024-07-18,4,33.3,70.6,60.5,73,27.1,44.9,6.4
2024-07-18,5,28.5,70.9,7.2,38,12.1,22.7,3.2
2024-07-18,6,29.9,71.7,12.1,33,9.3,22.8,2.9
2024-07-18,7,33.3,62.8,12.4,20,7.9,14.5,6.2
2024-07-18,8,31.8,71.3,27.5,45,12.3,32.8,5.7
2024-07-18,9,30.3,81.8,10.4,53,11.1,41.8,4.8
2024-07-18,10,32.9,70.2,170.0,27,5.5,19.0,3.2
2024-07-18,11,33.4,74.7,8.8,47,10.5,36.9,4.8
2024-07-18,12,30.9,68.9,8.2,107,31.6,48.5,3.8
2024-07-18,13,26.2,65.0,20.9,57,13.4,36.3,5.1
2024-07-18,14,36.1,63.5,3.8,105,40.9,43.1,4.4
2024-07-18,15,34.8,81.4,16.9,39,11.8,19.1,4.9
2024-07-18,16,30.5,67.5,2.6,86,19.9,43.3,4.7
2024-07-18,17,29.8,67.8,3.1,64,15.5,34.8,5.4
2024-07-18,18,29.7,65.6,55.1,42,13.3,18.9,4.6
2024-07-18,19,36.0,63.2,4.1,51,19.5,28.8,5.2
2024-07-18,20,26.4,68.6,5.6,35,12.5,23.3,3.6
2024-07-18,21,34.1,73.1,20.8,70,15.1,28.8,3.8
2024-07-18,22,32.5,79.7,3.2,70,22.3,57.4,4.1
2024-07-18,23,42.8,74.2,10.6,74,15.1,39.2,3.7
2024-07-18,24,30.6,76.8,13.9,48,13.8,27.4,4.7
2024-07-18,25,27.6,73.2,83.2,90,20.2,52.8,3.8
2024-07-18,26,29.5,84.7,5.0,48,9.8,25.8,4.8
2024-07-18,27,31.0,75.6,5.1,93,19.9,37.8,2.9
2024-07-18,28,33.5,80.2,1.1,58,14.9,31.1,4.2
2024-07-18,29,35.3,75.5,17.9,51,17.1,19.6,4.7
2024-07-18,30,35.7,72.5,18.6,20,6.4,14.3,6.5
2024-07-18,31,29.8,83.3,12.8,22,6.5,10,6.2
2024-07-18,32,30.2,73.6,58.2,53,12.6,43.6,3.1
2024-07-18,33,28.6,51.4,16.1,52,13.4,19.0,2.7
2024-07-18,34,34.1,78.2,59.1,39,14.3,20.4,5.6
2024-07-18,35,29.9,62.5,74.0,35,8.5,13.7,3.4
2024-07-19,1,34.2,79.7,24.9,38,16.0,30.6,4.6
2024-07-19,2,34.1,62.1,181.6,38,14.7,14.2,5.4
2024-07-19,3,32.1,76.0,11.7,46,15.5,38.9,4.0
2024-07-19,4,31.3,71.7,4.6,60,19.3,31.5,4.2
2024-07-19,5,38.0,72.5,52.9,20,6.0,10.4,4.6
2024-07-19,6,32.0,72.3,41.3,67,24.4,53.4,4.9
2024-07-19,7,29.7,73.9,41.7,30,10.7,12.8,5.2
2024-07-19,8,37.1,65.5,48.5,20,5,12.7,5.6
2024-07-19,9,31.4,70.4,4.5,20,8.5,14.0,5.1
2024-07-19,10,32.4,86.3,8.1,42,15.4,35.0,3.2
2024-07-19,11,36.4,65.1,0.5,86,33.0,35.0,5.0
2024-07-19,12,43.8,79.9,11.9,76,20.1,45.0,3.9
2024-07-19,13,34.3,65.2,28.5,68,16.0,30.9,6.2
2024-07-19,14,35.9,57.8,5.3,85,36.8,59.4,4.3
2024-07-19,15,33.0,65.7,13.9,74,16.9,40.1,4.6
2024-07-19,16,32.4,66.4,63.2,69,21.2,39.6,4.2
2024-07-19,17,31.6,60.1,32.3,60,9.5,38.2,4.8
2024-07-19,18,33.4,71.1,9.1,58,20.0,30.9,4.6
2024-07-19,19,33.8,75.1,20.5,39,17.5,17.5,3.8
2024-07-19,20,33.9,72.9,38.2,51,14.3,24.6,3.4
2024-07-19,21,31.9,68.2,15.6,26,9.1,10,5.1
2024-07-19,22,35.6,70.2,15.7,39,9.5,29.9,4.9
2024-07-19,23,38.6,82.7,2.7,40,8.7,31.0,4.6
2024-07-19,24,32.0,79.8,16.5,33,7.3,24.5,2.8
2024-07-19,25,26.1,77.7,13.8,69,24.1,25.1,3.8
2024-07-19,26,28.2,52.3,11.4,65,23.2,44.1,4.2
2024-07-19,27,27.9,73.3,8.8,66,20.4,47.2,2.0
2024-07-19,28,32.8,63.7,9.2,45,13.7,23.2,4.6
2024-07-19,29,30.5,75.9,39.8,41,17.0,26.5,5.6
2024-07-19,30,34.6,67.3,19.7,20,6.6,14.5,4.9
2024-07-19,31,32.0,81.1,0.1,26,5.4,11.5,5.6
2024-07-19,32,32.7,77.8,28.6,51,14.1,28.4,4.1
2024-07-19,33,28.7,72.8,19.6,80,20.9,66.8,2.1
2024-07-19,34,29.1,71.1,32.2,47,12.8,38.6,5.8
2024-07-19,35,31.9,91.2,42.9,29,12.7,22.9,3.4
2024-07-20,1,32.8,63.9,30.8,47,13.7,32.9,5.4
2024-07-20,2,28.8,58.4,1.8,49,11.5,36.4,3.9
2024-07-20,3,35.1,73.7,22.4,70,15.8,45.4,4.4
2024-07-20,4,34.6,66.3,16.9,64,25.8,31.8,5.9
2024-07-20,5,30.6,73.5,50.8,45,19.8,32.4,3.4
2024-07-20,6,34.3,67.5,23.7,48,19.4,23.6,4.1
2024-07-20,7,29.0,70.1,0.5,36,12.5,29.5,6.3
2024-07-20,8,27.9,67.3,110.8,45,8.6,17.7,5.6
2024-07-20,9,32.4,59.7,20.2,39,11.9,22.0,4.3
2024-07-20,10,27.3,82.6,21.7,37,10.2,31.1,3.0
2024-07-20,11,30.0,72.2,8.6,66,24.3,39.4,4.6
2024-07-20,12,38.2,80.8,4.7,94,20.4,34.1,4.6
2024-07-20,13,36.3,81.1,14.8,55,11.7,38.0,5.1
2024-07-20,14,35.6,69.9,3.0,80,20.2,57.7,4.1
2024-07-20,15,31.7,85.8,38.3,57,18.7,32.1,4.9
2024-07-20,16,27.3,73.1,66.7,64,15.6,32.7,3.7
2024-07-20,17,33.9,66.0,177.4,60,24.0,37.7,5.2
2024-07-20,18,31.3,66.3,10.9,56,24.8,37.7,4.5
2024-07-20,19,30.5,80.3,5.7,50,7.8,27.4,4.1
2024-07-20,20,32.9,56.9,29.0,52,21.6,30.0,2.1
2024-07-20,21,37.2,61.1,18.8,31,9.8,20.4,5.4
2024-07-20,22,35.0,66.8,20.3,48,14.9,25.1,4.1
2024-07-20,23,40.6,57.6,4.3,24,9.0,20.1,4.9
2024-07-20,24,33.1,72.2,6.1,53,10.6,22.3,3.6
2024-07-20,25,27.1,57.8,2.2,55,11.8,40.4,2.7
2024-07-20,26,35.2,76.2,7.9,56,15.2,32.2,5.0
2024-07-20,27,29.0,65.4,2.1,68,21.0,28.6,2.4
2024-07-20,28,33.4,66.3,17.1,49,15.9,20.2,4.8
2024-07-20,29,35.3,69.6,6.2,35,7.7,13.2,3.5
2024-07-20,30,34.4,62.4,14.9,42,11.0,22.6,5.5
2024-07-20,31,32.3,83.5,28.9,20,7.1,10,6.1
2024-07-20,32,30.3,67.5,20.0,20,6.8,11.3,3.7
2024-07-20,33,26.2,82.0,13.9,77,32.4,40.7,2.6
2024-07-20,34,27.7,65.7,44.5,102,34.6,65.7,5.0
2024-07-20,35,31.3,59.8,10.4,56,23.3,45.6,2.3
2024-07-21,1,32.7,75.2,37.6,34,7.4,19.4,4.8
2024-07-21,2,34.7,72.1,4.1,69,16.9,43.8,4.5
2024-07-21,3,31.4,67.4,0.3,78,27.2,59.9,4.0
2024-07-21,4,30.5,71.2,6.4,20,5.1,11.6,4.8
2024-07-21,5,33.3,70.3,32.0,50,21.7,25.9,3.2
2024-07-21,6,30.9,85.3,17.6,37,8.3,18.2,3.7
2024-07-21,7,29.3,70.9,12.2,35,9.8,26.0,5.5
2024-07-21,8,29.4,72.0,9.4,37,9.6,15.5,4.8
2024-07-21,9,28.4,68.7,43.3,42,7.2,20.8,4.5
2024-07-21,10,33.7,76.0,12.1,26,5,10.2,3.6
2024-07-21,11,35.3,78.2,1.4,73,22.8,34.7,4.1
2024-07-21,12,37.9,74.1,15.3,61,21.3,38.0,4.6
2024-07-21,13,40.0,82.2,25.3,41,13.5,33.4,5.2
2024-07-21,14,35.8,56.9,50.6,28,11.9,16.4,3.5
2024-07-21,15,32.1,59.2,0.3,57,10.9,32.6,5.9
2024-07-21,16,31.6,67.8,28.1,88,15.5,61.9,4.2
2024-07-21,17,34.6,60.8,2.0,62,14.5,37.3,5.4
2024-07-21,18,33.4,87.9,26.8,43,19.1,28.6,3.6
2024-07-21,19,29.8,64.1,14.4,43,17.0,24.8,4.6
2024-07-21,20,27.2,71.7,83.4,41,12.5,28.9,3.2
2024-07-21,21,37.2,72.1,33.3,71,27.0,56.5,4.9
2024-07-21,22,36.2,68.2,6.4,65,22.2,28.8,4.4
2024-07-21,23,39.6,74.2,0.4,69,22.3,36.0,4.6
2024-07-21,24,36.8,69.7,2.8,35,8.4,24.2,2.2
2024-07-21,25,31.5,60.7,11.9,69,15.0,33.6,3.8
2024-07-21,26,27.5,65.5,11.3,60,9.4,37.2,5.2
2024-07-21,27,35.0,62.5,8.5,71,14.3,26.0,2.9
2024-07-21,28,33.5,57.5,5.0,37,10.9,13.2,4.8
2024-07-21,29,32.9,68.7,37.6,59,12.2,33.4,5.0
2024-07-21,30,26.0,55.4,223.7,65,12.4,26.7,6.2
2024-07-21,31,33.3,77.1,15.5,51,12.4,23.9,6.4
2024-07-21,32,32.2,59.8,12.4,60,20.2,25.4,2.7
2024-07-21,33,28.2,74.9,1.9,59,17.5,24.8,2.0
2024-07-21,34,30.3,68.5,33.6,52,14.4,23.1,5.9
2024-07-21,35,28.0,78.9,23.7,45,15.3,34.1,2.8
2024-07-22,1,29.8,68.9,8.1,48,17.8,19.7,5.2
2024-07-22,2,32.2,66.4,4.1,20,8.5,15.8,4.8
2024-07-22,3,31.8,52.7,16.8,59,15.5,39.9,4.9
2024-07-22,4,32.9,53.3,46.5,56,10.7,24.5,6.0
2024-07-22,5,33.3,81.5,44.5,52,9.6,41.4,4.3
2024-07-22,6,38.3,63.5,1.4,48,13.2,37.8,4.5
2024-07-22,7,30.7,63.3,59.9,47,13.9,17.7,6.6
2024-07-22,8,30.8,71.3,4.9,41,6.6,29.8,4.5
2024-07-22,9,28.8,76.0,39.2,20,5,10,4.6
2024-07-22,10,34.1,70.1,117.5,44,17.6,35.3,3.2
2024-07-22,11,36.7,80.6,40.5,91,15.6,39.4,3.6
2024-07-22,12,34.4,80.6,2.9,54,15.4,29.9,3.7
2024-07-22,13,32.1,81.6,23.7,69,20.8,44.2,6.4
2024-07-22,14,34.5,77.6,23.5,86,33.7,55.6,3.0
2024-07-22,15,28.4,70.2,11.3,84,37.1,52.3,4.6
2024-07-22,16,31.9,75.2,15.8,62,21.0,45.0,4.3
2024-07-22,17,33.1,86.1,15.4,80,23.8,41.5,4.8
2024-07-22,18,34.3,59.4,61.5,20,5,10,4.4
2024-07-22,19,34.2,72.4,18.6,65,20.1,49.6,4.1
2024-07-22,20,30.8,66.5,6.8,60,25.3,40.6,2.2
2024-07-22,21,37.4,64.9,17.0,42,12.9,28.2,5.0
2024-07-22,22,35.8,75.5,70.9,61,17.9,33.8,4.4
2024-07-22,23,41.2,59.8,2.3,43,11.4,21.7,3.4
2024-07-22,24,29.6,71.6,7.9,42,17.1,23.2,3.4
2024-07-22,25,32.0,69.6,8.0,92,23.0,64.2,3.6
2024-07-22,26,29.2,72.3,5.4,61,15.7,42.6,4.1
2024-07-22,27,26.4,70.1,13.1,75,33.1,61.2,3.4
2024-07-22,28,32.9,61.2,28.5,80,29.2,38.0,5.3
2024-07-22,29,31.1,74.6,19.9,62,24.3,48.9,5.5
2024-07-22,30,30.4,69.9,24.2,20,6.2,13.1,5.2
2024-07-22,31,37.3,80.0,3.0,20,6.7,10,6.7
2024-07-22,32,31.1,71.6,11.1,75,33.0,56.2,4.1
2024-07-22,33,28.8,77.5,6.8,75,18.8,54.1,3.0
2024-07-22,34,23.5,71.4,7.7,72,18.6,52.8,5.4
2024-07-22,35,30.6,64.3,15.0,49,15.0,28.2,3.5
2024-07-23,1,28.3,76.5,33.1,56,22.6,20.5,5.6
2024-07-23,2,30.2,65.4,34.2,36,7.1,17.5,4.3
2024-07-23,3,28.0,79.9,14.5,74,22.3,36.0,4.4
2024-07-23,4,31.8,66.1,3.6,38,13.0,29.0,5.3
2024-07-23,5,32.6,68.3,8.2,35,7.3,23.4,3.0
2024-07-23,6,28.8,75.7,0.1,30,13.2,12.3,3.1
2024-07-23,7,31.7,70.9,4.8,22,5,12.0,6.2
2024-07-23,8,35.8,70.9,0.3,45,15.3,34.0,4.9
2024-07-23,9,31.1,76.5,3.4,66,17.5,24.7,3.7
2024-07-23,10,32.7,70.5,107.1,65,17.0,33.7,3.0
2024-07-23,11,34.4,82.2,8.9,87,27.4,52.5,4.7
2024-07-23,12,32.8,63.1,18.3,56,12.2,26.3,4.3
2024-07-23,13,32.0,76.0,1.6,57,13.2,32.6,5.3
2024-07-23,14,34.5,64.6,6.4,45,9.9,30.9,4.0
2024-07-23,15,33.4,82.1,26.6,20,7.0,12.6,4.9
2024-07-23,16,32.6,67.9,26.1,40,15.2,17.9,4.2
2024-07-23,17,28.9,85.2,0.3,50,12.8,23.4,5.1
2024-07-23,18,31.1,69.7,2.7,70,16.9,46.6,3.2
2024-07-23,19,31.4,59.8,61.3,38,8.7,14.9,3.5
2024-07-23,20,31.4,65.7,95.3,50,14.6,42.5,3.4
2024-07-23,21,29.3,65.6,15.4,40,13.7,33.3,4.6
2024-07-23,22,34.2,66.5,29.6,48,8.2,19.8,5.9
2024-07-23,23,41.5,66.3,18.9,20,5.6,10,4.0
2024-07-23,24,32.1,68.0,12.0,79,20.3,41.9,2.9
2024-07-23,25,32.7,73.9,7.6,75,26.2,26.3,4.6
2024-07-23,26,35.1,75.1,18.9,96,23.4,50.6,4.6
2024-07-23,27,33.7,63.7,24.3,52,13.2,20.3,2.8
2024-07-23,28,35.1,67.8,4.3,56,14.2,24.3,5.5
2024-07-23,29,32.9,67.4,20.1,71,26.8,31.8,4.3
2024-07-23,30,28.0,59.9,0.3,25,5.6,21.0,4.8
2024-07-23,31,29.9,57.4,3.8,20,5,15.6,7.2
2024-07-23,32,28.0,68.6,8.2,100,24.1,50.5,3.5
2024-07-23,33,32.6,74.9,30.0,56,13.4,47.5,2.6
2024-07-23,34,32.1,78.6,4.2,51,18.2,26.6,6.0
2024-07-23,35,27.3,68.7,68.3,39,8.5,27.1,3.4
2024-07-24,1,30.0,56.9,9.1,51,17.2,29.6,5.5
2024-07-24,2,28.1,60.8,15.5,61,26.1,32.4,4.9
2024-07-24,3,30.2,62.8,49.2,96,40.1,60.3,4.2
2024-07-24,4,29.8,70.7,14.5,97,23.5,73.4,5.9
2024-07-24,5,33.2,65.2,9.5,53,8.1,22.9,4.0
2024-07-24,6,29.2,65.8,74.6,66,10.6,41.5,3.5
2024-07-24,7,35.6,67.9,4.2,24,10.3,15.8,6.7
2024-07-24,8,32.0,58.3,149.3,35,10.4,16.2,5.3
2024-07-24,9,30.5,60.9,20.8,61,26.1,47.1,4.4
2024-07-24,10,31.6,56.9,75.7,32,10.6,14.0,4.4
2024-07-24,11,29.8,66.3,3.4,66,16.1,48.0,3.7
2024-07-24,12,39.1,67.4,19.3,72,12.6,27.7,4.8
2024-07-24,13,34.9,65.8,7.6,91,19.9,41.8,4.9
2024-07-24,14,40.8,72.4,50.4,98,31.6,58.4,4.3
2024-07-24,15,29.3,67.1,29.0,70,16.1,34.0,5.6
2024-07-24,16,29.6,70.0,19.7,69,20.0,26.6,4.0
2024-07-24,17,34.4,75.3,16.7,64,13.2,31.7,6.0
2024-07-24,18,35.1,75.9,49.1,50,18.6,32.8,4.8
2024-07-24,19,30.6,65.7,19.3,35,9.8,14.0,4.5
2024-07-24,20,30.0,76.4,4.0,53,11.0,26.2,3.5
2024-07-24,21,34.7,71.1,10.3,25,7.8,10,5.5
2024-07-24,22,28.3,58.4,0.9,50,19.3,26.0,5.8
2024-07-24,23,39.9,83.5,23.2,29,10.0,14.3,3.7
2024-07-24,24,37.5,65.2,1.4,41,11.1,24.0,2.5
2024-07-24,25,27.4,75.3,62.9,36,12.7,17.3,3.7
2024-07-24,26,32.2,74.6,22.2,68,20.9,24.2,4.1
2024-07-24,27,32.9,77.3,30.7,73,14.7,59.9,2.1
2024-07-24,28,32.2,75.5,2.1,96,27.2,72.4,5.5
2024-07-24,29,34.0,75.5,12.7,91,23.2,59.0,5.1
2024-07-24,30,27.5,66.4,70.5,20,5,13.9,6.5
2024-07-24,31,32.2,54.5,9.5,36,8.1,23.2,6.4
2024-07-24,32,32.2,69.0,28.8,22,9.0,10,2.7
2024-07-24,33,29.9,66.3,2.9,40,13.1,17.8,2.5
2024-07-24,34,29.0,64.2,23.2,35,14.9,14.3,5.3
2024-07-24,35,35.6,59.8,48.2,54,14.3,38.3,3.5
2024-07-25,1,31.4,73.8,129.6,30,10.1,24.7,4.4
2024-07-25,2,36.9,61.1,3.0,53,20.4,30.3,3.9
2024-07-25,3,32.5,57.3,6.3,47,18.1,22.9,4.6
2024-07-25,4,34.1,79.9,18.8,56,12.1,35.0,5.7
2024-07-25,5,31.2,58.1,15.2,35,13.3,25.9,4.6
2024-07-25,6,35.8,67.3,35.4,21,6.5,11.9,2.5
2024-07-25,7,36.1,77.1,18.4,20,5,16.6,5.8
2024-07-25,8,31.5,86.4,59.0,57,19.8,44.8,5.5
2024-07-25,9,31.0,73.3,9.8,46,17.5,18.8,4.1
2024-07-25,10,32.2,70.4,92.5,39,8.9,20.6,4.1
2024-07-25,11,35.2,76.4,20.0,59,13.4,48.3,4.6
2024-07-25,12,36.8,77.5,4.1,66,27.1,23.9,4.6
2024-07-25,13,34.5,87.6,3.4,52,23.1,31.4,5.6
2024-07-25,14,36.3,76.0,1.4,83,19.8,70.3,2.5
2024-07-25,15,30.9,76.9,8.8,32,6.2,12.5,5.5
2024-07-25,16,29.0,57.7,18.2,26,10.5,20.3,3.5
2024-07-25,17,36.2,52.3,73.5,35,13.7,17.9,3.9
2024-07-25,18,33.8,66.2,1.2,41,8.4,19.4,3.9
2024-07-25,19,32.8,80.2,98.3,38,8.5,22.0,4.0
2024-07-25,20,31.2,66.4,9.9,41,10.0,29.8,4.9
2024-07-25,21,31.7,57.5,106.1,63,19.4,35.2,4.4
2024-07-25,22,31.2,70.6,8.7,38,15.8,24.9,5.2
2024-07-25,23,37.3,55.5,11.9,82,35.6,39.2,4.1
2024-07-25,24,41.4,65.9,10.3,53,9.8,44.0,2.0
2024-07-25,25,25.8,73.8,25.8,58,13.2,44.0,3.9
2024-07-25,26,27.3,94.8,6.8,87,16.1,62.7,6.1
2024-07-25,27,28.6,67.3,97.9,85,33.9,51.4,4.2
2024-07-25,28,32.9,74.4,8.7,50,19.0,22.1,5.9
2024-07-25,29,32.1,58.5,15.1,61,11.1,43.6,4.7
2024-07-25,30,31.6,86.8,31.9,31,11.1,17.4,5.7
2024-07-25,31,32.9,69.7,45.2,69,23.1,31.7,5.7
2024-07-25,32,29.8,91.7,36.3,25,11.2,10,3.5
2024-07-25,33,30.8,78.3,9.9,26,10.3,16.6,2.7
2024-07-25,34,33.0,78.5,7.4,20,8.4,10,7.3
2024-07-25,35,34.4,64.6,48.9,20,5,12.5,3.0
2024-07-26,1,32.0,69.2,92.1,50,11.6,23.2,4.0
2024-07-26,2,31.9,61.5,24.2,33,14.6,13.6,4.1
2024-07-26,3,28.4,67.5,47.4,42,17.9,27.3,4.5
2024-07-26,4,30.7,67.2,11.4,32,6.8,20.8,6.1
2024-07-26,5,32.3,69.7,2.2,49,17.8,22.5,3.8
2024-07-26,6,35.0,58.6,30.6,65,16.5,50.0,2.6
2024-07-26,7,32.3,73.4,52.4,20,5,13.8,7.2
2024-07-26,8,27.2,64.0,44.0,45,19.1,32.9,5.5
2024-07-26,9,27.9,65.9,100.6,55,14.7,39.0,4.6
2024-07-26,10,33.6,75.0,29.9,77,16.4,42.0,4.4
2024-07-26,11,32.7,72.3,0.0,30,5,15.8,5.1
2024-07-26,12,34.6,71.9,24.8,84,29.3,53.9,3.4
2024-07-26,13,39.5,65.1,31.8,64,16.9,39.8,6.0
2024-07-26,14,34.0,77.6,2.2,66,17.0,50.6,2.9
2024-07-26,15,31.9,63.5,4.9,52,16.2,34.6,4.9
2024-07-26,16,26.5,70.5,10.3,75,28.7,62.9,3.7
2024-07-26,17,30.7,64.5,15.7,75,22.3,43.3,4.5
2024-07-26,18,35.4,71.7,21.3,81,30.8,52.9,3.8
2024-07-26,19,31.2,68.9,57.2,52,20.3,25.9,5.8
2024-07-26,20,30.2,58.3,44.7,66,21.5,29.5,3.6
2024-07-26,21,37.2,63.0,0.7,80,15.9,61.2,5.1
2024-07-26,22,39.3,68.6,0.2,52,14.2,44.0,4.6
2024-07-26,23,41.4,62.4,11.9,54,22.9,22.3,3.9
2024-07-26,24,29.9,70.8,7.1,80,12.6,41.2,3.2
2024-07-26,25,28.7,81.6,32.7,44,7.4,28.7,4.1
2024-07-26,26,28.8,66.9,47.7,43,16.5,22.8,5.6
2024-07-26,27,30.2,77.7,0.8,22,8.8,18.7,3.1
2024-07-26,28,33.2,73.2,6.9,46,19.7,20.0,4.7
2024-07-26,29,37.8,69.4,49.4,21,5,12.1,4.5
2024-07-26,30,33.3,74.5,59.7,47,13.5,32.0,6.7
2024-07-26,31,32.3,67.1,26.5,43,14.4,20.2,6.3
2024-07-26,32,31.6,65.0,29.3,66,22.0,55.3,4.5
2024-07-26,33,30.9,69.1,29.0,74,30.4,26.7,2.2
2024-07-26,34,30.2,68.2,34.9,44,7.9,34.4,5.1
2024-07-26,35,29.2,88.2,8.8,67,26.1,34.3,4.1
2024-07-27,1,26.1,70.5,29.3,25,5,10.9,4.6
2024-07-27,2,33.6,72.8,8.1,62,22.5,38.0,4.7
2024-07-27,3,31.5,69.1,2.8,66,12.5,47.3,3.1
2024-07-27,4,33.0,76.4,5.0,79,16.3,36.4,5.9
2024-07-27,5,31.0,67.8,30.7,46,18.5,33.9,4.0
2024-07-27,6,31.2,78.1,15.3,35,8.7,27.4,3.2
2024-07-27,7,36.5,74.3,56.0,64,17.1,32.7,6.2
2024-07-27,8,34.2,57.3,5.3,34,8.7,24.0,5.2
2024-07-27,9,33.3,67.1,8.9,32,11.1,14.2,5.0
2024-07-27,10,28.8,72.1,44.0,28,9.7,11.7,3.9
2024-07-27,11,35.9,62.5,15.3,85,14.8,56.4,4.3
2024-07-27,12,29.6,64.1,0.5,78,19.0,31.1,5.2
2024-07-27,13,39.8,63.7,56.2,42,9.1,29.0,5.8
2024-07-27,14,35.9,81.6,17.6,79,26.0,33.8,3.7
2024-07-27,15,33.9,75.2,161.4,33,14.3,16.2,4.2
2024-07-27,16,32.0,66.0,14.5,62,26.3,39.0,3.8
2024-07-27,17,37.0,86.8,14.1,65,11.7,47.9,5.9
2024-07-27,18,30.4,70.7,12.6,20,5.0,10,5.1
2024-07-27,19,30.2,67.0,81.3,74,32.9,34.5,5.5
2024-07-27,20,33.5,93.1,15.8,65,22.1,32.5,2.9
2024-07-27,21,34.9,65.9,31.6,61,25.9,28.5,5.4
2024-07-27,22,35.4,62.4,7.0,62,13.1,47.1,5.1
2024-07-27,23,37.5,70.2,10.8,56,8.7,39.9,4.9
2024-07-27,24,39.3,52.1,0.5,65,12.2,43.9,2.8
2024-07-27,25,29.8,86.0,33.3,48,20.9,37.8,4.3
2024-07-27,26,28.4,72.6,40.7,65,19.8,29.2,6.2
2024-07-27,27,27.8,88.8,15.6,63,26.7,29.0,2.6
2024-07-27,28,31.3,79.7,7.9,36,13.1,27.7,4.6
2024-07-27,29,33.9,67.1,12.5,54,23.2,37.2,4.9
2024-07-27,30,29.7,64.3,32.2,39,10.6,15.5,5.9
2024-07-27,31,30.2,63.3,33.8,78,21.7,33.8,6.6
2024-07-27,32,28.7,59.3,45.4,62,13.9,22.4,3.2
2024-07-27,33,32.8,66.6,2.4,35,6.4,28.1,3.0
2024-07-27,34,30.1,92.4,5.2,94,17.1,47.3,7.6
2024-07-27,35,31.1,80.4,57.1,48,15.0,22.4,3.3
2024-07-28,1,30.3,51.2,65.7,58,20.5,48.0,5.0
2024-07-28,2,33.3,74.3,40.6,47,20.6,23.1,3.4
2024-07-28,3,35.8,82.7,74.5,41,17.0,22.7,3.4
2024-07-28,4,32.2,54.7,9.8,63,11.9,49.8,6.1
2024-07-28,5,33.7,79.6,38.4,53,10.2,24.5,4.1
2024-07-28,6,27.9,66.0,18.3,84,29.0,50.9,2.9
2024-07-28,7,31.5,80.6,31.3,30,9.9,23.6,6.7
2024-07-28,8,32.5,67.5,9.4,43,9.9,21.9,5.2
2024-07-28,9,28.8,65.7,19.0,54,10.5,37.1,4.6
2024-07-28,10,32.6,57.0,8.9,23,9.6,11.0,3.4
2024-07-28,11,36.6,80.4,27.9,58,21.8,30.3,5.0
2024-07-28,12,34.6,71.7,11.5,44,8.9,30.5,3.5
2024-07-28,13,37.8,65.7,18.1,109,16.9,69.8,4.9
2024-07-28,14,40.4,85.9,10.6,70,17.7,36.8,2.9
2024-07-28,15,35.1,61.4,3.5,54,18.3,40.8,4.6
2024-07-28,16,32.0,75.0,40.2,43,18.2,28.9,4.4
2024-07-28,17,30.9,74.8,32.7,75,27.7,35.0,6.2
2024-07-28,18,33.9,79.5,25.7,47,7.1,31.4,3.9
2024-07-28,19,32.7,77.3,41.1,71,18.5,53.4,4.6
2024-07-28,20,34.2,71.9,3.8,83,13.5,35.4,3.4
2024-07-28,21,38.2,72.7,17.8,51,8.9,31.7,4.5
2024-07-28,22,34.0,71.4,3.9,73,20.6,29.8,3.9
2024-07-28,23,38.3,56.5,3.0,32,6.1,16.9,4.0
2024-07-28,24,38.0,66.3,7.5,78,21.8,50.6,3.6
2024-07-28,25,31.3,75.8,1.5,61,13.4,26.4,4.2
2024-07-28,26,34.2,71.8,7.2,76,22.9,52.2,3.8
2024-07-28,27,32.8,75.3,17.3,40,9.4,17.6,3.3
2024-07-28,28,28.5,64.0,2.9,72,27.8,60.9,5.8
2024-07-28,29,35.1,74.2,5.7,81,16.3,64.5,4.9
2024-07-28,30,33.0,63.2,59.4,68,17.1,47.5,6.3
2024-07-28,31,28.5,60.4,115.7,42,13.3,21.6,7.9
2024-07-28,32,26.6,59.0,1.6,69,15.3,58.2,3.1
2024-07-28,33,32.4,74.9,18.6,27,10.0,17.9,3.0
2024-07-28,34,32.2,66.1,0.1,74,17.9,35.5,5.3
2024-07-28,35,30.2,60.3,4.6,34,12.2,27.7,3.9
2024-07-29,1,33.5,76.3,79.6,39,15.6,14.7,5.8
2024-07-29,2,31.2,63.6,54.3,58,11.4,32.2,4.3
2024-07-29,3,34.5,70.3,3.5,64,21.1,28.8,4.3
2024-07-29,4,29.4,57.1,24.7,31,10.6,15.9,4.5
2024-07-29,5,31.7,67.0,22.6,27,11.6,19.3,4.2
2024-07-29,6,32.2,68.6,15.2,33,6.9,14.2,4.1
2024-07-29,7,36.9,67.2,3.2,43,13.4,25.4,5.9
2024-07-29,8,31.7,76.0,3.1,38,12.5,15.2,4.2
2024-07-29,9,36.3,69.3,32.1,42,10.8,29.2,3.6
2024-07-29,10,29.7,78.1,9.0,66,11.9,42.3,3.8
2024-07-29,11,34.0,65.2,0.9,73,13.5,36.7,4.3
2024-07-29,12,31.2,74.5,46.3,55,15.6,39.3,3.6
2024-07-29,13,30.4,53.3,41.4,91,36.3,71.6,5.8
2024-07-29,14,37.9,68.1,5.6,67,15.1,43.7,4.0
2024-07-29,15,32.7,81.5,14.0,36,6.4,14.2,5.8
2024-07-29,16,30.4,71.4,80.7,20,5,14.9,4.6
2024-07-29,17,32.3,52.3,12.2,30,13.1,16.9,4.9
2024-07-29,18,31.2,73.7,12.1,73,30.6,42.7,4.8
2024-07-29,19,30.3,73.5,49.8,33,13.4,24.8,5.3
2024-07-29,20,34.4,72.2,38.0,58,18.3,21.7,3.6
2024-07-29,21,34.7,68.6,24.0,53,21.8,37.2,4.3
2024-07-29,22,34.3,62.2,23.1,41,14.4,27.1,3.4
2024-07-29,23,39.4,54.3,0.7,52,8.7,37.3,3.7
2024-07-29,24,37.4,72.1,16.1,60,11.7,31.5,2.8
2024-07-29,25,30.0,80.0,18.4,59,20.8,28.9,3.6
2024-07-29,26,32.0,61.2,2.7,74,30.1,31.8,5.9
2024-07-29,27,27.1,57.2,7.1,97,21.6,75.7,3.4
2024-07-29,28,34.3,73.7,8.3,33,9.2,21.6,6.0
2024-07-29,29,33.8,74.1,15.4,51,16.7,38.3,5.2
2024-07-29,30,32.2,71.2,24.1,59,22.5,21.4,6.0
2024-07-29,31,31.8,78.6,22.1,39,12.3,28.5,5.6
2024-07-29,32,33.3,63.0,4.9,24,8.3,18.8,3.6
2024-07-29,33,27.3,74.8,35.0,79,16.3,56.3,2.3
2024-07-29,34,28.7,50.5,65.7,50,17.8,35.1,5.9
2024-07-29,35,28.1,64.2,66.6,59,15.0,25.8,3.2
2024-07-30,1,37.6,52.5,24.5,69,15.2,35.0,5.9
2024-07-30,2,30.4,72.3,8.4,26,5,13.8,4.3
2024-07-30,3,30.6,67.7,2.5,50,7.8,19.3,4.1
2024-07-30,4,30.0,61.2,13.8,48,9.2,20.2,4.7
2024-07-30,5,31.5,58.7,26.5,37,9.7,28.2,4.0
2024-07-30,6,34.3,68.0,6.5,52,21.3,41.9,3.6
2024-07-30,7,30.1,50.6,23.1,55,12.5,33.8,4.9
2024-07-30,8,28.1,64.7,19.3,20,5.7,14.5,5.1
2024-07-30,9,31.7,74.2,6.6,47,15.0,30.9,4.8
2024-07-30,10,32.8,79.9,21.8,21,8.3,10,3.9
2024-07-30,11,37.1,74.9,11.9,71,28.2,36.0,3.6
2024-07-30,12,31.1,56.8,58.0,77,27.0,52.9,3.9
2024-07-30,13,42.6,60.9,1.0,77,32.8,29.8,6.0
2024-07-30,14,31.4,68.6,16.7,90,20.5,68.8,4.2
2024-07-30,15,31.7,62.5,39.1,20,8.1,10.1,5.2
2024-07-30,16,33.3,71.0,83.9,36,12.1,14.8,5.7
2024-07-30,17,30.8,53.5,22.3,47,12.1,25.0,4.7
2024-07-30,18,35.8,56.0,24.2,38,14.4,20.4,4.3
2024-07-30,19,31.8,70.2,34.6,59,15.4,21.4,4.6
2024-07-30,20,30.2,62.9,3.2,55,8.6,36.9,3.5
2024-07-30,21,34.8,75.9,27.5,72,31.2,55.5,5.5
2024-07-30,22,33.8,64.1,12.7,58,12.0,25.3,3.0
2024-07-30,23,31.8,72.3,2.6,68,12.0,41.9,3.2
2024-07-30,24,35.5,67.7,7.3,42,11.6,31.3,2.4
2024-07-30,25,28.8,87.1,69.9,78,22.3,45.4,4.7
2024-07-30,26,30.6,81.7,40.4,76,13.0,64.2,4.9
2024-07-30,27,32.9,69.2,28.5,88,21.6,57.7,3.9
2024-07-30,28,32.7,69.4,26.3,20,5.8,13.1,5.7
2024-07-30,29,34.0,77.5,48.8,82,22.2,59.3,4.8
2024-07-30,30,35.9,83.3,48.3,52,12.7,40.4,5.9
2024-07-30,31,34.5,70.2,10.9,20,5,10.4,6.4
2024-07-30,32,33.5,64.2,45.5,69,30.5,48.0,4.0
2024-07-30,33,26.2,83.7,32.5,40,16.9,23.9,2.0
2024-07-30,34,29.5,67.6,35.7,35,6.4,20.0,6.5
2024-07-30,35,31.0,64.9,5.3,31,9.3,17.6,3.8
2024-07-31,1,31.2,51.8,48.8,82,27.3,31.9,4.9
2024-07-31,2,29.4,58.4,45.7,48,16.6,40.6,3.8
2024-07-31,3,29.0,81.7,30.4,48,15.2,38.0,4.6
2024-07-31,4,31.3,62.9,5.8,39,8.9,16.6,5.7
2024-07-31,5,27.7,72.4,10.4,44,10.0,23.4,3.5
2024-07-31,6,36.7,72.5,70.7,51,14.0,41.2,3.8
2024-07-31,7,30.9,71.8,13.1,20,5,10,7.5
2024-07-31,8,33.0,63.8,3.8,63,16.1,42.7,5.2
2024-07-31,9,25.2,75.2,33.3,20,6.2,12.4,5.2
2024-07-31,10,31.8,66.4,106.8,20,5,10.9,3.8
2024-07-31,11,33.6,44.4,9.4,71,23.5,47.6,3.5
2024-07-31,12,30.3,73.7,2.9,74,13.4,43.9,3.7
2024-07-31,13,39.5,65.6,15.8,56,9.6,41.7,5.5
2024-07-31,14,34.7,54.0,30.9,76,21.2,58.1,3.3
2024-07-31,15,32.6,66.9,75.6,20,5,10,4.9
2024-07-31,16,34.7,63.5,3.3,22,9.7,13.1,4.4
2024-07-31,17,34.1,69.0,43.8,63,28.2,44.5,5.6
2024-07-31,18,29.7,68.4,33.8,20,5.8,16.8,3.5
2024-07-31,19,32.6,60.3,39.0,38,16.2,30.5,3.5
2024-07-31,20,32.8,68.6,25.6,46,11.3,26.4,3.9
2024-07-31,21,38.4,71.6,10.5,21,5.1,14.2,4.9
2024-07-31,22,29.3,73.9,4.0,50,11.3,28.6,4.9
2024-07-31,23,38.3,68.1,0.8,48,20.2,24.1,3.9
2024-07-31,24,35.5,74.5,11.0,38,7.5,17.2,2.8
2024-07-31,25,34.5,77.7,21.9,84,35.1,70.1,3.8
2024-07-31,26,26.9,73.1,5.2,84,14.1,56.6,4.6
2024-07-31,27,27.3,70.3,31.4,86,18.1,70.9,3.3
2024-07-31,28,32.1,56.9,3.7,60,24.6,47.6,5.7
2024-07-31,29,34.3,75.7,0.9,31,12.4,16.2,5.1
2024-07-31,30,31.3,77.2,13.0,42,17.0,32.9,4.8
2024-07-31,31,33.5,81.1,150.1,53,15.4,21.7,6.8
2024-07-31,32,30.3,72.7,13.5,36,6.3,28.0,3.3
2024-07-31,33,28.8,69.2,16.8,20,6.0,13.3,3.7
2024-07-31,34,31.5,54.4,28.3,61,23.9,42.6,6.0
2024-07-31,35,34.6,66.5,32.8,71,29.8,43.7,3.3
2024-08-01,1,29.7,65.6,21.4,39,15.7,32.3,5.8
2024-08-01,2,34.7,65.2,50.0,78,31.2,54.4,3.1
2024-08-01,3,31.2,77.4,36.7,78,14.9,35.1,3.3
2024-08-01,4,30.1,61.6,2.2,47,9.6,38.6,6.4
2024-08-01,5,26.8,75.0,33.5,32,9.8,21.4,4.0
2024-08-01,6,28.4,55.7,10.7,45,10.1,30.7,4.1
2024-08-01,7,34.4,75.3,1.8,20,5,14.7,6.1
2024-08-01,8,32.3,66.5,19.3,40,13.3,15.5,5.4
2024-08-01,9,34.2,59.6,43.6,20,5,10,4.1
2024-08-01,10,30.9,66.4,25.8,28,5.7,10.5,4.4
2024-08-01,11,37.9,69.2,2.1,80,25.7,38.5,4.4
2024-08-01,12,36.6,63.7,22.0,93,35.6,51.3,4.6
2024-08-01,13,35.9,61.3,2.2,110,33.9,77.2,5.4
2024-08-01,14,33.0,73.9,11.9,62,27.5,33.9,3.5
2024-08-01,15,32.5,76.8,97.6,73,29.8,34.9,4.8
2024-08-01,16,34.7,66.5,66.1,56,8.7,41.6,4.2
2024-08-01,17,32.8,58.4,105.8,43,7.7,32.1,5.2
2024-08-01,18,27.7,64.5,8.7,41,6.8,31.6,2.7
2024-08-01,19,34.8,56.1,60.1,86,23.3,47.5,2.9
2024-08-01,20,33.9,70.0,23.5,76,16.9,27.1,3.0
2024-08-01,21,36.2,63.2,9.8,57,16.4,25.6,5.0
2024-08-01,22,31.9,66.4,44.0,76,25.2,53.9,5.5
2024-08-01,23,38.2,57.6,0.9,56,10.8,45.2,3.3
2024-08-01,24,40.0,67.2,5.4,69,23.6,50.5,3.5
2024-08-01,25,25.5,75.4,65.0,65,15.2,35.5,3.4
2024-08-01,26,30.1,62.5,22.1,88,15.5,38.9,5.2
2024-08-01,27,32.0,66.5,47.5,62,11.2,41.1,2.3
2024-08-01,28,31.7,71.6,0.9,61,19.2,22.2,6.1
2024-08-01,29,33.1,77.0,5.0,66,16.1,41.5,4.7
2024-08-01,30,31.4,66.8,2.9,56,13.9,42.0,5.4
2024-08-01,31,32.6,49.4,56.4,20,5.7,11.7,6.3
2024-08-01,32,34.6,79.4,69.0,77,12.4,50.7,4.2
2024-08-01,33,34.9,68.8,3.7,62,15.9,38.4,2.8
2024-08-01,34,32.3,62.3,3.1,39,7.6,13.9,5.8
2024-08-01,35,33.1,71.5,6.0,54,20.1,29.7,3.8
2024-08-02,1,31.5,60.8,31.3,70,26.1,51.7,4.6
2024-08-02,2,31.8,65.6,20.5,46,12.8,37.4,4.6
2024-08-02,3,37.3,75.5,5.1,36,8.1,27.3,3.0
2024-08-02,4,25.5,56.0,24.8,22,5,16.4,5.2
2024-08-02,5,33.5,64.4,54.3,20,5,16.0,4.4
2024-08-02,6,30.3,60.4,98.1,64,14.4,24.7,4.0
2024-08-02,7,34.8,60.6,12.7,30,6.9,12.9,6.1
2024-08-02,8,35.7,58.0,0.3,31,9.7,11.4,5.8
2024-08-02,9,32.9,63.7,3.4,20,7.2,15.2,4.9
2024-08-02,10,30.8,70.1,71.8,29,11.4,19.3,4.0
2024-08-02,11,40.5,56.6,2.7,82,22.6,56.2,5.5
2024-08-02,12,38.5,59.4,0.5,61,26.8,34.9,4.3
2024-08-02,13,40.7,55.2,18.8,100,39.1,46.4,5.4
2024-08-02,14,36.9,73.5,18.5,66,24.5,28.1,2.7
2024-08-02,15,30.4,54.5,21.6,79,19.1,60.0,4.9
2024-08-02,16,28.7,68.3,14.5,74,17.9,29.1,5.0
2024-08-02,17,30.4,60.2,31.4,50,10.9,26.1,4.8
2024-08-02,18,26.9,65.3,4.5,49,20.2,41.6,4.7
2024-08-02,19,32.2,65.6,14.3,80,32.1,59.9,4.1
2024-08-02,20,30.6,71.7,9.7,82,26.4,46.4,3.0
2024-08-02,21,32.6,63.3,55.3,55,8.3,32.8,4.3
2024-08-02,22,30.0,63.9,18.2,52,14.2,19.2,4.2
2024-08-02,23,37.9,62.9,7.7,59,20.7,45.5,3.4
2024-08-02,24,40.2,59.0,0.7,42,10.6,28.0,3.3
2024-08-02,25,29.6,76.1,26.6,87,17.3,71.3,3.3
2024-08-02,26,33.0,75.9,15.4,79,28.2,67.0,5.1
2024-08-02,27,32.3,60.4,20.9,47,9.6,36.7,2.8
2024-08-02,28,30.5,68.6,0.6,80,15.7,64.9,5.1
2024-08-02,29,31.2,75.1,17.0,57,15.8,40.7,4.4
2024-08-02,30,31.6,50.4,7.6,20,8.9,14.4,6.7
2024-08-02,31,34.2,62.9,74.1,28,5,19.6,5.6
2024-08-02,32,29.7,58.5,1.1,40,8.9,24.3,3.5
2024-08-02,33,30.8,59.8,0.9,86,32.3,71.9,4.0
2024-08-02,34,29.3,69.3,5.3,81,14.3,36.2,6.4
2024-08-02,35,33.6,71.7,1.9,62,24.5,22.1,2.2
2024-08-03,1,29.1,65.6,24.6,79,20.9,57.6,5.6
2024-08-03,2,28.7,80.4,3.1,57,17.8,27.1,5.5
2024-08-03,3,34.3,44.2,75.7,72,21.9,49.2,2.9
2024-08-03,4,31.0,64.0,33.9,38,16.2,21.2,4.8
2024-08-03,5,30.9,72.8,30.3,52,10.7,24.8,2.8
2024-08-03,6,30.7,62.8,15.2,35,8.4,25.4,4.1
2024-08-03,7,30.3,52.3,198.2,27,8.6,18.5,4.9
2024-08-03,8,32.4,72.2,30.0,26,10.4,18.6,5.6
2024-08-03,9,30.5,75.1,1.6,23,5,16.7,4.0
2024-08-03,10,32.8,74.9,6.2,27,8.6,12.4,3.9
2024-08-03,11,36.9,61.9,13.9,68,19.8,49.6,4.1
2024-08-03,12,40.8,55.3,1.3,76,23.7,26.9,3.2
2024-08-03,13,39.4,72.9,22.8,74,14.1,43.7,5.6
2024-08-03,14,38.2,69.0,19.2,65,16.5,38.8,3.9
2024-08-03,15,28.3,61.7,58.2,77,16.9,46.4,5.2
2024-08-03,16,30.2,88.1,65.8,73,31.1,30.7,3.8
2024-08-03,17,33.3,71.4,8.9,72,23.9,26.1,4.9
2024-08-03,18,30.2,51.9,57.0,27,5.1,12.9,3.9
2024-08-03,19,29.2,65.5,50.4,78,28.3,29.6,4.6
2024-08-03,20,34.7,46.9,26.8,32,6.1,17.6,3.3
2024-08-03,21,38.0,63.6,5.1,52,15.6,22.2,4.4
2024-08-03,22,36.6,67.1,31.5,36,15.4,24.8,3.8
2024-08-03,23,40.4,59.9,3.0,66,17.1,30.1,4.7
2024-08-03,24,48.1,49.6,2.2,45,14.2,23.1,3.4
2024-08-03,25,25.3,62.0,9.0,83,12.6,62.1,4.2
2024-08-03,26,32.9,71.4,7.3,60,17.2,21.2,5.6
2024-08-03,27,31.0,61.7,6.1,63,16.3,51.7,3.3
2024-08-03,28,33.1,86.4,10.3,27,8.4,20.0,5.8
2024-08-03,29,36.8,76.6,15.6,20,5.8,15.3,5.4
2024-08-03,30,33.6,65.6,1.2,71,31.5,44.1,6.3
2024-08-03,31,29.4,64.7,1.2,65,19.3,43.4,6.6
2024-08-03,32,33.2,80.0,2.7,36,11.1,12.7,2.7
2024-08-03,33,32.6,82.2,3.7,44,14.2,35.4,2.7
2024-08-03,34,30.5,72.3,21.1,68,27.1,52.1,6.1
2024-08-03,35,35.8,67.1,9.6,62,15.9,35.8,3.7
2024-08-04,1,31.3,74.8,5.0,78,27.5,59.3,5.4
2024-08-04,2,31.8,73.4,19.7,45,16.5,23.0,3.6
2024-08-04,3,34.3,61.1,3.5,81,17.1,59.2,4.5
2024-08-04,4,34.9,74.2,34.3,57,18.0,45.5,5.1
2024-08-04,5,33.1,55.1,36.3,31,12.6,22.4,4.7
2024-08-04,6,31.8,63.9,3.9,40,16.3,33.9,4.1
2024-08-04,7,29.6,69.1,2.9,20,6.2,10.6,5.1
2024-08-04,8,28.4,59.4,11.1,39,10.5,25.7,6.3
2024-08-04,9,28.4,70.9,45.0,48,18.5,28.6,4.4
2024-08-04,10,32.9,79.8,39.2,58,21.0,37.3,4.4
2024-08-04,11,32.7,63.8,29.6,45,8.1,28.1,3.9
2024-08-04,12,36.2,56.3,12.4,20,7.2,10,3.7
2024-08-04,13,35.5,69.7,17.9,74,15.3,60.6,5.9
2024-08-04,14,35.6,78.7,2.9,90,26.9,52.2,3.3
2024-08-04,15,37.9,55.9,28.8,58,10.1,21.7,4.9
2024-08-04,16,32.7,66.6,13.4,70,15.7,58.6,4.1
2024-08-04,17,31.9,82.7,25.7,35,8.7,23.4,4.9
2024-08-04,18,31.8,70.3,8.1,70,30.4,55.1,3.2
2024-08-04,19,32.7,83.8,40.3,59,16.7,37.8,4.7
2024-08-04,20,32.1,63.5,101.4,76,23.2,59.5,3.3
2024-08-04,21,34.2,55.4,12.0,52,13.5,35.5,6.0
2024-08-04,22,35.5,71.3,2.4,27,6.0,15.8,4.2
2024-08-04,23,38.9,48.5,7.6,55,16.0,26.4,4.2
2024-08-04,24,38.5,64.2,3.0,22,5,10,2.7
2024-08-04,25,30.5,71.2,1.3,74,24.4,31.8,2.8
2024-08-04,26,29.3,71.3,121.3,67,14.9,55.5,4.5
2024-08-04,27,32.9,75.6,10.3,81,25.7,48.6,3.0
2024-08-04,28,30.3,62.2,1.0,33,9.1,15.5,5.0
2024-08-04,29,32.0,55.4,10.8,29,9.0,10.6,4.0
2024-08-04,30,32.1,67.9,63.6,20,5,10.6,6.6
2024-08-04,31,29.6,71.4,86.2,32,10.1,25.4,4.9
2024-08-04,32,31.7,69.1,4.4,80,15.9,51.5,3.8
2024-08-04,33,33.3,71.4,58.9,33,7.9,12.8,2.1
2024-08-04,34,35.3,76.5,3.8,36,10.1,28.3,7.2
2024-08-04,35,32.7,65.7,5.3,79,15.2,28.6,3.0
2024-08-05,1,27.5,65.0,13.3,37,7.9,22.8,5.3
2024-08-05,2,31.1,64.9,7.2,49,9.3,36.2,3.5
2024-08-05,3,26.8,70.7,21.1,73,23.3,30.0,3.8
2024-08-05,4,28.4,71.9,20.7,33,6.9,12.1,5.7
2024-08-05,5,33.2,51.7,16.5,87,21.0,72.7,3.6
2024-08-05,6,31.1,65.6,29.4,79,26.2,66.8,4.2
2024-08-05,7,31.8,67.5,34.1,66,19.3,30.8,5.5
2024-08-05,8,32.8,61.7,1.4,49,13.8,17.3,5.1
2024-08-05,9,32.3,67.1,0.3,20,5.9,10.6,3.0
2024-08-05,10,26.6,66.0,146.2,20,6.1,14.1,3.6
2024-08-05,11,37.5,63.5,11.7,59,15.0,31.7,4.1
2024-08-05,12,35.7,68.0,22.9,97,17.3,73.3,4.9
2024-08-05,13,42.2,75.8,2.4,80,31.7,42.5,4.9
2024-08-05,14,37.7,63.4,6.0,111,35.9,87.1,3.2
2024-08-05,15,30.3,54.8,49.6,57,24.8,32.0,4.4
2024-08-05,16,34.3,53.9,2.0,77,30.8,38.1,5.4
2024-08-05,17,31.6,57.8,19.1,48,12.5,21.7,5.8
2024-08-05,18,35.5,62.4,12.7,57,15.6,26.9,3.9
2024-08-05,19,30.6,69.7,24.0,68,28.9,32.6,3.2
2024-08-05,20,29.7,66.1,57.1,37,10.5,17.0,2.0
2024-08-05,21,42.6,56.9,1.0,64,10.2,42.4,5.1
2024-08-05,22,37.9,45.6,2.4,63,15.0,41.3,4.4
2024-08-05,23,35.8,67.2,10.2,60,19.6,40.0,3.1
2024-08-05,24,34.5,66.0,1.5,70,14.2,54.7,3.1
2024-08-05,25,32.5,78.1,60.7,54,21.9,36.0,4.1
2024-08-05,26,35.6,73.3,23.5,55,12.0,39.2,4.6
2024-08-05,27,29.2,81.3,5.3,56,22.1,20.4,3.0
2024-08-05,28,29.6,75.7,4.0,58,10.4,26.2,5.0
2024-08-05,29,33.5,76.9,2.8,92,20.5,65.4,4.9
2024-08-05,30,32.2,63.4,29.3,20,8.3,14.2,6.3
2024-08-05,31,34.8,70.9,5.3,23,5.1,10.4,6.6
2024-08-05,32,28.8,60.5,24.2,65,19.9,36.4,3.3
2024-08-05,33,32.4,66.5,15.4,46,9.4,18.4,2.0
2024-08-05,34,25.5,63.7,24.4,62,19.7,22.9,6.0
2024-08-05,35,29.6,70.4,37.9,40,14.8,33.4,4.2
2024-08-06,1,30.7,62.5,1.4,65,23.1,46.5,4.4
2024-08-06,2,34.0,73.8,2.0,69,25.3,56.6,4.5
2024-08-06,3,33.4,52.6,6.8,36,9.5,20.7,4.3
2024-08-06,4,31.2,56.0,74.3,64,21.9,41.2,4.2
2024-08-06,5,38.7,61.9,42.9,66,18.4,24.8,3.7
2024-08-06,6,25.9,55.3,13.5,56,24.9,44.1,3.7
2024-08-06,7,30.5,75.4,29.9,28,10.1,10.1,5.7
2024-08-06,8,32.8,71.2,10.6,64,13.0,45.8,5.1
2024-08-06,9,40.8,57.9,2.4,61,20.5,44.5,4.2
2024-08-06,10,27.6,61.1,3.8,25,5,12.3,3.4
2024-08-06,11,34.9,58.1,3.6,66,12.4,25.1,5.1
2024-08-06,12,37.7,64.0,23.7,86,27.8,31.8,3.9
2024-08-06,13,35.0,62.4,76.1,60,11.7,45.9,6.1
2024-08-06,14,38.0,64.7,0.8,68,18.2,51.7,2.8
2024-08-06,15,29.6,68.2,7.0,46,9.4,33.8,6.2
2024-08-06,16,29.5,70.3,6.7,41,17.9,31.2,3.1
2024-08-06,17,30.5,78.9,19.2,43,7.9,27.8,6.2
2024-08-06,18,28.0,71.1,4.2,23,7.8,17.0,3.7
2024-08-06,19,32.1,65.4,39.8,77,34.6,63.3,4.6
2024-08-06,20,30.9,71.7,32.7,20,5.6,10,2.1
2024-08-06,21,38.7,68.7,16.9,44,17.7,29.3,3.3
2024-08-06,22,31.7,63.3,16.5,31,8.1,21.1,5.2
2024-08-06,23,42.8,76.9,4.2,64,18.0,50.5,4.4
2024-08-06,24,43.5,63.4,5.0,51,21.2,27.5,3.2
2024-08-06,25,32.9,75.2,40.7,91,37.0,57.1,3.5
2024-08-06,26,30.1,56.7,16.0,98,29.5,45.8,5.2
2024-08-06,27,31.5,75.8,29.1,35,8.9,14.9,2.9
2024-08-06,28,31.3,56.1,8.2,60,19.9,47.0,5.7
2024-08-06,29,29.8,69.2,1.4,36,8.8,20.0,4.9
2024-08-06,30,30.7,55.1,15.1,38,13.1,15.9,5.5
2024-08-06,31,32.9,59.5,9.9,30,10.0,12.7,6.6
2024-08-06,32,32.0,61.2,36.5,20,5.6,10,3.9
2024-08-06,33,31.4,67.1,17.2,68,15.3,28.8,2.2
2024-08-06,34,34.3,66.3,1.1,75,27.1,44.3,5.5
2024-08-06,35,30.8,61.0,50.0,53,17.7,25.3,2.6
2024-08-07,1,27.2,48.5,14.5,76,17.6,54.1,6.0
2024-08-07,2,28.6,59.5,6.3,69,23.8,30.0,4.6
2024-08-07,3,34.4,58.4,29.0,63,20.6,24.8,4.6
2024-08-07,4,31.2,72.0,59.6,30,9.7,20.2,5.6
2024-08-07,5,31.4,58.4,7.9,39,13.6,20.6,4.8
2024-08-07,6,30.5,69.1,11.0,21,6.4,15.6,4.9
2024-08-07,7,28.7,62.9,68.8,23,7.4,18.0,6.9
2024-08-07,8,30.3,59.8,12.2,25,7.1,13.7,4.4
2024-08-07,9,29.1,59.4,13.8,20,5,11.4,3.8
2024-08-07,10,35.3,75.5,8.0,83,21.3,50.6,3.8
2024-08-07,11,34.0,59.9,8.5,99,29.0,73.4,4.8
2024-08-07,12,43.0,52.7,40.8,94,19.1,71.0,4.2
2024-08-07,13,40.7,67.4,4.4,57,25.2,22.9,4.4
2024-08-07,14,36.3,50.3,4.2,80,30.8,38.2,4.2
2024-08-07,15,29.5,64.1,9.7,54,14.1,38.5,5.1
2024-08-07,16,31.0,66.7,1.6,31,9.1,16.3,3.8
2024-08-07,17,30.1,68.9,57.7,86,25.4,58.1,6.1
2024-08-07,18,27.7,74.3,22.3,48,12.6,29.0,3.2
2024-08-07,19,27.3,62.8,3.2,20,5,10,5.1
2024-08-07,20,28.2,52.9,105.4,68,27.9,43.1,2.6
2024-08-07,21,38.7,66.1,38.6,85,20.7,42.5,5.3
2024-08-07,22,42.0,86.8,26.6,41,8.7,30.4,4.8
2024-08-07,23,31.8,75.8,0.8,37,15.3,17.3,4.4
2024-08-07,24,35.2,66.0,13.4,67,23.9,55.6,3.6
2024-08-07,25,32.5,62.2,31.6,54,9.9,45.2,2.8
2024-08-07,26,36.3,63.4,41.2,74,13.5,40.9,4.7
2024-08-07,27,29.7,66.6,7.4,113,33.6,41.9,2.3
2024-08-07,28,26.4,68.3,8.1,105,40.1,76.1,5.5
2024-08-07,29,34.8,76.9,28.5,22,5,14.8,5.0
2024-08-07,30,31.9,74.5,47.2,22,6.0,14.1,6.7
2024-08-07,31,35.0,58.7,23.8,20,7.1,10.9,5.7
2024-08-07,32,34.3,71.2,34.5,42,7.7,28.8,2.8
2024-08-07,33,29.4,63.9,9.4,20,5,10.9,2.0
2024-08-07,34,33.9,62.1,9.6,38,9.6,16.5,6.8
2024-08-07,35,31.0,71.9,1.2,41,7.4,23.9,4.1
2024-08-08,1,33.6,63.7,5.7,20,5,15.6,5.1
2024-08-08,2,28.0,59.4,92.5,49,11.6,18.1,3.6
2024-08-08,3,33.5,69.5,15.5,47,13.8,24.6,3.3
2024-08-08,4,33.5,77.1,55.4,29,10.2,14.1,5.9
2024-08-08,5,28.0,70.5,54.3,31,10.0,25.6,2.7
2024-08-08,6,33.8,61.0,14.0,21,5.8,10,4.2
2024-08-08,7,30.8,65.5,27.6,24,6.6,10,5.9
2024-08-08,8,32.4,75.1,16.7,56,10.7,26.1,5.5
2024-08-08,9,29.8,56.8,10.9,53,23.1,40.0,4.0
2024-08-08,10,35.9,60.6,36.0,48,20.5,26.2,2.5
2024-08-08,11,37.3,63.0,9.4,123,42.8,97.7,5.2
2024-08-08,12,34.6,56.0,5.9,65,14.4,27.0,4.8
2024-08-08,13,32.9,68.0,11.3,58,17.4,27.6,5.1
2024-08-08,14,28.8,70.5,1.4,60,16.0,46.3,4.0
2024-08-08,15,34.1,66.7,5.3,20,9.0,13.1,5.1
2024-08-08,16,29.6,69.2,9.9,61,16.2,38.8,5.1
2024-08-08,17,29.6,67.6,11.8,25,8.3,11.2,5.9
2024-08-08,18,33.5,62.8,85.9,49,13.3,30.4,3.5
2024-08-08,19,31.9,70.1,29.6,54,11.6,20.9,5.0
2024-08-08,20,30.1,69.5,1.9,32,14.0,14.6,3.2
2024-08-08,21,38.3,62.6,8.3,81,30.7,44.4,3.9
2024-08-08,22,41.3,46.4,25.5,63,26.5,34.8,4.5
2024-08-08,23,32.1,70.2,0.4,58,16.1,42.4,5.5
2024-08-08,24,39.2,60.2,3.4,92,18.0,49.9,2.4
2024-08-08,25,35.7,69.9,46.1,46,9.6,30.7,3.8
2024-08-08,26,31.8,77.3,8.4,79,12.6,33.9,4.1
2024-08-08,27,32.0,62.8,17.8,48,19.7,28.5,2.8
2024-08-08,28,29.2,68.7,25.2,27,5,10.7,5.4
2024-08-08,29,33.8,59.7,15.9,49,11.1,22.5,4.3
2024-08-08,30,32.1,76.8,33.9,20,7.8,10,5.8
2024-08-08,31,31.9,64.4,25.9,20,8.7,13.6,6.3
2024-08-08,32,37.3,73.4,49.6,60,17.7,38.6,3.2
2024-08-08,33,31.0,74.0,3.5,72,11.1,31.9,2.3
2024-08-08,34,31.1,69.6,35.6,69,28.9,33.5,6.2
2024-08-08,35,34.1,78.4,31.5,35,15.1,29.2,3.6
2024-08-09,1,27.9,64.8,9.3,57,12.4,33.8,4.9
2024-08-09,2,33.2,66.4,30.2,65,23.6,50.4,4.6
2024-08-09,3,28.3,67.0,11.2,54,13.2,25.5,2.9
2024-08-09,4,32.3,65.4,74.1,20,7.5,16.6,5.4
2024-08-09,5,33.0,65.0,74.6,51,9.6,32.3,3.5
2024-08-09,6,35.0,59.6,48.1,66,10.5,53.1,4.3
2024-08-09,7,29.9,64.5,122.3,59,12.5,43.3,5.3
2024-08-09,8,35.9,81.8,13.6,48,19.5,25.2,6.4
2024-08-09,9,31.4,63.6,29.8,29,8.6,15.2,4.3
2024-08-09,10,29.2,53.8,8.2,62,26.3,39.6,4.4
2024-08-09,11,40.1,66.3,8.1,78,15.3,53.4,4.7
2024-08-09,12,41.0,58.6,0.5,102,32.6,66.6,4.2
2024-08-09,13,35.8,69.0,2.6,74,28.7,30.5,4.7
2024-08-09,14,35.4,74.2,1.3,73,14.6,55.2,3.5
2024-08-09,15,29.3,78.9,68.5,36,11.1,15.8,5.4
2024-08-09,16,33.3,71.9,9.8,56,22.7,43.5,5.0
2024-08-09,17,34.5,62.6,8.6,83,13.3,31.2,5.4
2024-08-09,18,29.4,68.8,8.0,71,23.1,59.5,4.7
2024-08-09,19,35.8,64.9,5.8,52,16.0,19.5,4.6
2024-08-09,20,29.9,84.7,58.4,20,5.0,10,2.1
2024-08-09,21,37.2,61.9,1.9,80,25.3,57.4,4.5
2024-08-09,22,38.0,65.7,0.9,35,13.2,14.7,4.3
2024-08-09,23,41.5,55.4,6.6,63,23.4,44.0,4.8
2024-08-09,24,37.3,70.5,5.9,22,7.1,13.5,3.1
2024-08-09,25,32.3,66.6,33.8,66,20.1,46.4,3.5
2024-08-09,26,30.7,84.1,8.9,53,14.2,39.4,4.7
2024-08-09,27,31.5,58.1,30.6,78,28.9,53.3,2.0
2024-08-09,28,31.8,71.3,39.4,47,10.1,23.8,5.0
2024-08-09,29,35.2,73.6,59.6,49,20.8,34.0,5.0
2024-08-09,30,30.6,61.4,2.7,32,13.8,18.3,6.6
2024-08-09,31,31.2,73.0,21.4,40,7.2,33.4,6.0
2024-08-09,32,32.0,65.1,35.7,62,21.1,45.9,3.9
2024-08-09,33,31.0,69.2,10.8,52,8.4,31.6,2.0
2024-08-09,34,30.5,68.3,8.2,56,13.4,23.2,6.1
2024-08-09,35,29.0,65.1,53.4,26,10.0,14.5,3.4
2024-08-10,1,32.3,75.5,71.2,48,17.5,32.1,4.9
2024-08-10,2,33.2,63.2,16.4,43,7.3,21.7,4.4
2024-08-10,3,32.2,77.9,24.1,60,11.4,24.0,5.3
2024-08-10,4,30.7,65.4,113.2,28,10.0,13.5,6.6
2024-08-10,5,30.9,68.1,50.9,20,5.1,11.1,3.6
2024-08-10,6,31.1,76.1,10.2,44,16.6,32.4,3.2
2024-08-10,7,30.5,71.5,7.4,38,12.4,24.8,4.9
2024-08-10,8,28.5,73.8,24.7,48,19.2,31.9,4.4
2024-08-10,9,27.0,56.1,10.3,35,10.3,24.3,4.8
2024-08-10,10,31.0,57.0,62.0,33,14.1,16.5,3.3
2024-08-10,11,32.2,54.6,14.1,99,18.2,46.9,3.9
2024-08-10,12,35.7,67.5,7.2,84,35.1,31.1,3.8
2024-08-10,13,37.6,65.0,4.8,102,44.5,40.0,6.4
2024-08-10,14,34.2,76.8,4.3,42,9.7,28.6,4.1
2024-08-10,15,34.7,58.1,23.7,41,6.8,30.0,4.6
2024-08-10,16,28.5,61.2,44.2,72,15.2,37.5,4.2
2024-08-10,17,33.6,72.1,36.1,26,6.7,17.5,4.7
2024-08-10,18,29.2,68.6,0.8,73,32.1,53.5,3.3
2024-08-10,19,30.6,61.4,40.7,45,19.9,36.5,4.4
2024-08-10,20,35.2,58.4,53.6,56,17.9,32.5,3.4
2024-08-10,21,35.6,59.4,10.3,53,17.7,31.1,4.8
2024-08-10,22,38.1,66.3,22.1,31,12.5,18.3,4.7
2024-08-10,23,38.7,77.7,6.7,86,17.3,35.5,3.5
2024-08-10,24,38.9,65.6,1.5,66,23.8,40.1,3.1
2024-08-10,25,28.8,57.5,41.0,55,15.1,25.4,3.6
2024-08-10,26,27.9,76.9,0.9,67,27.4,28.8,5.7
2024-08-10,27,29.8,68.6,18.0,80,23.1,33.6,4.3
2024-08-10,28,35.3,62.6,38.8,20,5,12.5,4.4
2024-08-10,29,32.0,62.6,6.6,47,14.3,34.6,4.6
2024-08-10,30,32.4,69.5,25.9,56,13.5,39.3,5.6
2024-08-10,31,28.9,76.8,22.3,61,10.8,22.8,6.9
2024-08-10,32,32.3,72.8,47.2,62,11.0,23.6,3.3
2024-08-10,33,34.9,74.6,24.7,46,9.4,16.5,2.0
2024-08-10,34,32.4,63.1,9.2,40,8.8,16.2,5.8
2024-08-10,35,32.1,55.8,99.7,25,8.1,10,3.1
2024-08-11,1,33.9,66.0,2.9,80,27.5,51.5,5.1
2024-08-11,2,32.6,64.6,1.1,64,22.9,40.1,3.8
2024-08-11,3,30.3,55.5,1.8,49,14.7,29.5,3.8
2024-08-11,4,27.5,62.3,62.4,40,7.9,18.6,5.7
2024-08-11,5,32.9,80.4,6.9,51,21.3,28.1,3.0
2024-08-11,6,30.9,77.7,49.5,20,7.0,14.8,2.5
2024-08-11,7,29.9,63.3,21.7,72,26.5,45.1,5.5
2024-08-11,8,33.9,63.3,0.8,49,8.2,36.7,4.9
2024-08-11,9,27.6,74.2,98.3,54,16.5,26.6,3.7
2024-08-11,10,36.3,46.9,25.1,20,6.3,15.0,4.0
2024-08-11,11,34.5,70.2,42.4,66,23.5,43.2,4.2
2024-08-11,12,40.3,69.8,34.0,80,18.3,52.9,4.4
2024-08-11,13,39.7,67.9,12.0,93,29.7,37.9,4.8
2024-08-11,14,37.0,66.2,12.7,107,24.7,50.9,3.2
2024-08-11,15,31.6,54.5,4.9,44,12.5,33.5,5.2
2024-08-11,16,31.3,59.6,28.1,91,33.3,68.7,4.7
2024-08-11,17,30.1,73.7,49.5,20,7.4,14.2,6.1
2024-08-11,18,31.6,72.4,29.5,46,13.6,29.5,4.1
2024-08-11,19,31.3,73.4,0.8,46,18.8,31.5,4.5
2024-08-11,20,33.5,66.9,0.9,20,5,14.9,4.5
2024-08-11,21,33.0,67.3,1.5,79,18.4,64.8,3.8
2024-08-11,22,34.3,67.4,2.1,76,32.8,43.5,5.9
2024-08-11,23,34.4,63.0,3.1,107,38.8,75.9,4.2
2024-08-11,24,35.9,65.2,6.0,35,7.8,23.5,3.2
2024-08-11,25,35.0,75.2,25.7,88,15.8,51.8,2.0
2024-08-11,26,31.4,77.7,21.8,56,23.0,26.5,5.1
2024-08-11,27,35.5,74.2,12.9,83,21.5,64.0,2.4
2024-08-11,28,27.5,57.2,20.7,22,5.4,10,6.7
2024-08-11,29,30.7,70.3,16.5,63,12.5,23.0,5.5
2024-08-11,30,30.3,56.9,19.3,25,5,20.2,5.5
2024-08-11,31,27.8,63.6,54.0,30,6.6,24.6,7.2
2024-08-11,32,30.1,64.0,14.3,41,10.1,16.6,4.4
2024-08-11,33,36.4,53.7,28.6,46,19.6,34.5,3.3
2024-08-11,34,31.3,73.8,17.1,82,25.4,45.2,6.2
2024-08-11,35,31.6,70.1,40.5,46,14.5,34.9,3.6
2024-08-12,1,27.2,60.3,30.9,72,16.3,53.3,5.3
2024-08-12,2,30.1,66.0,66.1,38,14.9,16.6,4.5
2024-08-12,3,32.5,68.8,8.7,68,21.1,40.4,4.4
2024-08-12,4,30.7,53.2,8.6,60,11.1,24.2,4.6
2024-08-12,5,31.9,59.3,1.4,86,37.8,39.3,3.6
2024-08-12,6,31.9,72.5,1.2,98,32.0,39.3,3.8
2024-08-12,7,33.0,64.5,58.9,36,8.6,20.8,6.2
2024-08-12,8,28.8,77.3,15.1,20,6.8,13.4,4.5
2024-08-12,9,33.3,69.7,39.5,29,10.1,14.0,4.2
2024-08-12,10,29.1,64.9,9.9,20,5,10,3.2
2024-08-12,11,41.1,65.2,9.6,90,31.1,39.9,5.7
2024-08-12,12,31.8,50.6,16.4,81,25.7,44.0,4.7
2024-08-12,13,42.1,58.3,33.7,71,10.8,57.0,6.4
2024-08-12,14,36.6,64.4,12.2,92,24.6,70.6,2.6
2024-08-12,15,28.1,59.9,34.5,54,15.4,31.5,5.4
2024-08-12,16,26.9,70.6,91.2,46,9.5,28.5,5.0
2024-08-12,17,30.0,59.2,31.9,92,14.0,43.3,5.7
2024-08-12,18,30.3,53.9,8.7,20,5,10,3.9
2024-08-12,19,33.3,57.1,46.4,35,10.7,13.2,3.9
2024-08-12,20,33.0,60.0,34.0,39,7.7,29.6,3.6
2024-08-12,21,39.9,68.3,0.3,39,10.0,22.2,3.9
2024-08-12,22,32.6,72.1,1.1,63,27.5,46.8,3.6
2024-08-12,23,41.2,53.9,8.1,47,19.0,18.9,4.0
2024-08-12,24,41.5,64.9,6.7,54,12.4,39.7,3.2
2024-08-12,25,33.6,76.2,19.6,56,15.9,45.3,2.8
2024-08-12,26,34.3,64.0,26.6,120,18.9,89.6,5.4
2024-08-12,27,30.2,68.0,5.5,114,19.0,66.6,3.1
2024-08-12,28,30.1,73.6,6.8,55,19.8,20.8,5.2
2024-08-12,29,32.1,76.2,11.6,23,10.3,17.5,5.1
2024-08-12,30,24.5,59.9,12.3,45,13.3,33.8,6.0
2024-08-12,31,30.8,64.1,35.4,20,8.5,13.3,5.5
2024-08-12,32,30.7,60.5,27.7,55,11.4,30.5,3.6
2024-08-12,33,30.0,75.3,7.3,49,19.7,19.7,2.8
2024-08-12,34,30.1,64.8,27.5,47,10.9,34.0,5.4
2024-08-12,35,33.7,64.4,16.8,54,8.3,30.7,4.3
2024-08-13,1,25.1,68.8,70.7,69,17.9,52.8,4.5
2024-08-13,2,30.7,46.5,15.9,41,13.8,25.4,4.0
2024-08-13,3,32.1,76.1,39.2,31,8.7,25.6,4.6
2024-08-13,4,32.0,68.1,44.7,34,8.6,25.3,5.4
2024-08-13,5,31.5,68.4,80.9,41,16.8,31.6,3.8
2024-08-13,6,30.3,57.4,4.3,50,10.5,31.0,3.7
2024-08-13,7,32.8,73.0,2.9,47,12.1,33.0,5.9
2024-08-13,8,27.7,59.8,17.5,20,8.3,10,5.6
2024-08-13,9,34.1,60.4,40.9,38,10.9,18.7,4.6
2024-08-13,10,29.6,70.2,14.3,66,13.5,54.4,3.5
2024-08-13,11,40.6,65.3,3.1,58,17.0,20.6,5.3
2024-08-13,12,34.1,74.0,2.3,64,22.3,42.1,5.1
2024-08-13,13,38.9,64.0,16.8,74,18.0,32.1,5.1
2024-08-13,14,36.8,57.3,2.6,123,29.6,87.3,3.8
2024-08-13,15,34.7,53.9,3.6,52,17.9,28.2,5.0
2024-08-13,16,32.8,58.6,81.1,70,30.9,51.4,4.5
2024-08-13,17,31.4,49.3,20.2,45,9.5,27.2,4.9
2024-08-13,18,29.8,52.7,24.2,45,19.2,27.2,3.2
2024-08-13,19,33.8,63.5,34.6,70,21.0,38.8,4.9
2024-08-13,20,24.2,70.9,4.3,45,9.0,26.8,3.2
2024-08-13,21,39.6,73.5,17.7,58,22.1,47.4,4.9
2024-08-13,22,31.3,69.7,11.2,62,26.0,45.4,4.9
2024-08-13,23,41.7,62.4,1.6,80,30.1,34.2,3.1
2024-08-13,24,40.4,69.4,11.5,20,5,14.0,3.4
2024-08-13,25,30.8,63.4,81.4,66,20.6,54.0,2.0
2024-08-13,26,26.2,75.3,19.6,84,29.3,55.2,4.4
2024-08-13,27,32.9,69.3,25.7,83,20.3,44.9,2.2
2024-08-13,28,29.6,71.5,23.5,20,7.6,10,5.3
2024-08-13,29,31.2,70.0,4.7,46,13.1,30.5,5.1
2024-08-13,30,27.8,59.6,33.6,20,5.6,12.7,6.3
2024-08-13,31,27.1,58.0,55.5,25,5,10.5,6.5
2024-08-13,32,27.8,65.9,101.1,20,6.2,10,3.1
2024-08-13,33,27.4,65.8,31.2,38,14.7,30.7,2.0
2024-08-13,34,33.8,59.6,43.3,66,21.3,41.4,6.4
2024-08-13,35,33.8,60.4,8.3,61,17.2,25.1,5.4
2024-08-14,1,32.3,63.4,19.8,46,16.0,35.8,5.7
2024-08-14,2,32.5,61.8,10.1,55,9.6,44.2,3.6
2024-08-14,3,30.1,65.9,41.3,36,14.1,19.6,3.9
2024-08-14,4,29.9,75.6,2.8,53,16.8,38.9,5.9
2024-08-14,5,31.9,74.0,10.2,55,16.4,31.9,3.5
2024-08-14,6,30.8,84.4,30.5,36,5.8,12.6,3.5
2024-08-14,7,27.8,71.6,2.5,49,16.7,39.5,6.7
2024-08-14,8,35.3,81.6,44.9,20,5.5,11.2,4.6
2024-08-14,9,29.3,73.6,21.3,42,16.9,27.6,4.0
2024-08-14,10,29.8,70.4,18.9,34,15.2,28.1,4.2
2024-08-14,11,39.3,55.3,8.0,45,8.8,38.0,4.8
2024-08-14,12,35.8,77.6,3.6,44,7.6,29.8,4.8
2024-08-14,13,32.8,60.8,5.9,73,16.4,33.7,5.0
2024-08-14,14,34.9,61.8,2.6,103,32.2,56.9,3.1
2024-08-14,15,33.2,74.0,96.9,80,30.1,36.6,4.5
2024-08-14,16,31.7,64.9,29.4,56,9.1,38.0,4.3
2024-08-14,17,31.5,67.8,33.9,87,19.3,71.0,4.6
2024-08-14,18,28.9,66.1,32.9,77,14.5,59.9,5.3
2024-08-14,19,29.5,56.8,62.4,30,13.4,12.2,4.7
2024-08-14,20,31.1,67.7,1.5,51,14.4,18.3,3.4
2024-08-14,21,37.1,53.3,0.6,71,23.4,40.6,5.4
2024-08-14,22,42.6,71.8,9.6,50,14.9,34.6,3.2
2024-08-14,23,39.4,56.9,0.9,49,14.9,21.7,3.8
2024-08-14,24,34.9,72.4,0.2,53,20.6,41.0,3.0
2024-08-14,25,35.7,58.9,43.9,67,20.4,31.2,2.9
2024-08-14,26,33.4,63.2,3.5,73,18.5,51.2,5.6
2024-08-14,27,39.1,67.1,14.8,101,19.5,82.3,2.7
2024-08-14,28,31.0,66.5,12.1,102,34.2,59.5,5.9
2024-08-14,29,30.0,62.1,1.5,43,12.5,18.7,5.0
2024-08-14,30,31.2,58.1,36.9,32,10.0,23.0,6.5
2024-08-14,31,30.9,72.2,35.3,34,5.1,28.3,6.4
2024-08-14,32,28.6,52.5,63.5,65,16.3,49.0,3.7
2024-08-14,33,29.2,56.6,25.7,69,15.5,57.0,2.4
2024-08-14,34,29.7,59.6,7.9,100,28.8,44.0,5.5
2024-08-14,35,31.4,57.8,35.4,89,35.2,55.6,3.8
2024-08-15,1,29.9,74.4,99.8,70,24.5,59.1,6.3
2024-08-15,2,30.8,54.8,21.4,73,25.1,61.8,4.2
2024-08-15,3,36.0,53.3,5.8,38,9.1,28.1,4.0
2024-08-15,4,33.1,56.9,31.7,69,28.9,42.2,5.4
2024-08-15,5,29.5,63.2,9.1,58,17.2,33.3,4.2
2024-08-15,6,29.4,65.4,15.9,43,14.9,16.0,2.9
2024-08-15,7,27.7,62.5,45.2,61,21.7,41.6,5.0
2024-08-15,8,29.7,70.9,14.0,42,8.8,27.1,4.7
2024-08-15,9,30.3,61.4,24.4,64,26.5,35.7,4.1
2024-08-15,10,31.3,70.7,23.3,36,12.3,21.2,3.4
2024-08-15,11,35.9,71.1,0.8,43,18.4,34.2,4.7
2024-08-15,12,33.5,55.9,9.0,80,23.4,52.7,3.4
2024-08-15,13,39.0,79.6,8.7,102,30.3,50.8,5.9
2024-08-15,14,28.7,49.9,40.0,64,16.5,25.4,4.2
2024-08-15,15,30.5,79.9,19.1,71,18.8,48.0,5.1
2024-08-15,16,31.2,67.2,7.9,35,14.8,29.5,4.8
2024-08-15,17,31.9,61.9,43.9,53,10.0,22.3,4.9
2024-08-15,18,28.2,61.0,8.7,82,25.7,51.7,2.6
2024-08-15,19,30.1,70.5,5.1,62,10.3,27.6,4.3
2024-08-15,20,34.3,59.8,23.1,82,34.3,37.5,2.7
2024-08-15,21,32.7,70.5,7.8,26,5,21.7,4.3
2024-08-15,22,43.1,68.1,20.4,72,11.4,57.0,4.6
2024-08-15,23,36.7,61.6,2.8,72,22.2,28.2,2.9
2024-08-15,24,39.1,61.6,5.4,20,7.0,11.7,3.5
2024-08-15,25,32.1,67.7,4.9,68,15.4,36.8,3.1
2024-08-15,26,26.7,55.7,49.3,106,39.5,73.6,4.4
2024-08-15,27,33.8,70.0,8.3,27,6.1,13.8,2.4
2024-08-15,28,32.5,67.3,18.6,27,7.7,13.8,5.3
2024-08-15,29,32.7,86.8,7.9,69,19.7,31.5,3.9
2024-08-15,30,32.7,62.3,54.1,23,6.2,13.3,6.7
2024-08-15,31,29.1,64.3,165.1,49,11.7,35.4,6.2
2024-08-15,32,35.8,53.6,104.2,56,14.0,42.1,3.2
2024-08-15,33,36.7,71.8,32.4,64,21.2,53.8,2.0
2024-08-15,34,32.5,53.7,41.2,59,25.6,23.8,6.0
2024-08-15,35,37.2,81.7,97.8,82,14.4,35.8,4.1
2024-08-16,1,32.0,52.0,76.8,20,7.2,10,4.8
2024-08-16,2,32.1,61.3,6.9,82,35.4,48.6,3.3
2024-08-16,3,34.0,81.5,8.9,54,12.1,27.7,3.8
2024-08-16,4,28.6,64.7,5.2,48,9.3,29.6,5.4
2024-08-16,5,28.4,57.5,33.2,80,14.7,57.9,3.5
2024-08-16,6,30.2,74.3,15.7,91,28.7,75.8,3.5
2024-08-16,7,31.1,62.6,21.0,29,5,23.3,5.1
2024-08-16,8,31.1,76.0,18.2,24,10.1,19.8,5.5
2024-08-16,9,31.7,70.0,24.6,20,5,10.5,4.3
2024-08-16,10,28.2,60.9,51.7,20,8.8,12.0,3.5
2024-08-16,11,38.2,66.3,21.3,108,42.5,65.4,3.9
2024-08-16,12,35.6,74.8,16.9,53,22.1,31.1,3.2
2024-08-16,13,34.3,80.0,17.6,95,39.3,35.7,5.6
2024-08-16,14,37.3,70.8,9.6,83,20.0,56.4,4.3
2024-08-16,15,30.2,75.1,54.7,84,34.7,53.3,4.8
2024-08-16,16,26.4,58.9,67.7,36,7.9,21.8,5.3
2024-08-16,17,29.5,65.2,43.9,91,19.1,69.5,4.5
2024-08-16,18,30.7,50.9,11.0,72,22.0,33.8,4.3
2024-08-16,19,27.1,79.1,13.8,32,5.4,23.9,4.3
2024-08-16,20,30.9,67.6,123.8,31,5.2,13.6,2.7
2024-08-16,21,34.5,67.2,26.7,60,9.9,37.5,5.1
2024-08-16,22,40.3,76.6,7.5,40,13.7,17.6,3.2
2024-08-16,23,38.9,67.7,7.3,56,23.7,28.9,4.2
2024-08-16,24,40.5,65.0,2.5,47,18.8,34.4,3.6
2024-08-16,25,29.2,80.2,8.8,87,38.9,47.1,4.2
2024-08-16,26,30.3,51.0,3.5,105,36.9,85.3,3.8
2024-08-16,27,28.9,70.6,16.6,134,54.0,64.2,3.5
2024-08-16,28,32.6,62.9,38.7,26,10.8,22.0,4.6
2024-08-16,29,34.1,61.4,25.1,63,21.6,46.8,4.5
2024-08-16,30,29.6,67.2,21.9,73,31.3,44.4,5.3
2024-08-16,31,35.1,56.6,15.8,20,7.5,10,7.0
2024-08-16,32,33.5,76.1,53.2,57,12.2,30.7,2.9
2024-08-16,33,30.5,66.2,5.8,48,12.4,22.1,2.6
2024-08-16,34,35.7,66.8,9.1,20,5.5,10.5,5.4
2024-08-16,35,28.0,65.7,18.1,75,20.4,35.3,2.7
2024-08-17,1,26.2,59.9,0.4,51,17.8,26.2,5.2
2024-08-17,2,29.6,59.0,7.7,43,17.2,30.3,4.1
2024-08-17,3,32.2,70.0,31.1,35,14.7,24.0,2.9
2024-08-17,4,32.3,65.8,31.6,54,17.2,23.2,5.8
2024-08-17,5,32.6,62.3,3.1,80,16.9,42.3,2.8
2024-08-17,6,32.0,82.6,21.2,70,19.1,30.6,2.7
2024-08-17,7,32.1,50.4,66.9,20,8.5,10,5.1
2024-08-17,8,29.4,81.9,44.4,21,8.7,15.9,6.6
2024-08-17,9,35.8,72.8,1.2,36,12.4,24.1,3.3
2024-08-17,10,29.1,59.1,18.7,65,16.8,47.9,2.3
2024-08-17,11,35.1,58.0,15.8,61,19.3,23.6,4.9
2024-08-17,12,36.5,77.8,8.2,64,16.7,48.4,3.6
2024-08-17,13,36.5,70.0,12.4,93,23.9,58.2,5.9
2024-08-17,14,39.1,63.5,9.7,88,38.3,54.9,4.0
2024-08-17,15,29.6,55.9,44.0,32,7.3,18.7,4.8
2024-08-17,16,34.2,57.3,20.4,43,8.9,19.8,4.0
2024-08-17,17,28.4,63.2,0.3,28,7.8,21.7,5.0
2024-08-17,18,30.6,73.2,66.1,84,19.0,49.4,4.2
2024-08-17,19,30.5,61.6,34.7,27,11.2,16.5,5.0
2024-08-17,20,29.2,68.5,16.6,56,12.7,45.6,4.4
2024-08-17,21,34.0,65.8,4.7,72,30.1,50.5,4.1
2024-08-17,22,36.4,62.8,7.5,79,14.4,33.5,4.4
2024-08-17,23,37.5,53.2,2.6,50,20.5,24.9,3.7
2024-08-17,24,35.8,51.7,1.5,61,14.4,22.0,2.3
2024-08-17,25,32.8,63.4,13.0,44,18.9,21.3,3.0
2024-08-17,26,35.7,60.5,124.6,75,16.9,27.1,5.9
2024-08-17,27,32.1,70.8,5.5,61,11.4,47.0,3.1
2024-08-17,28,33.2,75.0,10.5,67,16.2,50.2,5.7
2024-08-17,29,35.8,71.1,2.3,34,12.0,18.4,4.1
2024-08-17,30,34.4,56.6,3.8,55,24.6,19.4,6.0
2024-08-17,31,30.6,66.6,27.8,44,15.2,25.7,6.6
2024-08-17,32,26.9,65.0,15.1,67,22.8,40.1,3.7
2024-08-17,33,34.5,69.4,0.2,105,23.4,44.8,2.4
2024-08-17,34,32.3,59.3,22.3,57,14.6,26.3,6.4
2024-08-17,35,31.8,69.2,2.5,56,24.5,28.7,3.4
2024-08-18,1,28.7,78.2,24.3,38,7.1,26.0,4.8
2024-08-18,2,37.7,68.1,57.6,78,20.5,64.8,3.7
2024-08-18,3,32.6,84.4,45.5,41,11.7,29.4,4.0
2024-08-18,4,30.2,72.9,66.4,64,17.7,28.4,5.5
2024-08-18,5,32.9,77.1,34.5,29,5.3,10.3,3.5
2024-08-18,6,31.2,75.6,28.5,86,20.2,69.3,3.3
2024-08-18,7,30.8,75.7,2.9,20,5.1,14.8,5.8
2024-08-18,8,31.3,59.8,53.7,20,8.5,10.7,5.9
2024-08-18,9,31.1,73.5,32.4,20,5,10,4.2
2024-08-18,10,30.6,73.9,6.2,29,9.8,23.7,4.1
2024-08-18,11,32.9,58.6,2.8,66,13.7,33.4,5.0
2024-08-18,12,42.5,71.8,10.8,94,17.4,42.3,4.9
2024-08-18,13,42.6,61.5,1.1,102,22.7,82.0,5.5
2024-08-18,14,33.6,74.1,10.7,76,16.1,35.8,3.7
2024-08-18,15,33.1,60.4,31.3,39,8.0,21.4,4.9
2024-08-18,16,32.5,53.8,82.3,43,9.2,22.1,4.9
2024-08-18,17,29.6,60.5,35.9,56,24.6,40.0,6.4
2024-08-18,18,33.2,49.3,12.9,71,19.7,57.4,3.6
2024-08-18,19,28.4,84.4,34.9,54,16.4,45.2,4.7
2024-08-18,20,34.2,75.5,52.2,90,18.9,75.7,3.4
2024-08-18,21,36.5,69.1,5.4,48,7.5,31.1,5.1
2024-08-18,22,37.4,81.1,6.0,66,9.9,34.5,4.4
2024-08-18,23,44.7,63.0,0.2,63,19.6,48.5,3.5
2024-08-18,24,36.1,54.2,8.6,50,14.2,35.9,3.8
2024-08-18,25,29.3,66.1,4.4,67,13.7,54.6,3.0
2024-08-18,26,38.9,66.2,38.9,115,20.5,71.3,4.6
2024-08-18,27,33.8,66.3,50.2,103,21.1,85.6,2.3
2024-08-18,28,33.2,61.6,6.7,41,12.5,16.2,5.6
2024-08-18,29,34.3,79.8,9.2,66,28.9,33.3,5.3
2024-08-18,30,30.6,72.6,30.3,67,25.1,51.4,5.5
2024-08-18,31,27.0,69.0,131.6,59,21.1,49.7,5.8
2024-08-18,32,33.1,75.7,7.4,65,26.2,39.0,3.6
2024-08-18,33,31.9,60.2,5.7,20,7.0,10,2.0
2024-08-18,34,35.6,63.6,24.8,37,7.7,16.7,6.7
2024-08-18,35,31.3,56.1,83.1,29,9.9,21.3,2.5
2024-08-19,1,34.0,68.2,53.4,25,6.6,14.2,5.0
2024-08-19,2,36.2,58.3,44.0,29,11.3,18.7,4.6
2024-08-19,3,32.4,54.3,0.0,62,12.3,22.7,3.4
2024-08-19,4,27.5,63.3,6.3,63,15.3,48.9,5.7
2024-08-19,5,26.1,79.0,30.5,99,29.4,79.9,3.2
2024-08-19,6,32.4,68.4,10.7,60,23.7,44.6,2.9
2024-08-19,7,29.5,46.3,40.5,20,5,10,6.0
2024-08-19,8,32.8,67.8,44.6,33,6.2,20.9,5.7
2024-08-19,9,35.1,82.7,10.6,41,11.2,31.8,4.4
2024-08-19,10,31.3,57.6,18.6,67,24.5,25.1,3.4
2024-08-19,11,35.9,68.5,2.1,77,16.8,35.4,5.0
2024-08-19,12,36.2,53.3,1.9,60,13.5,45.2,3.5
2024-08-19,13,28.4,70.8,17.7,51,22.3,36.5,5.7
2024-08-19,14,38.4,60.0,4.3,134,42.1,62.1,3.2
2024-08-19,15,30.0,75.3,48.3,56,11.5,30.6,6.3
2024-08-19,16,31.0,66.8,114.9,21,9.3,13.2,5.8
2024-08-19,17,36.7,71.9,62.4,65,17.2,39.2,6.1
2024-08-19,18,32.1,63.3,5.1,53,13.2,38.1,3.4
2024-08-19,19,32.0,79.0,13.4,41,11.0,19.9,5.0
2024-08-19,20,28.7,69.3,86.8,20,5.4,13.0,3.1
2024-08-19,21,37.6,57.3,10.1,59,23.7,44.5,4.3
2024-08-19,22,32.8,56.4,5.6,55,19.5,26.3,4.4
2024-08-19,23,38.2,70.7,8.6,55,21.4,29.4,3.9
2024-08-19,24,40.2,68.3,4.9,107,40.3,50.5,3.0
2024-08-19,25,31.8,53.5,18.3,100,37.6,54.4,3.7
2024-08-19,26,35.8,81.8,38.5,50,14.7,32.3,5.8
2024-08-19,27,29.9,76.4,3.8,77,21.0,33.8,2.0
2024-08-19,28,33.7,67.7,13.9,61,15.8,26.9,4.8
2024-08-19,29,31.9,80.9,6.3,43,17.2,24.1,4.5
2024-08-19,30,28.9,72.3,48.0,20,7.5,10.8,6.3
2024-08-19,31,30.5,69.3,6.1,45,10.3,24.4,5.8
2024-08-19,32,33.3,72.6,7.8,62,19.2,45.6,2.5
2024-08-19,33,31.0,57.0,25.1,73,29.0,54.9,3.3
2024-08-19,34,34.5,68.8,20.8,49,8.1,38.6,6.6
2024-08-19,35,27.3,54.3,6.6,32,8.6,14.6,3.7
2024-08-20,1,29.7,79.4,11.0,51,19.8,25.4,5.5
2024-08-20,2,30.4,68.8,51.1,92,29.9,77.0,3.7
2024-08-20,3,30.9,64.6,20.2,74,30.3,41.9,3.3
2024-08-20,4,28.2,60.3,69.7,32,7.5,27.1,5.3
2024-08-20,5,27.9,69.8,4.9,70,28.3,45.1,4.2
2024-08-20,6,32.6,53.9,14.7,50,12.2,21.6,3.5
2024-08-20,7,30.7,70.5,12.4,20,5.9,11.2,5.5
2024-08-20,8,30.4,65.8,5.9,35,11.8,19.9,5.9
2024-08-20,9,28.5,75.3,83.2,20,5.3,10,5.5
2024-08-20,10,32.2,75.3,29.7,41,9.9,16.5,3.8
2024-08-20,11,28.0,74.8,9.0,40,14.1,33.0,4.5
2024-08-20,12,30.7,74.0,1.8,96,24.7,42.4,5.0
2024-08-20,13,40.3,80.0,3.6,46,7.3,26.0,4.6
2024-08-20,14,36.3,55.1,4.4,59,10.2,45.1,3.7
2024-08-20,15,31.2,62.2,47.0,65,14.9,26.9,4.9
2024-08-20,16,29.6,71.2,7.4,62,12.8,24.0,3.8
2024-08-20,17,26.9,69.3,7.4,41,12.4,27.2,6.2
2024-08-20,18,34.2,77.5,39.4,45,19.2,21.5,4.2
2024-08-20,19,25.8,67.3,10.5,63,16.0,35.3,4.0
2024-08-20,20,30.5,74.3,20.1,30,7.9,15.6,3.0
2024-08-20,21,35.1,70.0,14.1,54,23.0,27.6,4.5
2024-08-20,22,34.9,51.4,1.4,72,27.0,58.3,5.7
2024-08-20,23,38.4,48.5,1.9,70,11.5,30.9,4.6
2024-08-20,24,36.0,64.9,0.6,48,15.2,29.4,3.8
2024-08-20,25,35.9,71.2,22.1,77,20.8,40.3,2.5
2024-08-20,26,31.3,63.8,28.7,65,24.1,23.8,5.0
2024-08-20,27,32.4,72.4,14.8,87,28.8,32.3,3.1
2024-08-20,28,31.6,71.7,7.7,69,28.0,34.5,5.5
2024-08-20,29,32.7,48.9,42.4,51,16.7,22.5,4.3
2024-08-20,30,30.1,73.0,2.5,46,7.5,18.0,7.1
2024-08-20,31,31.6,67.0,107.9,64,25.3,46.7,7.0
2024-08-20,32,34.5,66.4,28.4,30,7.1,15.4,3.7
2024-08-20,33,34.4,57.4,19.7,43,13.9,18.4,2.5
2024-08-20,34,26.9,59.1,1.6,48,8.5,40.1,5.7
2024-08-20,35,29.1,57.8,5.3,54,10.2,28.1,3.8
2024-08-21,1,27.4,64.8,7.0,38,15.4,16.7,3.8
2024-08-21,2,30.0,72.3,92.5,55,17.0,20.1,4.2
2024-08-21,3,31.6,59.0,3.6,92,23.3,64.6,3.3
2024-08-21,4,34.3,74.8,30.7,53,23.4,28.8,5.9
2024-08-21,5,31.0,73.3,0.7,89,17.9,36.9,3.5
2024-08-21,6,29.9,65.7,7.0,21,7.1,16.1,3.9
2024-08-21,7,28.6,75.8,20.1,30,12.1,13.5,5.8
2024-08-21,8,29.8,78.5,2.4,20,7.5,10,5.1
2024-08-21,9,31.6,70.5,84.3,20,5,10,5.1
2024-08-21,10,29.9,65.7,1.3,36,14.7,15.0,3.7
2024-08-21,11,35.7,64.4,5.8,90,31.1,71.6,5.2
2024-08-21,12,32.0,62.4,7.1,82,34.0,53.0,3.8
2024-08-21,13,36.9,61.6,4.1,73,20.0,50.1,5.3
2024-08-21,14,36.3,70.6,1.4,36,15.0,13.4,3.1
2024-08-21,15,32.9,78.9,10.1,92,30.7,75.1,4.9
2024-08-21,16,32.2,53.3,15.8,56,20.2,38.6,4.1
2024-08-21,17,31.2,70.0,2.0,42,7.9,31.9,5.4
2024-08-21,18,30.4,64.2,5.2,55,12.2,40.7,3.7
2024-08-21,19,32.3,68.8,27.4,74,16.9,48.4,4.8
2024-08-21,20,30.9,77.9,2.7,26,5.4,12.6,2.9
2024-08-21,21,37.6,74.1,28.2,55,18.0,26.2,4.6
2024-08-21,22,38.4,73.9,2.5,88,16.3,49.0,4.6
2024-08-21,23,38.0,68.7,7.6,59,16.1,38.7,3.8
2024-08-21,24,47.6,63.2,17.4,52,19.8,30.8,3.6
2024-08-21,25,32.8,63.6,53.0,43,17.3,20.4,3.2
2024-08-21,26,31.9,48.3,13.0,80,15.2,66.2,4.4
2024-08-21,27,32.6,68.0,12.2,94,20.2,47.4,3.5
2024-08-21,28,36.3,61.2,2.6,69,13.8,31.8,5.2
2024-08-21,29,29.0,68.5,13.4,53,16.0,38.6,3.4
2024-08-21,30,31.6,53.0,0.3,36,9.3,13.4,6.0
2024-08-21,31,28.1,59.9,4.4,20,5.3,10,5.4
2024-08-21,32,31.9,70.0,33.4,20,7.9,11.4,4.6
2024-08-21,33,28.7,69.6,21.1,37,8.3,22.8,2.4
2024-08-21,34,35.9,78.0,29.6,88,27.7,51.3,5.9
2024-08-21,35,33.9,67.6,12.3,25,8.7,15.8,3.2
2024-08-22,1,31.7,67.6,11.5,69,15.5,54.8,4.6
2024-08-22,2,27.7,56.6,3.3,30,9.5,14.5,4.0
2024-08-22,3,34.6,75.4,25.8,58,12.1,44.2,4.0
2024-08-22,4,29.9,64.4,17.5,73,16.1,39.9,5.0
2024-08-22,5,31.9,62.1,40.7,63,26.0,41.0,4.1
2024-08-22,6,38.0,58.8,35.2,77,21.8,57.1,3.0
2024-08-22,7,31.8,65.3,15.7,95,27.5,34.8,5.2
2024-08-22,8,23.7,59.5,138.8,25,5,14.8,5.6
2024-08-22,9,28.3,76.1,42.5,58,16.7,46.4,4.4
2024-08-22,10,30.2,63.6,11.7,48,16.1,35.3,4.3
2024-08-22,11,41.5,63.0,4.6,99,25.8,38.9,4.5
2024-08-22,12,35.9,66.3,11.6,70,30.3,35.1,4.4
2024-08-22,13,33.1,69.0,32.7,79,22.9,27.7,6.6
2024-08-22,14,33.2,61.7,6.9,84,33.2,37.3,2.7
2024-08-22,15,31.5,87.4,17.9,92,23.4,43.1,5.8
2024-08-22,16,25.5,80.8,26.0,68,23.0,51.2,5.4
2024-08-22,17,32.4,74.0,12.5,46,7.0,28.9,5.4
2024-08-22,18,34.2,80.5,11.0,60,19.0,26.4,3.1
2024-08-22,19,31.6,61.8,36.8,62,25.1,46.9,5.1
2024-08-22,20,27.4,68.6,15.2,52,18.4,20.9,3.4
2024-08-22,21,37.3,56.9,4.3,32,6.5,21.7,4.9
2024-08-22,22,33.2,69.8,17.4,51,22.9,20.5,4.7
2024-08-22,23,39.4,53.1,8.0,72,19.2,30.6,3.9
2024-08-22,24,29.8,67.3,5.9,41,13.1,18.6,2.9
2024-08-22,25,31.7,72.9,78.2,75,29.6,52.8,3.6
2024-08-22,26,34.9,52.1,8.4,95,38.1,78.8,5.1
2024-08-22,27,37.5,54.8,25.6,81,35.0,33.2,2.0
2024-08-22,28,33.8,76.1,0.7,33,11.1,17.6,6.1
2024-08-22,29,30.1,65.4,15.5,85,14.3,57.8,5.1
2024-08-22,30,29.8,65.4,41.9,49,8.7,30.1,5.2
2024-08-22,31,30.7,70.5,13.7,32,13.1,13.8,6.8
2024-08-22,32,33.3,71.3,2.4,63,21.9,41.8,4.9
2024-08-22,33,34.6,52.6,105.2,46,20.6,18.6,2.7
2024-08-22,34,28.8,72.4,9.6,67,22.6,51.4,5.7
2024-08-22,35,31.7,64.6,43.5,78,30.6,65.9,2.9
2024-08-23,1,28.8,71.5,1.4,21,8.8,14.3,5.0
2024-08-23,2,32.1,62.9,1.0,95,22.8,48.5,3.7
2024-08-23,3,35.7,60.8,20.7,20,5.5,14.0,4.2
2024-08-23,4,32.0,58.4,1.1,57,22.6,25.0,4.6
2024-08-23,5,35.2,64.9,61.7,46,11.2,20.0,4.4
2024-08-23,6,30.7,64.9,39.8,57,12.2,26.6,2.9
2024-08-23,7,37.0,66.8,3.0,22,5,13.0,4.6
2024-08-23,8,30.4,70.3,4.2,25,7.2,18.9,5.4
2024-08-23,9,35.4,69.7,10.1,50,16.4,25.5,5.1
2024-08-23,10,34.1,69.5,56.3,62,15.3,33.6,3.7
2024-08-23,11,41.1,58.2,6.7,57,13.6,46.3,3.7
2024-08-23,12,28.6,66.0,17.4,80,31.9,63.1,4.2
2024-08-23,13,37.3,63.4,10.2,54,11.2,40.2,5.7
2024-08-23,14,38.2,64.9,5.0,88,37.8,61.0,3.1
2024-08-23,15,29.6,67.6,0.7,38,16.9,20.8,5.0
2024-08-23,16,28.8,62.2,31.1,48,19.8,20.6,3.9
2024-08-23,17,31.9,71.7,27.6,66,20.5,35.3,4.9
2024-08-23,18,30.4,72.9,19.3,50,16.4,40.8,3.8
2024-08-23,19,33.6,87.7,1.3,102,34.4,45.7,4.1
2024-08-23,20,30.5,73.7,134.7,39,10.3,23.9,2.7
2024-08-23,21,36.5,76.1,26.4,61,14.2,22.4,4.6
2024-08-23,22,39.9,59.5,6.0,72,25.2,37.4,4.9
2024-08-23,23,38.2,60.6,1.2,54,19.1,40.6,4.1
2024-08-23,24,35.3,66.4,4.0,58,11.6,35.2,2.7
2024-08-23,25,32.3,66.6,48.0,54,8.4,34.3,4.4
2024-08-23,26,29.4,68.6,122.6,76,17.7,32.1,5.2
2024-08-23,27,29.4,61.6,14.6,50,11.6,22.7,3.3
2024-08-23,28,32.7,73.1,22.6,35,11.1,19.8,4.8
2024-08-23,29,30.3,55.3,42.6,24,5,10,4.4
2024-08-23,30,32.6,65.9,7.1,38,8.2,14.4,6.5
2024-08-23,31,23.7,67.4,28.3,33,8.2,25.1,6.9
2024-08-23,32,35.9,69.6,14.3,39,11.5,27.9,3.3
2024-08-23,33,38.9,71.7,5.9,85,19.5,49.5,2.5
2024-08-23,34,28.9,71.8,1.5,32,13.3,25.0,6.6
2024-08-23,35,30.8,65.8,9.0,39,8.0,26.7,2.9
2024-08-24,1,27.6,67.3,8.3,52,21.3,35.6,3.8
2024-08-24,2,33.2,77.2,17.2,46,17.5,36.8,4.2
2024-08-24,3,30.6,79.8,12.1,77,19.8,58.0,4.8
2024-08-24,4,34.5,74.9,42.2,74,27.9,26.5,4.4
2024-08-24,5,32.2,66.8,2.0,83,16.1,50.3,3.1
2024-08-24,6,32.1,54.1,10.2,59,13.8,30.8,2.7
2024-08-24,7,28.3,74.7,13.5,20,5,15.6,5.9
2024-08-24,8,28.2,83.8,1.5,20,6.6,10.1,4.5
2024-08-24,9,33.0,71.9,68.6,42,13.3,25.6,3.1
2024-08-24,10,29.1,62.6,5.5,40,14.3,26.3,3.2
2024-08-24,11,39.4,63.1,44.5,48,8.2,38.5,5.1
2024-08-24,12,36.5,60.9,0.8,61,11.7,44.7,3.8
2024-08-24,13,33.3,63.1,8.7,88,15.0,67.9,5.6
2024-08-24,14,32.1,63.5,12.7,76,13.4,32.8,3.7
2024-08-24,15,31.3,64.9,1.2,39,10.7,18.3,4.9
2024-08-24,16,35.2,56.5,18.8,57,16.8,26.2,3.9
2024-08-24,17,34.2,74.1,17.3,20,8.3,10,5.5
2024-08-24,18,35.1,65.5,13.7,71,11.7,47.3,3.6
2024-08-24,19,31.4,57.7,33.0,67,27.5,44.7,4.7
2024-08-24,20,33.8,68.4,2.5,74,31.8,27.1,4.0
2024-08-24,21,35.4,68.8,14.0,61,19.6,21.9,4.0
2024-08-24,22,35.7,62.7,0.5,97,22.6,80.6,4.4
2024-08-24,23,42.3,71.5,2.1,78,33.0,47.1,3.6
2024-08-24,24,33.0,57.0,15.0,55,15.4,34.6,2.6
2024-08-24,25,31.3,78.5,8.1,47,16.1,37.3,3.9
2024-08-24,26,24.3,66.7,14.8,85,15.7,38.1,4.9
2024-08-24,27,33.5,72.4,15.9,89,16.7,52.8,2.3
2024-08-24,28,31.6,80.9,0.5,48,13.4,32.7,5.6
2024-08-24,29,31.9,71.5,7.3,66,24.8,23.9,5.4
2024-08-24,30,29.9,70.8,90.8,45,11.0,18.8,6.0
2024-08-24,31,31.8,69.5,51.6,20,5.9,12.6,6.6
2024-08-24,32,35.9,74.0,14.4,70,14.3,26.5,4.4
2024-08-24,33,31.3,59.5,32.6,32,13.0,25.4,2.7
2024-08-24,34,33.2,72.3,2.3,54,19.3,34.1,4.9
2024-08-24,35,31.5,56.3,4.1,32,13.7,25.4,4.5
2024-08-25,1,30.6,68.6,23.5,47,8.8,31.8,5.1
2024-08-25,2,34.2,69.1,3.6,73,27.7,41.4,4.1
2024-08-25,3,31.0,62.4,107.4,59,9.0,41.7,2.9
2024-08-25,4,30.6,74.0,120.1,38,7.1,14.1,5.3
2024-08-25,5,29.4,71.4,25.8,74,20.5,60.3,3.7
2024-08-25,6,32.1,61.5,66.9,61,20.0,47.3,3.6
2024-08-25,7,30.0,58.6,2.6,20,7.3,10,5.1
2024-08-25,8,33.9,67.9,3.0,34,14.6,16.9,5.6
2024-08-25,9,31.7,71.8,25.4,50,12.5,34.3,4.9
2024-08-25,10,30.2,68.3,77.8,20,5.3,15.4,4.3
2024-08-25,11,33.5,64.0,4.0,102,19.7,55.9,4.8
2024-08-25,12,32.6,56.4,26.4,94,17.5,56.0,4.2
2024-08-25,13,35.7,55.2,0.7,34,6.6,27.2,6.4
2024-08-25,14,33.5,73.4,16.4,68,25.4,41.8,3.7
2024-08-25,15,33.5,69.3,21.9,74,23.0,54.9,4.3
2024-08-25,16,33.7,56.7,16.0,69,22.4,54.2,3.8
2024-08-25,17,29.3,67.2,41.8,45,20.2,29.7,5.4
2024-08-25,18,28.6,69.8,29.9,78,34.2,52.8,4.4
2024-08-25,19,31.0,74.9,10.4,71,19.0,34.9,4.8
2024-08-25,20,33.7,58.0,47.4,46,15.8,25.8,3.7
2024-08-25,21,39.4,83.3,3.4,34,13.6,24.4,4.4
2024-08-25,22,30.9,74.2,5.7,89,32.9,33.5,4.6
2024-08-25,23,41.5,61.5,1.5,20,5,16.8,4.8
2024-08-25,24,45.4,59.8,0.3,64,19.4,51.3,2.5
2024-08-25,25,31.7,58.6,22.8,65,21.4,44.4,3.1
2024-08-25,26,36.4,70.3,47.4,91,35.0,56.8,4.9
2024-08-25,27,28.8,49.7,78.7,59,21.0,20.8,3.2
2024-08-25,28,30.4,74.9,1.0,53,13.0,33.7,5.5
2024-08-25,29,32.9,67.0,17.0,20,5,14.3,4.6
2024-08-25,30,34.3,65.3,39.9,37,8.1,15.5,6.4
2024-08-25,31,31.8,62.7,3.8,20,8.0,12.5,7.3
2024-08-25,32,36.0,81.8,53.2,85,19.8,36.2,4.2
2024-08-25,33,32.8,65.7,30.5,61,21.1,41.9,3.3
2024-08-25,34,35.6,65.0,5.2,52,17.7,30.0,6.1
2024-08-25,35,30.9,72.6,1.9,53,19.7,19.6,3.9
2024-08-26,1,30.5,54.9,66.4,91,13.9,64.2,3.8
2024-08-26,2,30.5,59.4,12.6,67,16.1,41.5,4.1
2024-08-26,3,27.4,55.0,100.2,20,8.5,16.1,4.4
2024-08-26,4,32.1,70.2,54.4,74,33.2,50.7,4.5
2024-08-26,5,31.3,64.8,11.4,80,22.6,53.5,3.2
2024-08-26,6,31.8,63.1,30.3,70,25.9,52.2,3.1
2024-08-26,7,33.0,66.7,19.2,41,8.1,26.6,5.6
2024-08-26,8,30.0,71.5,26.0,61,10.0,23.6,5.6
2024-08-26,9,30.7,70.5,14.5,24,5.4,16.1,5.0
2024-08-26,10,29.9,70.4,29.2,90,30.0,56.9,3.3
2024-08-26,11,30.7,70.2,14.9,81,20.5,46.8,4.3
2024-08-26,12,37.6,64.0,27.6,82,18.1,33.1,4.0
2024-08-26,13,34.7,69.7,2.3,90,31.2,63.9,4.8
2024-08-26,14,32.7,79.3,2.6,68,11.0,39.7,2.6
2024-08-26,15,30.1,64.6,24.8,72,22.7,29.3,5.6
2024-08-26,16,28.6,55.9,24.8,74,29.5,34.0,4.8
2024-08-26,17,31.3,62.4,36.7,52,17.1,22.3,5.3
2024-08-26,18,33.6,58.8,23.4,79,22.9,37.9,3.5
2024-08-26,19,25.2,63.7,17.9,53,12.8,36.1,4.3
2024-08-26,20,30.7,57.3,11.0,51,8.0,37.2,3.6
2024-08-26,21,34.5,58.3,6.1,65,16.5,39.5,4.2
2024-08-26,22,34.4,40.1,4.1,34,12.8,12.0,4.1
2024-08-26,23,36.6,53.1,21.6,39,11.2,22.8,3.3
2024-08-26,24,42.6,61.9,5.0,91,39.5,49.4,3.2
2024-08-26,25,35.7,72.3,13.1,48,20.0,36.5,4.7
2024-08-26,26,28.6,67.2,10.9,83,32.4,40.8,4.5
2024-08-26,27,27.3,85.1,5.5,104,24.1,62.5,3.2
2024-08-26,28,32.0,89.2,2.7,30,5.0,23.6,5.4
2024-08-26,29,30.3,53.4,11.6,65,24.5,35.5,4.8
2024-08-26,30,33.0,68.7,7.2,36,8.7,30.1,5.5
2024-08-26,31,31.7,58.7,0.2,55,8.4,33.2,6.2
2024-08-26,32,29.2,80.5,0.1,69,18.3,33.3,4.3
2024-08-26,33,31.6,67.7,27.7,78,28.4,59.0,2.2
2024-08-26,34,33.6,61.4,28.7,51,21.1,30.3,5.9
2024-08-26,35,34.8,69.5,14.0,97,24.4,38.3,2.8
2024-08-27,1,32.5,71.9,7.1,43,11.0,29.4,4.3
2024-08-27,2,26.8,54.3,11.1,34,13.2,12.7,3.5
2024-08-27,3,26.6,55.0,2.3,47,18.7,18.0,3.3
2024-08-27,4,32.1,64.6,3.2,76,30.6,50.5,4.9
2024-08-27,5,33.0,59.9,41.5,26,7.6,10,3.9
2024-08-27,6,31.0,63.3,16.2,75,13.7,27.2,3.0
2024-08-27,7,29.2,59.7,51.1,33,13.5,18.2,5.6
2024-08-27,8,30.7,55.8,23.3,46,14.7,24.0,5.4
2024-08-27,9,29.4,57.2,19.4,20,5.4,11.1,4.3
2024-08-27,10,30.4,57.5,49.0,36,8.0,19.4,4.1
2024-08-27,11,38.5,70.5,2.1,91,33.1,34.3,3.7
2024-08-27,12,33.7,65.2,8.0,70,14.1,48.2,4.0
2024-08-27,13,35.4,58.0,4.7,80,21.1,31.5,4.9
2024-08-27,14,44.7,76.2,32.4,118,39.3,79.0,3.0
2024-08-27,15,29.3,53.0,163.7,70,14.1,35.1,4.0
2024-08-27,16,29.1,64.3,37.9,35,13.2,25.7,3.8
2024-08-27,17,27.6,54.0,46.8,44,10.8,36.5,5.4
2024-08-27,18,29.4,69.9,13.0,43,14.0,28.0,4.3
2024-08-27,19,29.3,65.2,6.2,60,15.3,50.9,4.1
2024-08-27,20,34.9,55.4,100.3,60,15.9,40.1,4.0
2024-08-27,21,38.6,55.3,38.3,23,5,18.4,6.5
2024-08-27,22,35.5,55.2,3.4,20,5.9,10,4.8
2024-08-27,23,29.5,64.2,13.7,73,18.6,47.6,4.7
2024-08-27,24,33.1,73.0,9.3,54,18.2,44.1,3.6
2024-08-27,25,35.6,80.4,33.3,92,17.9,45.3,2.7
2024-08-27,26,31.6,83.8,1.9,102,26.4,71.6,5.5
2024-08-27,27,31.9,61.2,16.7,56,11.8,21.7,2.8
2024-08-27,28,28.8,67.7,2.0,30,10.5,15.0,4.7
2024-08-27,29,28.8,63.3,13.3,61,23.3,29.5,6.2
2024-08-27,30,29.0,65.0,125.8,20,5,10,5.9
2024-08-27,31,27.3,78.2,14.9,56,23.0,47.2,5.6
2024-08-27,32,32.2,69.3,12.1,46,17.4,29.7,2.4
2024-08-27,33,33.9,61.8,14.0,97,25.1,70.8,2.4
2024-08-27,34,33.3,79.7,2.3,75,22.7,38.6,5.8
2024-08-27,35,30.4,73.3,11.5,50,9.0,42.0,4.3
2024-08-28,1,29.6,81.6,20.9,66,19.2,28.8,5.6
2024-08-28,2,31.3,45.2,10.5,51,13.4,37.7,4.2
2024-08-28,3,28.9,77.6,1.3,68,25.0,50.2,3.6
2024-08-28,4,35.2,63.7,12.0,42,9.4,15.2,5.7
2024-08-28,5,29.4,61.8,16.6,48,14.7,23.6,3.1
2024-08-28,6,33.2,66.8,9.2,70,29.8,26.0,3.8
2024-08-28,7,33.5,58.3,33.9,34,8.8,20.5,6.0
2024-08-28,8,33.7,60.1,36.7,42,12.9,30.8,6.5
2024-08-28,9,35.9,59.7,12.4,23,5.6,19.0,4.6
2024-08-28,10,30.6,70.2,3.1,38,14.2,27.1,3.3
2024-08-28,11,35.0,63.9,2.0,69,22.7,50.6,4.2
2024-08-28,12,37.5,53.1,34.2,70,13.2,42.0,3.9
2024-08-28,13,38.2,49.1,17.6,45,15.5,33.0,5.7
2024-08-28,14,33.0,65.0,0.9,54,15.3,41.4,2.8
2024-08-28,15,34.4,72.2,44.6,20,5,14.5,5.6
2024-08-28,16,34.8,61.8,2.7,31,8.0,25.9,4.1
2024-08-28,17,35.2,80.5,4.9,55,20.3,40.3,4.4
2024-08-28,18,29.0,73.3,103.6,87,20.3,51.9,4.1
2024-08-28,19,28.6,69.1,21.5,57,21.5,34.0,3.9
2024-08-28,20,30.8,67.7,40.9,65,28.5,32.6,3.2
2024-08-28,21,34.4,66.2,20.9,22,8.5,10,5.1
2024-08-28,22,40.5,68.1,21.8,73,13.2,28.0,4.7
2024-08-28,23,41.4,64.9,0.1,84,15.3,68.9,4.1
2024-08-28,24,35.7,50.6,5.7,46,8.7,28.8,3.3
2024-08-28,25,32.1,80.9,61.5,103,33.0,86.5,3.7
2024-08-28,26,32.7,61.5,22.8,61,11.6,38.1,5.3
2024-08-28,27,29.8,68.0,11.4,81,34.4,54.9,2.8
2024-08-28,28,33.8,58.5,2.5,40,16.3,20.4,6.0
2024-08-28,29,34.3,61.4,0.2,70,21.2,38.0,5.1
2024-08-28,30,32.4,64.8,22.5,57,24.3,35.4,6.5
2024-08-28,31,32.1,63.6,41.9,71,22.1,58.0,5.1
2024-08-28,32,34.1,75.7,23.1,60,14.9,25.7,3.4
2024-08-28,33,35.3,73.0,48.3,22,9.4,14.3,2.5
2024-08-28,34,32.6,74.0,1.2,35,6.7,20.9,7.0
2024-08-28,35,33.5,71.9,13.3,62,15.8,36.2,3.9
2024-08-29,1,31.7,65.2,5.2,111,29.8,66.1,4.8
2024-08-29,2,35.1,61.5,27.5,51,20.9,20.1,4.7
2024-08-29,3,28.2,71.3,59.0,53,13.7,30.1,5.1
2024-08-29,4,31.6,52.6,8.8,56,20.0,37.4,6.2
2024-08-29,5,33.1,74.9,55.9,71,22.2,60.0,3.7
2024-08-29,6,32.6,58.2,65.0,55,13.0,31.9,3.9
2024-08-29,7,28.9,70.3,44.0,43,13.8,30.4,5.9
2024-08-29,8,29.1,75.9,68.0,32,7.8,19.6,4.8
2024-08-29,9,32.6,65.9,53.8,26,9.7,21.3,5.2
2024-08-29,10,32.6,71.6,82.0,50,10.1,21.7,3.5
2024-08-29,11,33.3,64.6,0.1,79,34.3,57.5,4.6
2024-08-29,12,33.7,60.2,16.0,79,27.1,31.4,4.3
2024-08-29,13,36.4,69.1,11.0,89,27.0,58.3,5.8
2024-08-29,14,36.1,69.5,6.1,58,24.5,40.9,2.6
2024-08-29,15,31.5,63.6,33.4,82,19.3,62.3,4.8
2024-08-29,16,36.5,63.1,126.1,44,12.9,23.3,5.3
2024-08-29,17,30.5,68.0,6.9,25,9.4,11.0,6.0
2024-08-29,18,32.1,44.1,7.3,77,33.8,36.7,3.3
2024-08-29,19,27.6,74.2,37.5,72,13.4,29.9,5.3
2024-08-29,20,31.3,69.2,15.9,46,13.9,28.9,2.5
2024-08-29,21,34.2,72.8,3.1,65,16.9,23.8,4.7
2024-08-29,22,35.2,78.8,5.8,60,21.7,48.1,3.6
2024-08-29,23,35.0,71.3,4.0,36,9.7,29.4,3.8
2024-08-29,24,40.6,65.0,22.4,98,31.5,47.8,3.4
2024-08-29,25,30.0,51.3,98.8,70,30.7,45.4,3.2
2024-08-29,26,33.6,62.8,7.2,83,21.3,47.4,4.7
2024-08-29,27,27.7,71.2,55.0,59,20.8,47.1,2.4
2024-08-29,28,30.6,70.6,3.8,68,24.6,53.7,5.0
2024-08-29,29,33.8,63.3,18.2,69,15.7,42.6,3.9
2024-08-29,30,28.6,73.9,49.8,64,13.9,50.4,6.6
2024-08-29,31,29.5,48.5,4.2,57,10.7,45.3,6.0
2024-08-29,32,28.7,72.7,34.1,48,14.1,17.0,3.9
2024-08-29,33,29.4,64.3,12.5,73,22.6,33.4,3.0
2024-08-29,34,34.4,66.3,23.9,66,10.1,40.9,5.9
2024-08-29,35,31.5,72.1,18.6,34,7.8,14.4,2.7
2024-08-30,1,30.6,67.4,5.6,45,15.9,15.9,4.7
2024-08-30,2,32.3,64.0,5.4,37,7.5,13.3,4.3
2024-08-30,3,31.6,52.6,91.7,129,26.9,71.8,4.2
2024-08-30,4,33.7,61.2,25.5,71,24.3,38.2,4.8
2024-08-30,5,34.7,77.8,13.6,42,7.9,22.2,3.0
2024-08-30,6,33.8,83.9,50.4,53,10.9,26.7,2.7
2024-08-30,7,32.1,63.3,30.9,40,12.8,24.5,5.0
2024-08-30,8,28.3,59.9,14.8,46,19.4,20.1,5.2
2024-08-30,9,31.4,59.8,97.0,20,6.8,10.2,4.3
2024-08-30,10,32.9,68.3,3.0,32,14.3,22.8,4.2
2024-08-30,11,38.5,63.6,4.7,87,22.2,58.0,4.7
2024-08-30,12,35.0,71.7,23.7,87,25.1,39.8,4.6
2024-08-30,13,37.0,65.9,14.4,62,16.6,48.7,5.3
2024-08-30,14,34.3,78.5,38.4,79,21.2,55.8,4.3
2024-08-30,15,28.0,61.7,38.6,75,32.4,56.4,5.5
2024-08-30,16,29.2,73.3,113.7,20,8.5,10,4.2
2024-08-30,17,35.1,77.2,13.0,63,16.2,49.1,6.6
2024-08-30,18,29.0,69.5,14.8,72,16.1,47.2,3.8
2024-08-30,19,32.9,76.3,5.5,45,15.7,35.4,3.3
2024-08-30,20,36.2,64.5,54.9,36,11.7,13.5,3.8
2024-08-30,21,41.5,69.4,10.7,32,11.2,18.4,4.8
2024-08-30,22,37.7,62.6,19.2,58,22.3,44.5,5.2
2024-08-30,23,46.1,75.5,9.0,50,19.7,35.9,3.5
2024-08-30,24,38.4,63.7,2.7,26,6.6,12.1,2.2
2024-08-30,25,31.4,86.7,18.8,83,35.0,39.0,3.9
2024-08-30,26,35.2,58.2,0.4,111,32.5,74.1,4.1
2024-08-30,27,27.4,57.5,55.3,79,21.6,46.3,2.2
2024-08-30,28,31.0,49.9,5.1,20,7.8,11.4,5.3
2024-08-30,29,34.5,52.6,0.5,48,18.5,21.9,4.3
2024-08-30,30,37.1,57.9,58.1,40,17.7,23.2,5.5
2024-08-30,31,32.3,57.1,15.2,20,7.9,16.6,6.6
2024-08-30,32,33.1,62.3,13.7,43,17.9,23.3,3.5
2024-08-30,33,31.5,69.5,28.4,21,5,10.2,2.8
2024-08-30,34,33.9,76.4,30.3,59,20.9,25.0,5.5
2024-08-30,35,30.9,72.8,7.6,73,27.7,33.1,3.2
2024-08-31,1,28.7,61.2,44.6,84,35.8,48.1,4.4
2024-08-31,2,29.5,76.0,127.2,44,9.5,34.3,4.7
2024-08-31,3,34.2,61.8,134.2,71,16.2,25.2,4.8
2024-08-31,4,37.0,84.7,5.6,48,18.8,38.4,5.5
2024-08-31,5,29.8,68.1,13.7,57,13.4,27.7,4.6
2024-08-31,6,27.2,67.5,32.5,41,16.4,21.7,4.0
2024-08-31,7,31.0,75.8,1.8,41,10.4,19.0,5.1
2024-08-31,8,29.1,67.4,53.3,20,7.4,11.1,4.7
2024-08-31,9,36.7,54.4,15.0,48,13.1,32.6,4.7
2024-08-31,10,31.0,61.4,108.6,64,14.4,39.1,4.1
2024-08-31,11,33.6,73.2,0.3,106,28.1,66.6,3.8
2024-08-31,12,37.4,76.3,10.8,70,25.4,55.5,3.4
2024-08-31,13,35.8,59.7,7.1,72,31.4,46.7,6.4
2024-08-31,14,33.1,80.1,22.0,62,18.3,50.4,4.6
2024-08-31,15,28.7,62.6,17.4,20,5.4,10,4.7
2024-08-31,16,32.0,61.8,14.4,32,6.4,20.4,4.9
2024-08-31,17,33.3,71.6,22.4,87,14.4,64.2,4.9
2024-08-31,18,28.5,63.4,30.3,55,10.2,39.9,4.2
2024-08-31,19,23.2,49.7,62.4,45,19.9,33.5,5.3
2024-08-31,20,29.7,57.5,6.5,20,6.5,11.7,3.9
2024-08-31,21,36.1,36.2,24.9,88,32.2,48.6,4.3
2024-08-31,22,33.9,63.1,2.6,53,21.9,34.9,4.2
2024-08-31,23,32.6,59.9,16.4,20,5,13.1,4.7
2024-08-31,24,38.8,54.2,6.7,37,12.2,21.2,2.5
2024-08-31,25,37.2,54.3,37.6,86,13.6,56.6,3.3
2024-08-31,26,27.8,62.9,25.5,89,15.4,54.1,5.1
2024-08-31,27,31.7,82.9,2.7,97,32.5,36.5,2.0
2024-08-31,28,33.5,70.4,3.4,71,27.5,32.4,6.2
2024-08-31,29,33.8,70.0,37.2,110,38.1,57.8,6.0
2024-08-31,30,28.6,60.1,55.2,46,20.4,16.2,5.1
2024-08-31,31,30.4,65.6,13.0,64,28.2,48.3,6.3
2024-08-31,32,34.1,71.3,46.9,67,22.5,48.5,3.5
2024-08-31,33,32.3,60.3,39.2,72,17.1,29.2,3.1
2024-08-31,34,32.5,75.9,115.7,42,14.7,35.1,7.5
2024-08-31,35,31.9,71.3,26.9,59,14.2,46.0,3.8
2024-09-01,1,30.1,53.7,4.0,51,17.5,24.1,7.0
2024-09-01,2,29.1,61.9,11.9,44,13.0,27.4,4.6
2024-09-01,3,31.1,60.2,25.2,65,25.4,41.8,3.7
2024-09-01,4,32.3,60.2,9.9,71,11.1,37.8,5.7
2024-09-01,5,31.3,66.5,20.1,79,34.6,38.6,4.6
2024-09-01,6,29.5,59.5,33.8,50,10.5,21.5,2.5
2024-09-01,7,28.4,70.3,10.4,61,18.1,45.6,6.0
2024-09-01,8,30.3,57.6,85.6,20,5,15.2,6.3
2024-09-01,9,30.2,60.0,1.6,71,28.1,57.9,4.0
2024-09-01,10,27.3,50.0,28.7,71,31.1,35.8,3.8
2024-09-01,11,27.8,56.6,4.7,65,25.1,49.0,4.1
2024-09-01,12,31.9,62.8,0.2,98,39.5,37.7,3.6
2024-09-01,13,33.4,53.4,9.8,74,23.0,54.6,5.3
2024-09-01,14,31.8,55.6,0.2,86,28.6,36.8,3.2
2024-09-01,15,28.8,57.8,15.6,67,22.8,50.0,6.1
2024-09-01,16,27.7,62.5,10.5,77,25.1,61.3,5.3
2024-09-01,17,31.8,54.1,9.7,39,9.4,29.7,5.6
2024-09-01,18,28.4,65.8,11.0,70,21.3,34.5,4.3
2024-09-01,19,23.4,53.9,1.0,63,17.3,42.1,4.7
2024-09-01,20,24.2,56.3,22.5,66,24.4,45.8,4.0
2024-09-01,21,34.9,45.8,5.1,59,26.1,34.2,5.6
2024-09-01,22,37.4,38.6,4.7,70,31.1,51.9,4.7
2024-09-01,23,33.6,52.0,1.5,70,23.1,42.6,4.2
2024-09-01,24,30.5,41.0,9.7,68,19.8,27.3,3.9
2024-09-01,25,23.0,40.1,21.3,100,25.9,35.2,3.7
2024-09-01,26,23.8,47.3,5.5,83,16.5,59.9,4.9
2024-09-01,27,32.4,55.7,1.5,98,15.2,51.3,3.8
2024-09-01,28,29.7,76.0,8.1,34,8.2,24.8,4.9
2024-09-01,29,30.1,66.5,0.2,66,13.1,23.6,5.6
2024-09-01,30,27.6,71.3,13.6,23,5,12.6,6.0
2024-09-01,31,31.9,57.5,3.1,27,9.4,18.8,5.8
2024-09-01,32,30.3,52.3,3.4,72,25.4,51.0,3.2
2024-09-01,33,32.8,62.5,6.4,74,27.0,41.2,2.0
2024-09-01,34,28.5,59.4,8.0,61,23.5,30.6,5.7
2024-09-01,35,33.7,63.2,39.0,66,20.1,47.9,2.8
2024-09-02,1,28.6,59.2,28.2,80,23.4,38.5,4.7
2024-09-02,2,27.5,59.6,6.0,48,21.6,35.6,4.2
2024-09-02,3,28.7,66.2,5.6,62,17.9,44.4,3.4
2024-09-02,4,33.2,61.6,12.1,33,14.6,12.6,5.4
2024-09-02,5,26.8,60.2,8.9,69,30.3,34.1,4.5
2024-09-02,6,31.5,57.5,10.1,71,21.8,27.2,3.7
2024-09-02,7,30.6,52.9,15.5,34,14.4,22.7,5.2
2024-09-02,8,32.9,64.3,32.0,56,10.7,25.0,6.4
2024-09-02,9,33.6,49.8,3.9,20,8.8,11.9,5.3
2024-09-02,10,30.2,54.0,32.6,44,9.2,30.6,3.8
2024-09-02,11,38.4,54.9,5.2,111,44.4,91.3,3.8
2024-09-02,12,32.8,53.2,10.7,96,41.4,72.1,5.0
2024-09-02,13,35.3,43.9,5.7,112,21.6,42.6,4.7
2024-09-02,14,31.8,56.8,4.9,79,29.9,59.9,2.8
2024-09-02,15,33.8,68.4,58.0,66,15.8,27.5,4.8
2024-09-02,16,26.8,59.4,0.8,95,35.6,46.3,3.9
2024-09-02,17,30.5,45.5,48.7,63,15.2,33.3,6.4
2024-09-02,18,30.1,45.6,26.6,91,19.3,54.6,5.4
2024-09-02,19,25.3,54.5,2.8,76,23.4,32.1,5.8
2024-09-02,20,30.0,49.6,28.1,94,27.4,56.6,3.1
2024-09-02,21,34.7,52.1,15.1,81,27.7,47.9,4.3
2024-09-02,22,33.2,61.7,4.2,51,22.2,38.3,4.3
2024-09-02,23,40.0,54.2,0.6,67,15.4,53.5,5.2
2024-09-02,24,28.6,69.3,5.7,72,30.1,59.6,2.4
2024-09-02,25,30.7,59.7,1.8,137,26.0,79.1,3.5
2024-09-02,26,28.4,54.3,3.2,101,40.1,73.4,4.9
2024-09-02,27,31.7,64.7,0.3,90,23.9,60.5,2.1
2024-09-02,28,27.2,61.3,11.1,44,12.6,32.6,4.5
2024-09-02,29,27.3,68.9,1.7,63,19.8,46.6,5.3
2024-09-02,30,30.3,66.2,2.6,54,21.9,43.2,6.2
2024-09-02,31,28.0,49.4,22.4,30,13.4,20.8,6.8
2024-09-02,32,27.6,49.1,0.3,61,14.6,44.4,3.5
2024-09-02,33,27.9,64.1,1.7,46,9.1,27.2,2.0
2024-09-02,34,30.9,55.8,18.8,55,11.8,42.4,5.9
2024-09-02,35,32.7,60.4,15.3,55,19.1,34.7,4.1
2024-09-03,1,25.6,66.5,14.0,80,29.0,51.6,5.1
2024-09-03,2,27.4,50.4,4.9,48,10.5,35.4,3.9
2024-09-03,3,29.6,60.9,26.0,45,9.1,23.9,5.1
2024-09-03,4,28.2,39.1,1.2,79,26.9,44.5,5.3
2024-09-03,5,30.6,56.1,14.6,70,30.1,37.5,4.7
2024-09-03,6,26.3,52.2,3.8,73,32.3,55.5,3.4
2024-09-03,7,33.7,39.5,8.3,74,29.3,51.8,5.1
2024-09-03,8,26.5,62.1,2.8,20,5,15.0,4.5
2024-09-03,9,27.7,47.5,40.2,24,5.8,13.5,5.0
2024-09-03,10,32.7,71.5,2.6,53,16.3,31.2,3.5
2024-09-03,11,35.3,52.9,5.2,66,12.1,27.1,5.3
2024-09-03,12,41.6,49.0,4.6,129,54.4,58.3,4.2
2024-09-03,13,32.0,48.0,6.7,109,23.2,67.6,6.5
2024-09-03,14,35.6,44.5,3.0,121,37.5,69.5,3.3
2024-09-03,15,30.3,56.1,19.0,69,27.5,56.3,5.5
2024-09-03,16,29.7,64.1,0.9,102,35.1,82.7,3.5
2024-09-03,17,28.8,77.5,37.6,49,19.2,28.7,5.2
2024-09-03,18,24.7,63.3,7.0,94,16.8,60.3,4.7
2024-09-03,19,26.3,58.8,20.2,90,36.8,49.6,5.1
2024-09-03,20,31.1,52.2,1.1,33,14.2,18.7,2.2
2024-09-03,21,30.5,50.8,3.8,54,10.9,29.5,4.9
2024-09-03,22,29.9,49.8,3.1,106,18.0,71.8,4.0
2024-09-03,23,37.1,52.7,3.4,25,6.3,13.1,4.7
2024-09-03,24,34.4,55.9,1.3,86,14.4,71.3,2.7
2024-09-03,25,31.6,65.9,11.9,100,30.7,71.4,3.7
2024-09-03,26,28.1,59.7,2.5,118,19.0,99.7,5.0
2024-09-03,27,27.9,48.0,10.4,107,35.9,85.5,2.0
2024-09-03,28,29.2,54.8,4.6,80,34.6,28.4,5.2
2024-09-03,29,32.4,68.4,1.5,69,28.7,51.9,4.7
2024-09-03,30,28.0,51.1,0.7,54,19.5,24.8,6.0
2024-09-03,31,31.3,61.2,21.8,49,22.0,37.7,5.6
2024-09-03,32,30.1,55.4,13.4,78,13.8,39.8,3.6
2024-09-03,33,28.1,59.6,47.8,47,15.2,22.6,2.0
2024-09-03,34,33.3,53.9,16.6,71,11.5,37.2,5.7
2024-09-03,35,29.7,69.4,14.6,36,12.1,17.1,4.9
2024-09-04,1,30.0,60.8,8.1,59,11.8,47.3,4.0
2024-09-04,2,26.8,72.1,8.3,79,31.9,40.1,3.8
2024-09-04,3,27.6,60.1,1.0,99,19.7,63.0,4.4
2024-09-04,4,26.1,59.2,7.5,91,34.2,64.8,5.3
2024-09-04,5,25.4,60.9,82.2,61,11.5,22.6,3.3
2024-09-04,6,31.8,54.5,13.1,58,13.2,28.1,3.4
2024-09-04,7,30.7,58.0,20.7,54,15.0,20.8,5.9
2024-09-04,8,23.0,64.8,8.6,64,13.6,36.8,5.4
2024-09-04,9,32.6,53.1,12.5,59,24.6,37.6,4.1
2024-09-04,10,29.6,56.8,35.1,92,40.8,77.5,2.7
2024-09-04,11,29.4,61.4,0.1,95,21.8,71.4,4.5
2024-09-04,12,36.0,64.9,3.3,83,21.2,35.1,4.1
2024-09-04,13,35.8,54.7,14.8,104,28.2,63.7,4.5
2024-09-04,14,32.2,52.6,5.7,104,30.3,74.3,3.9
2024-09-04,15,29.8,69.1,3.0,22,6.6,12.1,4.5
2024-09-04,16,34.6,55.4,0.3,86,28.3,64.0,5.1
2024-09-04,17,25.1,45.0,1.3,79,26.9,43.8,5.8
2024-09-04,18,28.1,70.5,10.6,67,13.4,32.2,3.7
2024-09-04,19,23.6,52.9,66.4,50,8.8,18.4,3.0
2024-09-04,20,29.5,52.2,4.0,78,14.5,42.4,3.0
2024-09-04,21,32.1,49.1,2.6,31,11.2,17.7,4.7
2024-09-04,22,33.7,58.3,1.4,48,14.1,18.5,4.0
2024-09-04,23,34.4,48.7,4.1,42,13.9,27.2,3.9
2024-09-04,24,33.5,59.2,4.1,62,18.2,30.5,2.4
2024-09-04,25,37.4,46.6,4.1,96,16.9,37.9,4.1
2024-09-04,26,31.5,38.6,9.1,66,17.9,33.5,3.4
2024-09-04,27,30.2,67.5,9.7,79,16.8,66.8,2.5
2024-09-04,28,28.3,62.3,12.8,73,11.4,33.1,5.4
2024-09-04,29,29.6,54.7,2.0,57,25.1,31.6,4.2
2024-09-04,30,25.8,69.2,4.6,27,7.3,19.5,6.2
2024-09-04,31,25.7,51.9,0.9,67,17.6,41.6,5.3
2024-09-04,32,32.0,62.8,41.3,49,13.4,29.7,3.1
2024-09-04,33,27.5,56.8,18.2,97,29.7,52.1,2.8
2024-09-04,34,33.5,46.4,0.7,78,24.0,57.7,5.1
2024-09-04,35,34.9,60.4,20.3,41,7.8,14.9,2.7
2024-09-05,1,29.8,56.9,8.3,75,13.9,35.4,4.9
2024-09-05,2,26.6,57.8,0.2,137,57.5,85.3,5.0
2024-09-05,3,27.1,52.1,59.1,90,28.1,59.5,4.0
2024-09-05,4,28.4,51.7,30.0,53,12.4,27.0,5.4
2024-09-05,5,31.7,51.9,3.8,81,34.8,43.4,4.0
2024-09-05,6,31.5,53.3,1.5,23,5,10.8,3.6
2024-09-05,7,31.2,48.5,28.6,69,20.5,34.3,5.8
2024-09-05,8,29.0,49.2,6.8,73,25.0,26.3,5.5
2024-09-05,9,30.5,53.7,22.6,29,11.2,17.1,3.9
2024-09-05,10,25.0,54.5,0.7,75,31.9,43.8,2.8
2024-09-05,11,31.6,54.7,10.1,125,22.8,60.1,4.1
2024-09-05,12,38.1,63.4,0.2,85,36.7,36.9,3.5
2024-09-05,13,35.2,51.6,1.7,136,44.0,82.7,6.1
2024-09-05,14,36.4,45.4,2.8,86,35.4,30.8,3.4
2024-09-05,15,28.7,71.5,13.3,117,45.7,58.7,5.0
2024-09-05,16,28.0,57.6,15.7,52,13.7,36.0,4.6
2024-09-05,17,25.7,56.0,4.5,64,27.6,28.7,6.3
2024-09-05,18,27.8,66.8,12.7,60,17.0,26.5,4.2
2024-09-05,19,28.6,55.7,35.3,67,22.2,23.7,5.1
2024-09-05,20,30.7,50.1,53.4,63,21.6,37.9,3.9
2024-09-05,21,32.6,51.8,5.2,63,13.9,46.4,4.6
2024-09-05,22,33.6,51.0,5.5,70,28.8,25.0,5.0
2024-09-05,23,38.6,47.9,1.5,72,23.8,47.6,4.6
2024-09-05,24,33.0,56.8,5.2,58,11.0,37.0,2.0
2024-09-05,25,32.8,55.9,2.8,68,20.3,26.6,3.6
2024-09-05,26,31.3,64.6,7.4,84,28.3,64.5,4.7
2024-09-05,27,32.7,74.7,5.5,108,25.0,83.4,2.5
2024-09-05,28,28.6,71.5,0.3,37,16.4,27.2,5.0
2024-09-05,29,27.6,49.0,3.1,73,22.4,43.9,5.6
2024-09-05,30,23.6,62.3,80.6,54,21.6,40.6,6.3
2024-09-05,31,28.2,63.5,59.8,20,5.1,15.2,5.6
2024-09-05,32,29.3,65.3,23.1,56,24.4,22.8,3.3
2024-09-05,33,33.6,36.4,4.6,70,15.4,44.5,2.9
2024-09-05,34,28.6,49.5,11.7,69,22.5,47.6,6.5
2024-09-05,35,31.0,61.9,19.3,64,25.8,37.8,3.5
2024-09-06,1,25.6,61.9,6.8,71,30.4,56.1,5.5
2024-09-06,2,30.7,68.1,21.0,82,36.4,29.7,4.1
2024-09-06,3,34.4,59.1,11.8,42,7.8,22.9,3.5
2024-09-06,4,33.3,58.5,5.3,20,5.4,13.7,5.5
2024-09-06,5,28.2,64.2,37.2,74,17.3,38.6,3.5
2024-09-06,6,30.1,62.9,2.6,35,13.7,18.3,2.6
2024-09-06,7,31.4,72.4,2.9,33,10.4,24.7,5.2
2024-09-06,8,30.6,52.1,17.3,49,20.6,39.2,5.8
2024-09-06,9,28.4,57.4,6.2,48,11.7,29.3,5.2
2024-09-06,10,30.3,64.8,14.6,63,19.3,53.0,2.9
2024-09-06,11,36.6,45.0,3.1,88,29.1,48.4,3.1
2024-09-06,12,32.5,49.7,4.5,84,30.0,58.6,4.3
2024-09-06,13,34.5,67.2,4.9,80,32.2,46.6,5.5
2024-09-06,14,36.7,47.9,7.9,93,21.5,52.3,3.8
2024-09-06,15,30.7,57.4,15.1,66,11.1,40.3,5.5
2024-09-06,16,30.4,63.0,23.1,108,25.6,64.8,5.0
2024-09-06,17,31.7,57.1,67.6,84,23.7,69.3,5.4
2024-09-06,18,30.2,66.0,2.7,77,14.1,40.0,4.1
2024-09-06,19,28.0,64.9,0.4,28,9.7,19.6,4.5
2024-09-06,20,28.0,62.2,10.7,50,11.0,22.1,2.7
2024-09-06,21,39.2,48.4,5.0,94,32.1,71.0,5.2
2024-09-06,22,34.2,54.4,2.6,97,24.0,50.4,4.1
2024-09-06,23,35.7,44.5,5.0,24,5,12.3,3.7
2024-09-06,24,40.1,48.3,12.7,73,22.5,32.2,2.8
2024-09-06,25,28.4,50.8,51.3,85,23.5,42.7,4.0
2024-09-06,26,28.9,53.5,2.0,101,44.7,50.0,4.7
2024-09-06,27,29.9,52.0,30.0,109,31.1,50.5,2.8
2024-09-06,28,32.3,68.4,1.0,57,24.1,35.7,4.5
2024-09-06,29,33.4,80.1,4.6,67,10.2,42.4,4.7
2024-09-06,30,28.6,39.4,3.1,61,11.7,25.0,6.0
2024-09-06,31,30.2,61.1,28.9,74,28.0,55.8,5.9
2024-09-06,32,29.2,56.3,4.7,88,19.5,54.3,4.6
2024-09-06,33,25.1,52.5,3.5,64,18.1,43.9,2.3
2024-09-06,34,31.4,40.5,41.3,97,29.4,78.1,5.9
2024-09-06,35,29.5,65.9,16.6,49,21.9,33.9,4.7
2024-09-07,1,30.7,58.3,12.7,73,19.9,44.2,5.0
2024-09-07,2,32.1,59.3,19.9,101,32.1,62.1,4.1
2024-09-07,3,29.4,57.3,0.7,47,20.2,26.0,2.8
2024-09-07,4,29.7,48.7,11.1,47,18.4,34.8,5.6
2024-09-07,5,23.4,48.9,19.3,58,11.5,49.2,3.4
2024-09-07,6,29.6,52.3,2.9,47,13.8,24.6,4.0
2024-09-07,7,29.0,71.3,3.3,40,14.6,24.9,6.1
2024-09-07,8,29.7,47.5,1.6,37,11.1,29.2,5.4
2024-09-07,9,29.4,45.5,28.0,56,15.0,28.6,4.9
2024-09-07,10,27.5,63.9,7.2,20,5.5,16.8,3.8
2024-09-07,11,39.1,55.9,4.2,113,24.7,93.2,4.2
2024-09-07,12,34.1,65.7,1.0,61,21.6,39.2,4.5
2024-09-07,13,33.5,55.7,7.9,90,26.8,41.3,6.7
2024-09-07,14,35.6,49.5,8.7,94,15.7,42.6,4.3
2024-09-07,15,27.2,66.8,18.8,80,15.1,60.2,5.2
2024-09-07,16,31.3,59.3,8.5,54,14.0,33.2,4.0
2024-09-07,17,34.1,55.9,61.3,23,5.0,10,5.7
2024-09-07,18,28.7,53.8,7.5,35,11.4,19.1,3.3
2024-09-07,19,31.9,66.7,59.1,61,26.9,51.2,4.9
2024-09-07,20,30.5,61.2,24.9,84,22.4,54.9,3.1
2024-09-07,21,35.4,63.1,9.2,80,21.2,59.0,4.6
2024-09-07,22,30.7,56.8,6.9,27,7.4,10,4.9
2024-09-07,23,34.0,43.4,16.5,81,27.4,54.0,4.1
2024-09-07,24,42.3,56.3,0.6,49,19.0,36.0,3.6
2024-09-07,25,29.6,59.8,3.7,133,47.6,51.4,3.6
2024-09-07,26,27.4,52.1,3.3,101,33.8,62.6,4.9
2024-09-07,27,33.0,63.3,15.9,125,50.1,89.5,3.4
2024-09-07,28,30.3,64.0,7.2,75,27.0,63.6,5.7
2024-09-07,29,31.0,54.2,1.0,57,15.0,21.5,5.1
2024-09-07,30,24.5,53.4,11.1,21,8.7,10.7,5.8
2024-09-07,31,28.7,56.4,12.0,21,8.1,12.4,5.5
2024-09-07,32,36.3,60.0,3.0,67,10.1,33.9,3.0
2024-09-07,33,35.9,62.0,11.0,103,22.7,45.0,3.7
2024-09-07,34,29.9,51.1,6.1,69,13.0,32.0,6.4
2024-09-07,35,30.5,62.2,21.6,73,20.2,53.2,2.5
2024-09-08,1,29.3,60.5,39.4,55,22.7,34.3,6.1
2024-09-08,2,27.1,51.7,5.6,77,27.8,30.9,4.5
2024-09-08,3,33.1,47.4,10.2,95,17.2,52.8,4.0
2024-09-08,4,30.2,39.9,128.3,113,49.7,82.1,5.0
2024-09-08,5,27.8,55.3,18.7,53,17.9,26.1,3.6
2024-09-08,6,28.4,52.7,3.6,71,30.7,27.4,3.8
2024-09-08,7,26.6,57.1,23.8,24,5,14.8,7.3
2024-09-08,8,23.6,51.7,81.2,53,11.3,39.7,4.7
2024-09-08,9,31.9,57.1,38.0,42,13.8,20.0,5.0
2024-09-08,10,25.6,44.1,0.6,50,16.7,42.3,3.2
2024-09-08,11,37.7,53.0,4.4,113,19.2,71.3,4.5
2024-09-08,12,33.1,55.8,2.2,97,31.6,75.7,3.7
2024-09-08,13,29.8,53.3,1.7,94,41.0,35.2,5.2
2024-09-08,14,36.2,69.5,0.9,127,23.8,71.4,2.7
2024-09-08,15,26.6,58.6,2.1,76,16.1,41.7,5.4
2024-09-08,16,29.1,69.5,1.1,60,26.3,34.4,4.7
2024-09-08,17,29.2,69.7,9.3,95,17.2,42.1,5.1
2024-09-08,18,28.8,68.0,7.6,84,16.9,37.6,3.8
2024-09-08,19,27.0,61.0,36.1,79,16.1,60.0,4.9
2024-09-08,20,34.1,67.4,40.8,77,19.9,39.5,3.5
2024-09-08,21,35.8,53.4,0.3,69,12.8,27.6,5.5
2024-09-08,22,32.3,48.8,2.6,108,19.3,47.4,5.1
2024-09-08,23,32.3,60.1,8.6,89,13.9,70.4,4.1
2024-09-08,24,41.2,52.7,0.8,75,19.3,63.2,4.4
2024-09-08,25,31.4,51.2,12.8,84,34.4,41.1,3.4
2024-09-08,26,27.0,49.4,9.4,80,16.5,43.5,5.6
2024-09-08,27,26.8,49.2,6.5,100,32.1,45.1,3.3
2024-09-08,28,33.5,67.1,8.1,66,25.8,42.7,5.5
2024-09-08,29,26.9,63.5,0.2,42,6.6,20.6,4.5
2024-09-08,30,32.5,53.1,34.1,51,15.0,36.9,5.8
2024-09-08,31,34.8,65.6,6.5,73,32.5,42.1,6.6
2024-09-08,32,27.8,54.7,3.5,47,20.3,26.6,3.3
2024-09-08,33,30.9,59.7,5.4,80,19.4,39.6,2.6
2024-09-08,34,31.5,56.4,10.7,47,20.9,30.8,6.3
2024-09-08,35,27.8,67.3,13.7,53,10.1,36.2,3.1
2024-09-09,1,28.6,66.8,3.9,117,26.0,62.1,3.7
2024-09-09,2,30.2,43.4,8.4,106,46.4,79.1,3.5
2024-09-09,3,30.8,53.9,7.1,97,33.3,43.7,3.8
2024-09-09,4,32.3,51.3,44.0,91,32.1,68.7,6.2
2024-09-09,5,29.7,60.0,9.5,52,20.9,35.8,3.5
2024-09-09,6,30.9,57.3,6.5,74,21.4,55.7,2.9
2024-09-09,7,25.3,53.2,7.5,33,9.5,18.6,5.2
2024-09-09,8,25.4,76.1,2.2,20,5,11.1,5.8
2024-09-09,9,28.2,57.4,11.5,26,9.9,16.6,3.5
2024-09-09,10,26.7,58.5,20.6,63,10.4,33.6,3.7
2024-09-09,11,33.7,38.7,14.7,91,24.4,72.1,5.1
2024-09-09,12,28.5,59.9,6.6,115,40.6,68.3,4.8
2024-09-09,13,34.3,58.5,1.1,70,15.9,46.7,4.5
2024-09-09,14,34.3,47.7,2.7,64,19.6,34.5,3.9
2024-09-09,15,25.6,51.2,1.1,71,15.9,38.0,5.4
2024-09-09,16,27.6,68.2,0.9,84,17.4,41.3,3.6
2024-09-09,17,28.2,63.3,6.9,57,13.8,40.7,4.6
2024-09-09,18,29.9,53.9,0.5,61,26.6,41.3,4.0
2024-09-09,19,31.9,54.7,79.0,48,21.2,36.4,5.0
2024-09-09,20,30.3,58.6,3.4,71,31.8,56.8,3.3
2024-09-09,21,35.8,58.1,0.9,70,31.3,47.8,4.7
2024-09-09,22,33.2,53.5,37.7,59,13.0,22.6,4.2
2024-09-09,23,37.7,66.5,1.1,58,20.8,33.5,3.5
2024-09-09,24,45.2,62.8,2.8,57,14.6,30.3,2.2
2024-09-09,25,31.2,54.9,2.4,109,34.9,59.7,3.9
2024-09-09,26,31.5,48.4,16.5,113,48.3,62.5,5.1
2024-09-09,27,27.6,58.5,13.7,114,37.2,63.0,3.3
2024-09-09,28,28.1,61.1,2.1,64,16.4,28.3,4.6
2024-09-09,29,31.4,51.6,5.3,81,26.2,41.0,6.1
2024-09-09,30,25.2,49.7,7.5,49,9.7,38.7,6.7
2024-09-09,31,26.9,53.2,25.0,49,16.6,23.1,6.5
2024-09-09,32,28.8,53.3,9.9,70,30.4,54.8,4.0
2024-09-09,33,30.3,64.5,16.5,86,34.3,59.3,3.3
2024-09-09,34,27.2,47.9,3.5,77,31.7,48.2,6.1
2024-09-09,35,25.4,63.1,2.9,84,30.8,64.1,3.8
2024-09-10,1,31.5,61.8,29.0,42,18.5,18.6,5.5
2024-09-10,2,28.5,61.1,41.0,60,9.4,30.8,5.0
2024-09-10,3,31.3,46.5,17.0,39,15.2,15.6,4.4
2024-09-10,4,29.1,62.3,20.7,82,33.0,51.2,6.5
2024-09-10,5,28.5,73.0,2.3,92,33.5,38.3,3.9
2024-09-10,6,31.8,63.4,21.1,54,10.1,34.0,3.9
2024-09-10,7,29.5,58.4,44.6,64,18.4,43.4,6.3
2024-09-10,8,28.8,66.8,4.3,53,8.1,40.5,5.3
2024-09-10,9,30.3,46.5,13.9,58,19.8,32.7,4.8
2024-09-10,10,28.3,68.8,19.4,53,20.4,28.3,3.2
2024-09-10,11,34.2,59.9,3.4,70,16.5,32.8,5.9
2024-09-10,12,28.6,56.6,2.1,111,30.7,40.9,3.4
2024-09-10,13,29.4,54.0,5.0,107,45.3,44.9,5.6
2024-09-10,14,33.8,57.7,19.7,106,19.0,82.9,4.1
2024-09-10,15,30.9,53.4,10.1,74,13.1,27.3,4.6
2024-09-10,16,26.9,45.4,1.3,68,14.7,27.3,5.1
2024-09-10,17,28.7,61.0,3.9,77,30.2,48.2,5.8
2024-09-10,18,25.5,63.4,1.5,77,13.6,41.0,4.1
2024-09-10,19,27.9,58.9,8.0,87,31.9,57.0,3.9
2024-09-10,20,28.5,54.0,18.1,63,24.3,41.1,2.0
2024-09-10,21,43.0,40.8,4.5,88,21.0,69.7,5.3
2024-09-10,22,32.2,48.4,5.1,72,17.0,40.2,4.5
2024-09-10,23,31.1,42.9,4.2,64,24.5,50.8,4.4
2024-09-10,24,35.2,43.3,0.3,90,39.6,76.0,3.1
2024-09-10,25,29.0,67.4,12.1,62,12.1,39.1,3.7
2024-09-10,26,28.1,54.2,12.7,84,13.2,36.7,5.4
2024-09-10,27,34.5,60.2,17.9,99,43.4,55.4,3.8
2024-09-10,28,27.6,78.0,2.4,70,21.8,41.9,4.9
2024-09-10,29,26.9,65.6,10.7,112,28.1,72.9,5.0
2024-09-10,30,28.8,44.8,14.2,24,9.8,11.7,7.1
2024-09-10,31,30.5,60.2,35.9,55,20.8,26.3,5.8
2024-09-10,32,29.3,52.4,9.8,58,15.2,20.8,3.5
2024-09-10,33,32.0,47.9,8.2,53,13.7,25.1,2.5
2024-09-10,34,35.5,47.7,2.0,79,22.9,61.1,6.0
2024-09-10,35,28.3,63.2,6.3,40,11.0,29.3,4.4
2024-09-11,1,31.0,43.7,16.1,83,13.8,44.7,5.8
2024-09-11,2,30.7,62.5,61.2,81,28.4,46.3,4.1
2024-09-11,3,27.6,69.8,37.4,70,25.8,36.7,4.5
2024-09-11,4,27.3,74.6,22.5,52,18.9,30.3,5.2
2024-09-11,5,29.1,60.1,3.8,91,14.8,51.5,2.5
2024-09-11,6,23.8,65.7,12.8,29,5.5,14.0,4.4
2024-09-11,7,28.9,57.9,2.4,75,15.4,53.3,5.6
2024-09-11,8,30.5,56.2,16.5,52,11.2,19.7,5.9
2024-09-11,9,26.2,58.0,31.8,29,7.2,11.2,4.5
2024-09-11,10,31.8,66.8,12.2,37,6.8,15.2,2.6
2024-09-11,11,34.9,47.8,1.7,113,27.1,67.5,3.8
2024-09-11,12,31.1,52.1,4.3,87,20.3,71.0,4.5
2024-09-11,13,31.8,50.1,8.4,72,24.9,47.1,6.2
2024-09-11,14,33.6,57.3,12.9,117,23.3,48.2,3.2
2024-09-11,15,32.9,53.8,25.9,92,30.2,36.0,5.4
2024-09-11,16,26.2,50.3,20.1,66,20.3,53.5,4.9
2024-09-11,17,24.9,62.4,25.1,50,10.4,21.8,5.7
2024-09-11,18,29.6,66.6,3.7,51,18.3,18.9,4.2
2024-09-11,19,26.7,48.8,3.7,92,20.1,35.4,4.2
2024-09-11,20,28.6,55.3,13.7,59,18.1,49.5,3.8
2024-09-11,21,32.1,50.7,4.2,78,22.1,38.3,4.3
2024-09-11,22,34.3,50.1,27.9,61,14.5,50.7,5.4
2024-09-11,23,40.3,39.7,0.8,66,16.8,44.9,2.9
2024-09-11,24,44.2,59.5,1.8,68,25.7,47.4,4.1
2024-09-11,25,28.6,54.8,17.4,76,31.6,62.2,3.5
2024-09-11,26,29.2,43.4,9.3,98,34.2,37.3,4.5
2024-09-11,27,31.8,50.2,14.8,133,38.0,71.7,2.6
2024-09-11,28,30.8,63.9,0.9,57,21.6,30.3,5.0
2024-09-11,29,29.8,58.1,8.3,34,14.9,12.7,4.9
2024-09-11,30,27.8,52.4,11.4,33,7.6,22.3,6.1
2024-09-11,31,28.9,61.1,34.4,69,11.7,26.5,5.5
2024-09-11,32,32.1,49.7,6.2,82,15.7,43.3,3.5
2024-09-11,33,28.6,45.5,15.6,54,17.7,20.7,2.8
2024-09-11,34,26.4,54.7,4.7,50,21.4,36.4,5.3
2024-09-11,35,30.0,56.1,1.6,74,11.4,59.2,4.4
2024-09-12,1,30.8,61.2,9.8,94,33.8,51.6,4.4
2024-09-12,2,32.5,67.5,71.3,57,21.6,39.0,4.0
2024-09-12,3,28.9,59.8,12.2,87,34.4,42.2,5.0
2024-09-12,4,30.6,60.2,49.0,49,18.6,23.3,4.6
2024-09-12,5,31.3,40.5,13.3,20,6.3,11.3,4.3
2024-09-12,6,27.9,52.0,2.0,89,27.7,69.7,4.0
2024-09-12,7,27.3,63.1,51.1,20,5,10.1,5.1
2024-09-12,8,27.0,52.6,30.8,33,10.1,22.1,5.3
2024-09-12,9,27.1,55.6,52.4,45,17.0,29.1,4.1
2024-09-12,10,27.7,56.3,10.8,49,12.6,20.4,3.7
2024-09-12,11,36.5,48.0,11.3,97,21.3,78.3,4.8
2024-09-12,12,39.8,58.3,2.9,95,36.3,74.4,3.5
2024-09-12,13,36.1,41.4,3.7,80,28.3,57.6,6.0
2024-09-12,14,34.0,56.5,0.5,100,34.5,70.4,3.5
2024-09-12,15,27.6,50.2,5.6,58,16.2,25.8,4.7
2024-09-12,16,30.3,64.1,6.3,118,45.0,95.7,4.6
2024-09-12,17,22.7,59.7,75.4,79,22.8,35.3,5.8
2024-09-12,18,28.2,69.9,12.6,99,42.1,74.9,4.4
2024-09-12,19,30.1,49.5,33.1,67,14.8,47.1,4.7
2024-09-12,20,33.9,50.2,28.4,96,30.5,51.3,4.0
2024-09-12,21,32.7,57.2,2.4,53,10.9,31.0,4.7
2024-09-12,22,33.0,48.8,1.9,61,25.4,35.5,4.2
2024-09-12,23,42.0,59.8,1.5,81,20.8,40.1,3.3
2024-09-12,24,43.4,44.2,0.7,108,36.0,49.9,3.3
2024-09-12,25,34.1,60.7,12.2,74,24.7,45.8,3.4
2024-09-12,26,29.2,60.6,15.3,114,41.7,48.6,3.8
2024-09-12,27,35.0,52.2,4.8,47,13.9,37.8,2.2
2024-09-12,28,29.9,61.0,15.3,112,22.8,77.4,6.2
2024-09-12,29,31.1,63.1,18.6,60,17.0,45.7,4.0
2024-09-12,30,28.5,57.5,23.6,52,16.1,19.6,5.8
2024-09-12,31,30.2,52.3,3.9,61,13.4,48.0,6.2
2024-09-12,32,29.3,68.6,28.3,75,13.2,32.1,3.9
2024-09-12,33,25.1,56.9,24.4,67,15.7,26.0,2.5
2024-09-12,34,30.0,53.8,11.6,74,19.2,54.8,6.3
2024-09-12,35,28.3,58.2,17.6,39,16.9,24.8,4.2
2024-09-13,1,29.4,51.2,71.4,83,37.3,32.4,4.9
2024-09-13,2,26.0,39.8,41.7,93,39.9,35.1,4.9
2024-09-13,3,32.7,63.3,2.8,21,5.3,12.6,3.7
2024-09-13,4,34.6,52.0,15.3,87,39.0,55.5,5.5
2024-09-13,5,33.1,60.8,9.5,71,18.4,55.4,3.9
2024-09-13,6,30.0,49.7,12.8,20,8.8,10,4.2
2024-09-13,7,26.3,36.9,10.9,31,7.5,17.4,6.4
2024-09-13,8,28.7,66.9,10.4,31,7.3,23.7,5.3
2024-09-13,9,28.5,59.3,2.3,59,14.3,23.2,4.8
2024-09-13,10,27.3,56.4,0.9,32,13.9,24.9,3.3
2024-09-13,11,35.7,54.6,4.1,111,24.7,41.9,5.3
2024-09-13,12,36.3,43.8,2.4,93,37.0,42.5,3.9
2024-09-13,13,31.0,58.1,7.5,92,31.2,34.6,5.0
2024-09-13,14,27.0,53.1,1.2,108,37.4,53.3,3.3
2024-09-13,15,29.7,60.9,12.7,92,17.8,54.8,5.0
2024-09-13,16,28.2,72.8,22.5,55,9.3,44.5,4.7
2024-09-13,17,24.8,53.3,10.5,63,21.1,46.7,5.3
2024-09-13,18,31.3,50.8,13.4,81,30.6,42.5,3.5
2024-09-13,19,28.0,58.9,7.6,56,12.6,31.9,4.8
2024-09-13,20,32.9,59.5,2.1,82,31.1,35.6,4.1
2024-09-13,21,34.0,62.6,3.1,71,22.4,45.4,5.2
2024-09-13,22,35.6,52.7,5.7,60,19.3,46.0,3.9
2024-09-13,23,37.2,61.4,3.2,53,8.2,38.7,4.7
2024-09-13,24,34.7,61.8,1.3,28,6.2,17.5,2.0
2024-09-13,25,32.4,58.9,10.2,119,20.8,85.3,3.2
2024-09-13,26,27.2,63.1,26.0,82,13.8,58.5,5.0
2024-09-13,27,34.0,68.9,11.7,87,28.9,44.4,3.3
2024-09-13,28,31.2,62.6,4.2,97,35.6,42.9,5.9
2024-09-13,29,29.0,48.4,4.5,52,8.7,43.5,4.5
2024-09-13,30,32.1,60.9,14.1,68,24.9,27.6,5.6
2024-09-13,31,28.5,50.4,2.6,45,18.8,33.3,7.1
2024-09-13,32,35.0,64.9,1.0,95,41.1,65.2,3.4
2024-09-13,33,30.0,67.3,1.9,68,19.6,56.5,2.0
2024-09-13,34,31.2,53.3,6.9,27,5.6,11.6,5.8
2024-09-13,35,31.4,57.0,7.2,81,26.7,43.2,3.6
2024-09-14,1,30.0,64.6,18.6,68,14.2,47.5,5.5
2024-09-14,2,29.0,52.6,30.1,58,25.4,47.3,5.7
2024-09-14,3,31.7,53.9,10.7,26,9.1,15.6,4.2
2024-09-14,4,27.5,54.1,3.3,65,12.1,47.7,5.0
2024-09-14,5,31.2,52.9,2.4,40,8.4,14.5,3.5
2024-09-14,6,29.3,53.0,27.9,90,33.8,71.6,4.3
2024-09-14,7,33.1,52.4,11.9,36,11.1,26.3,5.9
2024-09-14,8,25.8,56.8,14.5,97,34.7,34.4,5.8
2024-09-14,9,28.9,55.4,1.7,37,16.2,31.3,3.2
2024-09-14,10,31.8,57.5,17.4,55,12.9,23.9,3.5
2024-09-14,11,29.5,44.3,2.0,133,43.7,74.2,5.2
2024-09-14,12,35.0,52.7,3.3,128,31.2,78.8,4.1
2024-09-14,13,32.9,53.0,13.6,93,35.9,56.9,6.0
2024-09-14,14,34.0,40.7,3.1,79,26.8,51.8,2.7
2024-09-14,15,29.2,57.4,5.6,87,33.5,56.1,5.3
2024-09-14,16,28.8,63.7,9.5,82,28.9,52.1,3.8
2024-09-14,17,25.9,45.9,14.7,60,15.2,45.0,5.2
2024-09-14,18,30.1,51.0,19.6,62,18.2,50.1,3.2
2024-09-14,19,28.6,52.1,25.1,58,17.8,46.4,3.7
2024-09-14,20,27.2,46.1,30.0,91,18.6,46.9,2.9
2024-09-14,21,30.3,56.2,10.3,73,25.7,35.3,4.1
2024-09-14,22,34.0,42.0,20.7,31,10.8,16.2,4.9
2024-09-14,23,44.0,46.9,1.6,76,17.9,53.8,4.4
2024-09-14,24,30.5,54.9,8.1,69,28.3,47.1,4.2
2024-09-14,25,29.2,78.0,28.7,87,33.2,68.4,2.7
2024-09-14,26,31.2,58.4,6.1,69,17.9,57.0,6.8
2024-09-14,27,29.9,43.1,38.7,108,26.4,88.5,3.7
2024-09-14,28,32.2,67.5,23.9,62,12.5,23.1,4.8
2024-09-14,29,27.6,47.0,26.5,87,31.9,44.5,4.9
2024-09-14,30,28.0,54.0,5.1,41,18.3,25.4,5.2
2024-09-14,31,24.7,55.6,0.8,40,8.4,25.0,5.9
2024-09-14,32,27.9,49.5,35.8,87,31.0,73.4,3.7
2024-09-14,33,33.2,58.8,2.3,86,36.5,37.2,2.4
2024-09-14,34,27.2,45.2,4.5,76,11.6,38.9,5.6
2024-09-14,35,30.7,45.1,0.3,69,20.3,31.8,4.2
2024-09-15,1,28.3,48.4,0.0,61,27.3,47.7,3.3
2024-09-15,2,30.1,60.0,21.9,51,11.0,34.5,4.9
2024-09-15,3,32.5,55.7,17.6,55,11.2,42.9,3.3
2024-09-15,4,27.8,58.8,36.2,73,13.6,60.1,4.8
2024-09-15,5,29.5,67.4,39.0,60,26.5,37.1,3.6
2024-09-15,6,31.9,65.2,80.4,74,15.5,51.6,2.9
2024-09-15,7,29.9,70.5,18.0,93,15.8,34.8,6.1
2024-09-15,8,30.0,47.2,11.5,50,12.2,30.6,5.4
2024-09-15,9,29.7,43.1,9.3,20,5,10,5.3
2024-09-15,10,29.7,68.9,2.0,32,13.2,13.1,3.4
2024-09-15,11,36.4,67.8,1.7,110,30.5,90.0,3.7
2024-09-15,12,31.8,65.9,0.7,84,18.6,37.8,2.8
2024-09-15,13,34.0,62.5,24.3,131,50.2,94.9,5.2
2024-09-15,14,30.1,48.6,1.5,99,31.4,73.4,5.0
2024-09-15,15,26.9,56.2,31.7,40,8.5,14.3,4.2
2024-09-15,16,26.3,50.2,11.7,84,22.4,40.6,4.6
2024-09-15,17,29.5,59.0,12.4,83,33.4,50.0,5.2
2024-09-15,18,31.1,59.5,32.8,91,40.6,39.9,3.2
2024-09-15,19,29.9,63.2,28.7,61,25.5,44.7,4.5
2024-09-15,20,27.5,65.0,12.3,76,20.0,43.5,3.4
2024-09-15,21,37.2,57.9,8.2,93,35.1,61.1,5.5
2024-09-15,22,36.5,47.4,6.9,59,25.7,22.7,5.0
2024-09-15,23,37.5,51.1,3.3,60,17.1,29.5,4.3
2024-09-15,24,44.4,36.4,3.9,43,17.4,26.0,3.2
2024-09-15,25,23.3,64.2,11.1,80,16.0,35.7,4.0
2024-09-15,26,26.1,63.3,0.7,99,33.1,43.8,4.7
2024-09-15,27,31.4,53.0,25.3,81,31.6,36.5,2.6
2024-09-15,28,29.8,55.7,21.7,73,19.2,26.6,5.1
2024-09-15,29,32.7,59.8,7.2,84,34.0,35.6,4.6
2024-09-15,30,30.0,63.2,5.4,59,19.7,49.7,5.2
2024-09-15,31,31.4,53.7,2.3,54,18.5,27.4,5.6
2024-09-15,32,28.2,73.9,7.4,93,15.3,33.4,3.6
2024-09-15,33,26.4,59.2,4.7,76,13.6,28.1,2.8
2024-09-15,34,29.6,52.2,0.6,81,16.9,51.4,6.3
2024-09-15,35,30.0,48.7,0.3,85,36.7,48.0,4.8
2024-09-16,1,26.3,49.6,16.3,68,10.4,27.8,5.0
2024-09-16,2,27.7,64.2,4.3,68,21.3,37.7,4.0
2024-09-16,3,27.4,72.7,10.9,64,28.3,35.0,4.4
2024-09-16,4,33.3,45.4,11.2,72,19.6,43.1,5.9
2024-09-16,5,29.7,49.9,10.4,66,14.9,29.3,3.7
2024-09-16,6,30.3,49.0,0.3,64,24.6,24.6,3.8
2024-09-16,7,24.9,59.9,3.6,42,7.7,20.3,6.4
2024-09-16,8,33.3,56.2,21.5,27,5,12.9,5.6
2024-09-16,9,31.0,62.9,37.0,45,9.1,33.1,3.8
2024-09-16,10,25.9,33.9,4.8,30,6.0,23.1,3.4
2024-09-16,11,35.2,49.1,8.2,88,17.6,66.6,4.2
2024-09-16,12,33.5,52.9,6.8,84,29.1,38.9,3.8
2024-09-16,13,34.9,41.9,20.6,88,28.3,55.4,5.1
2024-09-16,14,33.7,63.2,4.8,111,25.4,67.2,4.0
2024-09-16,15,29.0,55.7,8.5,80,34.2,36.8,5.4
2024-09-16,16,30.0,49.9,31.7,71,25.4,60.3,4.7
2024-09-16,17,34.0,71.8,50.2,109,41.6,84.4,4.3
2024-09-16,18,23.7,64.3,4.0,83,20.9,54.4,3.9
2024-09-16,19,28.3,45.0,36.8,133,59.0,108.4,4.3
2024-09-16,20,30.2,58.3,21.6,71,25.4,25.5,2.9
2024-09-16,21,29.0,46.8,3.1,73,26.0,59.9,6.2
2024-09-16,22,31.7,55.2,5.1,49,15.0,29.3,4.5
2024-09-16,23,34.1,54.7,6.2,75,12.1,28.4,4.9
2024-09-16,24,34.4,56.6,0.6,58,20.9,42.7,2.7
2024-09-16,25,33.7,57.5,17.3,100,15.3,56.3,3.4
2024-09-16,26,28.8,58.6,22.8,106,17.4,77.2,5.2
2024-09-16,27,32.3,57.5,0.6,65,20.1,44.0,2.0
2024-09-16,28,28.9,53.0,4.5,46,9.2,28.2,6.2
2024-09-16,29,26.0,70.8,28.0,61,13.6,29.4,5.1
2024-09-16,30,31.5,67.5,11.1,68,27.6,28.6,5.6
2024-09-16,31,29.0,51.3,7.7,21,9.0,12.9,6.2
2024-09-16,32,35.7,62.5,6.8,42,7.2,21.3,3.9
2024-09-16,33,24.0,50.3,31.0,65,27.0,54.5,2.0
2024-09-16,34,30.8,66.9,3.9,61,20.2,26.6,6.1
2024-09-16,35,30.0,57.5,76.7,101,15.3,84.1,2.5
2024-09-17,1,26.9,59.1,3.3,98,25.9,50.5,5.4
2024-09-17,2,25.8,56.3,19.3,51,19.5,29.2,4.2
2024-09-17,3,30.1,52.7,68.5,86,21.5,33.3,4.6
2024-09-17,4,28.6,58.8,26.1,78,22.2,43.6,5.6
2024-09-17,5,24.8,52.6,5.8,41,8.6,24.0,3.4
2024-09-17,6,27.0,59.8,9.1,75,30.6,40.3,3.9
2024-09-17,7,33.4,70.0,2.7,93,41.6,75.9,5.7
2024-09-17,8,27.4,68.5,3.6,43,15.5,31.7,6.4
2024-09-17,9,29.4,56.8,22.0,68,20.3,45.2,4.8
2024-09-17,10,30.0,49.7,22.7,47,11.7,21.7,3.8
2024-09-17,11,31.9,53.5,4.0,99,19.5,45.8,4.4
2024-09-17,12,34.4,53.8,4.9,112,28.6,53.6,4.9
2024-09-17,13,30.1,59.4,8.9,117,29.5,95.0,5.2
2024-09-17,14,35.6,47.4,5.5,98,26.7,68.0,4.7
2024-09-17,15,30.2,40.5,40.0,32,7.4,20.3,5.7
2024-09-17,16,31.1,48.9,2.0,61,25.7,26.7,3.7
2024-09-17,17,29.7,52.1,23.5,83,34.6,33.9,6.2
2024-09-17,18,33.3,49.3,9.9,53,10.4,32.0,4.1
2024-09-17,19,28.0,68.4,8.1,63,26.4,41.7,3.9
2024-09-17,20,29.1,47.5,40.3,83,19.9,49.1,3.4
2024-09-17,21,37.6,52.5,3.0,87,22.6,59.3,5.7
2024-09-17,22,32.9,61.4,4.3,69,22.7,49.7,4.1
2024-09-17,23,38.4,50.9,1.8,66,10.7,45.3,4.1
2024-09-17,24,39.1,37.2,1.8,83,23.0,63.3,2.1
2024-09-17,25,28.2,43.2,4.5,100,19.0,71.5,4.4
2024-09-17,26,32.5,59.7,19.9,115,38.7,41.3,5.5
2024-09-17,27,30.3,63.2,18.9,86,25.0,39.0,2.5
2024-09-17,28,30.9,71.1,1.0,68,20.8,40.4,5.3
2024-09-17,29,29.9,53.3,3.6,89,20.9,33.8,4.3
2024-09-17,30,28.9,70.1,3.8,70,27.0,31.7,6.3
2024-09-17,31,25.5,62.5,6.8,34,11.6,28.0,7.3
2024-09-17,32,33.4,54.2,14.3,30,10.8,22.4,2.6
2024-09-17,33,26.5,83.8,0.7,56,17.3,23.2,2.0
2024-09-17,34,34.6,55.1,2.6,87,18.8,51.0,6.2
2024-09-17,35,27.5,75.5,6.0,93,22.3,37.5,2.6
2024-09-18,1,25.3,63.1,64.0,56,17.2,44.5,4.8
2024-09-18,2,30.9,56.3,30.1,48,13.9,26.2,4.3
2024-09-18,3,24.9,48.7,9.4,83,13.1,37.4,3.0
2024-09-18,4,30.4,52.7,1.5,71,22.1,56.6,5.6
2024-09-18,5,34.6,55.9,6.7,84,31.4,42.5,3.9
2024-09-18,6,30.1,57.9,0.5,75,13.1,38.5,3.7
2024-09-18,7,26.2,63.6,45.5,66,21.0,26.1,6.0
2024-09-18,8,25.6,50.8,13.1,48,16.2,20.8,5.3
2024-09-18,9,31.3,58.7,14.6,54,8.6,30.7,4.9
2024-09-18,10,31.7,47.2,14.2,55,24.3,38.7,3.6
2024-09-18,11,37.3,64.4,8.1,95,37.1,36.1,5.2
2024-09-18,12,32.7,73.9,10.7,117,22.1,58.9,2.5
2024-09-18,13,35.5,60.8,1.9,71,24.1,36.1,5.5
2024-09-18,14,34.5,38.7,16.7,120,44.1,44.3,4.1
2024-09-18,15,32.7,53.9,17.9,72,20.0,59.8,4.9
2024-09-18,16,29.7,58.5,16.8,58,10.5,31.7,4.3
2024-09-18,17,28.7,59.4,1.4,67,20.2,30.0,4.3
2024-09-18,18,30.1,64.2,0.0,90,31.3,52.7,3.8
2024-09-18,19,32.2,39.9,10.3,67,11.9,42.4,4.4
2024-09-18,20,27.4,59.3,0.4,85,26.6,41.5,2.8
2024-09-18,21,35.6,61.6,10.8,71,31.8,58.8,5.5
2024-09-18,22,32.4,50.1,3.9,84,18.1,68.2,3.1
2024-09-18,23,36.1,55.7,1.6,85,16.3,43.1,3.3
2024-09-18,24,36.0,63.1,6.9,95,30.7,64.8,3.2
2024-09-18,25,32.9,62.0,9.0,86,16.5,33.6,3.2
2024-09-18,26,30.6,63.7,0.5,89,25.3,39.3,5.4
2024-09-18,27,34.9,50.3,30.3,78,26.6,54.3,2.0
2024-09-18,28,32.0,61.9,0.6,65,28.1,53.8,4.6
2024-09-18,29,32.8,70.9,13.6,53,13.9,24.5,3.4
2024-09-18,30,32.8,60.4,16.7,42,8.2,19.0,6.0
2024-09-18,31,28.4,65.9,25.5,26,10.0,18.2,5.5
2024-09-18,32,27.2,60.6,5.4,91,32.7,74.3,3.0
2024-09-18,33,29.0,64.4,19.0,98,43.3,81.6,2.3
2024-09-18,34,32.1,61.8,4.3,62,21.1,41.6,5.0
2024-09-18,35,32.9,48.7,8.0,57,25.1,21.4,3.3
2024-09-19,1,26.8,50.0,43.9,64,16.2,41.2,4.9
2024-09-19,2,30.6,54.5,12.6,25,6.1,17.9,5.2
2024-09-19,3,32.1,52.7,10.8,38,15.1,18.3,3.6
2024-09-19,4,35.0,60.9,19.1,73,13.7,40.3,6.0
2024-09-19,5,24.9,58.8,31.7,50,20.1,33.1,4.3
2024-09-19,6,27.6,60.7,2.3,96,40.3,61.8,3.4
2024-09-19,7,29.9,53.3,33.4,53,16.2,27.5,4.3
2024-09-19,8,30.5,74.9,5.8,66,24.1,24.5,6.0
2024-09-19,9,32.6,60.7,7.1,34,7.5,28.3,4.1
2024-09-19,10,26.7,52.5,24.9,29,9.2,21.0,4.8
2024-09-19,11,29.4,61.7,3.2,124,48.6,78.8,4.5
2024-09-19,12,37.3,42.5,4.6,119,53.1,74.4,4.4
2024-09-19,13,32.1,48.9,24.9,129,55.9,72.6,6.1
2024-09-19,14,27.5,67.0,12.3,128,39.3,88.1,3.7
2024-09-19,15,27.8,63.3,3.4,140,55.0,61.7,4.7
2024-09-19,16,27.4,54.7,7.3,89,33.7,73.7,5.1
2024-09-19,17,27.0,42.2,9.8,83,15.1,53.3,5.1
2024-09-19,18,25.5,58.7,0.3,82,16.3,42.4,3.5
2024-09-19,19,33.4,61.4,13.1,67,18.3,33.7,5.1
2024-09-19,20,25.3,53.8,5.0,86,38.4,34.9,3.0
2024-09-19,21,29.7,55.3,3.6,49,10.3,29.4,4.3
2024-09-19,22,32.9,52.2,14.0,122,40.6,65.9,4.5
2024-09-19,23,41.3,53.5,4.5,51,8.7,33.0,3.7
2024-09-19,24,38.6,53.4,3.3,73,16.3,54.6,2.6
2024-09-19,25,29.8,46.0,1.4,109,41.7,75.5,2.7
2024-09-19,26,33.3,68.0,3.8,59,18.3,37.1,4.0
2024-09-19,27,25.5,49.0,16.6,90,27.9,58.6,2.3
2024-09-19,28,28.9,50.7,9.2,39,12.3,18.0,5.1
2024-09-19,29,31.9,55.6,1.6,60,14.2,41.3,5.4
2024-09-19,30,26.7,48.4,8.7,54,10.4,23.7,6.1
2024-09-19,31,27.0,61.8,17.9,66,20.3,54.2,5.2
2024-09-19,32,30.8,64.7,14.5,73,11.8,61.7,3.6
2024-09-19,33,30.4,53.6,26.9,64,23.2,27.7,2.8
2024-09-19,34,27.1,47.3,4.1,79,33.0,37.0,6.1
2024-09-19,35,28.9,59.9,6.4,100,25.8,64.6,2.2
2024-09-20,1,29.7,61.9,13.2,73,31.2,45.5,4.2
2024-09-20,2,33.8,59.1,32.5,81,12.9,45.8,5.1
2024-09-20,3,24.5,72.0,3.6,46,14.7,25.2,3.3
2024-09-20,4,25.4,47.8,10.8,83,15.6,66.5,4.9
2024-09-20,5,33.5,58.4,6.4,91,37.8,69.1,4.3
2024-09-20,6,34.1,47.9,8.9,97,34.6,42.6,3.8
2024-09-20,7,25.2,51.2,11.8,65,26.2,43.7,6.2
2024-09-20,8,30.5,52.4,10.3,50,20.0,26.4,4.5
2024-09-20,9,28.2,38.5,6.1,36,14.8,24.8,3.4
2024-09-20,10,30.0,50.9,35.5,47,13.7,25.2,4.0
2024-09-20,11,35.9,63.6,11.9,89,24.5,36.9,4.1
2024-09-20,12,38.8,62.8,12.5,87,27.8,46.7,3.7
2024-09-20,13,33.4,53.4,2.6,101,16.3,72.8,5.3
2024-09-20,14,31.4,49.5,1.4,87,38.9,35.3,3.1
2024-09-20,15,30.1,51.6,45.9,51,13.9,21.2,5.2
2024-09-20,16,24.0,56.2,32.5,65,15.0,30.7,4.2
2024-09-20,17,28.5,50.9,7.3,69,21.1,36.4,5.8
2024-09-20,18,29.4,51.9,26.0,80,16.0,37.2,3.1
2024-09-20,19,28.0,63.9,7.2,81,35.7,35.0,4.4
2024-09-20,20,25.5,57.4,6.7,54,23.1,34.6,3.1
2024-09-20,21,31.1,53.4,25.3,87,20.5,50.3,5.4
2024-09-20,22,29.6,46.5,2.2,71,27.8,47.9,4.2
2024-09-20,23,39.5,35.1,1.4,68,12.3,50.9,2.5
2024-09-20,24,34.0,48.3,0.8,65,23.4,24.0,3.5
2024-09-20,25,27.5,56.3,6.2,114,32.3,54.9,3.1
2024-09-20,26,28.5,51.2,1.3,125,49.6,56.9,4.4
2024-09-20,27,30.3,46.2,22.7,88,25.9,67.4,3.0
2024-09-20,28,29.1,67.3,11.1,69,11.6,25.3,4.9
2024-09-20,29,31.0,66.0,7.0,55,20.0,40.0,4.2
2024-09-20,30,26.4,61.0,3.9,61,17.3,31.4,6.4
2024-09-20,31,31.7,63.9,65.6,36,15.5,27.5,6.4
2024-09-20,32,29.1,69.4,2.9,53,23.3,39.5,2.5
2024-09-20,33,27.2,68.7,6.6,44,17.7,17.2,2.3
2024-09-20,34,31.8,59.0,18.0,61,20.5,34.3,6.7
2024-09-20,35,30.8,64.0,0.9,71,15.0,51.9,3.1
2024-09-21,1,30.7,44.8,0.1,71,25.4,41.5,4.9
2024-09-21,2,29.3,66.2,6.2,69,12.4,49.1,3.5
2024-09-21,3,33.1,65.0,22.0,65,18.1,48.2,4.8
2024-09-21,4,32.7,58.3,11.2,59,8.9,29.7,5.5
2024-09-21,5,29.5,78.7,8.4,70,31.5,42.5,3.5
2024-09-21,6,31.7,36.5,36.1,90,36.4,62.3,4.0
2024-09-21,7,28.9,60.7,6.2,34,9.6,14.5,5.3
2024-09-21,8,31.1,55.9,58.8,88,34.8,63.7,5.3
2024-09-21,9,29.5,38.0,0.4,91,40.0,45.0,4.7
2024-09-21,10,25.7,54.1,46.7,68,19.7,46.5,4.0
2024-09-21,11,32.0,47.4,15.7,90,34.7,59.4,4.6
2024-09-21,12,31.5,61.3,3.6,113,34.1,83.5,4.8
2024-09-21,13,33.7,60.7,2.4,124,34.3,104.1,5.5
2024-09-21,14,30.5,61.3,1.5,98,18.3,48.6,2.8
2024-09-21,15,29.7,55.9,3.1,76,27.3,51.8,4.9
2024-09-21,16,31.6,50.1,4.0,65,23.2,25.4,3.9
2024-09-21,17,27.6,54.7,34.5,76,23.8,49.0,5.2
2024-09-21,18,28.9,68.3,7.8,91,27.7,53.4,3.6
2024-09-21,19,30.7,59.5,13.8,75,12.4,51.4,4.2
2024-09-21,20,30.7,62.2,4.7,40,6.3,16.7,3.7
2024-09-21,21,39.6,51.6,19.1,33,5.7,24.4,4.3
2024-09-21,22,30.1,47.7,7.6,94,15.5,38.7,4.4
2024-09-21,23,37.0,70.1,1.3,59,10.9,32.8,4.3
2024-09-21,24,40.3,55.4,2.9,54,20.6,20.5,2.0
2024-09-21,25,35.6,57.3,11.3,121,24.6,82.1,3.8
2024-09-21,26,32.2,49.0,15.4,93,27.0,32.9,5.6
2024-09-21,27,27.7,61.0,5.4,69,29.1,25.8,2.7
2024-09-21,28,29.1,54.3,21.3,68,28.5,47.4,4.8
2024-09-21,29,30.5,68.0,1.8,48,7.7,17.8,4.1
2024-09-21,30,26.5,53.9,0.5,51,11.0,26.1,6.3
2024-09-21,31,27.8,53.1,7.5,32,5,14.6,6.0
2024-09-21,32,31.7,52.9,0.2,73,27.5,33.3,3.2
2024-09-21,33,32.4,56.7,10.4,40,16.3,23.1,2.5
2024-09-21,34,32.7,51.1,6.3,99,16.8,41.0,6.1
2024-09-21,35,29.5,67.1,5.9,72,14.6,37.2,3.1
2024-09-22,1,29.9,50.6,8.6,62,12.4,29.3,5.2
2024-09-22,2,31.3,57.1,4.2,94,23.5,69.0,3.6
2024-09-22,3,29.6,72.8,10.2,31,8.1,12.7,3.3
2024-09-22,4,31.2,63.0,10.5,84,21.9,59.5,4.9
2024-09-22,5,31.6,54.2,9.2,88,33.5,34.4,3.4
2024-09-22,6,27.3,55.0,22.3,55,9.3,20.7,3.5
2024-09-22,7,28.4,54.2,9.7,66,21.8,39.3,7.1
2024-09-22,8,28.0,66.4,24.6,45,14.9,32.5,6.1
2024-09-22,9,29.1,56.1,31.1,34,8.5,21.0,5.5
2024-09-22,10,25.8,52.0,13.5,22,8.3,10,3.0
2024-09-22,11,31.1,57.9,6.5,95,27.8,38.4,4.5
2024-09-22,12,38.6,58.5,2.5,89,13.8,71.6,4.1
2024-09-22,13,33.1,49.6,0.1,135,30.1,71.7,5.3
2024-09-22,14,40.4,57.4,2.6,75,15.4,56.7,3.3
2024-09-22,15,27.2,51.2,13.7,34,11.2,18.9,4.9
2024-09-22,16,27.9,53.8,40.3,61,9.4,27.8,3.9
2024-09-22,17,28.0,57.0,7.9,44,10.0,35.4,5.8
2024-09-22,18,30.3,61.6,0.5,85,34.4,30.2,3.4
2024-09-22,19,29.8,37.5,16.8,71,12.1,30.1,5.2
2024-09-22,20,28.9,65.3,0.8,50,14.7,19.0,2.9
2024-09-22,21,31.6,45.8,10.1,70,18.0,31.6,4.5
2024-09-22,22,29.3,63.9,2.1,20,5.8,10,5.4
2024-09-22,23,36.6,53.8,0.6,76,12.1,51.0,3.0
2024-09-22,24,33.8,43.3,0.1,90,26.6,65.3,3.6
2024-09-22,25,33.4,57.6,18.1,99,39.1,62.1,3.5
2024-09-22,26,36.6,47.6,8.7,65,26.2,41.9,4.8
2024-09-22,27,25.6,64.8,1.6,92,39.2,70.8,2.1
2024-09-22,28,30.3,65.4,12.6,83,28.7,63.7,5.8
2024-09-22,29,30.9,52.1,1.8,61,13.7,30.8,4.8
2024-09-22,30,30.8,50.9,19.5,55,23.3,19.9,6.3
2024-09-22,31,29.5,55.9,32.5,36,15.6,21.0,6.5
2024-09-22,32,37.5,39.7,2.7,76,26.5,43.0,4.4
2024-09-22,33,30.7,66.0,33.0,51,12.2,30.3,2.5
2024-09-22,34,34.2,59.4,8.5,68,12.2,54.7,6.3
2024-09-22,35,29.2,54.8,13.5,73,11.6,30.0,2.0
2024-09-23,1,29.9,40.8,42.7,100,39.7,36.0,4.3
2024-09-23,2,25.5,55.5,4.0,104,40.3,49.8,4.6
2024-09-23,3,29.8,62.9,11.6,74,22.2,42.0,3.7
2024-09-23,4,27.4,58.5,56.2,30,12.8,17.2,5.8
2024-09-23,5,34.0,66.0,1.7,105,25.9,51.4,2.8
2024-09-23,6,25.4,55.3,11.5,106,42.5,69.1,2.9
2024-09-23,7,28.7,58.5,52.6,53,18.2,42.0,5.7
2024-09-23,8,27.0,55.3,23.1,28,11.6,10.1,5.5
2024-09-23,9,28.7,60.0,9.5,30,8.1,15.6,5.0
2024-09-23,10,30.0,72.6,62.0,56,22.0,41.8,3.9
2024-09-23,11,36.7,70.5,2.9,80,27.9,35.0,4.6
2024-09-23,12,27.9,40.0,18.5,72,13.8,45.7,3.3
2024-09-23,13,37.6,54.4,5.6,107,16.9,47.1,5.4
2024-09-23,14,30.9,52.6,3.0,85,27.5,63.1,3.7
2024-09-23,15,27.1,64.4,9.6,65,25.1,34.1,5.6
2024-09-23,16,27.9,58.3,13.8,82,25.4,52.8,3.8
2024-09-23,17,29.9,68.2,0.5,40,13.2,17.1,5.1
2024-09-23,18,30.4,69.3,2.0,32,12.7,14.6,3.3
2024-09-23,19,31.5,67.2,11.1,64,15.5,50.4,5.5
2024-09-23,20,30.0,58.3,0.6,52,11.9,22.1,2.6
2024-09-23,21,33.4,35.5,8.3,51,17.0,20.6,4.9
2024-09-23,22,34.6,62.7,6.6,79,29.8,34.4,4.5
2024-09-23,23,35.7,62.8,7.2,62,9.7,37.0,4.2
2024-09-23,24,37.7,53.8,3.0,41,14.4,29.0,3.2
2024-09-23,25,36.0,61.3,10.6,73,15.6,29.0,4.0
2024-09-23,26,31.8,50.4,8.1,129,52.5,56.9,5.2
2024-09-23,27,34.4,64.7,13.9,103,41.5,71.5,3.1
2024-09-23,28,29.7,65.4,2.3,52,10.0,43.7,6.1
2024-09-23,29,29.8,59.1,2.3,56,12.1,33.5,4.6
2024-09-23,30,31.5,60.7,28.2,62,27.8,29.9,6.4
2024-09-23,31,29.4,60.8,63.8,20,5,12.0,5.9
2024-09-23,32,27.2,66.9,5.8,130,23.2,63.6,4.3
2024-09-23,33,28.9,53.8,9.0,79,21.0,41.0,2.7
2024-09-23,34,35.1,64.6,42.4,48,21.3,37.4,6.4
2024-09-23,35,26.3,52.4,20.1,50,19.5,36.7,3.5
2024-09-24,1,25.9,73.5,6.3,101,42.9,74.8,5.3
2024-09-24,2,28.8,63.9,31.7,94,22.6,33.1,5.0
2024-09-24,3,28.9,51.3,2.5,51,12.5,24.7,3.0
2024-09-24,4,31.3,68.6,19.9,57,24.8,25.5,6.2
2024-09-24,5,30.4,49.5,60.8,55,12.6,20.0,2.7
2024-09-24,6,29.6,58.0,8.0,60,26.3,42.4,2.9
2024-09-24,7,27.0,59.6,28.0,55,24.6,37.2,4.9
2024-09-24,8,31.5,52.5,39.2,61,19.4,38.0,6.4
2024-09-24,9,28.7,59.3,0.5,55,14.2,38.2,3.9
2024-09-24,10,30.2,62.5,5.9,39,9.5,21.2,3.8
2024-09-24,11,27.9,52.6,0.4,104,18.2,53.6,5.8
2024-09-24,12,32.5,57.9,2.7,82,25.6,43.1,3.2
2024-09-24,13,34.0,59.3,2.9,114,21.7,95.6,5.6
2024-09-24,14,33.6,42.1,0.4,116,41.4,54.0,3.4
2024-09-24,15,29.3,56.0,6.1,73,22.2,36.0,4.4
2024-09-24,16,31.0,40.4,24.9,81,14.2,34.3,4.6
2024-09-24,17,29.6,58.5,11.1,79,32.6,57.3,5.9
2024-09-24,18,27.7,50.7,18.0,54,23.0,40.4,4.1
2024-09-24,19,27.3,78.7,17.3,100,31.2,66.7,4.7
2024-09-24,20,28.2,58.8,9.9,79,27.7,38.3,4.5
2024-09-24,21,37.0,68.1,1.5,77,19.0,63.0,4.7
2024-09-24,22,32.6,54.0,6.1,61,16.8,43.5,4.5
2024-09-24,23,40.6,55.5,0.2,95,40.5,58.9,3.2
2024-09-24,24,35.4,56.1,0.8,75,25.8,61.3,2.4
2024-09-24,25,29.6,63.9,14.4,124,27.3,94.3,3.7
2024-09-24,26,24.2,65.6,30.2,89,24.6,37.3,5.4
2024-09-24,27,27.1,64.8,11.5,70,15.6,37.6,2.0
2024-09-24,28,28.8,67.4,25.6,45,14.8,19.0,5.3
2024-09-24,29,28.3,57.9,1.7,61,17.7,23.9,3.1
2024-09-24,30,31.6,63.1,15.5,71,12.0,56.8,5.9
2024-09-24,31,28.9,46.7,7.5,49,12.9,36.1,5.2
2024-09-24,32,32.6,58.6,1.4,62,21.5,35.5,4.1
2024-09-24,33,31.9,72.1,26.7,71,29.9,36.7,3.1
2024-09-24,34,26.6,69.1,43.8,98,36.6,72.9,5.2
2024-09-24,35,32.9,56.1,2.6,29,9.3,21.1,3.2
2024-09-25,1,25.8,47.0,10.4,40,7.1,14.9,4.4
2024-09-25,2,32.0,58.2,0.8,65,27.6,29.9,4.0
2024-09-25,3,30.2,62.0,8.4,93,28.1,33.8,2.8
2024-09-25,4,31.7,62.1,18.5,43,18.8,21.5,6.6
2024-09-25,5,28.2,64.8,2.6,50,10.1,36.7,3.1
2024-09-25,6,30.8,63.0,14.5,61,19.2,40.0,3.6
2024-09-25,7,27.5,72.8,11.4,20,5.8,10,5.0
2024-09-25,8,32.9,56.2,6.3,43,9.4,26.1,5.5
2024-09-25,9,27.0,54.4,3.7,55,10.8,31.6,4.1
2024-09-25,10,30.9,55.2,18.2,85,13.3,59.8,2.9
2024-09-25,11,32.1,48.8,4.1,107,33.4,51.9,3.6
2024-09-25,12,35.1,62.0,3.7,114,19.8,66.8,4.2
2024-09-25,13,37.2,55.8,6.5,102,43.2,50.7,5.2
2024-09-25,14,31.2,50.2,0.4,74,21.5,58.5,4.3
2024-09-25,15,27.2,50.1,8.2,39,14.1,33.0,4.9
2024-09-25,16,27.8,54.3,7.6,39,10.6,21.7,4.4
2024-09-25,17,30.3,60.3,4.5,84,32.1,45.8,5.4
2024-09-25,18,32.6,45.3,8.9,106,22.6,43.4,3.1
2024-09-25,19,28.6,46.9,27.6,104,24.4,47.4,5.0
2024-09-25,20,27.0,44.4,35.4,88,14.6,49.7,3.5
2024-09-25,21,30.8,57.6,0.0,87,29.9,47.1,4.8
2024-09-25,22,38.1,42.9,7.9,42,15.3,21.7,4.3
2024-09-25,23,39.4,57.6,4.5,73,24.4,62.0,4.6
2024-09-25,24,34.8,52.0,7.8,39,7.5,20.6,3.8
2024-09-25,25,31.8,44.3,14.5,116,40.3,51.3,3.6
2024-09-25,26,26.4,54.0,6.1,83,14.9,44.2,4.9
2024-09-25,27,28.7,62.2,9.3,56,24.5,38.0,2.0
2024-09-25,28,25.6,70.5,17.6,53,23.2,42.8,5.4
2024-09-25,29,29.9,55.1,6.5,38,9.1,31.9,3.7
2024-09-25,30,33.6,60.2,0.3,32,9.7,12.7,5.9
2024-09-25,31,27.8,50.3,8.6,68,21.1,48.3,6.0
2024-09-25,32,33.1,49.5,8.0,86,25.8,40.5,4.0
2024-09-25,33,36.7,64.7,6.9,61,23.8,39.6,2.2
2024-09-25,34,25.7,67.1,6.9,67,24.1,28.6,4.9
2024-09-25,35,29.6,62.2,11.9,40,7.9,17.7,3.4
2024-09-26,1,25.6,51.0,7.1,84,36.3,31.0,5.4
2024-09-26,2,25.1,54.3,15.5,67,17.4,30.3,4.6
2024-09-26,3,29.4,64.3,27.6,65,20.6,54.4,3.4
2024-09-26,4,28.8,59.8,0.1,65,28.1,25.8,5.2
2024-09-26,5,27.3,50.2,16.3,76,33.7,61.0,3.2
2024-09-26,6,30.9,59.8,4.0,101,15.6,72.9,3.5
2024-09-26,7,28.3,63.8,39.8,43,8.0,29.0,5.6
2024-09-26,8,27.9,59.4,28.8,31,8.6,26.1,6.1
2024-09-26,9,28.2,60.1,3.0,74,14.7,39.5,5.6
2024-09-26,10,28.7,48.6,22.6,30,5.3,23.2,4.0
2024-09-26,11,36.2,55.6,8.3,127,49.2,78.7,5.0
2024-09-26,12,35.7,60.0,1.4,103,43.7,85.5,4.5
2024-09-26,13,37.4,61.6,1.9,69,13.0,26.9,5.7
2024-09-26,14,34.1,58.6,9.6,105,31.5,69.3,3.3
2024-09-26,15,27.0,49.5,19.0,29,9.2,12.4,5.2
2024-09-26,16,28.4,61.6,6.5,73,23.2,49.6,4.7
2024-09-26,17,30.7,58.2,9.7,65,11.7,43.1,5.5
2024-09-26,18,28.4,61.4,17.2,64,12.7,25.5,3.7
2024-09-26,19,26.5,54.8,14.7,51,8.9,18.2,5.6
2024-09-26,20,32.2,66.1,52.4,68,25.9,30.5,2.8
2024-09-26,21,33.5,68.9,1.6,79,28.7,55.7,5.1
2024-09-26,22,29.4,51.8,3.7,65,13.8,34.9,4.0
2024-09-26,23,36.8,49.8,4.2,60,12.7,41.1,2.7
2024-09-26,24,42.7,51.1,4.2,30,12.6,16.2,3.1
2024-09-26,25,30.9,47.8,4.9,98,34.2,46.2,4.1
2024-09-26,26,30.0,54.6,18.0,76,29.3,61.8,4.0
2024-09-26,27,27.8,53.4,17.8,86,20.1,31.1,4.3
2024-09-26,28,30.1,51.6,12.7,57,18.5,25.3,5.4
2024-09-26,29,30.0,71.2,5.2,48,12.2,20.4,4.9
2024-09-26,30,34.0,55.2,15.4,60,11.8,28.8,6.0
2024-09-26,31,27.6,50.3,13.9,39,9.4,31.3,7.2
2024-09-26,32,27.2,53.1,2.0,54,14.2,34.0,3.9
2024-09-26,33,30.5,58.3,4.8,73,12.4,39.9,3.0
2024-09-26,34,34.4,55.4,3.3,87,13.3,53.6,6.4
2024-09-26,35,31.3,61.1,41.9,44,18.7,24.6,3.7
2024-09-27,1,30.2,60.7,22.2,97,30.0,46.6,4.9
2024-09-27,2,25.0,52.8,7.1,88,16.3,48.1,4.0
2024-09-27,3,30.3,55.5,2.9,102,21.7,39.7,5.4
2024-09-27,4,29.6,66.3,5.0,55,16.7,44.5,5.1
2024-09-27,5,33.6,59.2,1.3,56,24.7,23.3,4.3
2024-09-27,6,30.9,69.7,6.3,70,17.2,53.5,3.5
2024-09-27,7,27.1,57.8,0.7,57,11.0,48.4,6.5
2024-09-27,8,26.4,48.2,107.3,60,9.1,21.8,4.9
2024-09-27,9,29.6,46.6,3.7,55,20.8,46.2,4.0
2024-09-27,10,26.8,47.4,0.0,29,5,18.6,3.8
2024-09-27,11,36.9,42.7,0.1,82,28.2,53.0,4.0
2024-09-27,12,31.9,54.3,19.8,82,13.8,59.4,3.8
2024-09-27,13,33.9,66.3,6.4,79,26.6,29.5,6.2
2024-09-27,14,33.6,53.1,4.5,123,30.8,89.5,2.6
2024-09-27,15,29.3,64.3,0.0,74,25.2,42.6,4.4
2024-09-27,16,31.4,49.8,17.6,74,11.4,55.7,3.9
2024-09-27,17,26.1,63.7,12.7,69,13.3,26.6,5.5
2024-09-27,18,32.3,57.0,3.4,101,28.9,57.8,3.5
2024-09-27,19,31.5,52.9,9.8,90,26.5,40.0,4.7
2024-09-27,20,31.1,62.1,5.1,79,19.8,44.4,3.8
2024-09-27,21,33.2,45.8,2.3,42,10.4,20.2,4.4
2024-09-27,22,38.0,43.8,7.9,96,40.6,60.6,4.4
2024-09-27,23,39.9,49.9,6.3,89,14.1,31.4,5.1
2024-09-27,24,34.0,53.9,0.0,33,13.6,16.8,4.3
2024-09-27,25,31.9,55.9,6.6,112,35.1,86.5,3.5
2024-09-27,26,30.1,50.8,0.1,62,27.7,45.1,5.1
2024-09-27,27,33.8,38.2,2.3,88,14.9,36.2,3.6
2024-09-27,28,31.5,63.0,9.7,59,15.3,47.6,6.0
2024-09-27,29,31.9,68.0,23.2,80,19.3,55.4,4.2
2024-09-27,30,27.1,49.3,0.0,38,7.9,31.9,6.4
2024-09-27,31,24.9,62.0,1.6,62,16.3,35.8,7.0
2024-09-27,32,31.1,59.3,3.0,91,38.5,76.9,3.5
2024-09-27,33,31.8,70.0,62.2,71,26.3,44.6,2.1
2024-09-27,34,38.0,48.1,32.6,72,12.8,50.6,5.9
2024-09-27,35,32.6,47.5,1.7,82,31.2,47.8,3.7
2024-09-28,1,28.0,79.0,38.7,46,19.1,24.7,4.4
2024-09-28,2,25.4,54.9,17.5,79,32.0,42.9,3.2
2024-09-28,3,30.2,41.0,0.1,87,36.9,45.2,3.6
2024-09-28,4,29.8,53.6,71.9,78,27.9,61.8,5.6
2024-09-28,5,26.5,58.8,4.6,39,10.6,22.4,4.8
2024-09-28,6,28.6,49.3,4.6,70,16.0,38.4,3.3
2024-09-28,7,28.6,56.1,15.5,20,5,11.6,5.7
2024-09-28,8,25.8,59.4,31.6,59,16.2,47.2,4.0
2024-09-28,9,33.1,60.4,18.8,47,10.8,30.9,5.2
2024-09-28,10,26.9,70.7,23.3,72,23.2,47.4,3.4
2024-09-28,11,36.0,50.6,19.6,116,33.3,97.8,4.6
2024-09-28,12,37.6,38.7,0.7,112,36.6,63.7,3.8
2024-09-28,13,38.1,51.4,1.5,98,42.6,38.8,5.3
2024-09-28,14,30.6,58.2,0.3,127,51.9,48.4,4.0
2024-09-28,15,26.4,59.0,1.1,70,12.4,37.9,4.6
2024-09-28,16,23.6,64.0,26.8,75,24.9,26.4,5.1
2024-09-28,17,33.2,36.0,38.4,60,14.0,26.4,5.8
2024-09-28,18,25.2,50.6,40.1,65,12.9,41.6,4.1
2024-09-28,19,30.3,68.3,23.4,70,14.4,28.9,4.7
2024-09-28,20,27.3,52.0,24.6,81,21.7,46.3,2.5
2024-09-28,21,30.3,74.1,3.0,49,21.9,27.6,4.2
2024-09-28,22,34.5,63.5,3.4,81,34.6,30.0,4.3
2024-09-28,23,36.4,55.5,1.3,63,21.7,35.0,3.9
2024-09-28,24,38.2,57.6,0.4,40,10.7,14.2,3.2
2024-09-28,25,30.1,59.1,8.3,98,24.7,36.7,3.4
2024-09-28,26,35.4,65.4,1.2,83,33.6,52.2,5.8
2024-09-28,27,28.7,57.8,11.5,110,36.3,90.2,4.3
2024-09-28,28,29.3,66.4,4.2,72,30.1,36.5,5.5
2024-09-28,29,28.7,59.3,2.3,63,25.9,28.7,5.2
2024-09-28,30,24.8,53.9,1.0,43,18.3,32.7,5.5
2024-09-28,31,27.7,56.9,5.9,24,5,10,6.4
2024-09-28,32,30.6,63.1,15.9,59,20.4,50.0,4.2
2024-09-28,33,27.9,55.8,2.3,63,16.7,48.0,2.3
2024-09-28,34,32.1,63.1,22.0,56,19.0,26.3,6.3
2024-09-28,35,29.6,62.1,9.9,40,12.8,16.6,3.9
2024-09-29,1,31.8,39.1,11.0,55,14.9,35.2,5.5
2024-09-29,2,28.9,52.2,13.7,69,13.1,29.6,5.8
2024-09-29,3,28.4,53.0,13.3,59,20.4,24.0,3.6
2024-09-29,4,30.2,47.4,4.7,79,30.0,48.8,5.1
2024-09-29,5,29.4,55.3,27.9,21,7.1,10.3,4.7
2024-09-29,6,28.8,54.0,4.8,101,23.9,51.4,3.6
2024-09-29,7,30.7,61.3,15.3,36,12.4,21.5,4.6
2024-09-29,8,24.1,69.8,1.9,60,24.1,27.5,5.1
2024-09-29,9,27.7,65.5,19.5,20,8.6,11.8,4.0
2024-09-29,10,28.2,55.3,1.5,66,20.7,56.0,2.8
2024-09-29,11,35.7,48.5,13.9,80,26.0,53.0,5.2
2024-09-29,12,31.0,65.3,1.2,85,18.0,54.3,3.7
2024-09-29,13,38.7,60.0,0.6,126,30.4,60.8,5.8
2024-09-29,14,38.9,61.3,2.7,78,22.4,62.7,3.2
2024-09-29,15,28.3,63.3,0.4,60,26.3,34.8,5.8
2024-09-29,16,29.4,50.3,12.1,75,14.3,56.3,4.6
2024-09-29,17,31.5,52.3,2.7,79,13.1,66.4,5.2
2024-09-29,18,30.7,72.9,7.3,51,8.7,34.0,4.5
2024-09-29,19,29.0,43.8,7.3,56,21.5,38.8,4.8
2024-09-29,20,30.1,61.8,2.2,95,21.0,34.2,4.3
2024-09-29,21,35.1,62.7,15.3,77,31.5,27.7,4.8
2024-09-29,22,32.5,45.6,1.1,50,9.4,37.2,4.9
2024-09-29,23,37.4,58.3,0.2,100,15.4,84.2,3.6
2024-09-29,24,42.9,50.0,8.5,58,19.7,41.4,2.8
2024-09-29,25,29.3,47.3,10.0,112,19.2,72.0,4.0
2024-09-29,26,31.0,68.5,11.2,79,31.2,33.3,5.8
2024-09-29,27,27.6,57.0,1.2,97,21.4,78.8,3.2
2024-09-29,28,30.5,66.3,13.7,68,17.1,24.5,7.4
2024-09-29,29,28.5,66.8,9.9,63,23.1,33.2,5.8
2024-09-29,30,23.8,58.7,71.5,67,26.9,56.5,5.2
2024-09-29,31,32.1,43.1,0.4,67,11.1,45.0,6.9
2024-09-29,32,24.2,56.6,0.3,73,16.0,41.7,3.6
2024-09-29,33,28.9,63.0,33.0,62,15.1,43.3,2.6
2024-09-29,34,25.6,59.3,5.2,50,15.3,37.8,5.5
2024-09-29,35,31.7,45.4,10.5,61,16.8,39.4,3.5
2024-09-30,1,25.0,55.1,11.7,83,23.8,63.1,4.7
2024-09-30,2,23.9,62.4,6.9,92,20.0,71.6,4.8
2024-09-30,3,32.2,74.9,46.5,91,37.5,75.7,3.9
2024-09-30,4,30.8,45.8,2.4,79,23.5,40.7,5.0
2024-09-30,5,27.2,66.3,40.9,76,32.5,30.7,4.3
2024-09-30,6,27.2,51.6,2.9,32,9.1,16.0,4.4
2024-09-30,7,26.5,61.4,6.3,71,25.2,40.4,4.7
2024-09-30,8,27.7,63.2,1.6,45,20.1,25.8,5.2
2024-09-30,9,28.2,67.9,3.2,69,22.9,36.4,4.3
2024-09-30,10,31.5,47.8,58.4,49,10.1,25.3,5.0
2024-09-30,11,33.9,60.6,6.1,140,59.7,66.2,5.3
2024-09-30,12,37.0,44.4,5.7,114,50.2,61.4,3.6
2024-09-30,13,31.8,63.1,1.4,155,63.0,87.1,5.6
2024-09-30,14,35.2,64.5,1.2,115,39.3,81.6,3.2
2024-09-30,15,31.3,53.8,2.0,73,17.9,31.3,5.2
2024-09-30,16,28.9,42.9,4.7,60,20.9,42.5,4.3
2024-09-30,17,28.6,49.9,5.3,39,8.0,19.8,5.7
2024-09-30,18,27.5,74.6,6.1,72,32.2,36.3,4.4
2024-09-30,19,30.2,49.7,19.1,87,18.8,56.9,5.4
2024-09-30,20,27.8,63.7,36.0,67,25.7,32.7,4.3
2024-09-30,21,38.3,43.0,3.2,97,21.9,78.4,4.9
2024-09-30,22,32.3,57.5,2.9,103,45.7,67.7,4.2
2024-09-30,23,29.4,52.4,1.8,66,16.8,30.3,4.3
2024-09-30,24,35.2,50.5,0.7,55,17.2,20.0,3.5
2024-09-30,25,30.7,67.0,3.9,119,37.7,58.2,3.5
2024-09-30,26,29.9,61.6,10.9,101,36.2,68.2,5.3
2024-09-30,27,30.3,54.0,6.7,87,15.7,58.9,3.5
2024-09-30,28,31.0,55.6,6.4,40,7.2,17.4,4.5
2024-09-30,29,30.5,69.1,7.2,81,28.7,47.6,5.2
2024-09-30,30,26.7,58.8,1.0,73,21.2,58.4,5.8
2024-09-30,31,24.8,60.7,28.1,22,8.7,11.6,6.6
2024-09-30,32,33.9,53.9,13.2,77,29.8,55.6,4.2
2024-09-30,33,31.3,61.0,21.0,66,25.9,32.4,2.4
2024-09-30,34,26.5,58.4,6.0,77,33.7,61.5,6.8
2024-09-30,35,30.9,53.9,23.2,77,28.9,48.4,3.2
2024-10-01,1,24.3,41.9,0.1,87,17.5,38.0,5.4
2024-10-01,2,21.5,47.1,1.6,97,42.1,42.3,5.5
2024-10-01,3,26.2,52.7,0.4,112,34.6,72.3,6.0
2024-10-01,4,20.1,55.2,4.9,104,41.3,56.0,5.9
2024-10-01,5,25.4,49.5,11.7,67,24.6,29.5,4.3
2024-10-01,6,26.0,40.6,2.7,85,26.2,50.5,5.1
2024-10-01,7,23.6,59.6,3.2,34,9.4,28.4,7.2
2024-10-01,8,27.9,43.5,0.2,79,28.5,28.7,6.4
2024-10-01,9,26.3,46.4,16.2,45,17.2,33.4,6.0
2024-10-01,10,27.1,51.3,0.4,51,18.1,30.7,4.7
2024-10-01,11,33.4,48.5,0.7,132,46.7,91.0,6.3
2024-10-01,12,29.9,47.5,0.1,136,40.6,51.2,4.8
2024-10-01,13,26.2,33.0,0.3,140,45.2,57.3,7.8
2024-10-01,14,29.8,43.4,1.0,119,31.9,95.5,4.4
2024-10-01,15,26.5,46.8,3.0,68,25.7,45.4,6.1
2024-10-01,16,28.3,56.0,8.1,98,23.4,57.8,5.5
2024-10-01,17,24.8,64.9,19.3,99,41.6,34.9,6.9
2024-10-01,18,28.0,59.5,1.5,92,35.3,69.3,4.9
2024-10-01,19,22.9,47.3,1.1,130,41.9,90.5,6.4
2024-10-01,20,25.9,57.3,14.6,101,30.7,71.5,5.1
2024-10-01,21,27.1,54.2,0.8,105,22.7,66.2,7.1
2024-10-01,22,28.1,61.7,0.4,73,17.2,55.6,5.2
2024-10-01,23,36.3,51.5,1.4,102,38.6,51.2,5.0
2024-10-01,24,27.6,51.4,1.3,112,34.0,90.1,4.9
2024-10-01,25,26.9,49.3,4.4,124,40.5,59.4,6.1
2024-10-01,26,23.3,44.5,0.8,141,33.8,55.9,5.9
2024-10-01,27,32.3,46.8,8.6,153,43.6,55.1,4.3
2024-10-01,28,25.9,50.6,4.7,103,44.0,84.4,6.8
2024-10-01,29,26.8,69.2,0.3,78,14.7,37.1,6.1
2024-10-01,30,26.6,40.8,10.8,70,20.9,41.1,7.6
2024-10-01,31,27.1,58.3,4.3,66,12.2,26.8,8.0
2024-10-01,32,21.4,44.1,3.9,84,32.3,67.9,5.0
2024-10-01,33,24.2,58.8,1.8,114,24.7,56.2,4.0
2024-10-01,34,29.5,33.1,7.7,108,33.2,48.5,6.8
2024-10-01,35,28.8,54.7,0.7,105,24.8,59.0,5.6
2024-10-02,1,26.5,54.5,1.4,100,44.2,70.2,6.2
2024-10-02,2,23.6,49.4,5.4,110,19.7,67.5,5.9
2024-10-02,3,24.4,59.2,1.3,63,17.8,39.1,6.1
2024-10-02,4,25.4,45.9,0.4,134,23.6,78.8,8.5
2024-10-02,5,26.3,65.3,1.1,118,22.2,96.3,4.0
2024-10-02,6,25.2,48.8,1.8,72,28.3,41.2,5.8
2024-10-02,7,29.2,50.8,8.6,68,13.4,35.1,6.6
2024-10-02,8,24.6,43.0,11.7,51,10.1,35.1,6.8
2024-10-02,9,23.8,40.2,19.4,93,14.5,42.9,5.8
2024-10-02,10,26.4,47.8,3.0,73,23.2,52.7,4.0
2024-10-02,11,25.9,32.4,2.4,112,24.4,42.3,5.8
2024-10-02,12,29.0,40.5,1.4,141,42.4,79.7,5.6
2024-10-02,13,29.5,48.3,1.1,112,37.7,55.6,6.7
2024-10-02,14,24.5,37.1,0.6,123,37.8,60.9,5.2
2024-10-02,15,20.8,61.0,1.4,129,43.1,72.1,6.1
2024-10-02,16,30.8,45.1,2.0,80,21.4,67.4,5.2
2024-10-02,17,26.3,64.0,2.8,101,16.7,54.5,6.4
2024-10-02,18,27.7,51.0,0.3,91,34.5,73.0,5.8
2024-10-02,19,24.4,60.2,1.7,74,22.2,51.9,6.5
2024-10-02,20,25.1,55.2,3.1,87,14.4,52.6,4.5
2024-10-02,21,30.6,52.4,0.6,104,24.3,42.5,6.2
2024-10-02,22,31.5,39.2,1.0,100,28.0,71.9,5.2
2024-10-02,23,38.6,50.3,0.4,48,8.5,30.9,5.9
2024-10-02,24,33.8,42.1,1.1,82,32.7,54.4,4.6
2024-10-02,25,22.5,46.6,3.1,130,56.3,61.3,4.5
2024-10-02,26,26.7,39.9,2.0,136,40.2,102.1,6.0
2024-10-02,27,26.7,38.7,2.2,99,34.0,80.1,5.1
2024-10-02,28,23.5,44.0,0.7,80,12.7,29.3,7.5
2024-10-02,29,24.1,64.5,3.9,86,24.4,69.0,6.7
2024-10-02,30,28.0,59.3,3.5,75,29.1,50.0,7.1
2024-10-02,31,25.8,49.4,1.8,84,32.6,34.7,8.0
2024-10-02,32,28.6,54.7,2.3,79,31.1,57.9,5.1
2024-10-02,33,30.5,51.4,2.2,88,27.0,70.9,3.8
2024-10-02,34,21.7,43.4,1.2,77,34.6,55.3,7.0
2024-10-02,35,25.8,54.4,6.6,89,21.4,56.3,4.5
2024-10-03,1,23.8,45.5,5.5,115,39.4,62.5,7.9
2024-10-03,2,26.2,63.2,7.4,91,34.4,60.0,6.0
2024-10-03,3,23.5,37.2,0.2,86,25.3,55.3,6.8
2024-10-03,4,26.4,44.9,3.0,61,25.3,37.2,6.9
2024-10-03,5,29.9,54.2,3.8,115,18.7,51.8,5.9
2024-10-03,6,24.9,31.9,1.3,110,16.9,41.6,4.1
2024-10-03,7,27.0,53.6,1.8,50,18.9,29.4,8.5
2024-10-03,8,25.9,53.3,3.1,24,8.7,16.0,6.3
2024-10-03,9,24.1,64.4,11.9,51,12.3,28.2,6.1
2024-10-03,10,24.4,47.9,3.2,88,17.5,38.3,4.5
2024-10-03,11,28.5,45.5,0.4,130,40.0,71.6,6.8
2024-10-03,12,28.6,58.0,8.9,148,65.2,87.9,6.1
2024-10-03,13,30.1,50.1,2.1,149,28.5,74.8,6.5
2024-10-03,14,27.0,55.5,0.9,147,59.9,60.0,4.5
2024-10-03,15,25.7,55.9,7.2,104,20.3,85.0,5.2
2024-10-03,16,27.3,50.4,8.7,105,44.1,44.0,5.6
2024-10-03,17,26.6,63.4,1.1,110,41.9,42.4,6.6
2024-10-03,18,26.8,61.7,0.3,86,28.6,30.4,5.8
2024-10-03,19,28.1,55.7,1.3,111,37.7,58.3,5.9
2024-10-03,20,30.1,60.4,1.5,47,9.3,27.5,3.9
2024-10-03,21,29.3,46.4,1.8,97,24.8,59.9,7.1
2024-10-03,22,29.4,49.7,1.5,90,38.3,44.2,6.5
2024-10-03,23,30.5,66.1,1.3,68,30.3,51.8,6.6
2024-10-03,24,37.2,45.7,0.5,136,35.1,76.0,5.1
2024-10-03,25,23.2,44.0,11.2,128,41.4,70.7,5.1
2024-10-03,26,32.1,45.4,1.8,111,35.4,65.4,7.0
2024-10-03,27,26.0,44.4,0.9,131,22.0,56.4,3.9
2024-10-03,28,28.7,49.1,0.3,102,27.4,39.9,6.7
2024-10-03,29,26.8,43.8,1.3,122,37.7,49.6,6.0
2024-10-03,30,23.8,51.1,11.3,88,22.1,46.3,7.3
2024-10-03,31,28.7,43.6,7.5,71,23.6,26.4,7.9
2024-10-03,32,18.6,65.6,0.5,51,22.6,36.0,4.3
2024-10-03,33,26.3,68.5,0.9,109,39.6,83.6,3.8
2024-10-03,34,24.9,50.9,14.4,88,25.6,33.3,7.1
2024-10-03,35,27.3,49.4,0.1,89,15.7,52.1,5.7
2024-10-04,1,23.2,51.1,17.6,52,10.0,40.9,5.8
2024-10-04,2,28.6,47.6,17.0,60,21.3,23.9,5.4
2024-10-04,3,23.8,48.8,4.7,89,19.2,73.0,5.7
2024-10-04,4,25.8,51.1,11.4,122,36.3,68.7,8.1
2024-10-04,5,27.8,44.3,1.5,83,34.5,67.0,5.1
2024-10-04,6,27.0,53.6,5.9,95,31.8,78.9,5.6
2024-10-04,7,23.7,52.9,18.9,72,31.9,26.5,7.5
2024-10-04,8,26.6,50.5,5.7,98,19.1,56.4,6.7
2024-10-04,9,31.6,51.4,2.4,22,9.3,11.6,6.5
2024-10-04,10,26.3,33.2,1.6,47,19.9,39.2,5.3
2024-10-04,11,29.9,39.3,0.3,154,45.1,101.5,6.9
2024-10-04,12,25.5,39.9,0.3,129,41.8,79.0,5.3
2024-10-04,13,32.2,40.5,6.3,130,30.6,84.4,6.5
2024-10-04,14,29.9,48.8,2.2,153,32.9,120.0,5.2
2024-10-04,15,25.3,39.9,13.6,105,23.4,72.9,6.9
2024-10-04,16,23.8,58.0,6.9,125,23.1,99.1,5.6
2024-10-04,17,20.9,44.0,4.2,99,16.8,42.4,6.6
2024-10-04,18,23.6,49.7,35.6,87,34.2,54.7,5.8
2024-10-04,19,26.5,63.5,13.9,68,14.7,52.0,6.0
2024-10-04,20,26.2,44.0,2.8,65,11.8,38.2,5.6
2024-10-04,21,31.0,42.7,0.2,60,25.6,32.2,6.0
2024-10-04,22,31.5,44.3,1.2,133,48.9,104.8,5.7
2024-10-04,23,30.5,60.3,1.6,91,34.2,65.3,5.6
2024-10-04,24,37.4,44.3,0.1,85,14.4,68.6,3.9
2024-10-04,25,22.8,49.1,10.8,126,51.2,75.1,5.3
2024-10-04,26,25.2,55.9,5.7,145,39.4,54.9,6.7
2024-10-04,27,27.0,53.7,0.3,139,61.6,104.0,4.9
2024-10-04,28,25.9,67.6,3.5,130,50.1,80.6,5.7
2024-10-04,29,28.3,38.2,5.4,118,25.8,100.1,7.6
2024-10-04,30,25.4,58.5,10.2,47,8.6,24.7,9.2
2024-10-04,31,30.5,49.5,4.7,72,27.1,52.2,7.3
2024-10-04,32,27.6,51.4,8.0,105,42.7,70.8,5.7
2024-10-04,33,29.7,55.2,9.9,107,42.6,81.4,5.1
2024-10-04,34,27.8,31.5,0.8,95,24.2,68.3,7.2
2024-10-04,35,30.1,48.5,19.4,109,26.1,53.5,5.3
2024-10-05,1,25.2,39.2,2.0,122,22.0,63.5,6.1
2024-10-05,2,24.9,57.2,11.2,103,15.6,77.1,6.3
2024-10-05,3,24.8,56.8,1.7,88,31.5,56.3,5.9
2024-10-05,4,27.1,61.6,2.4,60,10.6,21.3,6.6
2024-10-05,5,26.2,35.7,13.5,89,36.3,68.5,5.5
2024-10-05,6,25.4,50.3,13.6,88,38.4,40.2,5.0
2024-10-05,7,19.7,31.7,9.1,79,20.8,46.9,6.3
2024-10-05,8,24.9,43.3,1.4,29,5,12.2,6.4
2024-10-05,9,30.1,45.3,1.1,87,29.7,47.9,5.9
2024-10-05,10,25.7,62.8,7.4,52,9.7,28.8,5.1
2024-10-05,11,24.7,55.6,0.4,131,31.2,78.6,6.6
2024-10-05,12,31.5,49.5,1.8,121,22.3,44.8,4.6
2024-10-05,13,29.0,52.8,8.9,166,62.0,111.9,6.4
2024-10-05,14,26.6,40.9,2.7,135,22.8,111.7,5.3
2024-10-05,15,31.0,53.0,3.1,112,39.4,43.2,5.9
2024-10-05,16,24.0,39.8,0.5,82,16.6,53.6,6.0
2024-10-05,17,27.4,45.9,6.9,89,18.1,68.6,8.0
2024-10-05,18,21.5,51.2,20.1,130,41.7,50.1,6.0
2024-10-05,19,27.4,42.5,15.7,127,38.0,47.6,5.7
2024-10-05,20,29.8,60.6,6.2,91,25.3,50.4,5.8
2024-10-05,21,28.5,53.0,3.9,44,15.7,25.9,6.8
2024-10-05,22,32.8,44.2,3.8,121,36.5,79.7,5.6
2024-10-05,23,31.3,38.8,0.2,68,21.7,57.0,5.7
2024-10-05,24,30.1,42.8,0.4,78,26.3,55.3,3.9
2024-10-05,25,21.4,44.9,13.4,129,43.2,90.5,4.4
2024-10-05,26,29.1,51.6,13.7,141,41.9,75.1,7.6
2024-10-05,27,20.0,36.9,8.1,122,41.9,87.5,3.6
2024-10-05,28,28.3,47.5,5.0,77,23.5,59.9,6.6
2024-10-05,29,26.7,41.8,2.6,99,26.3,81.4,6.2
2024-10-05,30,27.2,38.3,1.7,64,25.3,35.6,7.9
2024-10-05,31,31.5,50.2,7.3,58,13.6,44.8,7.6
2024-10-05,32,26.4,32.2,0.7,81,23.0,46.3,3.7
2024-10-05,33,21.6,57.3,0.1,100,37.6,45.4,3.7
2024-10-05,34,24.9,56.2,1.5,86,37.7,64.5,7.2
2024-10-05,35,29.1,57.6,1.1,87,37.8,31.0,3.8
2024-10-06,1,24.5,47.5,3.8,102,42.1,49.4,6.7
2024-10-06,2,25.2,51.5,6.2,97,39.9,36.5,5.7
2024-10-06,3,22.8,55.3,3.4,76,15.1,45.6,6.1
2024-10-06,4,25.6,54.6,5.7,118,18.6,78.7,6.2
2024-10-06,5,25.6,51.5,1.9,97,31.5,57.0,5.4
2024-10-06,6,23.6,39.9,5.5,52,13.3,30.1,4.9
2024-10-06,7,24.2,45.8,1.1,87,24.6,45.5,7.9
2024-10-06,8,25.5,61.6,6.8,94,16.9,67.7,7.7
2024-10-06,9,28.3,56.9,2.9,47,16.2,25.3,6.1
2024-10-06,10,27.0,50.5,0.8,32,10.0,17.2,5.2
2024-10-06,11,27.0,43.1,1.1,140,53.5,94.0,6.3
2024-10-06,12,30.1,62.8,0.1,105,22.9,61.2,5.7
2024-10-06,13,30.4,31.9,0.1,122,41.9,97.7,6.8
2024-10-06,14,36.3,31.7,2.6,172,43.6,103.4,5.0
2024-10-06,15,20.6,47.5,19.3,88,33.4,64.7,7.7
2024-10-06,16,23.0,55.3,7.6,121,43.5,43.1,6.3
2024-10-06,17,27.9,50.7,0.2,115,43.8,50.2,6.5
2024-10-06,18,23.2,59.6,3.5,66,25.8,41.3,4.6
2024-10-06,19,24.9,49.1,12.3,89,34.3,54.5,4.5
2024-10-06,20,24.2,54.9,3.6,91,17.2,46.9,5.8
2024-10-06,21,27.0,57.8,0.5,106,30.6,71.7,5.7
2024-10-06,22,27.6,41.3,6.9,97,18.4,51.7,5.1
2024-10-06,23,32.5,44.1,1.5,129,21.5,76.2,5.7
2024-10-06,24,31.1,57.5,3.4,101,34.7,75.3,4.1
2024-10-06,25,30.2,57.3,3.4,141,61.7,64.1,4.2
2024-10-06,26,21.2,51.3,7.1,168,34.2,94.7,6.5
2024-10-06,27,21.8,42.9,1.3,143,60.8,106.3,4.1
2024-10-06,28,29.1,49.9,0.5,88,21.3,68.5,6.9
2024-10-06,29,28.7,50.4,11.5,47,16.7,28.2,6.3
2024-10-06,30,28.6,56.4,5.7,83,16.7,69.8,6.9
2024-10-06,31,21.6,55.0,1.7,57,15.9,28.5,7.8
2024-10-06,32,25.8,63.7,1.6,121,30.5,82.8,6.0
2024-10-06,33,27.6,53.0,8.5,111,36.4,80.1,2.8
2024-10-06,34,30.1,50.2,0.1,118,17.9,47.9,6.8
2024-10-06,35,26.0,47.3,5.9,83,32.2,38.7,5.5
2024-10-07,1,30.0,37.0,4.3,86,16.3,61.9,5.9
2024-10-07,2,20.5,44.6,0.6,88,32.1,52.9,4.6
2024-10-07,3,26.3,45.7,14.0,65,23.4,39.9,5.6
2024-10-07,4,23.1,49.2,16.5,74,24.1,53.2,7.5
2024-10-07,5,27.3,51.7,20.5,112,25.9,85.9,4.8
2024-10-07,6,24.8,53.0,8.1,93,36.4,77.5,5.1
2024-10-07,7,24.3,72.2,1.0,52,13.0,31.5,8.1
2024-10-07,8,20.3,53.7,4.0,89,33.2,41.9,6.3
2024-10-07,9,27.2,59.1,10.8,46,13.4,33.6,5.6
2024-10-07,10,27.4,55.1,0.2,30,8.7,16.7,4.9
2024-10-07,11,32.7,39.8,0.4,108,47.4,86.0,6.1
2024-10-07,12,33.2,43.6,1.3,145,58.0,62.9,5.9
2024-10-07,13,29.8,57.5,3.2,184,43.5,107.1,6.7
2024-10-07,14,23.9,47.1,2.7,164,59.8,72.3,5.0
2024-10-07,15,22.7,35.2,14.3,85,29.5,44.9,7.6
2024-10-07,16,25.0,53.0,4.8,101,43.5,76.6,6.1
2024-10-07,17,26.3,46.0,10.3,76,23.4,36.1,6.8
2024-10-07,18,27.8,53.1,1.5,98,38.0,78.5,5.7
2024-10-07,19,27.3,44.4,7.3,76,23.6,44.8,5.6
2024-10-07,20,19.2,41.5,9.2,133,27.3,101.0,5.8
2024-10-07,21,27.6,29.3,3.6,101,15.6,76.0,5.6
2024-10-07,22,26.8,51.1,0.5,46,9.2,35.2,6.5
2024-10-07,23,36.1,39.4,0.0,101,23.1,37.9,5.7
2024-10-07,24,35.0,41.5,0.3,77,25.7,45.1,5.6
2024-10-07,25,26.7,49.6,0.8,141,23.9,69.4,4.7
2024-10-07,26,28.7,44.5,1.5,172,65.2,118.9,5.4
2024-10-07,27,28.1,40.7,1.3,141,27.7,76.0,4.7
2024-10-07,28,26.7,48.8,16.0,106,24.4,47.4,6.5
2024-10-07,29,24.8,53.1,0.7,108,28.8,86.8,6.9
2024-10-07,30,29.1,61.1,5.5,70,26.0,27.6,8.4
2024-10-07,31,30.0,46.3,1.9,30,8.2,17.6,7.9
2024-10-07,32,28.8,29.3,0.9,97,18.7,41.6,5.7
2024-10-07,33,23.4,52.7,1.0,87,35.1,53.2,3.7
2024-10-07,34,27.6,47.8,3.7,102,15.8,77.8,7.3
2024-10-07,35,28.1,52.7,0.2,109,23.8,45.5,4.9
2024-10-08,1,25.9,62.3,16.3,92,33.8,37.0,6.1
2024-10-08,2,24.8,64.6,7.6,83,32.4,56.4,6.2
2024-10-08,3,22.9,64.8,5.3,80,18.3,64.3,5.1
2024-10-08,4,25.8,51.2,6.2,91,21.0,45.0,7.1
2024-10-08,5,23.6,58.1,14.4,111,19.0,69.6,5.2
2024-10-08,6,30.9,41.7,3.9,114,45.7,72.9,4.9
2024-10-08,7,27.8,37.8,2.5,76,18.7,48.3,7.7
2024-10-08,8,25.9,51.5,8.3,34,14.6,13.9,6.5
2024-10-08,9,27.0,45.8,13.7,66,28.7,27.2,6.3
2024-10-08,10,29.1,49.6,8.7,103,29.2,57.3,5.8
2024-10-08,11,22.6,41.0,2.4,142,41.0,59.9,6.3
2024-10-08,12,29.8,39.2,1.8,151,62.3,61.7,5.2
2024-10-08,13,32.4,42.4,0.2,142,41.5,68.1,6.9
2024-10-08,14,27.8,34.0,5.6,132,26.8,53.0,4.9
2024-10-08,15,29.7,39.7,16.7,102,28.7,59.2,5.6
2024-10-08,16,25.7,49.7,0.2,70,24.2,30.5,5.8
2024-10-08,17,25.4,47.1,8.0,80,17.9,67.8,6.1
2024-10-08,18,26.3,55.6,13.3,121,39.2,47.4,5.1
2024-10-08,19,27.0,42.1,29.6,124,34.7,86.1,6.1
2024-10-08,20,27.0,52.9,13.1,100,17.0,56.4,3.8
2024-10-08,21,24.8,44.6,0.1,158,34.3,130.9,6.1
2024-10-08,22,28.9,48.8,0.1,114,42.5,56.5,6.4
2024-10-08,23,29.5,58.4,1.7,105,40.2,55.3,4.0
2024-10-08,24,32.3,35.9,0.2,119,20.8,42.3,4.3
2024-10-08,25,30.8,41.5,1.9,136,38.9,70.8,4.7
2024-10-08,26,21.9,44.2,3.2,160,30.9,112.5,6.7
2024-10-08,27,26.6,63.1,0.6,110,26.2,83.4,5.0
2024-10-08,28,27.3,78.3,11.1,95,38.4,49.6,7.7
2024-10-08,29,29.0,47.6,5.7,87,28.8,73.1,5.4
2024-10-08,30,28.8,53.8,5.6,67,16.4,33.8,6.5
2024-10-08,31,26.5,52.2,19.9,77,15.0,47.0,8.6
2024-10-08,32,18.8,63.8,8.3,125,32.5,70.3,5.6
2024-10-08,33,20.1,44.7,2.5,69,20.7,35.9,3.5
2024-10-08,34,25.5,69.8,0.7,68,19.3,53.5,6.5
2024-10-08,35,29.8,39.5,6.8,103,27.7,83.5,5.6
2024-10-09,1,25.9,37.0,18.2,102,38.2,68.8,7.1
2024-10-09,2,25.8,50.6,11.9,88,33.1,63.9,5.9
2024-10-09,3,24.9,45.5,1.0,47,7.3,28.8,5.5
2024-10-09,4,19.9,58.4,1.0,66,23.8,40.4,6.4
2024-10-09,5,27.1,56.1,12.7,81,25.9,62.3,5.0
2024-10-09,6,25.4,65.7,12.7,96,33.8,79.8,5.5
2024-10-09,7,27.3,53.6,0.3,68,27.5,39.1,7.0
2024-10-09,8,23.6,53.9,2.2,62,27.5,43.3,7.9
2024-10-09,9,28.9,49.3,6.3,78,15.5,41.0,6.5
2024-10-09,10,23.8,44.1,13.8,67,24.7,33.8,4.9
2024-10-09,11,30.8,47.5,6.0,156,47.1,95.8,5.1
2024-10-09,12,30.6,55.8,1.3,144,36.0,103.6,5.7
2024-10-09,13,26.9,42.6,0.1,126,31.1,80.4,8.2
2024-10-09,14,29.2,45.5,1.3,139,38.8,94.9,5.8
2024-10-09,15,25.5,50.9,6.6,116,37.9,67.9,6.0
2024-10-09,16,25.0,50.4,30.5,113,22.9,42.9,5.3
2024-10-09,17,25.4,45.5,12.9,70,26.5,38.8,7.6
2024-10-09,18,27.0,40.0,9.4,87,36.7,57.4,5.2
2024-10-09,19,30.3,46.5,14.1,117,25.9,77.9,6.9
2024-10-09,20,26.6,39.2,16.8,103,20.2,60.6,4.5
2024-10-09,21,28.5,61.1,2.1,94,29.5,40.1,6.3
2024-10-09,22,29.8,41.4,2.0,98,17.2,78.4,6.2
2024-10-09,23,37.3,38.8,0.0,63,21.9,50.5,5.8
2024-10-09,24,28.5,58.2,0.1,101,41.2,84.2,4.6
2024-10-09,25,19.2,61.7,5.1,151,45.7,89.8,5.3
2024-10-09,26,23.7,39.1,4.3,136,57.1,56.6,6.1
2024-10-09,27,25.7,35.4,6.3,133,21.2,102.0,4.4
2024-10-09,28,26.4,42.6,2.8,80,35.9,52.2,6.9
2024-10-09,29,25.3,54.3,0.3,80,25.2,64.2,6.2
2024-10-09,30,28.4,53.4,6.6,53,10.8,29.1,8.0
2024-10-09,31,28.6,58.0,2.8,68,12.9,30.1,7.8
2024-10-09,32,27.1,66.5,1.0,132,27.9,106.1,5.7
2024-10-09,33,27.0,58.1,7.6,89,14.2,48.7,4.2
2024-10-09,34,25.7,55.5,0.3,83,34.1,68.3,7.3
2024-10-09,35,23.7,61.7,1.0,86,24.7,64.2,5.8
2024-10-10,1,25.5,54.4,1.4,118,24.4,78.0,6.7
2024-10-10,2,24.1,47.7,3.6,81,32.6,42.5,5.3
2024-10-10,3,21.2,62.3,0.9,94,41.4,78.6,5.4
2024-10-10,4,24.2,53.7,13.7,86,32.0,36.8,6.6
2024-10-10,5,26.0,38.6,15.8,117,22.4,89.5,4.9
2024-10-10,6,28.9,62.5,14.8,93,28.7,47.0,6.0
2024-10-10,7,21.7,60.7,9.4,80,32.7,39.7,8.0
2024-10-10,8,26.0,45.6,36.4,94,27.8,74.5,7.3
2024-10-10,9,25.7,46.1,20.2,77,27.1,50.1,5.1
2024-10-10,10,25.2,45.1,9.5,81,24.2,61.8,5.0
2024-10-10,11,32.1,63.2,1.6,157,54.1,73.7,6.0
2024-10-10,12,27.4,49.5,0.6,162,46.8,70.7,6.0
2024-10-10,13,29.8,50.8,3.4,128,52.4,56.8,6.3
2024-10-10,14,23.8,51.8,1.1,107,31.8,54.3,4.4
2024-10-10,15,26.0,48.0,22.7,122,39.1,74.3,7.2
2024-10-10,16,27.7,59.0,1.1,113,35.9,50.8,5.1
2024-10-10,17,24.6,52.1,5.1,61,22.9,34.0,7.0
2024-10-10,18,24.4,47.6,9.7,101,37.4,75.6,5.7
2024-10-10,19,27.9,58.1,4.1,72,13.8,43.7,5.0
2024-10-10,20,25.5,41.0,20.4,79,15.1,59.4,3.6
2024-10-10,21,29.2,60.8,0.6,76,14.8,36.1,6.4
2024-10-10,22,24.3,58.8,2.6,92,18.6,48.6,5.8
2024-10-10,23,37.5,42.6,0.1,106,28.8,82.2,7.0
2024-10-10,24,40.2,51.1,3.4,61,10.8,36.3,4.3
2024-10-10,25,27.5,57.6,2.6,169,37.2,102.9,5.1
2024-10-10,26,23.6,53.2,2.1,161,64.7,106.8,5.6
2024-10-10,27,22.9,50.5,8.6,136,22.9,91.7,5.6
2024-10-10,28,29.7,61.4,7.1,117,23.8,51.2,6.3
2024-10-10,29,27.1,49.9,1.5,78,29.2,64.2,6.1
2024-10-10,30,25.0,42.3,6.5,51,21.9,40.4,7.5
2024-10-10,31,26.9,50.0,5.7,70,20.9,32.3,7.8
2024-10-10,32,26.4,44.3,7.6,78,17.8,59.4,5.1
2024-10-10,33,22.5,37.7,9.6,76,29.9,46.4,3.1
2024-10-10,34,26.7,55.7,1.8,84,23.0,37.6,7.9
2024-10-10,35,29.3,51.8,3.2,124,21.4,59.8,4.9
2024-10-11,1,24.8,67.1,13.5,53,21.1,33.3,5.5
2024-10-11,2,27.0,65.0,1.1,95,20.5,40.8,5.8
2024-10-11,3,27.6,41.1,10.8,108,41.6,57.2,5.8
2024-10-11,4,24.4,57.9,5.1,100,24.2,42.1,7.6
2024-10-11,5,28.4,54.7,9.6,111,37.7,42.2,4.3
2024-10-11,6,25.6,45.3,1.6,115,29.7,47.0,5.1
2024-10-11,7,24.9,40.0,1.7,26,6.7,14.2,7.1
2024-10-11,8,25.7,56.1,4.9,59,15.8,24.0,7.0
2024-10-11,9,25.0,41.2,11.8,74,32.3,49.3,7.0
2024-10-11,10,25.6,57.4,13.4,25,5.7,16.8,5.7
2024-10-11,11,25.5,36.2,0.6,112,20.1,53.5,5.5
2024-10-11,12,25.1,38.6,2.2,142,62.4,51.3,4.7
2024-10-11,13,37.8,36.2,1.1,115,25.9,69.2,6.7
2024-10-11,14,33.8,56.6,0.5,171,67.0,114.0,5.5
2024-10-11,15,24.2,52.2,1.6,72,19.4,38.5,6.2
2024-10-11,16,25.9,50.9,6.5,94,25.7,76.0,6.3
2024-10-11,17,28.4,66.0,3.6,104,19.4,36.4,6.6
2024-10-11,18,28.5,53.6,10.5,117,21.3,77.0,5.7
2024-10-11,19,30.6,51.4,9.1,116,50.0,87.1,6.3
2024-10-11,20,25.2,36.9,17.0,76,14.4,41.1,5.1
2024-10-11,21,35.9,40.3,0.2,124,18.9,102.4,6.5
2024-10-11,22,30.8,58.6,0.6,85,31.3,41.0,6.3
2024-10-11,23,25.7,50.6,0.7,108,39.0,82.3,5.5
2024-10-11,24,28.1,52.3,0.3,105,31.3,56.4,4.1
2024-10-11,25,29.3,48.9,13.0,155,65.3,93.4,5.8
2024-10-11,26,25.9,46.6,2.4,141,29.4,85.3,6.8
2024-10-11,27,16.1,48.5,2.0,132,44.2,59.5,4.1
2024-10-11,28,31.1,60.2,1.7,124,23.8,83.5,7.4
2024-10-11,29,28.7,62.2,2.2,112,29.7,53.0,6.9
2024-10-11,30,28.6,56.1,26.3,38,5.9,16.6,7.0
2024-10-11,31,22.5,47.5,15.3,52,18.1,43.9,7.8
2024-10-11,32,32.0,54.7,14.0,79,17.7,34.6,5.0
2024-10-11,33,22.1,58.1,0.4,76,14.4,33.2,3.2
2024-10-11,34,22.3,51.8,4.9,80,20.0,28.9,6.7
2024-10-11,35,26.9,59.4,16.4,111,31.8,39.0,5.0
2024-10-12,1,32.9,42.8,7.3,79,23.0,62.4,7.0
2024-10-12,2,26.3,50.6,5.0,93,25.8,46.5,6.1
2024-10-12,3,25.3,62.7,1.7,78,17.4,41.5,4.9
2024-10-12,4,24.0,48.0,4.3,86,13.1,65.2,7.7
2024-10-12,5,25.1,59.5,10.5,103,22.5,68.4,5.4
2024-10-12,6,23.8,43.2,7.0,51,18.2,39.0,5.3
2024-10-12,7,25.8,47.3,2.6,87,38.0,34.7,6.7
2024-10-12,8,29.4,50.4,1.6,56,19.6,45.1,7.1
2024-10-12,9,25.8,43.1,3.7,87,37.8,66.9,7.2
2024-10-12,10,26.5,49.5,3.6,52,19.1,32.0,6.5
2024-10-12,11,28.0,44.5,5.0,135,34.0,70.4,6.6
2024-10-12,12,28.4,53.8,1.1,168,65.3,73.4,6.1
2024-10-12,13,29.9,37.7,1.9,129,39.0,46.0,7.0
2024-10-12,14,24.9,55.8,1.6,142,41.8,73.2,5.5
2024-10-12,15,24.2,35.8,4.3,110,40.2,86.4,6.7
2024-10-12,16,25.5,53.8,0.1,81,21.2,38.2,6.2
2024-10-12,17,21.9,52.0,6.7,137,24.3,93.0,6.1
2024-10-12,18,28.0,39.8,2.1,86,36.5,68.7,6.0
2024-10-12,19,26.9,48.3,2.9,121,24.4,61.6,7.1
2024-10-12,20,24.9,62.6,13.5,111,17.6,76.2,4.1
2024-10-12,21,30.5,47.6,0.9,101,39.2,74.8,6.6
2024-10-12,22,25.9,51.5,0.2,98,18.7,64.9,6.0
2024-10-12,23,35.2,50.9,0.5,95,24.2,73.7,5.7
2024-10-12,24,26.8,45.5,0.8,127,21.0,84.3,3.7
2024-10-12,25,25.5,43.3,1.8,142,37.4,67.3,5.1
2024-10-12,26,23.9,46.2,7.8,139,50.2,104.6,6.4
2024-10-12,27,33.0,34.5,3.1,151,25.9,97.2,3.8
2024-10-12,28,27.6,57.1,7.4,141,35.8,85.9,6.7
2024-10-12,29,26.5,51.0,0.1,83,35.4,44.7,6.6
2024-10-12,30,23.7,52.5,12.7,95,36.3,41.2,7.7
2024-10-12,31,24.1,54.1,3.0,63,19.7,25.4,7.1
2024-10-12,32,27.3,40.0,2.0,87,27.5,57.4,5.7
2024-10-12,33,24.2,45.0,3.5,98,42.6,47.0,5.1
2024-10-12,34,23.5,49.8,8.2,126,35.0,82.2,7.8
2024-10-12,35,31.7,52.1,1.1,91,21.0,42.8,6.2
2024-10-13,1,17.7,53.7,7.8,67,11.3,51.3,7.5
2024-10-13,2,22.5,55.2,8.0,85,17.3,58.5,4.3
2024-10-13,3,25.3,46.0,4.3,113,35.8,86.7,4.7
2024-10-13,4,23.1,57.1,9.0,96,38.6,60.8,7.3
2024-10-13,5,25.7,47.1,10.9,72,28.3,30.3,4.1
2024-10-13,6,26.1,56.8,1.8,65,19.1,54.4,6.0
2024-10-13,7,24.8,54.0,10.2,66,11.2,51.3,7.8
2024-10-13,8,27.3,53.3,4.7,66,24.7,46.9,6.3
2024-10-13,9,27.2,48.9,9.6,22,8.2,17.0,6.6
2024-10-13,10,26.6,68.6,5.2,61,18.3,21.4,5.1
2024-10-13,11,31.4,51.2,2.1,107,36.8,63.8,5.3
2024-10-13,12,26.0,55.1,1.1,119,51.7,61.4,5.0
2024-10-13,13,32.1,45.6,3.0,141,56.7,118.1,6.7
2024-10-13,14,27.8,50.1,0.4,134,57.9,56.0,5.6
2024-10-13,15,25.3,49.5,1.9,93,28.9,42.3,7.1
2024-10-13,16,27.4,54.7,10.2,111,27.1,93.2,6.8
2024-10-13,17,22.2,59.4,1.5,68,23.5,44.4,5.7
2024-10-13,18,26.8,54.4,4.0,100,24.0,50.6,5.9
2024-10-13,19,27.4,53.4,1.4,107,21.5,79.3,6.3
2024-10-13,20,23.7,54.6,15.6,65,23.0,25.4,4.6
2024-10-13,21,26.9,51.2,1.1,131,25.3,69.5,6.7
2024-10-13,22,27.7,45.3,0.4,71,23.2,56.2,6.8
2024-10-13,23,30.2,46.9,0.1,101,40.3,76.2,4.3
2024-10-13,24,29.9,37.3,0.2,68,21.6,29.4,4.0
2024-10-13,25,29.9,59.3,0.9,164,25.3,57.9,4.8
2024-10-13,26,22.8,49.4,3.3,90,17.0,72.4,6.1
2024-10-13,27,24.8,60.5,1.7,112,44.8,92.8,4.2
2024-10-13,28,25.6,47.5,10.3,98,36.6,60.9,8.0
2024-10-13,29,28.8,58.6,6.2,128,27.0,100.9,7.7
2024-10-13,30,27.5,40.6,5.8,91,33.4,36.6,6.7
2024-10-13,31,25.6,51.6,6.4,62,20.3,37.8,7.8
2024-10-13,32,26.2,55.5,24.6,90,31.4,60.5,5.4
2024-10-13,33,26.1,40.8,0.9,96,37.2,44.8,3.6
2024-10-13,34,30.1,47.9,7.8,86,24.9,72.7,6.9
2024-10-13,35,26.7,48.0,3.2,70,11.3,37.0,4.2
2024-10-14,1,25.1,46.3,26.9,93,40.8,61.2,6.9
2024-10-14,2,24.8,49.6,20.9,101,25.2,53.5,5.1
2024-10-14,3,22.4,52.2,2.8,98,37.5,38.6,5.5
2024-10-14,4,24.2,59.2,1.5,111,32.1,39.9,7.2
2024-10-14,5,22.4,58.6,1.4,133,24.9,82.2,5.8
2024-10-14,6,25.2,61.3,2.3,89,32.0,47.8,4.9
2024-10-14,7,24.6,42.8,2.0,76,30.8,34.4,6.7
2024-10-14,8,24.6,44.1,5.1,56,21.2,36.6,6.3
2024-10-14,9,27.6,39.6,27.0,67,26.0,54.6,5.5
2024-10-14,10,24.6,55.6,12.0,78,16.5,32.1,5.3
2024-10-14,11,31.8,44.3,2.0,175,50.8,108.4,6.3
2024-10-14,12,31.1,56.3,0.0,132,34.0,72.3,4.9
2024-10-14,13,32.6,40.0,0.3,146,59.9,119.8,6.9
2024-10-14,14,33.0,56.6,0.6,158,50.1,129.8,5.6
2024-10-14,15,22.8,36.2,0.4,95,41.8,78.0,5.5
2024-10-14,16,21.7,39.0,1.3,106,41.9,69.6,6.1
2024-10-14,17,21.7,53.0,1.8,100,42.4,55.2,6.6
2024-10-14,18,30.9,34.5,18.6,125,41.4,60.4,6.1
2024-10-14,19,19.0,42.8,11.8,76,27.4,46.4,6.6
2024-10-14,20,24.1,51.2,4.5,79,20.0,60.8,5.4
2024-10-14,21,30.0,48.6,0.6,111,45.7,42.9,5.4
2024-10-14,22,29.3,52.1,0.0,102,28.8,82.1,7.0
2024-10-14,23,35.7,54.9,0.2,89,31.5,41.4,5.3
2024-10-14,24,33.5,48.6,1.0,82,29.0,60.8,5.1
2024-10-14,25,24.0,58.5,1.0,173,39.0,100.4,5.4
2024-10-14,26,26.2,51.3,0.1,123,21.6,81.4,7.8
2024-10-14,27,26.8,38.0,2.8,151,38.6,63.4,4.4
2024-10-14,28,29.8,51.2,1.9,117,25.2,69.1,7.6
2024-10-14,29,27.2,66.9,0.1,100,31.2,62.4,6.9
2024-10-14,30,23.0,53.6,3.4,82,12.4,40.5,8.2
2024-10-14,31,30.5,47.1,14.1,80,22.9,58.3,7.3
2024-10-14,32,24.8,49.9,1.3,107,46.1,56.9,5.4
2024-10-14,33,19.3,43.3,2.9,59,20.5,23.4,4.7
2024-10-14,34,27.2,25.9,2.4,87,29.6,34.3,7.0
2024-10-14,35,30.3,53.0,3.2,87,24.8,48.8,4.2
2024-10-15,1,24.6,52.2,10.5,101,29.0,62.1,6.5
2024-10-15,2,27.0,54.0,1.1,74,23.6,31.2,5.6
2024-10-15,3,26.3,38.9,9.1,68,14.8,41.4,4.2
2024-10-15,4,26.1,49.7,1.3,72,15.3,59.6,6.6
2024-10-15,5,21.8,45.6,4.4,54,13.0,40.4,4.7
2024-10-15,6,29.0,48.2,13.6,94,30.0,48.5,5.6
2024-10-15,7,26.7,42.9,0.7,112,48.8,89.9,7.4
2024-10-15,8,25.4,47.6,8.0,87,28.9,49.7,6.1
2024-10-15,9,22.1,46.5,9.3,112,49.9,79.9,5.3
2024-10-15,10,28.4,59.4,23.7,85,35.8,41.2,4.9
2024-10-15,11,36.2,60.3,0.8,115,40.6,80.5,5.8
2024-10-15,12,29.9,46.9,1.2,162,57.6,77.5,5.3
2024-10-15,13,28.4,52.0,1.0,101,24.2,57.2,7.1
2024-10-15,14,28.3,43.2,1.3,119,23.6,88.2,2.9
2024-10-15,15,22.3,53.2,6.7,77,20.5,55.6,6.9
2024-10-15,16,27.6,47.3,11.3,83,31.1,39.7,7.0
2024-10-15,17,25.1,55.5,12.5,65,11.3,23.6,7.5
2024-10-15,18,24.6,53.3,6.1,129,23.6,100.8,5.3
2024-10-15,19,29.5,72.2,4.5,85,15.1,40.6,5.7
2024-10-15,20,28.6,48.4,0.9,94,15.4,39.5,4.1
2024-10-15,21,34.7,54.7,8.0,54,21.8,35.6,5.9
2024-10-15,22,28.1,46.9,1.1,104,32.5,65.3,6.9
2024-10-15,23,33.0,49.1,0.4,110,31.4,77.2,5.7
2024-10-15,24,31.6,51.0,1.3,83,34.3,40.9,4.3
2024-10-15,25,20.4,31.3,5.2,128,20.9,81.8,5.4
2024-10-15,26,27.9,44.3,4.2,149,41.0,119.3,7.0
2024-10-15,27,29.9,51.3,0.1,77,27.3,36.2,4.3
2024-10-15,28,27.4,53.4,8.8,111,49.7,76.6,7.2
2024-10-15,29,32.6,52.4,1.8,115,28.8,94.3,6.8
2024-10-15,30,28.6,64.4,9.1,50,10.2,22.5,7.7
2024-10-15,31,28.2,61.7,1.3,71,17.8,33.3,8.2
2024-10-15,32,26.0,59.8,8.0,57,17.9,37.2,4.2
2024-10-15,33,25.2,51.5,0.4,112,32.2,54.9,3.9
2024-10-15,34,18.2,59.6,1.5,105,23.4,55.5,7.5
2024-10-15,35,31.6,47.8,4.2,86,14.8,47.8,5.3
2024-10-16,1,30.7,43.3,16.0,108,46.7,77.1,6.2
2024-10-16,2,28.2,57.4,1.5,103,18.4,60.3,7.2
2024-10-16,3,27.2,48.8,0.5,102,30.8,51.4,5.7
2024-10-16,4,27.2,63.4,6.6,97,25.1,61.2,8.0
2024-10-16,5,29.9,44.9,0.1,133,51.1,53.0,4.9
2024-10-16,6,27.7,48.1,1.5,81,27.3,60.0,6.2
2024-10-16,7,26.1,48.8,1.0,76,29.6,36.9,7.0
2024-10-16,8,23.7,44.3,2.0,89,30.3,50.2,7.5
2024-10-16,9,27.4,50.3,46.9,75,26.6,55.4,6.8
2024-10-16,10,23.2,54.3,4.4,94,29.9,44.7,4.8
2024-10-16,11,24.8,47.0,0.4,143,32.9,66.7,5.6
2024-10-16,12,29.0,47.9,4.6,166,49.2,74.9,6.2
2024-10-16,13,27.3,55.7,4.4,156,54.2,118.6,6.4
2024-10-16,14,29.9,73.9,8.1,130,49.9,78.3,5.3
2024-10-16,15,28.7,46.8,21.0,112,25.6,83.5,5.3
2024-10-16,16,23.8,38.4,0.7,106,27.2,78.1,6.3
2024-10-16,17,26.2,58.8,3.1,78,26.5,52.2,6.5
2024-10-16,18,23.8,55.7,17.2,100,34.6,81.9,5.0
2024-10-16,19,26.2,50.1,2.9,100,34.9,79.4,5.3
2024-10-16,20,28.0,51.3,7.7,116,50.0,70.7,5.8
2024-10-16,21,24.4,44.5,1.8,122,47.1,53.4,7.0
2024-10-16,22,32.0,50.7,1.0,84,31.0,32.4,6.5
2024-10-16,23,30.5,35.9,2.0,128,27.1,48.4,5.9
2024-10-16,24,36.3,50.8,0.2,76,13.8,33.6,3.8
2024-10-16,25,24.1,45.7,5.5,128,52.8,86.9,5.2
2024-10-16,26,26.8,41.6,0.4,130,32.4,74.5,8.2
2024-10-16,27,22.4,38.2,6.2,123,42.0,96.8,3.7
2024-10-16,28,22.0,49.6,2.8,117,19.1,47.0,8.2
2024-10-16,29,27.3,45.5,15.3,79,29.0,30.1,6.8
2024-10-16,30,27.4,54.9,1.7,90,20.9,33.7,7.5
2024-10-16,31,24.4,50.4,12.7,51,20.3,20.1,8.3
2024-10-16,32,26.3,42.5,1.4,70,25.6,55.2,5.3
2024-10-16,33,27.6,41.7,0.0,86,15.8,31.4,2.9
2024-10-16,34,29.4,70.0,2.4,65,12.2,32.8,7.0
2024-10-16,35,26.8,66.3,3.4,92,38.6,41.9,5.0
2024-10-17,1,28.5,54.7,17.1,136,51.1,69.7,6.6
2024-10-17,2,27.2,50.5,1.7,91,20.8,72.7,6.3
2024-10-17,3,27.0,54.2,5.0,89,22.3,57.8,4.4
2024-10-17,4,27.9,64.5,1.6,109,16.4,40.5,7.5
2024-10-17,5,28.0,48.7,11.8,82,31.6,63.0,5.5
2024-10-17,6,27.1,65.2,1.6,101,18.3,77.3,6.5
2024-10-17,7,24.3,47.7,14.2,70,26.3,35.4,6.9
2024-10-17,8,26.6,45.6,14.4,90,21.5,38.4,8.0
2024-10-17,9,23.9,60.7,34.3,67,10.6,54.4,4.8
2024-10-17,10,26.0,44.9,0.2,71,27.0,41.6,5.6
2024-10-17,11,30.7,50.4,0.3,158,68.3,81.4,6.5
2024-10-17,12,27.9,41.8,4.8,150,36.2,118.2,4.0
2024-10-17,13,33.2,48.8,5.0,147,41.8,99.5,5.7
2024-10-17,14,29.8,58.9,0.2,157,52.7,125.3,5.2
2024-10-17,15,26.3,58.9,1.3,103,23.4,51.6,7.4
2024-10-17,16,25.5,47.9,7.8,92,40.5,71.9,5.6
2024-10-17,17,22.9,39.8,8.0,94,20.5,52.8,7.9
2024-10-17,18,27.0,54.0,12.9,76,29.8,61.6,5.4
2024-10-17,19,27.9,47.6,4.8,78,16.5,54.1,5.2
2024-10-17,20,29.2,42.5,7.4,84,30.5,36.2,5.2
2024-10-17,21,27.4,46.4,6.4,93,23.6,64.8,5.5
2024-10-17,22,24.7,50.0,1.8,97,30.3,59.1,6.9
2024-10-17,23,31.2,45.3,0.1,89,25.2,59.3,5.0
2024-10-17,24,29.6,42.4,1.3,86,16.0,69.7,4.4
2024-10-17,25,25.5,34.8,2.0,141,52.7,110.4,5.0
2024-10-17,26,25.2,43.4,1.4,188,73.4,86.0,6.4
2024-10-17,27,22.2,49.3,10.0,152,35.5,73.5,4.5
2024-10-17,28,24.9,38.5,1.3,109,20.4,62.9,6.3
2024-10-17,29,25.8,69.1,10.7,127,38.8,60.3,7.2
2024-10-17,30,27.3,35.2,4.9,89,26.8,69.7,6.9
2024-10-17,31,25.2,64.0,40.7,56,15.6,34.0,8.1
2024-10-17,32,29.6,41.9,4.4,44,13.1,21.4,4.8
2024-10-17,33,23.3,40.2,0.6,78,30.0,33.5,4.1
2024-10-17,34,23.3,54.6,6.7,135,41.0,97.6,6.5
2024-10-17,35,22.9,58.3,0.4,140,58.7,101.7,5.0
2024-10-18,1,29.6,49.7,17.9,98,31.6,59.0,7.1
2024-10-18,2,19.4,42.7,0.1,93,31.6,76.6,5.7
2024-10-18,3,26.6,42.8,9.7,69,17.3,40.3,6.1
2024-10-18,4,26.9,50.0,5.7,107,28.6,66.3,6.1
2024-10-18,5,27.2,46.6,8.6,83,15.7,47.4,5.7
2024-10-18,6,28.6,40.5,1.1,89,30.1,71.9,4.8
2024-10-18,7,29.6,57.9,2.7,44,14.7,37.2,6.7
2024-10-18,8,29.2,55.7,5.3,90,24.9,36.2,6.4
2024-10-18,9,26.7,46.7,6.2,64,18.6,26.4,6.5
2024-10-18,10,24.6,43.4,18.3,85,30.5,51.0,4.5
2024-10-18,11,31.7,40.3,0.8,116,46.8,54.8,6.8
2024-10-18,12,32.5,47.1,3.4,109,35.9,56.1,5.2
2024-10-18,13,28.7,44.7,0.6,125,40.9,90.2,6.4
2024-10-18,14,25.6,60.4,2.0,140,60.9,75.8,4.1
2024-10-18,15,27.2,40.1,9.5,82,13.5,61.0,6.9
2024-10-18,16,25.5,58.9,1.7,80,33.8,48.8,6.9
2024-10-18,17,22.6,52.5,6.9,119,48.3,63.7,6.3
2024-10-18,18,28.8,58.3,11.8,82,25.9,55.6,6.4
2024-10-18,19,25.4,38.6,23.7,119,50.6,41.7,7.0
2024-10-18,20,25.5,62.8,0.2,87,17.2,73.2,4.7
2024-10-18,21,27.9,45.6,0.9,104,36.8,46.1,5.3
2024-10-18,22,26.7,46.0,3.0,90,25.2,41.2,6.9
2024-10-18,23,41.4,33.0,0.5,80,16.1,44.6,4.4
2024-10-18,24,37.7,43.4,0.2,85,32.9,44.6,4.6
2024-10-18,25,22.9,37.4,1.4,124,22.5,44.0,5.1
2024-10-18,26,30.1,47.2,3.6,117,46.1,79.4,6.0
2024-10-18,27,18.2,42.1,6.3,86,37.5,40.9,3.7
2024-10-18,28,25.1,59.4,0.2,125,46.6,72.8,7.3
2024-10-18,29,27.5,61.9,8.6,82,25.4,47.6,6.0
2024-10-18,30,30.4,36.4,0.9,94,29.2,59.1,8.2
2024-10-18,31,24.4,61.6,20.9,47,12.3,32.9,8.1
2024-10-18,32,23.7,55.9,3.0,85,32.4,54.3,5.4
2024-10-18,33,26.0,45.9,1.2,77,27.2,63.2,4.0
2024-10-18,34,24.9,44.4,1.2,99,38.5,68.9,7.2
2024-10-18,35,28.4,51.0,13.0,80,30.7,41.4,5.2
2024-10-19,1,19.8,62.7,6.7,93,20.5,54.5,5.7
2024-10-19,2,27.2,44.6,2.9,102,42.4,56.2,5.8
2024-10-19,3,26.8,54.1,6.3,72,27.9,52.8,5.9
2024-10-19,4,28.8,55.8,5.2,126,29.4,95.7,6.6
2024-10-19,5,28.3,50.9,14.6,75,25.1,28.6,4.2
2024-10-19,6,25.6,49.4,2.2,71,23.7,51.0,4.8
2024-10-19,7,29.0,51.5,19.6,80,25.1,54.9,6.9
2024-10-19,8,26.8,60.4,40.9,70,31.5,51.5,7.3
2024-10-19,9,27.9,58.4,9.1,52,18.5,40.7,6.0
2024-10-19,10,24.7,50.6,1.6,30,10.3,21.0,6.0
2024-10-19,11,29.4,53.4,0.2,145,52.9,85.5,6.5
2024-10-19,12,26.9,48.9,1.6,152,53.2,97.3,5.4
2024-10-19,13,22.8,50.7,7.6,124,28.1,87.4,8.3
2024-10-19,14,28.8,36.2,5.9,118,47.0,44.2,5.1
2024-10-19,15,26.0,45.1,8.5,89,26.6,63.3,6.3
2024-10-19,16,24.8,48.8,15.4,62,20.1,34.0,6.3
2024-10-19,17,21.0,57.5,5.0,70,16.1,41.0,7.7
2024-10-19,18,21.8,47.1,5.5,75,27.9,38.9,5.5
2024-10-19,19,22.9,49.3,9.3,128,53.9,60.7,5.1
2024-10-19,20,23.2,52.8,4.9,102,39.7,77.7,4.7
2024-10-19,21,34.0,38.8,0.3,86,19.7,31.5,6.9
2024-10-19,22,28.9,38.8,1.2,89,14.7,52.2,6.6
2024-10-19,23,36.6,51.5,0.5,70,19.9,33.8,5.3
2024-10-19,24,34.7,44.6,2.0,76,16.3,49.4,3.5
2024-10-19,25,27.6,54.6,5.2,118,23.4,61.1,5.3
2024-10-19,26,27.0,52.9,6.0,115,24.5,89.1,7.0
2024-10-19,27,23.4,33.4,1.6,124,39.5,59.6,3.7
2024-10-19,28,26.6,35.2,4.1,94,21.1,64.3,7.2
2024-10-19,29,23.0,51.3,5.0,108,26.9,48.9,5.8
2024-10-19,30,27.2,60.1,3.3,51,19.6,18.1,7.8
2024-10-19,31,23.6,74.4,3.1,80,18.5,42.3,8.3
2024-10-19,32,26.3,55.5,1.8,136,32.4,99.7,4.6
2024-10-19,33,24.4,66.1,3.3,83,17.3,46.2,5.0
2024-10-19,34,27.7,41.9,0.5,81,34.5,32.9,6.2
2024-10-19,35,26.5,46.1,7.0,82,33.7,39.0,4.7
2024-10-20,1,18.3,47.0,3.3,118,20.6,98.9,6.6
2024-10-20,2,23.6,33.9,7.4,109,32.5,87.1,5.1
2024-10-20,3,28.7,54.7,17.4,104,30.3,48.6,5.6
2024-10-20,4,20.9,52.6,11.0,71,11.9,35.4,7.5
2024-10-20,5,22.4,49.5,8.2,84,34.0,34.7,5.3
2024-10-20,6,27.3,37.4,4.7,107,16.3,53.3,5.4
2024-10-20,7,29.2,48.3,11.6,93,32.3,35.3,7.1
2024-10-20,8,27.4,55.9,7.4,80,14.9,53.3,6.0
2024-10-20,9,26.5,52.7,3.9,89,36.6,57.8,7.3
2024-10-20,10,24.4,63.5,3.6,72,12.1,42.2,4.6
2024-10-20,11,29.2,28.8,1.5,161,45.1,84.9,6.1
2024-10-20,12,33.8,53.4,1.4,152,56.7,67.7,4.8
2024-10-20,13,26.6,49.1,3.9,114,47.5,54.0,7.3
2024-10-20,14,26.2,48.4,1.4,149,23.9,123.7,4.9
2024-10-20,15,21.9,43.0,32.2,113,28.6,59.1,7.2
2024-10-20,16,21.1,53.8,7.3,160,67.8,87.6,5.7
2024-10-20,17,27.5,47.4,13.8,123,37.8,45.6,7.3
2024-10-20,18,31.0,48.9,14.8,70,20.0,52.3,5.2
2024-10-20,19,33.0,53.8,1.4,83,31.6,54.8,5.6
2024-10-20,20,20.5,44.1,19.9,81,30.6,47.4,4.3
2024-10-20,21,24.7,47.8,9.4,83,13.1,54.3,6.6
2024-10-20,22,24.9,61.6,4.6,106,21.7,48.5,6.2
2024-10-20,23,35.0,56.8,0.5,105,33.0,50.2,5.1
2024-10-20,24,28.4,63.6,2.3,41,10.1,24.8,4.8
2024-10-20,25,23.6,55.4,1.5,164,44.0,64.3,4.3
2024-10-20,26,25.6,37.6,8.3,135,34.3,87.1,6.9
2024-10-20,27,27.4,51.5,6.8,125,32.5,66.4,3.9
2024-10-20,28,26.8,67.8,11.3,125,50.8,58.1,6.2
2024-10-20,29,26.5,61.6,0.0,78,23.2,49.5,7.1
2024-10-20,30,25.9,42.0,6.2,93,41.3,41.1,6.5
2024-10-20,31,26.9,73.7,17.3,99,17.4,59.3,7.2
2024-10-20,32,21.5,41.9,1.8,87,17.0,45.4,5.2
2024-10-20,33,26.5,53.0,4.7,117,41.2,66.4,5.1
2024-10-20,34,23.1,38.1,21.1,100,35.1,67.1,7.8
2024-10-20,35,27.7,58.9,0.3,104,34.6,70.6,4.7
2024-10-21,1,26.6,56.7,3.8,105,17.0,84.6,6.2
2024-10-21,2,28.6,48.1,9.5,122,35.2,103.1,6.3
2024-10-21,3,23.7,33.7,18.4,74,13.8,46.1,6.1
2024-10-21,4,28.7,62.3,25.2,90,24.9,43.4,6.1
2024-10-21,5,25.2,52.5,6.6,50,7.7,35.6,6.1
2024-10-21,6,26.1,48.4,2.3,65,25.5,45.8,4.2
2024-10-21,7,25.6,54.9,1.7,34,13.4,17.2,8.0
2024-10-21,8,25.4,37.2,5.6,51,13.3,26.4,6.0
2024-10-21,9,25.8,40.9,16.5,61,26.4,45.7,5.4
2024-10-21,10,27.3,58.8,0.8,97,29.8,71.8,5.4
2024-10-21,11,31.9,59.6,1.0,137,27.3,92.9,5.5
2024-10-21,12,33.4,52.4,0.5,133,24.6,49.4,5.9
2024-10-21,13,30.1,38.8,0.3,122,39.3,53.6,7.2
2024-10-21,14,31.2,45.0,0.6,111,25.7,49.8,5.2
2024-10-21,15,25.7,52.9,10.0,134,23.3,92.3,6.8
2024-10-21,16,28.1,45.9,0.7,115,44.5,70.5,5.8
2024-10-21,17,22.5,61.3,3.2,80,19.5,60.7,6.8
2024-10-21,18,24.1,47.8,2.3,120,32.1,83.8,6.1
2024-10-21,19,27.2,56.6,5.2,78,12.4,41.4,4.8
2024-10-21,20,26.7,50.3,22.6,65,19.3,32.7,5.3
2024-10-21,21,34.4,41.3,0.6,103,16.2,67.6,6.5
2024-10-21,22,31.0,47.5,1.2,96,32.6,52.1,5.7
2024-10-21,23,36.0,43.2,1.1,126,53.0,86.8,5.7
2024-10-21,24,33.9,47.0,1.6,87,19.5,52.8,3.9
2024-10-21,25,27.0,47.1,1.2,125,36.6,87.1,5.5
2024-10-21,26,29.1,65.0,5.7,99,23.7,78.2,5.9
2024-10-21,27,26.6,50.6,0.4,124,36.7,94.5,4.3
2024-10-21,28,26.4,58.1,8.8,118,49.3,86.3,6.3
2024-10-21,29,26.0,31.3,7.1,91,17.8,47.5,6.2
2024-10-21,30,25.9,41.8,7.2,70,24.8,32.5,7.6
2024-10-21,31,26.2,49.2,1.4,63,20.7,38.3,8.2
2024-10-21,32,31.1,49.6,2.0,70,10.9,39.5,5.1
2024-10-21,33,25.4,53.8,3.7,71,17.0,30.9,3.8
2024-10-21,34,28.1,54.6,1.5,48,15.6,37.3,7.6
2024-10-21,35,23.2,51.9,7.8,49,12.3,31.1,5.7
2024-10-22,1,23.9,55.8,14.9,121,52.4,84.6,5.8
2024-10-22,2,24.6,40.0,4.1,98,18.7,42.7,6.0
2024-10-22,3,25.8,38.6,5.5,115,20.8,55.9,5.2
2024-10-22,4,24.4,54.9,6.4,101,17.9,39.8,7.3
2024-10-22,5,27.4,52.7,5.7,64,25.3,41.6,6.3
2024-10-22,6,24.2,33.4,10.4,92,25.1,60.4,5.1
2024-10-22,7,22.9,51.5,6.1,71,29.9,49.4,8.3
2024-10-22,8,26.3,56.7,0.1,80,29.6,60.4,6.7
2024-10-22,9,25.3,63.8,1.2,87,28.4,33.4,5.0
2024-10-22,10,23.9,56.0,17.8,65,16.9,43.1,4.9
2024-10-22,11,27.4,36.2,3.6,123,44.8,46.7,5.5
2024-10-22,12,27.0,47.6,6.0,121,51.7,83.8,5.6
2024-10-22,13,28.2,50.5,3.8,116,31.0,42.1,7.0
2024-10-22,14,32.0,44.9,2.6,130,28.2,100.9,5.3
2024-10-22,15,26.5,69.3,5.3,63,18.5,34.1,7.0
2024-10-22,16,25.4,48.6,2.6,65,28.5,51.6,5.9
2024-10-22,17,22.8,50.1,4.1,115,24.1,59.8,6.7
2024-10-22,18,24.2,48.9,13.6,90,27.7,35.5,5.6
2024-10-22,19,28.1,46.6,7.0,103,37.2,45.7,5.9
2024-10-22,20,25.5,45.6,32.2,121,53.9,54.0,6.6
2024-10-22,21,29.0,40.9,2.3,143,48.9,77.0,6.7
2024-10-22,22,26.6,40.4,5.5,79,17.2,31.6,5.8
2024-10-22,23,34.9,59.9,0.6,87,26.9,42.3,6.3
2024-10-22,24,30.5,36.2,0.8,73,28.4,39.1,4.0
2024-10-22,25,28.5,51.5,1.8,133,39.0,67.0,4.4
2024-10-22,26,29.3,25.9,0.3,124,52.0,57.4,7.2
2024-10-22,27,25.5,68.6,5.0,122,47.3,72.5,4.7
2024-10-22,28,28.3,67.4,3.5,111,33.7,54.0,7.3
2024-10-22,29,27.4,43.2,0.8,20,5.6,15.4,6.5
2024-10-22,30,25.2,43.3,10.0,36,8.4,27.4,9.1
2024-10-22,31,28.5,46.4,10.8,64,16.8,23.4,8.2
2024-10-22,32,24.7,43.3,2.8,113,21.1,54.7,4.0
2024-10-22,33,23.3,60.1,4.9,78,16.0,61.0,3.7
2024-10-22,34,28.7,36.7,6.0,97,17.4,82.1,8.8
2024-10-22,35,23.3,41.1,11.6,87,36.4,67.1,5.1
2024-10-23,1,23.1,59.5,3.8,74,25.3,44.1,6.5
2024-10-23,2,28.9,46.8,1.3,128,50.5,52.8,6.7
2024-10-23,3,23.8,50.8,32.8,115,32.9,60.3,4.2
2024-10-23,4,26.9,49.2,2.7,77,14.4,49.6,6.9
2024-10-23,5,25.3,52.0,1.9,96,35.3,66.4,4.2
2024-10-23,6,26.5,58.5,11.2,105,20.8,49.2,4.8
2024-10-23,7,24.0,44.3,9.2,73,17.5,27.3,7.0
2024-10-23,8,28.9,64.0,6.4,57,25.0,30.0,7.5
2024-10-23,9,28.3,45.3,4.0,51,21.5,31.4,6.3
2024-10-23,10,24.6,49.2,0.5,82,19.0,59.0,4.2
2024-10-23,11,27.6,51.8,3.4,96,24.1,68.8,5.8
2024-10-23,12,31.6,47.4,0.2,133,29.9,86.3,5.9
2024-10-23,13,31.7,57.8,0.7,153,23.2,128.7,7.9
2024-10-23,14,28.9,58.1,0.3,122,49.0,100.0,5.0
2024-10-23,15,23.1,51.3,8.8,105,39.3,78.4,5.3
2024-10-23,16,25.1,41.2,5.6,120,44.1,89.2,6.1
2024-10-23,17,27.3,45.6,0.9,41,13.6,21.0,7.0
2024-10-23,18,27.6,62.1,0.6,49,16.8,20.2,4.9
2024-10-23,19,30.2,43.7,0.4,113,44.9,59.8,6.0
2024-10-23,20,23.5,46.7,0.3,63,19.6,50.6,5.7
2024-10-23,21,25.5,45.1,1.5,39,11.2,22.1,6.5
2024-10-23,22,31.5,43.6,3.2,125,32.9,51.1,6.6
2024-10-23,23,29.3,53.9,0.1,109,30.8,49.3,5.4
2024-10-23,24,30.7,55.7,0.3,103,34.9,60.6,4.8
2024-10-23,25,24.9,56.7,2.1,150,30.2,72.3,4.1
2024-10-23,26,24.7,51.8,5.2,151,22.8,126.7,6.5
2024-10-23,27,30.3,54.5,16.3,146,46.5,58.6,3.8
2024-10-23,28,27.8,62.4,1.2,45,17.4,27.0,6.6
2024-10-23,29,27.2,41.0,5.8,106,31.1,50.7,5.9
2024-10-23,30,27.7,53.8,17.5,80,31.5,35.5,8.2
2024-10-23,31,28.2,42.7,7.6,34,5.4,27.1,8.8
2024-10-23,32,27.3,54.9,1.4,105,30.1,40.8,5.4
2024-10-23,33,25.8,47.3,0.5,83,14.8,63.7,4.8
2024-10-23,34,28.6,52.4,0.5,74,16.9,35.5,8.9
2024-10-23,35,34.5,66.1,1.5,112,42.9,91.8,4.7
2024-10-24,1,23.9,48.3,3.4,91,18.2,54.1,6.7
2024-10-24,2,27.0,54.3,7.1,83,26.4,41.9,6.0
2024-10-24,3,28.6,48.2,0.7,106,24.0,57.0,5.8
2024-10-24,4,24.8,49.0,0.7,91,20.1,48.2,6.4
2024-10-24,5,26.1,53.6,2.8,119,20.4,100.6,5.3
2024-10-24,6,19.4,47.0,8.1,91,19.2,47.4,5.4
2024-10-24,7,25.1,52.2,1.6,77,15.9,43.4,7.6
2024-10-24,8,25.6,57.3,2.0,59,13.0,48.4,7.1
2024-10-24,9,19.4,53.0,11.8,45,15.5,21.8,6.2
2024-10-24,10,28.3,44.2,1.8,69,25.3,42.1,4.2
2024-10-24,11,32.3,48.9,0.7,102,42.2,41.5,6.0
2024-10-24,12,26.6,44.0,0.8,152,35.5,92.3,5.3
2024-10-24,13,28.8,40.2,2.5,103,23.4,69.4,7.5
2024-10-24,14,30.0,40.5,2.9,169,61.3,92.2,4.3
2024-10-24,15,24.1,43.4,22.5,99,40.3,75.4,7.0
2024-10-24,16,23.2,52.9,3.5,122,46.1,101.6,4.6
2024-10-24,17,25.1,48.4,17.4,99,17.0,41.5,6.5
2024-10-24,18,25.6,50.7,5.0,96,42.2,46.5,5.5
2024-10-24,19,24.5,46.7,1.9,90,22.2,69.5,6.3
2024-10-24,20,23.9,53.4,13.0,67,24.6,27.3,4.8
2024-10-24,21,29.6,35.7,1.0,115,20.2,58.3,5.5
2024-10-24,22,29.5,46.2,0.2,61,9.4,40.2,6.0
2024-10-24,23,35.2,28.4,0.2,58,23.9,30.1,6.2
2024-10-24,24,29.0,44.7,1.4,127,23.7,86.6,4.2
2024-10-24,25,25.6,57.9,2.3,149,60.1,58.5,4.6
2024-10-24,26,30.6,47.6,1.3,184,75.9,99.0,5.9
2024-10-24,27,27.4,56.0,1.4,97,33.4,50.8,3.1
2024-10-24,28,32.1,54.3,10.1,111,18.6,46.3,6.5
2024-10-24,29,27.4,55.8,4.6,110,26.8,86.8,5.9
2024-10-24,30,24.4,45.4,19.5,71,16.5,56.9,8.0
2024-10-24,31,28.8,57.5,0.1,81,16.7,38.6,8.0
2024-10-24,32,27.1,49.7,1.6,101,34.5,61.8,5.2
2024-10-24,33,20.3,48.2,4.9,77,18.0,48.8,4.2
2024-10-24,34,30.6,49.7,2.3,84,25.6,53.9,8.4
2024-10-24,35,27.5,42.4,0.3,85,14.5,66.7,5.4
2024-10-25,1,26.6,62.6,14.6,103,21.3,66.1,6.6
2024-10-25,2,30.3,54.6,0.7,126,37.6,57.7,5.6
2024-10-25,3,24.0,38.0,6.8,107,35.6,43.2,5.6
2024-10-25,4,28.1,64.9,0.3,118,20.1,84.4,7.4
2024-10-25,5,29.5,41.1,30.7,114,44.5,45.2,5.7
2024-10-25,6,27.1,43.2,21.1,88,26.2,74.5,4.9
2024-10-25,7,24.4,50.3,1.8,47,19.4,28.8,5.7
2024-10-25,8,27.0,54.1,22.6,87,26.7,73.6,5.2
2024-10-25,9,23.4,44.2,3.4,56,16.9,40.2,5.7
2024-10-25,10,30.7,46.1,2.8,69,14.6,50.3,5.0
2024-10-25,11,34.6,47.4,1.5,165,26.1,74.2,5.3
2024-10-25,12,29.2,47.0,2.4,146,34.4,93.4,5.0
2024-10-25,13,28.8,52.8,1.3,97,40.9,71.6,6.9
2024-10-25,14,23.6,42.2,2.1,175,39.9,136.8,5.7
2024-10-25,15,28.4,35.3,1.1,101,15.6,36.9,6.1
2024-10-25,16,28.2,42.9,4.6,113,25.6,56.7,5.9
2024-10-25,17,23.9,45.3,2.9,108,47.6,90.6,6.9
2024-10-25,18,25.2,44.2,5.8,98,17.0,40.5,4.8
2024-10-25,19,22.6,58.9,7.9,113,35.8,72.8,5.8
2024-10-25,20,25.1,41.3,7.7,109,48.1,45.6,4.8
2024-10-25,21,30.2,44.6,0.1,105,46.5,37.9,6.2
2024-10-25,22,29.5,33.6,8.9,92,30.2,50.2,5.8
2024-10-25,23,33.0,61.2,1.8,93,37.0,56.6,5.5
2024-10-25,24,27.4,60.1,0.2,57,24.7,25.4,4.2
2024-10-25,25,23.3,43.2,1.9,143,28.7,63.6,5.0
2024-10-25,26,21.1,50.5,3.5,133,22.7,73.1,6.9
2024-10-25,27,26.9,43.3,12.5,127,31.7,55.3,4.7
2024-10-25,28,28.8,43.3,2.6,73,31.8,26.6,7.0
2024-10-25,29,28.8,57.9,3.5,97,40.4,61.7,5.9
2024-10-25,30,22.5,49.5,10.3,27,5.0,19.9,8.0
2024-10-25,31,21.0,44.2,3.1,48,17.2,35.5,8.5
2024-10-25,32,25.5,42.2,2.5,77,31.6,28.9,5.2
2024-10-25,33,23.6,60.9,10.8,109,27.1,74.8,4.1
2024-10-25,34,23.5,51.6,2.4,86,29.9,72.2,7.5
2024-10-25,35,28.3,48.0,3.6,132,40.0,69.9,5.9
2024-10-26,1,23.7,49.5,7.2,96,32.9,52.3,7.2
2024-10-26,2,25.5,49.4,3.6,106,34.1,42.9,5.2
2024-10-26,3,26.2,51.3,7.5,120,53.7,72.7,6.5
2024-10-26,4,28.8,45.9,17.2,70,13.9,56.6,6.7
2024-10-26,5,28.9,38.2,6.0,119,35.4,84.0,5.5
2024-10-26,6,27.1,58.9,13.1,121,43.5,102.6,4.9
2024-10-26,7,27.2,63.2,13.9,87,32.0,49.5,6.2
2024-10-26,8,25.6,45.3,3.0,52,16.4,36.2,6.8
2024-10-26,9,24.6,52.0,5.8,68,20.2,31.5,5.9
2024-10-26,10,26.7,53.8,0.2,63,20.6,30.9,5.0
2024-10-26,11,28.8,40.3,1.5,112,39.0,63.7,5.7
2024-10-26,12,25.3,55.6,1.1,139,60.8,92.4,5.2
2024-10-26,13,29.4,39.1,0.8,115,38.7,85.9,6.7
2024-10-26,14,28.5,57.4,3.2,135,50.7,92.6,4.1
2024-10-26,15,28.7,42.7,8.3,68,21.2,41.0,6.5
2024-10-26,16,26.3,52.8,4.8,128,44.7,86.1,5.9
2024-10-26,17,29.3,49.4,4.6,141,50.3,91.0,7.9
2024-10-26,18,27.5,44.6,26.5,107,33.7,90.9,5.8
2024-10-26,19,29.4,60.2,0.4,69,19.0,37.6,6.1
2024-10-26,20,26.3,51.9,19.7,107,43.9,42.8,4.0
2024-10-26,21,28.1,50.9,1.3,142,50.9,65.6,5.9
2024-10-26,22,23.5,34.3,1.2,90,15.9,33.8,6.5
2024-10-26,23,31.2,43.9,3.0,137,20.8,82.0,6.5
2024-10-26,24,36.7,59.9,1.6,104,44.8,45.4,3.8
2024-10-26,25,28.9,53.9,2.7,151,24.0,105.3,4.3
2024-10-26,26,25.5,48.7,9.9,154,37.7,117.4,7.8
2024-10-26,27,29.0,46.5,6.1,117,37.8,49.7,3.9
2024-10-26,28,25.9,53.2,18.0,93,15.9,53.9,6.1
2024-10-26,29,27.3,41.6,2.9,92,26.4,70.6,7.1
2024-10-26,30,22.2,50.4,5.5,45,13.0,33.2,7.4
2024-10-26,31,25.7,59.1,7.4,86,29.9,33.2,8.3
2024-10-26,32,28.7,40.8,1.9,89,29.0,65.0,4.7
2024-10-26,33,27.3,60.9,1.8,88,30.0,63.8,4.7
2024-10-26,34,26.4,47.0,0.9,84,14.1,52.3,8.4
2024-10-26,35,27.9,45.6,4.6,102,16.1,36.6,3.4
2024-10-27,1,26.9,46.6,4.5,75,19.8,31.8,6.8
2024-10-27,2,23.9,46.3,0.1,104,23.2,61.1,6.1
2024-10-27,3,25.7,42.0,4.7,93,28.6,60.4,5.5
2024-10-27,4,27.0,60.3,28.1,60,26.4,24.7,6.7
2024-10-27,5,28.7,53.0,6.5,102,43.5,49.8,6.3
2024-10-27,6,23.6,43.3,7.6,123,19.6,69.5,5.0
2024-10-27,7,27.5,53.6,0.2,72,24.7,56.5,6.8
2024-10-27,8,25.2,63.7,1.1,46,7.8,21.4,7.0
2024-10-27,9,25.2,42.4,1.5,70,21.3,53.8,6.8
2024-10-27,10,21.2,39.3,21.2,53,9.7,36.2,6.0
2024-10-27,11,23.6,57.7,3.7,157,44.1,78.5,4.6
2024-10-27,12,26.7,38.9,2.3,147,41.6,118.4,5.0
2024-10-27,13,28.9,60.2,0.2,169,67.2,66.6,7.0
2024-10-27,14,27.7,51.2,1.6,118,24.1,80.8,4.6
2024-10-27,15,26.0,29.5,2.2,96,27.0,62.9,6.6
2024-10-27,16,25.8,49.3,11.1,113,18.3,60.0,4.9
2024-10-27,17,27.3,32.0,19.6,83,36.9,53.9,7.3
2024-10-27,18,27.1,33.3,17.0,42,8.5,27.8,4.6
2024-10-27,19,22.7,44.5,0.8,62,23.3,39.3,5.5
2024-10-27,20,24.2,40.8,7.8,72,29.3,39.2,4.9
2024-10-27,21,29.2,47.0,7.4,101,30.5,59.1,5.0
2024-10-27,22,28.9,41.5,1.7,63,26.6,37.4,5.0
2024-10-27,23,28.4,50.8,0.5,48,8.0,26.3,5.6
2024-10-27,24,33.3,51.2,0.4,128,36.6,70.6,3.6
2024-10-27,25,23.3,46.1,0.2,160,71.4,106.3,5.6
2024-10-27,26,26.2,50.0,5.0,152,54.1,116.7,6.0
2024-10-27,27,24.8,50.6,3.3,133,56.8,112.2,5.5
2024-10-27,28,26.7,55.3,1.1,92,16.7,54.0,6.8
2024-10-27,29,27.1,62.0,2.6,93,28.2,49.9,5.7
2024-10-27,30,29.2,46.7,23.9,63,10.2,53.2,7.8
2024-10-27,31,24.3,68.9,0.3,56,14.0,41.5,7.5
2024-10-27,32,25.7,48.4,1.1,86,28.8,51.3,5.1
2024-10-27,33,22.1,64.4,3.9,86,36.4,61.7,3.3
2024-10-27,34,27.7,41.4,8.2,62,10.4,35.1,7.6
2024-10-27,35,24.9,42.7,11.7,63,24.0,29.1,4.3
2024-10-28,1,29.8,42.6,3.2,111,36.6,76.0,6.5
2024-10-28,2,23.5,46.9,2.2,121,47.9,93.3,6.0
2024-10-28,3,30.1,50.7,6.3,91,22.9,38.5,4.9
2024-10-28,4,27.8,48.7,2.9,114,36.0,53.2,6.9
2024-10-28,5,26.5,66.0,17.8,82,20.8,51.2,5.5
2024-10-28,6,27.5,53.3,30.4,63,23.6,48.5,4.4
2024-10-28,7,26.2,55.9,5.8,66,18.7,33.8,6.6
2024-10-28,8,26.4,48.0,0.3,81,14.9,49.3,6.0
2024-10-28,9,26.0,34.8,9.2,20,5,10,5.3
2024-10-28,10,25.7,44.2,4.1,85,30.4,58.3,5.5
2024-10-28,11,26.6,50.9,2.2,153,56.7,54.9,4.4
2024-10-28,12,31.3,52.0,0.7,156,65.7,65.3,5.8
2024-10-28,13,32.9,63.0,0.8,145,42.8,61.5,6.0
2024-10-28,14,34.0,58.6,2.0,149,23.1,124.7,4.1
2024-10-28,15,28.8,50.2,5.1,103,17.8,65.0,7.2
2024-10-28,16,24.6,46.4,1.3,110,29.6,66.5,6.6
2024-10-28,17,28.7,46.2,12.0,97,19.8,34.9,6.5
2024-10-28,18,26.5,61.4,2.5,87,37.5,45.1,6.1
2024-10-28,19,22.1,54.2,2.5,102,28.2,70.6,6.2
2024-10-28,20,23.0,51.0,10.5,98,19.0,36.5,5.0
2024-10-28,21,34.9,38.4,0.5,76,19.7,34.2,6.0
2024-10-28,22,29.8,53.2,1.2,98,31.8,49.1,6.4
2024-10-28,23,35.5,41.4,0.1,93,21.4,39.0,5.6
2024-10-28,24,26.5,38.9,1.8,83,16.7,52.6,5.3
2024-10-28,25,24.1,40.7,3.7,127,21.1,88.5,4.1
2024-10-28,26,28.3,53.1,8.8,163,41.5,76.1,5.7
2024-10-28,27,29.3,48.7,3.3,126,47.5,74.7,4.5
2024-10-28,28,28.0,63.3,6.1,113,46.1,70.8,7.6
2024-10-28,29,27.9,56.6,0.4,114,19.0,96.1,6.6
2024-10-28,30,27.7,44.1,7.9,30,6.9,13.6,7.0
2024-10-28,31,24.4,46.4,4.0,89,20.7,32.5,8.1
2024-10-28,32,25.8,57.8,0.4,120,36.7,42.0,4.3
2024-10-28,33,27.6,36.6,2.0,96,25.1,43.6,3.9
2024-10-28,34,26.8,51.0,3.8,86,21.6,40.8,6.8
2024-10-28,35,26.0,42.3,4.7,97,18.2,70.5,4.8
2024-10-29,1,25.3,36.9,8.3,127,21.4,68.4,6.9
2024-10-29,2,25.4,53.3,1.1,101,17.9,47.4,5.4
2024-10-29,3,22.1,39.3,5.0,74,16.5,44.1,4.7
2024-10-29,4,24.2,62.4,0.7,99,25.1,81.1,7.6
2024-10-29,5,23.6,48.9,17.6,125,23.4,89.1,4.4
2024-10-29,6,27.1,54.1,16.4,82,14.5,59.4,5.2
2024-10-29,7,21.8,59.7,7.0,65,25.3,31.8,7.0
2024-10-29,8,26.8,72.0,0.3,59,11.3,47.5,7.2
2024-10-29,9,26.4,52.6,8.0,65,22.9,39.8,5.5
2024-10-29,10,25.2,43.6,13.9,110,45.9,40.7,5.2
2024-10-29,11,29.5,40.8,0.7,131,34.7,48.2,6.9
2024-10-29,12,28.0,58.3,0.4,123,18.9,63.1,5.8
2024-10-29,13,27.7,53.0,0.3,138,38.8,103.8,7.9
2024-10-29,14,33.0,36.6,0.8,122,34.3,54.0,5.3
2024-10-29,15,24.3,52.6,4.8,81,31.8,34.8,5.5
2024-10-29,16,21.2,49.3,15.8,81,31.4,30.7,6.4
2024-10-29,17,28.6,53.8,6.7,83,28.5,55.4,6.6
2024-10-29,18,23.7,46.1,4.1,116,49.4,90.2,4.4
2024-10-29,19,27.4,54.0,11.1,91,39.1,66.5,6.4
2024-10-29,20,31.6,25.9,9.9,92,40.4,60.9,5.0
2024-10-29,21,25.3,37.3,3.2,89,20.8,69.9,6.1
2024-10-29,22,21.9,59.5,2.9,77,23.1,34.1,7.4
2024-10-29,23,30.2,51.5,0.7,67,11.2,51.1,5.1
2024-10-29,24,28.6,52.5,0.4,73,22.6,48.2,4.4
2024-10-29,25,26.2,46.9,0.7,160,66.9,101.1,4.9
2024-10-29,26,23.2,37.8,1.6,148,53.4,84.5,5.9
2024-10-29,27,26.7,48.4,4.4,142,25.6,62.6,3.3
2024-10-29,28,26.3,39.0,0.6,115,36.0,82.9,7.3
2024-10-29,29,24.7,46.4,8.2,82,30.7,52.5,6.4
2024-10-29,30,29.0,53.3,23.5,102,18.5,86.2,7.9
2024-10-29,31,25.3,51.9,3.1,100,41.9,64.5,8.4
2024-10-29,32,26.6,51.7,2.1,75,32.1,50.5,4.2
2024-10-29,33,22.3,50.5,0.8,119,43.3,69.4,4.0
2024-10-29,34,24.0,44.3,0.5,149,24.4,107.8,7.8
2024-10-29,35,25.2,58.3,4.4,111,26.0,73.7,4.5
2024-10-30,1,27.9,58.5,2.4,101,38.7,47.0,6.0
2024-10-30,2,27.8,60.2,3.4,124,18.7,61.4,6.7
2024-10-30,3,30.8,42.9,1.7,90,26.7,47.7,4.8
2024-10-30,4,28.3,35.5,5.6,98,31.1,57.3,7.4
2024-10-30,5,27.8,46.4,0.5,87,17.2,46.8,5.6
2024-10-30,6,29.4,53.2,34.9,81,34.5,41.3,4.8
2024-10-30,7,28.9,56.1,12.6,49,8.7,30.7,8.3
2024-10-30,8,24.2,53.8,17.1,57,9.2,43.5,7.2
2024-10-30,9,26.8,44.8,7.8,49,10.3,36.6,5.3
2024-10-30,10,23.6,43.7,0.8,94,22.2,63.0,5.2
2024-10-30,11,29.1,43.4,2.4,130,37.7,46.1,4.9
2024-10-30,12,35.0,54.0,1.2,112,49.3,75.3,5.4
2024-10-30,13,28.4,50.4,1.7,155,39.9,120.8,6.7
2024-10-30,14,27.5,37.0,0.2,133,28.1,96.1,4.3
2024-10-30,15,27.1,65.0,20.8,149,62.8,57.2,7.4
2024-10-30,16,26.7,39.3,4.4,61,19.0,41.1,6.7
2024-10-30,17,29.9,56.2,7.0,102,19.8,66.8,7.4
2024-10-30,18,26.9,49.7,4.5,115,21.6,90.3,5.2
2024-10-30,19,26.7,51.3,12.5,78,13.4,54.7,5.1
2024-10-30,20,25.2,33.9,0.9,113,41.6,71.2,4.6
2024-10-30,21,25.9,56.5,0.2,113,42.6,49.7,6.7
2024-10-30,22,28.3,52.7,1.6,117,33.9,65.0,6.5
2024-10-30,23,27.7,49.3,1.8,106,46.2,68.9,5.1
2024-10-30,24,37.0,41.1,0.0,88,31.5,74.2,3.8
2024-10-30,25,25.6,57.7,1.7,100,29.8,38.0,5.2
2024-10-30,26,23.1,32.7,7.7,163,30.6,64.7,6.5
2024-10-30,27,26.1,39.1,1.6,99,37.8,34.8,4.6
2024-10-30,28,26.3,60.5,8.4,66,20.7,33.3,7.1
2024-10-30,29,26.7,46.8,0.5,104,44.3,78.8,7.1
2024-10-30,30,26.3,60.0,12.2,82,25.8,46.6,7.9
2024-10-30,31,27.2,53.6,5.0,38,11.5,20.2,8.1
2024-10-30,32,30.1,58.2,0.3,103,28.8,48.3,6.1
2024-10-30,33,26.4,50.9,3.4,111,27.4,76.0,4.5
2024-10-30,34,23.1,62.0,1.7,78,29.1,34.7,8.0
2024-10-30,35,27.2,56.6,3.6,108,33.8,58.0,4.2
2024-10-31,1,29.3,60.2,4.4,103,43.9,77.0,6.2
2024-10-31,2,27.3,45.5,16.9,77,32.0,57.2,5.0
2024-10-31,3,27.6,48.4,11.0,122,23.8,96.1,5.6
2024-10-31,4,25.6,43.5,1.5,95,24.2,65.7,7.9
2024-10-31,5,23.0,61.2,0.3,119,50.8,82.0,5.4
2024-10-31,6,29.6,48.9,3.2,91,25.6,38.1,4.6
2024-10-31,7,25.1,52.1,20.7,37,9.1,18.3,8.0
2024-10-31,8,19.7,68.7,6.1,45,11.2,25.5,7.2
2024-10-31,9,23.4,48.8,0.4,67,25.2,23.6,6.7
2024-10-31,10,25.8,63.3,2.4,72,26.9,57.9,6.0
2024-10-31,11,34.1,41.3,4.8,132,45.8,110.3,6.2
2024-10-31,12,28.4,41.5,1.3,115,39.6,58.6,5.4
2024-10-31,13,23.0,52.3,1.5,111,41.9,48.6,7.5
2024-10-31,14,30.9,42.5,3.5,128,29.8,53.5,5.5
2024-10-31,15,23.9,48.0,0.5,68,21.5,27.7,6.9
2024-10-31,16,24.9,45.2,4.5,102,44.9,51.5,7.4
2024-10-31,17,24.1,53.8,35.8,77,22.7,43.6,6.1
2024-10-31,18,23.1,49.4,8.5,105,24.2,64.4,5.3
2024-10-31,19,25.0,46.7,9.3,72,19.7,57.6,4.5
2024-10-31,20,29.8,44.8,11.6,75,30.3,62.8,5.6
2024-10-31,21,29.5,41.9,1.2,78,32.9,48.8,4.6
2024-10-31,22,30.5,53.3,3.0,96,40.7,63.1,5.9
2024-10-31,23,28.0,59.7,4.1,62,20.1,36.9,5.0
2024-10-31,24,36.1,49.2,0.2,125,54.8,66.1,3.8
2024-10-31,25,25.4,55.3,7.2,99,35.0,43.9,4.8
2024-10-31,26,22.2,33.2,1.7,115,37.2,55.3,7.2
2024-10-31,27,24.1,48.2,11.8,120,30.5,84.8,5.5
2024-10-31,28,27.9,40.9,6.8,120,23.0,100.6,6.1
2024-10-31,29,22.6,41.1,2.7,107,17.3,71.0,6.7
2024-10-31,30,26.1,53.1,25.5,49,19.8,18.1,8.6
2024-10-31,31,26.6,49.2,4.1,81,32.1,40.1,7.3
2024-10-31,32,22.3,67.9,14.6,100,30.3,58.5,6.2
2024-10-31,33,25.9,60.0,0.6,82,26.4,38.9,4.0
2024-10-31,34,31.0,48.4,0.2,114,30.8,88.8,6.5
2024-10-31,35,24.0,51.7,3.0,89,16.2,56.4,5.1
2024-11-01,1,20.9,54.5,11.4,168,66.3,133.5,6.2
2024-11-01,2,21.2,56.1,4.1,160,45.0,56.7,6.1
2024-11-01,3,21.0,42.6,1.9,142,30.4,104.2,5.9
2024-11-01,4,22.5,49.3,2.7,131,24.3,107.6,7.2
2024-11-01,5,17.2,46.0,1.6,196,40.8,125.5,5.0
2024-11-01,6,22.8,46.9,2.9,159,68.6,64.7,5.7
2024-11-01,7,21.6,40.6,1.2,125,32.5,92.9,7.2
2024-11-01,8,23.1,54.0,0.1,136,27.0,48.9,6.8
2024-11-01,9,21.6,52.3,1.2,126,30.4,64.3,6.1
2024-11-01,10,21.9,63.3,4.3,82,21.6,54.5,4.8
2024-11-01,11,18.5,39.9,4.7,221,49.8,186.7,5.9
2024-11-01,12,23.6,49.6,0.9,209,82.6,165.8,6.0
2024-11-01,13,19.8,58.0,0.1,244,56.8,118.8,7.2
2024-11-01,14,22.5,40.4,0.6,225,93.4,187.5,4.2
2024-11-01,15,23.7,43.8,3.0,139,55.1,60.4,6.5
2024-11-01,16,22.0,45.9,0.2,147,43.2,124.9,6.0
2024-11-01,17,23.1,39.6,3.8,202,54.5,145.5,7.6
2024-11-01,18,25.1,52.3,3.0,151,22.9,111.1,5.6
2024-11-01,19,22.6,45.0,0.3,188,77.5,114.6,5.9
2024-11-01,20,20.3,40.8,0.2,165,56.9,100.1,5.1
2024-11-01,21,18.3,48.3,1.1,160,32.8,113.3,6.4
2024-11-01,22,14.1,50.4,0.9,179,59.2,134.6,5.5
2024-11-01,23,24.6,47.1,0.2,146,23.9,101.6,4.7
2024-11-01,24,23.3,52.4,0.3,129,55.9,102.6,4.7
2024-11-01,25,22.0,46.5,3.9,222,68.4,159.1,5.2
2024-11-01,26,18.7,43.5,1.7,238,97.4,102.5,6.9
2024-11-01,27,20.7,46.7,9.1,162,57.5,75.5,4.0
2024-11-01,28,21.0,42.0,1.2,161,66.1,60.7,6.9
2024-11-01,29,25.9,40.2,0.6,149,41.2,75.2,5.9
2024-11-01,30,24.4,29.6,1.5,115,24.0,67.8,6.6
2024-11-01,31,20.5,56.2,0.3,132,28.0,91.4,9.0
2024-11-01,32,18.0,48.1,1.1,182,62.6,64.6,5.1
2024-11-01,33,22.7,43.2,0.0,176,77.1,132.4,3.7
2024-11-01,34,15.0,37.4,0.3,140,32.8,107.9,7.3
2024-11-01,35,24.3,44.6,0.8,140,51.8,65.0,5.0
2024-11-02,1,24.6,46.4,0.8,188,57.9,157.5,5.9
2024-11-02,2,22.8,43.8,0.5,147,31.1,99.2,4.8
2024-11-02,3,19.7,50.6,4.4,179,62.8,109.0,5.9
2024-11-02,4,22.9,42.5,1.7,149,43.1,80.5,7.1
2024-11-02,5,24.8,56.6,4.2,141,54.6,116.2,4.6
2024-11-02,6,28.1,56.7,1.6,165,73.0,104.9,5.5
2024-11-02,7,24.1,34.4,4.0,105,17.7,82.5,7.8
2024-11-02,8,16.7,59.3,1.2,121,19.3,76.8,7.5
2024-11-02,9,17.0,56.2,0.7,90,33.4,48.7,5.9
2024-11-02,10,22.9,49.0,0.1,70,26.8,35.3,4.3
2024-11-02,11,19.1,50.7,4.4,212,72.9,167.4,6.7
2024-11-02,12,18.8,49.6,1.8,215,83.9,148.6,5.1
2024-11-02,13,19.2,66.6,1.0,223,65.0,166.4,6.0
2024-11-02,14,21.7,48.3,1.1,210,42.2,175.4,4.4
2024-11-02,15,20.7,45.9,1.8,154,53.5,98.8,7.0
2024-11-02,16,24.8,47.7,5.6,142,27.4,102.9,6.2
2024-11-02,17,25.9,48.5,3.4,164,65.5,120.7,7.7
2024-11-02,18,24.4,48.9,3.0,203,36.0,114.3,5.6
2024-11-02,19,16.4,44.0,2.4,138,37.4,87.3,6.1
2024-11-02,20,16.8,52.5,2.2,140,57.8,65.5,5.8
2024-11-02,21,18.1,32.9,1.3,150,59.7,52.6,6.6
2024-11-02,22,22.6,44.3,0.6,170,32.2,67.0,5.9
2024-11-02,23,22.2,35.1,0.1,125,19.9,85.8,5.5
2024-11-02,24,24.5,37.2,0.1,206,68.3,153.1,5.8
2024-11-02,25,24.3,44.3,0.6,207,85.6,88.4,5.3
2024-11-02,26,17.6,46.8,0.6,209,67.9,124.4,7.4
2024-11-02,27,20.3,50.2,2.7,182,52.0,130.0,3.3
2024-11-02,28,29.7,37.1,1.9,177,59.5,128.3,6.3
2024-11-02,29,25.8,56.1,1.8,187,64.6,96.4,5.9
2024-11-02,30,23.8,30.2,4.8,118,41.9,96.8,7.9
2024-11-02,31,25.0,47.2,4.2,104,30.6,65.3,7.8
2024-11-02,32,17.7,35.5,0.6,136,26.3,94.5,5.1
2024-11-02,33,21.9,51.2,2.8,154,43.6,88.2,4.3
2024-11-02,34,20.7,60.2,0.3,181,31.5,89.4,6.4
2024-11-02,35,19.7,35.0,8.8,156,51.8,96.0,4.7
2024-11-03,1,20.9,36.6,3.2,151,53.5,70.8,5.6
2024-11-03,2,20.7,43.6,1.9,165,31.3,80.2,5.7
2024-11-03,3,19.6,42.6,0.0,123,27.6,75.8,4.9
2024-11-03,4,23.1,43.1,5.0,183,27.9,114.3,6.0
2024-11-03,5,24.4,54.1,3.8,160,49.4,127.8,5.3
2024-11-03,6,24.5,41.7,1.2,198,84.7,163.0,4.1
2024-11-03,7,18.5,56.0,3.5,84,22.4,42.4,6.3
2024-11-03,8,25.3,47.9,2.8,113,30.7,59.6,5.7
2024-11-03,9,23.4,46.2,0.1,92,32.6,36.5,5.7
2024-11-03,10,30.3,57.4,0.4,90,22.2,32.5,4.4
2024-11-03,11,25.8,60.3,2.2,214,85.4,108.9,5.0
2024-11-03,12,24.1,44.4,1.6,223,55.2,138.4,4.4
2024-11-03,13,21.2,52.0,0.0,233,94.4,82.7,5.6
2024-11-03,14,22.8,43.2,0.0,221,80.7,140.6,5.3
2024-11-03,15,22.9,52.7,4.3,168,63.0,133.7,6.8
2024-11-03,16,22.3,43.8,1.3,168,71.6,92.7,5.9
2024-11-03,17,21.5,44.7,5.2,145,30.3,64.0,8.1
2024-11-03,18,24.6,51.4,1.8,175,35.4,98.6,5.4
2024-11-03,19,25.9,44.6,10.3,138,41.8,61.8,6.9
2024-11-03,20,25.2,46.6,6.5,178,63.3,124.5,5.6
2024-11-03,21,22.0,46.6,1.1,155,45.0,128.5,6.0
2024-11-03,22,18.5,51.6,0.0,170,40.8,134.7,6.3
2024-11-03,23,31.2,35.8,0.2,162,69.9,74.9,5.8
2024-11-03,24,19.2,47.0,1.3,172,71.5,76.5,3.9
2024-11-03,25,19.9,55.3,0.4,192,32.0,125.4,4.6
2024-11-03,26,19.5,51.5,0.0,194,77.0,88.6,5.6
2024-11-03,27,16.9,36.5,0.5,209,33.2,165.2,4.5
2024-11-03,28,22.5,58.8,1.7,152,62.4,69.7,6.2
2024-11-03,29,24.4,41.1,0.3,140,34.7,97.8,6.0
2024-11-03,30,24.9,45.2,1.8,121,26.5,43.7,7.1
2024-11-03,31,22.6,56.2,2.1,120,47.4,76.0,7.8
2024-11-03,32,24.5,58.2,6.2,152,29.1,128.7,5.6
2024-11-03,33,20.5,44.6,1.9,154,54.1,113.6,4.7
2024-11-03,34,15.6,38.7,2.1,200,43.5,123.3,8.1
2024-11-03,35,18.5,37.2,7.9,167,49.1,93.7,6.3
2024-11-04,1,23.2,31.4,0.6,153,36.6,86.3,6.5
2024-11-04,2,19.2,48.8,0.3,122,20.3,73.7,5.4
2024-11-04,3,20.4,38.9,2.3,156,66.9,105.1,5.7
2024-11-04,4,19.8,55.0,2.1,163,25.9,129.2,7.8
2024-11-04,5,22.8,41.1,1.9,205,30.9,146.3,4.8
2024-11-04,6,21.7,54.3,0.1,155,61.5,81.1,6.1
2024-11-04,7,25.3,61.9,0.2,126,21.3,76.9,7.8
2024-11-04,8,19.8,59.5,0.9,130,21.6,83.6,7.5
2024-11-04,9,22.0,44.0,0.8,131,19.8,87.1,5.9
2024-11-04,10,21.7,44.9,0.4,102,19.3,73.4,5.7
2024-11-04,11,21.7,48.6,0.9,202,32.3,136.6,5.9
2024-11-04,12,26.4,39.8,3.7,255,51.3,144.6,5.2
2024-11-04,13,17.7,55.4,0.8,195,81.7,163.9,7.7
2024-11-04,14,24.3,56.1,0.7,252,87.9,112.4,3.9
2024-11-04,15,25.3,48.1,0.2,166,26.2,90.5,7.1
2024-11-04,16,18.9,54.5,2.9,151,38.9,85.0,4.8
2024-11-04,17,15.2,46.8,1.6,205,90.8,73.3,6.6
2024-11-04,18,19.7,57.9,11.6,164,61.6,122.5,6.0
2024-11-04,19,23.0,56.5,5.3,144,56.6,86.7,6.1
2024-11-04,20,23.3,48.8,0.8,160,59.2,106.9,4.0
2024-11-04,21,19.1,37.7,1.1,121,42.8,78.8,5.1
2024-11-04,22,22.7,32.3,4.3,156,40.3,83.3,5.6
2024-11-04,23,20.5,56.7,0.5,176,72.7,88.6,5.4
2024-11-04,24,27.0,46.7,0.2,139,31.5,101.7,4.2
2024-11-04,25,21.3,43.3,3.4,200,85.1,95.9,5.4
2024-11-04,26,20.9,58.9,0.3,226,54.1,148.0,6.4
2024-11-04,27,21.7,50.4,2.0,200,74.1,166.5,4.3
2024-11-04,28,23.3,36.3,1.1,167,69.7,118.7,7.9
2024-11-04,29,23.4,40.0,0.2,174,62.1,93.3,6.4
2024-11-04,30,24.2,51.0,0.2,93,38.0,66.5,6.7
2024-11-04,31,22.7,51.4,1.4,119,31.3,77.7,7.8
2024-11-04,32,21.8,56.7,0.7,157,42.4,97.9,5.3
2024-11-04,33,23.0,42.9,1.9,155,48.6,123.4,5.4
2024-11-04,34,27.4,44.4,5.1,163,63.3,86.5,7.1
2024-11-04,35,21.4,49.0,3.8,171,40.9,64.5,4.8
2024-11-05,1,23.1,45.0,2.8,161,70.8,100.7,6.9
2024-11-05,2,24.3,50.1,3.3,134,48.1,90.6,5.0
2024-11-05,3,22.7,54.6,4.1,189,48.1,108.8,5.3
2024-11-05,4,22.2,59.7,0.7,165,53.8,125.9,6.7
2024-11-05,5,18.9,41.3,8.9,169,60.1,107.9,5.2
2024-11-05,6,22.8,52.5,4.0,200,68.6,140.3,5.2
2024-11-05,7,24.0,39.6,0.1,101,44.7,41.8,7.9
2024-11-05,8,24.0,52.8,3.2,133,37.3,71.4,7.0
2024-11-05,9,22.0,40.5,0.0,94,26.4,50.6,5.3
2024-11-05,10,22.3,58.1,0.1,104,32.2,54.1,5.8
2024-11-05,11,19.2,43.2,0.5,218,58.7,138.4,6.4
2024-11-05,12,17.6,55.6,0.1,208,85.9,84.6,5.6
2024-11-05,13,22.6,49.5,1.0,230,41.4,126.8,6.7
2024-11-05,14,17.6,45.1,5.4,192,33.0,71.9,5.6
2024-11-05,15,19.2,37.0,1.1,153,30.6,63.8,7.3
2024-11-05,16,24.1,44.1,0.6,123,39.7,92.8,5.2
2024-11-05,17,19.3,48.3,1.5,182,75.4,77.0,6.5
2024-11-05,18,20.0,35.1,0.7,172,42.9,135.4,5.6
2024-11-05,19,22.6,59.7,0.6,143,33.7,51.5,6.2
2024-11-05,20,25.1,48.6,1.4,149,66.5,81.5,3.9
2024-11-05,21,28.9,44.9,0.7,175,37.0,68.6,6.8
2024-11-05,22,20.7,43.6,0.6,169,54.1,123.0,5.8
2024-11-05,23,20.7,62.2,0.0,130,29.7,51.0,5.0
2024-11-05,24,20.8,31.3,1.4,162,46.8,94.2,4.2
2024-11-05,25,19.2,50.8,1.0,208,35.1,102.9,4.8
2024-11-05,26,22.7,61.7,0.6,192,62.2,141.6,6.6
2024-11-05,27,13.1,49.2,1.4,227,50.8,174.7,5.1
2024-11-05,28,26.0,46.1,1.3,229,55.3,152.4,6.6
2024-11-05,29,23.7,52.3,0.3,154,57.9,108.9,6.0
2024-11-05,30,23.7,41.7,6.2,86,29.7,52.3,7.7
2024-11-05,31,19.2,59.6,3.8,81,15.5,43.6,7.9
2024-11-05,32,22.5,49.1,0.4,107,27.2,38.5,4.5
2024-11-05,33,20.5,39.6,3.0,154,34.8,104.2,4.5
2024-11-05,34,22.8,48.7,11.5,166,33.9,95.7,7.3
2024-11-05,35,22.1,43.9,10.0,199,37.0,158.7,5.8
2024-11-06,1,25.9,53.5,3.6,165,26.8,128.6,6.8
2024-11-06,2,25.4,41.5,1.0,116,52.1,46.0,5.5
2024-11-06,3,26.3,49.3,1.2,153,25.9,80.8,6.0
2024-11-06,4,23.9,53.7,2.7,125,52.5,55.0,7.2
2024-11-06,5,26.9,50.1,5.1,187,38.9,94.6,5.4
2024-11-06,6,20.6,54.1,11.5,141,22.2,72.6,5.0
2024-11-06,7,21.4,47.8,2.0,127,56.5,71.6,6.5
2024-11-06,8,21.9,42.2,1.3,111,46.7,45.9,6.4
2024-11-06,9,24.3,36.6,0.5,129,31.3,65.6,6.2
2024-11-06,10,25.2,46.7,5.2,106,17.5,43.4,5.5
2024-11-06,11,23.5,37.6,0.6,166,28.3,93.1,6.4
2024-11-06,12,28.1,49.9,0.3,208,44.3,101.6,5.6
2024-11-06,13,21.1,45.1,0.8,198,62.4,129.2,7.6
2024-11-06,14,20.6,34.0,2.6,226,86.4,111.2,4.1
2024-11-06,15,22.5,45.4,5.5,194,84.6,128.0,6.6
2024-11-06,16,26.3,45.7,4.0,168,30.7,71.0,6.0
2024-11-06,17,24.9,61.0,0.7,118,45.3,92.9,7.6
2024-11-06,18,22.9,51.4,11.6,188,62.2,115.8,5.6
2024-11-06,19,25.0,49.4,0.1,162,60.5,119.7,6.2
2024-11-06,20,26.6,41.6,6.9,151,40.8,64.3,4.7
2024-11-06,21,23.4,44.2,0.4,141,26.1,70.0,5.6
2024-11-06,22,23.0,39.2,0.1,145,54.4,108.1,6.0
2024-11-06,23,27.0,47.8,0.3,191,77.3,143.2,4.8
2024-11-06,24,27.6,50.6,0.3,142,31.3,61.8,4.5
2024-11-06,25,19.2,45.8,0.7,204,87.1,166.5,4.4
2024-11-06,26,19.2,46.8,0.3,201,57.4,139.1,6.6
2024-11-06,27,14.1,44.8,2.9,212,69.8,159.7,4.1
2024-11-06,28,22.8,55.0,0.9,161,47.4,88.9,6.0
2024-11-06,29,25.1,41.8,2.8,144,34.7,85.7,5.9
2024-11-06,30,23.1,40.4,9.5,88,18.1,68.2,7.8
2024-11-06,31,27.3,57.7,0.9,88,17.6,62.6,8.2
2024-11-06,32,17.5,61.0,2.6,149,61.5,93.1,5.3
2024-11-06,33,15.5,45.0,0.5,146,28.0,63.8,4.4
2024-11-06,34,21.6,59.2,10.5,151,40.8,73.9,7.2
2024-11-06,35,24.6,41.9,7.4,143,37.4,106.9,6.1
2024-11-07,1,17.0,52.5,0.6,142,44.8,97.3,6.1
2024-11-07,2,22.7,34.8,10.9,141,27.2,104.2,5.0
2024-11-07,3,20.9,60.4,2.2,157,26.4,65.0,5.8
2024-11-07,4,20.9,51.3,2.4,167,70.0,120.2,7.3
2024-11-07,5,16.7,57.1,1.9,168,35.0,95.6,5.0
2024-11-07,6,26.8,43.5,0.6,155,61.0,98.1,6.3
2024-11-07,7,23.0,49.4,3.3,114,32.3,43.1,7.4
2024-11-07,8,24.4,56.0,0.9,35,8.9,24.9,7.0
2024-11-07,9,21.2,46.0,1.6,111,37.3,71.9,7.1
2024-11-07,10,22.4,43.1,9.0,96,17.4,63.3,5.9
2024-11-07,11,27.7,48.4,1.6,206,74.7,157.1,5.9
2024-11-07,12,22.3,45.2,0.8,197,68.9,87.9,5.6
2024-11-07,13,19.4,35.5,3.4,249,39.1,150.6,5.7
2024-11-07,14,24.5,45.2,1.2,221,95.3,124.9,5.3
2024-11-07,15,21.2,55.7,3.7,178,74.4,123.3,6.5
2024-11-07,16,27.9,59.0,2.3,143,56.6,79.4,6.7
2024-11-07,17,24.8,40.7,1.7,185,42.3,91.3,6.1
2024-11-07,18,17.0,27.9,0.3,177,70.1,87.8,6.1
2024-11-07,19,22.9,47.7,2.8,171,61.1,95.7,5.5
2024-11-07,20,21.7,47.5,1.8,173,46.6,76.0,5.2
2024-11-07,21,17.9,43.5,1.3,167,36.0,100.9,6.9
2024-11-07,22,22.9,45.8,0.6,134,42.1,85.3,5.8
2024-11-07,23,31.4,42.7,0.1,175,71.1,102.4,4.9
2024-11-07,24,21.3,38.7,0.9,198,55.2,71.1,5.4
2024-11-07,25,22.2,62.0,0.4,221,72.0,147.1,5.6
2024-11-07,26,21.6,44.9,2.4,227,70.2,96.1,6.3
2024-11-07,27,23.9,53.6,3.6,198,34.8,127.2,5.5
2024-11-07,28,21.7,49.4,5.3,185,56.2,127.7,6.2
2024-11-07,29,24.7,47.3,1.6,135,52.7,82.8,6.2
2024-11-07,30,23.1,49.3,5.6,89,18.7,37.3,7.7
2024-11-07,31,22.1,46.2,7.7,107,44.7,80.4,8.3
2024-11-07,32,16.0,51.2,2.0,141,45.2,89.8,4.7
2024-11-07,33,22.2,48.8,2.4,181,57.9,75.0,3.9
2024-11-07,34,19.5,48.0,0.6,189,37.9,70.3,8.3
2024-11-07,35,27.0,40.8,0.9,131,56.3,64.3,5.3
2024-11-08,1,23.8,50.4,11.6,161,38.2,125.3,6.8
2024-11-08,2,22.7,61.1,1.9,150,64.0,105.2,6.8
2024-11-08,3,24.9,50.4,5.5,148,38.2,81.3,5.6
2024-11-08,4,21.4,47.9,0.9,146,30.8,105.3,7.1
2024-11-08,5,26.5,43.8,0.3,146,56.6,102.2,5.2
2024-11-08,6,25.7,36.6,0.2,171,62.0,76.4,5.1
2024-11-08,7,21.7,35.2,3.3,82,31.1,67.2,6.8
2024-11-08,8,20.4,49.0,1.0,84,35.6,42.9,5.9
2024-11-08,9,20.3,67.7,4.1,95,25.1,72.0,4.9
2024-11-08,10,21.1,52.7,3.5,111,36.9,92.5,5.2
2024-11-08,11,21.3,37.9,0.8,206,38.5,113.7,6.6
2024-11-08,12,20.4,36.9,1.8,220,82.2,84.6,5.0
2024-11-08,13,25.7,48.8,0.3,241,55.3,158.4,7.1
2024-11-08,14,19.4,41.7,0.6,239,71.5,88.6,4.4
2024-11-08,15,21.6,65.0,1.0,131,57.1,78.1,6.0
2024-11-08,16,20.8,41.9,3.3,163,35.8,66.1,6.6
2024-11-08,17,25.9,50.0,0.9,153,27.3,114.5,6.8
2024-11-08,18,26.6,49.0,1.0,134,29.0,71.3,5.1
2024-11-08,19,23.9,57.1,0.9,134,44.4,74.5,5.5
2024-11-08,20,21.1,54.0,4.2,159,31.3,65.5,4.0
2024-11-08,21,22.9,48.1,0.6,158,37.2,103.5,6.7
2024-11-08,22,22.1,51.0,2.8,166,67.5,74.1,5.0
2024-11-08,23,25.2,50.3,0.1,143,35.9,120.5,4.6
2024-11-08,24,21.1,46.7,0.8,162,58.1,70.6,4.2
2024-11-08,25,21.7,40.1,8.1,229,35.8,83.7,4.4
2024-11-08,26,17.9,50.1,2.4,212,87.2,136.8,6.8
2024-11-08,27,19.4,37.8,0.4,213,49.5,102.6,3.7
2024-11-08,28,26.4,60.7,1.8,140,39.0,105.2,7.6
2024-11-08,29,21.8,62.7,0.3,130,40.0,55.6,6.7
2024-11-08,30,22.2,48.9,4.4,112,23.5,42.5,7.7
2024-11-08,31,19.3,46.2,2.3,130,35.2,64.7,7.8
2024-11-08,32,18.8,52.6,0.9,200,58.1,135.0,5.3
2024-11-08,33,18.8,55.2,9.7,173,74.2,133.0,3.8
2024-11-08,34,19.0,43.8,3.0,149,54.0,72.6,7.0
2024-11-08,35,25.8,47.1,1.8,199,72.4,114.2,5.4
2024-11-09,1,24.7,46.3,0.8,146,33.3,105.6,8.2
2024-11-09,2,24.2,51.8,0.6,155,48.5,124.8,5.5
2024-11-09,3,24.1,49.1,0.3,143,58.5,115.6,4.9
2024-11-09,4,24.0,36.4,4.4,153,49.3,102.3,6.5
2024-11-09,5,24.2,38.5,2.7,108,44.0,83.4,4.0
2024-11-09,6,21.5,50.1,1.6,141,37.2,71.3,5.5
2024-11-09,7,23.1,32.0,1.9,102,37.6,54.9,6.7
2024-11-09,8,26.3,35.8,0.7,129,54.2,104.7,7.1
2024-11-09,9,25.6,63.9,3.8,119,38.1,50.4,6.9
2024-11-09,10,22.2,52.7,3.7,141,28.3,97.7,5.6
2024-11-09,11,22.6,36.2,0.7,220,85.6,157.2,7.2
2024-11-09,12,20.1,51.6,4.1,231,48.5,168.3,5.6
2024-11-09,13,24.1,50.8,0.3,196,61.5,103.4,7.5
2024-11-09,14,15.5,59.8,0.1,248,78.3,168.9,5.9
2024-11-09,15,20.3,43.5,0.1,194,79.2,163.0,5.6
2024-11-09,16,25.5,39.1,3.1,151,32.1,58.3,6.7
2024-11-09,17,22.4,42.1,3.0,167,37.5,100.1,6.8
2024-11-09,18,23.5,59.2,2.4,172,29.0,110.8,5.2
2024-11-09,19,23.9,50.4,1.2,148,65.5,113.1,5.3
2024-11-09,20,25.7,36.8,0.4,156,31.8,109.3,5.1
2024-11-09,21,20.4,42.5,3.2,189,39.6,144.6,5.5
2024-11-09,22,21.4,42.2,1.1,141,25.9,116.8,6.0
2024-11-09,23,21.3,40.0,0.8,137,32.6,95.4,5.9
2024-11-09,24,18.3,55.5,0.2,153,68.2,106.5,5.6
2024-11-09,25,14.4,53.3,0.9,221,73.0,136.2,5.1
2024-11-09,26,20.8,50.9,0.9,201,52.1,131.2,6.1
2024-11-09,27,17.3,44.2,0.4,233,87.7,90.0,3.5
2024-11-09,28,23.4,56.3,5.7,139,29.3,55.1,6.6
2024-11-09,29,24.1,42.0,7.6,130,48.9,85.4,6.7
2024-11-09,30,23.7,39.4,1.0,104,23.0,70.9,7.8
2024-11-09,31,18.3,54.0,2.6,141,46.8,75.3,8.4
2024-11-09,32,20.7,46.8,4.7,151,39.1,89.7,5.5
2024-11-09,33,18.7,46.2,4.0,170,71.9,69.5,3.6
2024-11-09,34,21.6,42.3,4.6,167,47.8,79.3,7.3
2024-11-09,35,25.7,53.5,2.0,106,30.0,64.5,6.1
2024-11-10,1,17.1,34.6,0.4,140,43.7,67.9,6.8
2024-11-10,2,23.5,43.4,1.8,148,38.7,107.8,5.5
2024-11-10,3,28.3,44.5,3.7,124,33.8,96.1,5.4
2024-11-10,4,20.8,38.8,2.4,188,42.7,84.3,5.5
2024-11-10,5,21.7,52.1,0.1,137,44.2,84.1,4.9
2024-11-10,6,22.6,48.6,2.5,183,50.4,127.0,4.3
2024-11-10,7,23.1,47.9,8.2,136,26.5,58.8,7.5
2024-11-10,8,22.9,41.0,2.4,144,48.7,70.2,6.6
2024-11-10,9,18.2,43.2,1.3,108,19.4,83.2,5.9
2024-11-10,10,22.5,50.0,2.0,130,45.2,82.9,6.0
2024-11-10,11,20.7,43.7,0.7,226,94.1,122.0,6.0
2024-11-10,12,27.8,45.1,0.6,222,80.9,119.0,5.4
2024-11-10,13,25.0,50.1,0.6,206,34.1,93.9,7.5
2024-11-10,14,20.2,57.3,1.3,219,79.2,139.8,4.2
2024-11-10,15,22.5,59.8,0.7,173,48.0,61.2,6.7
2024-11-10,16,23.8,38.0,3.8,172,52.9,81.2,5.7
2024-11-10,17,25.9,49.9,3.0,187,44.8,95.2,6.2
2024-11-10,18,23.2,43.5,2.1,163,66.4,117.2,5.7
2024-11-10,19,22.7,55.9,1.3,168,71.5,62.2,4.8
2024-11-10,20,17.5,41.3,0.5,152,38.7,112.9,4.1
2024-11-10,21,17.0,50.8,0.2,164,54.1,66.2,5.1
2024-11-10,22,19.0,47.8,0.4,169,58.9,141.6,6.7
2024-11-10,23,28.3,41.6,0.3,162,33.5,63.7,4.5
2024-11-10,24,22.2,58.2,0.1,183,81.1,78.4,5.2
2024-11-10,25,16.7,49.3,4.1,238,107.1,179.1,4.2
2024-11-10,26,22.9,45.5,1.6,233,63.4,106.9,4.8
2024-11-10,27,24.2,44.1,5.0,250,52.5,147.0,4.6
2024-11-10,28,21.8,44.5,0.6,166,74.3,134.7,7.9
2024-11-10,29,24.4,50.7,0.9,157,30.5,117.1,6.8
2024-11-10,30,21.7,43.7,6.5,98,42.3,80.9,7.2
2024-11-10,31,21.6,48.9,2.3,134,54.2,52.8,7.6
2024-11-10,32,19.9,40.6,0.4,147,41.4,71.3,5.6
2024-11-10,33,21.0,52.8,0.8,143,45.0,102.4,4.1
2024-11-10,34,19.7,48.6,2.1,168,42.9,128.3,8.1
2024-11-10,35,23.5,50.5,3.4,156,51.3,104.6,3.5
2024-11-11,1,23.1,37.9,0.2,151,61.4,76.4,7.2
2024-11-11,2,23.3,37.1,0.0,157,61.0,121.9,5.3
2024-11-11,3,29.9,70.0,4.6,160,54.8,59.8,3.9
2024-11-11,4,24.7,37.2,2.4,152,43.1,58.6,7.3
2024-11-11,5,24.4,63.0,2.4,194,83.1,141.6,5.3
2024-11-11,6,20.8,48.7,0.8,200,87.9,96.8,5.5
2024-11-11,7,20.4,32.7,0.8,137,59.5,86.3,7.4
2024-11-11,8,24.7,43.1,2.2,112,24.5,40.6,6.7
2024-11-11,9,23.1,49.0,0.4,100,27.8,57.4,5.3
2024-11-11,10,17.9,37.5,1.2,124,36.3,64.4,6.0
2024-11-11,11,17.8,44.9,1.7,242,39.8,141.1,6.6
2024-11-11,12,23.1,44.5,0.5,222,52.2,103.3,4.9
2024-11-11,13,19.3,53.6,0.3,209,61.9,139.3,6.5
2024-11-11,14,20.1,40.4,1.5,217,64.8,173.6,4.5
2024-11-11,15,23.6,45.7,0.6,153,58.2,127.7,6.3
2024-11-11,16,23.5,42.0,1.0,152,30.4,86.3,6.2
2024-11-11,17,22.6,42.7,4.6,187,35.3,78.2,5.9
2024-11-11,18,23.4,40.7,3.9,137,53.4,115.8,6.5
2024-11-11,19,28.9,41.4,1.7,190,58.1,82.2,6.3
2024-11-11,20,25.2,47.2,2.1,135,54.6,70.3,4.8
2024-11-11,21,17.4,46.3,1.8,202,65.5,97.4,7.8
2024-11-11,22,20.7,52.7,0.9,189,47.2,69.3,4.8
2024-11-11,23,23.7,46.9,0.8,177,52.5,110.0,4.5
2024-11-11,24,17.4,55.4,0.4,140,45.3,81.9,3.6
2024-11-11,25,19.2,51.6,0.2,210,72.1,158.9,5.2
2024-11-11,26,19.7,29.2,2.1,219,44.9,99.7,6.3
2024-11-11,27,22.6,62.0,0.9,239,77.4,138.4,3.7
2024-11-11,28,17.4,46.5,5.0,190,64.2,97.1,7.0
2024-11-11,29,22.5,51.6,2.3,124,48.6,72.7,6.8
2024-11-11,30,22.2,42.7,2.3,125,35.9,91.0,7.8
2024-11-11,31,23.6,49.4,1.1,102,20.5,47.0,8.0
2024-11-11,32,19.6,50.8,0.1,176,71.5,79.2,3.6
2024-11-11,33,23.2,41.7,0.5,125,43.6,75.2,4.2
2024-11-11,34,15.8,41.1,6.2,136,52.5,49.1,6.8
2024-11-11,35,21.1,34.8,4.7,141,62.6,89.2,4.6
2024-11-12,1,21.1,44.7,0.8,170,26.1,104.7,7.1
2024-11-12,2,24.8,35.6,7.5,161,25.4,59.4,5.9
2024-11-12,3,22.8,44.3,0.8,153,64.4,114.9,4.9
2024-11-12,4,23.7,59.0,4.1,169,44.8,96.3,7.8
2024-11-12,5,22.1,52.7,0.3,128,30.1,51.6,5.2
2024-11-12,6,24.1,49.7,2.8,176,37.3,63.8,5.1
2024-11-12,7,20.0,45.7,5.9,114,41.3,60.0,6.7
2024-11-12,8,22.3,41.8,2.5,91,33.4,45.8,6.3
2024-11-12,9,22.9,43.9,13.0,110,40.2,63.9,6.6
2024-11-12,10,25.4,43.9,1.1,130,53.0,100.9,5.8
2024-11-12,11,24.3,40.4,0.9,234,66.1,88.3,6.3
2024-11-12,12,26.2,50.6,0.4,199,87.6,157.4,4.9
2024-11-12,13,23.2,45.1,0.7,245,107.1,204.3,6.8
2024-11-12,14,20.4,37.4,0.6,222,88.6,116.0,4.6
2024-11-12,15,25.7,40.1,6.1,131,42.4,98.7,6.6
2024-11-12,16,23.7,39.4,7.6,148,47.3,63.8,5.8
2024-11-12,17,22.7,39.5,0.2,143,53.8,73.3,7.2
2024-11-12,18,21.3,38.6,2.7,164,25.8,128.1,5.6
2024-11-12,19,26.2,39.8,4.8,195,32.0,129.1,5.7
2024-11-12,20,22.3,37.9,8.2,163,38.0,125.8,4.9
2024-11-12,21,21.5,49.1,0.1,158,29.4,106.2,5.6
2024-11-12,22,20.8,54.8,0.9,140,52.8,116.8,6.7
2024-11-12,23,25.3,36.5,0.3,147,56.8,97.6,6.3
2024-11-12,24,23.4,34.7,0.0,194,81.2,131.8,4.5
2024-11-12,25,19.5,56.3,1.5,208,51.4,78.9,3.6
2024-11-12,26,22.6,42.0,1.0,244,46.9,188.5,5.6
2024-11-12,27,22.3,60.0,2.4,206,87.2,167.3,3.4
2024-11-12,28,23.4,44.0,0.6,146,54.7,78.2,7.1
2024-11-12,29,21.5,36.6,2.6,140,26.6,98.3,6.2
2024-11-12,30,22.4,41.8,13.4,91,40.7,38.5,7.0
2024-11-12,31,22.4,45.5,3.3,128,32.1,96.4,6.8
2024-11-12,32,20.8,30.8,2.1,187,46.3,88.3,4.7
2024-11-12,33,22.2,56.1,2.5,164,42.9,61.4,3.4
2024-11-12,34,19.7,52.1,0.8,182,40.4,110.3,7.0
2024-11-12,35,21.9,32.1,1.7,153,48.1,54.4,5.3
2024-11-13,1,26.3,54.9,0.9,153,64.0,76.5,6.9
2024-11-13,2,20.7,46.4,2.7,163,64.7,87.5,5.1
2024-11-13,3,25.4,37.6,0.3,171,71.1,69.2,6.7
2024-11-13,4,26.1,42.5,1.3,175,31.5,74.4,6.5
2024-11-13,5,22.3,43.4,0.0,190,50.2,86.7,4.4
2024-11-13,6,21.2,41.6,2.6,157,37.4,66.4,5.9
2024-11-13,7,25.2,43.6,1.0,116,44.0,55.5,8.2
2024-11-13,8,21.9,49.5,2.1,110,41.4,63.7,6.7
2024-11-13,9,28.5,42.2,2.2,136,46.5,64.7,6.1
2024-11-13,10,21.5,59.5,0.1,104,41.2,80.3,4.2
2024-11-13,11,24.2,51.4,0.0,279,114.5,133.0,5.8
2024-11-13,12,21.4,46.5,0.4,258,106.8,188.1,6.2
2024-11-13,13,21.4,49.5,0.1,238,67.6,190.5,7.1
2024-11-13,14,19.9,45.2,0.8,243,80.3,201.9,4.9
2024-11-13,15,19.9,41.7,12.6,159,33.3,61.5,5.3
2024-11-13,16,21.6,50.9,4.0,207,31.2,143.7,5.1
2024-11-13,17,22.3,53.0,3.4,166,27.0,90.9,6.9
2024-11-13,18,26.7,56.4,2.1,130,43.5,92.5,4.5
2024-11-13,19,25.7,56.6,5.1,177,58.2,104.7,5.1
2024-11-13,20,23.2,32.6,14.2,151,46.6,116.2,4.1
2024-11-13,21,24.0,46.2,2.3,163,27.9,65.4,6.8
2024-11-13,22,27.7,41.2,0.0,201,89.3,128.2,5.9
2024-11-13,23,22.7,47.7,0.2,162,70.3,136.9,5.7
2024-11-13,24,16.4,36.8,0.4,149,63.8,88.5,4.2
2024-11-13,25,19.3,41.2,3.1,225,45.4,144.6,5.7
2024-11-13,26,21.6,47.6,0.3,234,79.6,89.4,6.2
2024-11-13,27,20.4,41.1,2.3,223,73.7,173.3,4.6
2024-11-13,28,23.9,44.8,8.5,117,51.3,68.9,7.6
2024-11-13,29,20.8,41.8,3.8,146,59.7,94.9,6.7
2024-11-13,30,23.6,48.8,1.9,100,24.6,75.8,7.6
2024-11-13,31,21.7,47.1,4.8,110,40.2,60.5,7.9
2024-11-13,32,17.2,36.6,0.1,136,40.9,80.4,5.6
2024-11-13,33,19.8,31.1,11.5,126,51.6,104.5,4.8
2024-11-13,34,18.1,46.2,0.6,208,86.9,155.4,6.6
2024-11-13,35,19.4,29.6,1.8,153,28.5,74.4,5.9
2024-11-14,1,23.9,57.3,1.3,156,28.4,123.5,5.8
2024-11-14,2,23.6,44.5,3.0,183,82.1,76.4,5.1
2024-11-14,3,20.5,40.1,2.7,158,36.2,87.0,5.2
2024-11-14,4,22.6,40.4,2.2,149,55.5,97.1,8.2
2024-11-14,5,25.5,43.3,0.4,137,56.2,81.0,5.6
2024-11-14,6,29.3,37.1,1.8,182,80.0,144.8,5.7
2024-11-14,7,24.7,39.9,2.3,153,48.0,60.0,7.3
2024-11-14,8,23.6,28.2,2.3,88,20.7,47.6,7.5
2024-11-14,9,22.4,50.1,6.8,117,50.8,66.5,6.1
2024-11-14,10,25.3,47.6,2.3,88,35.9,70.9,4.5
2024-11-14,11,25.9,51.0,0.6,238,46.5,160.9,6.9
2024-11-14,12,22.4,44.4,0.5,202,80.3,116.5,5.3
2024-11-14,13,26.0,36.2,0.3,217,79.0,180.1,6.1
2024-11-14,14,20.0,42.9,0.1,190,81.5,151.1,4.3
2024-11-14,15,21.4,57.4,0.3,161,38.5,85.6,6.1
2024-11-14,16,21.1,54.6,0.3,168,30.8,85.6,6.3
2024-11-14,17,24.7,52.8,3.7,168,55.2,62.1,6.9
2024-11-14,18,24.0,47.8,0.1,160,43.8,105.6,6.3
2024-11-14,19,24.0,43.9,1.9,166,49.1,97.6,5.6
2024-11-14,20,20.8,54.1,5.5,187,63.4,118.9,4.7
2024-11-14,21,20.9,46.5,2.1,155,40.0,76.3,5.7
2024-11-14,22,22.6,42.8,0.9,156,39.0,109.7,4.8
2024-11-14,23,23.2,39.6,0.7,204,69.4,72.1,5.0
2024-11-14,24,20.1,37.7,0.3,123,39.2,48.1,5.0
2024-11-14,25,16.3,38.0,0.5,199,52.6,159.1,4.0
2024-11-14,26,26.0,51.4,0.7,196,30.8,92.0,6.7
2024-11-14,27,20.4,35.7,3.8,245,46.2,118.2,3.7
2024-11-14,28,23.4,46.3,0.2,146,31.6,58.9,7.2
2024-11-14,29,25.0,52.0,3.3,175,68.5,109.8,6.2
2024-11-14,30,26.3,46.2,8.8,117,27.3,77.4,7.8
2024-11-14,31,26.2,49.7,0.8,130,34.2,85.4,7.6
2024-11-14,32,23.5,46.2,0.4,169,35.4,126.3,4.2
2024-11-14,33,22.1,48.0,1.0,169,44.4,96.0,3.5
2024-11-14,34,21.1,36.5,3.0,153,49.6,72.5,6.9
2024-11-14,35,21.8,53.3,1.8,173,54.3,72.6,5.5
2024-11-15,1,21.7,53.6,1.8,161,71.3,84.7,7.2
2024-11-15,2,26.5,41.9,0.8,195,36.7,81.1,6.1
2024-11-15,3,26.2,32.8,0.5,151,33.2,97.4,6.2
2024-11-15,4,23.2,47.3,5.1,134,20.7,72.8,7.4
2024-11-15,5,20.5,40.2,0.9,168,34.2,135.2,4.1
2024-11-15,6,23.1,57.7,4.6,178,47.9,138.3,4.6
2024-11-15,7,20.9,49.3,1.2,114,40.9,51.5,7.9
2024-11-15,8,25.3,34.0,3.3,100,31.0,46.6,7.4
2024-11-15,9,25.7,40.2,4.4,114,19.1,58.9,6.0
2024-11-15,10,15.7,42.4,1.1,87,28.5,41.7,5.4
2024-11-15,11,22.1,33.4,5.4,246,85.6,138.8,6.3
2024-11-15,12,13.3,55.3,0.0,201,58.6,91.4,5.3
2024-11-15,13,21.8,45.8,0.3,218,42.4,167.4,8.0
2024-11-15,14,12.5,49.2,0.0,214,64.7,133.6,5.3
2024-11-15,15,23.9,48.6,1.4,159,58.3,122.0,7.4
2024-11-15,16,17.3,54.7,5.6,132,45.3,78.6,6.4
2024-11-15,17,17.5,51.5,3.2,148,58.1,64.6,8.0
2024-11-15,18,22.8,47.3,5.9,185,66.7,127.8,6.0
2024-11-15,19,18.3,56.9,1.4,161,31.8,117.0,5.4
2024-11-15,20,26.5,30.8,1.1,115,44.2,65.8,4.8
2024-11-15,21,23.7,42.3,1.3,185,71.8,132.7,6.3
2024-11-15,22,17.2,51.9,3.2,187,43.5,72.6,6.3
2024-11-15,23,25.3,42.5,0.0,151,64.3,91.5,7.1
2024-11-15,24,19.1,42.2,0.0,168,50.5,123.7,4.0
2024-11-15,25,27.8,53.3,2.6,218,63.0,140.3,5.4
2024-11-15,26,20.9,61.4,1.7,244,57.5,110.0,6.4
2024-11-15,27,21.4,50.1,0.3,228,66.7,122.7,3.9
2024-11-15,28,21.0,53.5,4.9,174,46.5,103.3,7.2
2024-11-15,29,21.0,55.7,2.4,152,39.7,109.4,6.9
2024-11-15,30,25.1,43.2,1.4,107,36.4,80.3,7.4
2024-11-15,31,26.1,55.3,1.3,93,30.0,77.5,8.8
2024-11-15,32,17.2,59.7,0.3,182,62.7,88.5,5.0
2024-11-15,33,26.0,35.6,1.9,167,71.3,69.4,3.6
2024-11-15,34,16.4,54.8,0.1,182,71.2,66.7,6.3
2024-11-15,35,22.5,53.9,3.4,166,44.7,73.0,5.1
2024-11-16,1,23.7,44.6,0.8,183,56.8,103.7,5.7
2024-11-16,2,22.6,57.9,2.7,133,30.3,103.7,4.9
2024-11-16,3,19.8,57.2,14.2,123,42.3,83.2,5.4
2024-11-16,4,22.9,48.3,2.5,102,32.6,67.6,8.3
2024-11-16,5,21.3,55.2,0.2,168,59.9,111.5,6.2
2024-11-16,6,19.9,52.9,3.8,148,61.1,72.2,6.3
2024-11-16,7,18.6,48.7,5.8,123,34.8,62.6,6.9
2024-11-16,8,20.2,49.2,3.0,104,42.5,85.0,6.5
2024-11-16,9,24.6,53.9,0.2,119,49.5,97.0,6.4
2024-11-16,10,25.6,43.9,8.8,79,31.6,38.1,5.3
2024-11-16,11,15.7,55.1,0.1,226,54.6,150.3,5.9
2024-11-16,12,24.6,50.3,0.4,226,85.7,111.0,5.0
2024-11-16,13,18.1,39.8,0.8,220,58.4,148.2,6.8
2024-11-16,14,25.0,39.7,1.9,189,33.8,93.8,5.2
2024-11-16,15,26.2,48.2,1.1,155,39.0,94.6,7.3
2024-11-16,16,20.9,40.4,0.7,175,30.3,79.7,4.5
2024-11-16,17,20.3,52.4,8.1,127,45.8,93.5,6.6
2024-11-16,18,30.1,54.0,0.6,165,44.6,104.1,5.8
2024-11-16,19,23.2,44.8,1.9,145,43.8,110.4,5.6
2024-11-16,20,23.1,42.1,4.2,131,50.3,111.1,4.5
2024-11-16,21,19.8,31.1,0.1,158,38.3,81.8,6.4
2024-11-16,22,21.5,58.8,0.1,173,36.2,75.9,5.7
2024-11-16,23,25.5,44.8,0.3,162,38.2,88.4,5.0
2024-11-16,24,25.8,57.4,0.0,162,58.6,71.2,3.7
2024-11-16,25,17.0,45.8,1.1,276,88.9,220.4,5.9
2024-11-16,26,11.1,42.4,2.2,181,72.1,67.7,6.3
2024-11-16,27,19.4,46.9,2.3,209,57.2,82.9,3.9
2024-11-16,28,23.7,59.9,2.5,156,63.0,60.0,7.2
2024-11-16,29,25.4,44.0,0.0,204,66.9,143.9,7.0
2024-11-16,30,25.4,30.2,1.6,134,60.0,93.9,7.2
2024-11-16,31,19.3,51.2,4.6,122,44.2,49.6,7.1
2024-11-16,32,22.9,42.5,0.5,145,42.2,57.5,5.4
2024-11-16,33,18.5,62.3,3.5,135,23.7,108.6,3.8
2024-11-16,34,17.6,59.1,3.8,159,69.3,96.9,7.7
2024-11-16,35,17.4,39.5,9.5,168,64.2,137.9,5.4
2024-11-17,1,24.9,50.4,0.7,141,21.9,80.8,7.4
2024-11-17,2,24.5,29.2,1.1,143,44.4,96.3,6.0
2024-11-17,3,23.9,62.4,1.3,155,66.8,63.6,5.3
2024-11-17,4,21.3,59.5,0.3,175,58.9,133.0,6.8
2024-11-17,5,23.0,72.3,0.4,173,52.9,117.9,5.6
2024-11-17,6,23.2,38.6,3.1,168,43.0,76.3,4.3
2024-11-17,7,20.4,50.2,0.8,97,23.0,67.2,6.8
2024-11-17,8,24.3,50.3,6.8,99,20.4,71.9,6.6
2024-11-17,9,18.4,48.1,0.1,130,39.5,52.0,5.9
2024-11-17,10,22.8,46.0,0.4,119,39.5,91.8,5.7
2024-11-17,11,20.7,41.0,0.5,213,70.6,127.8,5.1
2024-11-17,12,25.3,37.6,0.2,224,83.9,138.8,6.4
2024-11-17,13,23.3,45.5,0.8,245,50.3,113.8,7.5
2024-11-17,14,22.8,50.3,0.3,210,83.4,129.3,4.7
2024-11-17,15,21.6,44.8,0.5,146,44.3,55.8,6.8
2024-11-17,16,21.1,50.0,1.9,150,62.6,61.1,6.6
2024-11-17,17,27.3,31.2,4.2,151,28.8,104.2,6.4
2024-11-17,18,21.0,49.3,5.1,143,46.9,82.8,5.6
2024-11-17,19,22.6,55.7,1.7,181,37.2,142.4,6.8
2024-11-17,20,21.6,41.9,2.0,136,53.4,76.3,4.8
2024-11-17,21,28.0,43.2,0.7,185,58.4,110.4,5.7
2024-11-17,22,25.0,39.9,0.1,160,26.4,60.8,6.7
2024-11-17,23,24.2,58.7,0.3,186,43.7,69.9,4.4
2024-11-17,24,28.8,31.0,0.2,178,73.8,124.6,5.0
2024-11-17,25,18.3,50.4,0.8,230,99.4,153.5,5.0
2024-11-17,26,24.9,43.0,0.6,258,68.8,218.5,7.6
2024-11-17,27,20.0,38.4,2.3,184,41.0,93.3,5.5
2024-11-17,28,21.3,48.1,2.0,126,51.6,57.2,6.3
2024-11-17,29,23.7,44.9,3.1,132,45.6,64.8,6.1
2024-11-17,30,20.2,42.5,2.6,119,36.0,46.7,7.5
2024-11-17,31,23.6,40.5,0.6,111,25.4,61.9,7.9
2024-11-17,32,19.4,48.5,1.8,153,66.6,93.1,5.6
2024-11-17,33,20.0,36.7,0.7,168,35.6,123.5,5.4
2024-11-17,34,21.1,42.3,0.5,153,45.9,120.4,7.2
2024-11-17,35,19.4,41.1,4.1,163,58.5,111.6,4.4
2024-11-18,1,25.6,34.9,0.2,199,88.9,128.6,7.0
2024-11-18,2,24.9,52.6,3.1,162,65.5,60.0,6.2
2024-11-18,3,18.2,36.5,2.5,177,28.5,90.9,5.3
2024-11-18,4,19.3,42.9,0.1,145,51.6,78.7,6.4
2024-11-18,5,25.4,43.6,0.6,179,66.1,74.3,4.9
2024-11-18,6,18.2,49.8,5.5,165,41.0,125.1,6.0
2024-11-18,7,22.2,47.2,3.1,98,39.2,41.2,6.9
2024-11-18,8,26.3,58.5,1.2,104,31.5,52.3,6.4
2024-11-18,9,20.8,49.9,0.2,104,30.5,85.6,4.6
2024-11-18,10,23.9,37.1,9.4,92,31.0,74.5,4.6
2024-11-18,11,23.0,41.3,0.4,195,68.1,164.4,6.4
2024-11-18,12,20.0,46.8,0.9,221,90.6,176.5,5.4
2024-11-18,13,25.5,42.5,1.0,278,60.0,182.4,7.4
2024-11-18,14,22.7,47.8,0.2,236,77.6,89.8,4.7
2024-11-18,15,20.6,28.2,0.5,156,26.0,68.6,5.7
2024-11-18,16,25.7,53.5,0.2,198,71.0,120.6,5.1
2024-11-18,17,24.0,46.3,5.0,123,29.4,49.9,7.7
2024-11-18,18,28.5,41.8,1.9,174,68.4,141.7,5.7
2024-11-18,19,24.2,41.8,6.7,186,72.3,131.3,5.5
2024-11-18,20,24.2,49.7,0.8,133,40.1,80.9,5.9
2024-11-18,21,24.4,44.1,0.6,117,47.2,72.1,6.1
2024-11-18,22,21.8,43.8,0.4,128,30.4,53.7,6.5
2024-11-18,23,28.0,37.1,0.3,131,52.5,109.9,5.7
2024-11-18,24,29.5,52.7,0.3,163,69.3,112.2,4.0
2024-11-18,25,17.7,42.5,1.4,245,81.6,99.2,5.3
2024-11-18,26,19.5,48.9,1.3,229,60.5,94.5,5.8
2024-11-18,27,28.1,52.7,0.2,221,85.3,164.8,4.1
2024-11-18,28,22.1,45.8,0.9,145,53.3,78.7,6.6
2024-11-18,29,28.3,67.3,1.3,139,57.7,75.4,6.4
2024-11-18,30,21.5,61.9,0.6,116,48.1,67.8,9.0
2024-11-18,31,18.7,52.3,5.9,84,32.1,53.8,8.2
2024-11-18,32,23.0,37.5,1.3,160,27.5,84.0,4.1
2024-11-18,33,18.9,44.3,6.8,167,61.2,117.9,3.5
2024-11-18,34,22.6,47.1,3.3,137,34.6,100.9,7.2
2024-11-18,35,24.3,39.1,1.3,140,30.6,56.1,5.4
2024-11-19,1,27.4,41.2,0.7,146,54.4,103.3,6.7
2024-11-19,2,19.7,58.6,4.0,138,54.7,112.8,6.5
2024-11-19,3,23.7,48.0,8.4,133,55.5,91.7,6.1
2024-11-19,4,23.9,54.9,5.1,134,25.3,65.5,7.3
2024-11-19,5,26.0,39.8,2.5,160,26.8,76.5,4.9
2024-11-19,6,27.2,40.6,2.1,128,27.8,93.4,5.2
2024-11-19,7,22.9,43.3,0.4,127,41.2,72.7,6.9
2024-11-19,8,24.0,51.7,2.8,115,19.0,59.3,6.9
2024-11-19,9,21.9,52.9,0.3,109,24.2,92.3,5.5
2024-11-19,10,21.8,40.5,3.4,102,30.9,48.2,5.1
2024-11-19,11,20.6,53.4,0.6,227,47.6,138.3,6.5
2024-11-19,12,26.6,49.7,3.5,248,97.1,109.7,5.1
2024-11-19,13,22.1,41.0,2.4,234,92.3,111.7,8.0
2024-11-19,14,25.6,64.5,1.2,234,69.3,188.8,5.0
2024-11-19,15,22.1,52.5,5.3,161,65.6,81.8,6.3
2024-11-19,16,25.6,55.5,1.1,140,49.9,117.9,6.8
2024-11-19,17,23.4,48.1,2.7,166,58.6,73.9,6.6
2024-11-19,18,20.2,54.2,0.4,186,33.2,130.7,4.7
2024-11-19,19,24.6,44.1,0.8,178,37.1,86.3,5.9
2024-11-19,20,21.2,40.7,1.9,164,40.6,86.3,5.8
2024-11-19,21,22.8,52.0,0.7,172,30.0,135.8,6.7
2024-11-19,22,21.7,46.5,0.6,174,64.5,94.7,7.2
2024-11-19,23,20.4,56.2,0.1,201,51.8,135.9,4.8
2024-11-19,24,21.6,50.5,0.2,179,42.8,95.1,4.4
2024-11-19,25,21.0,50.0,0.4,219,78.3,77.9,4.2
2024-11-19,26,18.2,39.9,0.6,237,58.5,139.6,5.8
2024-11-19,27,19.0,48.7,0.7,215,42.1,133.4,4.5
2024-11-19,28,25.7,57.8,1.5,142,56.9,113.0,7.9
2024-11-19,29,21.4,54.1,2.5,166,45.3,127.4,6.7
2024-11-19,30,23.4,47.4,3.5,134,49.5,66.5,8.0
2024-11-19,31,22.0,38.4,0.1,136,50.3,64.8,8.1
2024-11-19,32,15.4,31.3,2.4,159,35.5,88.5,5.1
2024-11-19,33,21.5,52.0,0.7,174,74.7,126.6,4.1
2024-11-19,34,19.1,59.1,13.1,129,21.3,88.6,7.7
2024-11-19,35,22.3,47.2,0.3,165,67.5,136.2,4.5
2024-11-20,1,20.3,41.5,5.3,177,75.3,136.7,6.9
2024-11-20,2,20.4,44.0,6.6,147,55.6,116.0,5.0
2024-11-20,3,21.4,48.9,1.9,152,57.7,91.3,5.1
2024-11-20,4,18.7,50.9,0.2,184,58.6,73.0,7.7
2024-11-20,5,25.3,48.7,4.8,158,69.3,72.9,5.5
2024-11-20,6,22.5,44.0,0.8,157,36.7,72.6,4.8
2024-11-20,7,19.7,31.4,1.5,95,21.6,38.3,8.4
2024-11-20,8,19.0,54.4,1.8,98,28.1,56.1,6.6
2024-11-20,9,25.2,45.5,1.4,128,33.5,52.4,6.1
2024-11-20,10,19.7,34.1,1.2,93,21.9,33.4,4.5
2024-11-20,11,25.2,58.4,2.0,243,89.1,118.9,6.2
2024-11-20,12,23.1,36.9,0.5,232,88.7,168.8,5.4
2024-11-20,13,28.5,45.6,0.1,185,73.3,152.5,8.5
2024-11-20,14,23.9,48.2,0.1,225,92.7,151.9,6.0
2024-11-20,15,21.8,51.1,0.1,161,24.2,72.4,6.8
2024-11-20,16,25.7,44.6,0.8,140,40.6,79.9,5.4
2024-11-20,17,20.5,31.6,2.6,169,49.9,84.4,7.7
2024-11-20,18,18.9,59.5,0.1,149,28.4,59.1,4.8
2024-11-20,19,24.8,52.6,1.7,199,36.4,92.1,5.8
2024-11-20,20,22.2,45.6,1.2,110,33.8,89.6,5.5
2024-11-20,21,20.7,39.9,0.8,183,36.2,118.4,6.7
2024-11-20,22,20.8,41.1,0.2,170,72.9,106.6,5.8
2024-11-20,23,23.3,39.8,0.1,153,32.6,89.6,5.2
2024-11-20,24,19.6,42.5,1.4,155,47.0,57.3,5.1
2024-11-20,25,24.8,42.9,1.2,208,67.9,112.2,5.3
2024-11-20,26,18.8,51.4,0.2,234,39.4,140.5,6.5
2024-11-20,27,22.2,64.0,5.2,189,81.6,121.0,4.6
2024-11-20,28,26.9,41.8,1.3,185,66.8,134.0,6.7
2024-11-20,29,25.4,52.6,3.5,158,37.1,127.5,6.3
2024-11-20,30,23.7,40.9,0.4,96,25.5,69.1,6.2
2024-11-20,31,21.5,60.8,7.6,92,25.3,75.9,8.5
2024-11-20,32,16.4,57.7,2.1,150,41.1,96.3,4.9
2024-11-20,33,19.1,47.7,3.5,166,74.5,124.9,4.5
2024-11-20,34,22.1,44.9,0.6,203,86.2,130.8,8.5
2024-11-20,35,22.2,43.2,4.0,172,57.4,124.5,5.5
2024-11-21,1,20.2,45.8,0.7,132,55.1,53.3,6.3
2024-11-21,2,26.1,50.5,6.2,162,40.8,97.8,6.4
2024-11-21,3,20.2,38.9,5.6,129,41.0,95.2,5.7
2024-11-21,4,24.5,35.1,16.9,159,40.4,112.0,6.0
2024-11-21,5,22.2,33.3,0.3,151,49.7,79.2,5.7
2024-11-21,6,16.8,46.9,3.0,161,27.7,76.5,4.6
2024-11-21,7,25.8,61.9,5.2,117,41.2,49.0,6.9
2024-11-21,8,21.3,40.7,4.7,78,17.8,37.4,7.4
2024-11-21,9,22.5,51.8,1.6,77,30.4,30.2,5.3
2024-11-21,10,24.3,53.1,5.6,139,49.6,77.3,4.2
2024-11-21,11,23.2,38.5,0.2,249,47.8,203.3,5.8
2024-11-21,12,23.0,48.6,0.7,238,72.8,148.1,5.5
2024-11-21,13,15.4,41.2,0.1,211,89.1,163.2,7.5
2024-11-21,14,18.0,40.2,0.4,242,64.9,195.3,4.8
2024-11-21,15,22.6,55.0,0.0,174,34.4,140.1,6.8
2024-11-21,16,24.5,45.2,0.1,150,50.4,84.0,5.9
2024-11-21,17,27.1,41.8,3.1,131,47.6,86.4,6.7
2024-11-21,18,26.5,42.0,10.3,125,39.6,101.6,6.2
2024-11-21,19,24.3,47.4,7.5,157,30.1,126.8,6.0
2024-11-21,20,22.5,45.1,2.2,123,33.4,98.9,5.3
2024-11-21,21,19.3,42.5,0.1,184,53.3,151.4,5.8
2024-11-21,22,29.7,34.2,1.1,154,24.6,86.9,6.1
2024-11-21,23,13.1,43.4,0.2,176,40.4,108.6,4.7
2024-11-21,24,31.6,48.7,0.5,140,47.1,65.6,5.3
2024-11-21,25,18.6,42.9,1.5,246,70.7,208.0,5.4
2024-11-21,26,21.6,48.9,3.8,236,87.1,171.9,6.6
2024-11-21,27,19.3,34.1,0.4,205,65.6,138.4,3.9
2024-11-21,28,22.3,46.0,0.0,171,42.8,90.9,6.5
2024-11-21,29,25.9,55.3,0.4,157,43.5,66.3,7.0
2024-11-21,30,24.6,61.2,0.2,130,58.2,67.1,7.5
2024-11-21,31,26.7,47.9,3.9,121,21.6,52.0,7.8
2024-11-21,32,19.2,27.0,0.6,125,45.0,56.9,4.6
2024-11-21,33,22.7,42.4,1.5,159,59.7,56.9,4.6
2024-11-21,34,24.0,34.7,0.7,165,35.2,77.6,7.8
2024-11-21,35,22.7,48.0,3.7,184,70.7,142.7,6.0
2024-11-22,1,21.9,38.7,5.4,133,46.0,97.1,7.0
2024-11-22,2,19.1,58.3,0.9,167,47.2,127.4,5.7
2024-11-22,3,23.8,47.4,4.1,159,24.5,126.9,5.6
2024-11-22,4,27.1,54.6,1.1,157,29.0,87.7,6.8
2024-11-22,5,22.6,39.7,5.9,141,38.2,55.8,4.1
2024-11-22,6,26.6,37.7,0.1,138,31.8,100.8,4.7
2024-11-22,7,21.2,49.4,0.5,139,45.7,76.0,7.6
2024-11-22,8,23.4,53.0,1.1,120,43.5,42.1,6.1
2024-11-22,9,20.5,51.3,0.3,105,33.5,63.1,6.1
2024-11-22,10,25.6,42.7,0.8,135,38.8,111.1,4.8
2024-11-22,11,22.4,41.1,0.8,219,97.5,179.5,5.5
2024-11-22,12,23.0,43.2,0.2,210,90.4,117.4,6.0
2024-11-22,13,20.3,34.0,1.9,199,52.1,76.1,7.0
2024-11-22,14,19.3,42.1,2.4,253,52.0,207.5,4.5
2024-11-22,15,20.7,38.0,2.1,144,37.0,120.8,5.8
2024-11-22,16,24.0,45.8,5.8,144,35.4,103.5,5.8
2024-11-22,17,21.7,43.4,7.5,141,46.9,52.7,6.5
2024-11-22,18,17.3,52.4,2.2,146,25.7,78.1,7.4
2024-11-22,19,22.9,48.3,3.1,136,44.2,60.0,5.8
2024-11-22,20,25.1,40.4,5.6,167,49.6,89.8,5.6
2024-11-22,21,20.4,46.6,0.0,190,81.9,82.8,6.6
2024-11-22,22,21.5,45.7,2.8,155,41.4,66.5,7.7
2024-11-22,23,20.1,54.9,0.0,150,62.1,100.0,5.0
2024-11-22,24,25.6,42.2,0.4,146,29.0,73.1,5.3
2024-11-22,25,22.5,50.5,0.3,203,46.6,147.6,3.8
2024-11-22,26,21.3,38.0,0.3,222,87.0,149.1,5.9
2024-11-22,27,19.9,60.7,1.5,237,100.1,125.9,4.0
2024-11-22,28,23.3,46.1,0.5,201,61.8,94.7,6.8
2024-11-22,29,24.3,33.2,2.3,178,78.6,106.9,6.4
2024-11-22,30,23.4,66.0,3.5,127,40.4,98.7,7.3
2024-11-22,31,20.9,60.0,0.7,78,18.2,66.2,7.6
2024-11-22,32,21.9,50.5,2.2,159,44.7,77.5,5.0
2024-11-22,33,18.3,44.4,5.6,144,46.6,71.5,3.8
2024-11-22,34,19.1,59.4,2.0,135,56.4,88.3,8.4
2024-11-22,35,23.9,38.8,4.0,183,79.2,89.7,5.5
2024-11-23,1,23.5,48.3,5.6,192,56.0,119.4,7.2
2024-11-23,2,18.3,49.0,0.1,161,30.9,114.0,5.7
2024-11-23,3,23.4,54.6,1.6,149,51.3,64.9,5.2
2024-11-23,4,21.6,61.5,1.3,161,52.4,63.7,6.3
2024-11-23,5,25.2,54.2,6.3,178,40.9,131.4,5.4
2024-11-23,6,22.1,50.8,1.0,171,72.4,131.1,4.6
2024-11-23,7,26.7,45.7,1.2,137,30.9,67.8,7.2
2024-11-23,8,23.2,38.7,7.5,103,31.5,81.2,7.0
2024-11-23,9,21.5,53.3,4.3,125,45.4,91.2,6.4
2024-11-23,10,18.0,50.5,1.7,129,46.9,51.8,5.6
2024-11-23,11,20.4,36.2,0.1,221,40.9,167.5,7.2
2024-11-23,12,20.0,53.0,2.6,233,41.7,96.3,6.5
2024-11-23,13,24.0,42.9,2.1,232,99.7,117.3,7.1
2024-11-23,14,25.8,36.1,0.2,185,52.1,106.3,5.9
2024-11-23,15,23.2,43.1,1.0,187,66.1,137.2,5.9
2024-11-23,16,23.0,54.7,2.9,158,42.8,112.5,5.3
2024-11-23,17,21.7,45.3,1.3,160,38.9,88.0,6.8
2024-11-23,18,19.9,53.1,1.1,143,44.9,101.9,5.7
2024-11-23,19,23.1,54.2,5.8,160,42.5,87.4,5.4
2024-11-23,20,26.1,37.6,0.4,171,40.5,138.3,4.4
2024-11-23,21,19.5,44.5,0.1,165,37.8,133.9,6.6
2024-11-23,22,21.8,55.4,0.0,157,63.9,95.8,5.3
2024-11-23,23,21.2,52.7,0.1,149,56.1,93.1,5.1
2024-11-23,24,28.5,49.3,0.4,160,40.4,78.8,5.1
2024-11-23,25,19.8,37.3,0.9,226,46.1,144.8,4.7
2024-11-23,26,19.9,39.3,0.9,266,80.7,221.0,5.5
2024-11-23,27,20.1,42.4,3.2,227,36.2,144.2,3.5
2024-11-23,28,23.2,66.2,0.1,151,53.7,96.5,6.9
2024-11-23,29,27.0,38.6,0.1,166,47.3,131.4,5.0
2024-11-23,30,25.3,60.7,5.6,102,27.0,82.6,8.1
2024-11-23,31,18.9,38.3,8.8,131,46.2,73.1,8.1
2024-11-23,32,17.9,43.7,10.6,132,21.1,83.1,4.9
2024-11-23,33,18.5,52.7,5.6,205,65.0,98.5,3.5
2024-11-23,34,14.6,34.4,3.1,184,46.8,88.3,8.3
2024-11-23,35,24.1,50.5,0.4,170,50.9,97.0,4.9
2024-11-24,1,20.2,43.5,1.6,158,69.3,93.0,7.0
2024-11-24,2,24.1,46.4,4.3,145,24.0,83.9,6.4
2024-11-24,3,29.5,53.3,1.9,178,36.0,150.1,5.5
2024-11-24,4,25.9,37.1,0.4,146,28.1,121.6,7.5
2024-11-24,5,28.2,42.0,0.5,188,49.7,135.5,4.9
2024-11-24,6,23.5,54.3,9.2,133,50.5,75.2,6.1
2024-11-24,7,22.7,53.1,4.0,97,24.5,49.4,6.8
2024-11-24,8,19.6,43.0,16.5,110,47.3,47.6,7.0
2024-11-24,9,23.9,33.3,5.1,67,23.7,40.1,6.3
2024-11-24,10,21.9,48.0,3.7,126,55.6,54.4,5.4
2024-11-24,11,27.1,54.9,3.0,226,38.8,142.7,6.1
2024-11-24,12,27.2,46.6,5.2,230,71.5,135.2,5.6
2024-11-24,13,24.9,40.9,1.6,225,66.4,123.3,7.0
2024-11-24,14,27.5,43.2,0.9,232,89.6,187.8,4.7
2024-11-24,15,22.5,44.2,1.3,179,53.0,89.6,6.4
2024-11-24,16,22.4,49.5,1.2,166,74.3,71.9,7.3
2024-11-24,17,21.1,37.1,5.1,146,23.1,108.2,6.5
2024-11-24,18,26.1,24.3,3.2,160,42.1,98.0,5.5
2024-11-24,19,22.0,60.1,0.6,117,38.6,47.2,5.9
2024-11-24,20,26.1,35.0,0.3,145,53.7,63.8,5.1
2024-11-24,21,19.3,48.2,0.5,159,27.6,84.2,6.5
2024-11-24,22,16.8,48.8,1.1,113,41.0,59.6,7.1
2024-11-24,23,29.8,46.5,0.7,151,53.1,83.6,5.7
2024-11-24,24,17.9,48.6,0.0,150,55.7,87.0,3.9
2024-11-24,25,18.1,46.4,7.6,228,61.6,131.3,6.3
2024-11-24,26,23.5,49.3,0.2,197,58.5,137.4,6.2
2024-11-24,27,22.5,46.4,13.1,212,87.8,99.1,3.8
2024-11-24,28,23.1,55.8,0.8,138,38.1,93.6,6.7
2024-11-24,29,20.7,41.2,0.5,143,36.6,74.0,6.6
2024-11-24,30,23.2,54.7,3.0,147,27.2,83.0,6.8
2024-11-24,31,23.3,43.9,1.4,139,40.9,71.5,7.8
2024-11-24,32,17.2,52.0,1.7,158,41.4,64.2,6.2
2024-11-24,33,20.9,42.1,5.4,165,41.5,96.7,5.1
2024-11-24,34,16.3,40.0,1.0,140,57.8,97.4,7.3
2024-11-24,35,21.1,60.7,8.9,200,57.2,134.8,5.1
2024-11-25,1,23.0,38.9,4.2,193,82.0,161.1,7.0
2024-11-25,2,25.1,46.4,2.5,109,20.2,61.2,5.2
2024-11-25,3,21.3,41.8,12.9,174,27.3,143.1,5.8
2024-11-25,4,24.4,55.0,11.7,168,33.2,130.6,5.9
2024-11-25,5,21.9,48.3,1.8,176,49.3,99.8,5.6
2024-11-25,6,17.4,38.3,0.9,175,69.0,121.0,4.9
2024-11-25,7,25.9,47.8,1.7,105,27.6,63.0,7.7
2024-11-25,8,21.5,57.5,12.9,143,25.2,113.0,7.0
2024-11-25,9,27.9,47.5,5.1,115,32.2,91.2,5.6
2024-11-25,10,20.0,62.6,0.4,91,38.0,54.9,6.4
2024-11-25,11,22.1,46.9,0.0,254,45.2,128.2,6.5
2024-11-25,12,25.8,45.6,0.5,231,61.1,95.2,6.3
2024-11-25,13,23.3,37.1,0.0,234,41.2,88.3,7.8
2024-11-25,14,20.1,59.7,0.2,203,62.1,106.0,5.0
2024-11-25,15,26.4,53.9,1.1,164,64.4,90.8,6.1
2024-11-25,16,25.6,43.4,2.0,194,76.4,120.3,7.1
2024-11-25,17,24.5,47.7,0.3,158,27.2,95.0,6.2
2024-11-25,18,23.7,54.2,9.2,138,49.5,54.2,5.3
2024-11-25,19,24.0,43.7,0.7,154,48.9,119.7,6.1
2024-11-25,20,25.6,48.7,1.7,142,36.5,70.8,4.7
2024-11-25,21,26.5,37.4,0.4,177,50.1,140.8,7.7
2024-11-25,22,24.7,48.4,0.1,162,62.8,75.0,6.1
2024-11-25,23,22.8,40.8,0.5,165,28.8,116.7,5.6
2024-11-25,24,16.2,42.0,0.0,179,72.0,126.7,4.8
2024-11-25,25,20.5,42.4,4.7,206,35.6,129.2,5.1
2024-11-25,26,21.8,61.9,1.0,242,61.0,191.3,6.5
2024-11-25,27,19.6,47.1,0.2,248,106.4,157.3,4.0
2024-11-25,28,24.9,43.3,3.4,146,33.8,97.2,7.8
2024-11-25,29,23.2,65.8,1.6,147,43.8,124.3,6.7
2024-11-25,30,24.0,52.7,2.5,74,12.9,52.7,7.0
2024-11-25,31,20.3,39.3,3.5,139,35.4,117.7,7.8
2024-11-25,32,20.1,44.2,4.2,166,60.0,92.8,5.4
2024-11-25,33,25.4,33.7,0.1,138,51.9,82.8,4.5
2024-11-25,34,16.3,63.0,2.2,161,65.5,70.6,7.6
2024-11-25,35,23.4,56.6,5.1,174,61.5,65.8,4.8
2024-11-26,1,23.9,44.1,0.7,165,42.2,124.4,6.2
2024-11-26,2,25.3,46.1,1.6,180,29.0,139.8,6.2
2024-11-26,3,22.6,55.8,6.1,161,36.6,59.5,5.2
2024-11-26,4,21.2,37.4,1.2,147,41.7,118.2,7.1
2024-11-26,5,22.0,57.1,3.0,154,65.2,100.4,4.5
2024-11-26,6,23.3,39.0,15.3,143,61.5,81.4,5.3
2024-11-26,7,20.8,62.8,0.7,106,36.8,57.5,7.5
2024-11-26,8,25.5,44.5,2.5,79,25.7,43.9,6.6
2024-11-26,9,20.7,49.6,1.2,142,55.6,116.9,7.3
2024-11-26,10,21.6,48.9,0.0,109,37.0,71.7,5.8
2024-11-26,11,28.6,60.8,0.4,209,50.0,164.7,6.9
2024-11-26,12,19.5,33.3,0.7,222,48.9,140.3,4.8
2024-11-26,13,21.9,37.5,0.8,217,50.8,166.1,6.7
2024-11-26,14,23.3,54.2,0.1,192,84.2,141.0,4.6
2024-11-26,15,20.4,54.8,17.0,186,49.8,108.7,6.0
2024-11-26,16,24.5,50.6,15.3,149,34.2,85.4,6.7
2024-11-26,17,22.9,49.8,1.3,144,54.4,68.6,6.4
2024-11-26,18,19.3,40.4,0.1,157,47.2,110.1,5.6
2024-11-26,19,24.9,53.6,1.0,135,20.5,92.8,5.3
2024-11-26,20,25.9,53.7,8.1,184,57.1,81.4,4.5
2024-11-26,21,28.0,58.8,1.3,186,79.2,74.6,6.3
2024-11-26,22,23.2,43.1,1.2,147,32.5,82.8,6.4
2024-11-26,23,22.4,48.4,0.2,143,34.2,98.6,4.0
2024-11-26,24,21.1,29.2,0.5,172,27.4,122.5,4.1
2024-11-26,25,14.8,47.7,5.2,251,72.3,114.2,6.8
2024-11-26,26,22.9,55.0,3.9,228,98.5,144.7,6.9
2024-11-26,27,21.7,50.1,2.1,239,53.2,177.6,5.1
2024-11-26,28,22.3,34.9,2.9,150,42.9,52.7,6.4
2024-11-26,29,23.6,69.1,2.6,162,70.3,100.5,6.8
2024-11-26,30,21.0,53.4,4.4,123,19.4,69.7,7.6
2024-11-26,31,20.6,54.1,0.9,105,40.9,55.4,7.5
2024-11-26,32,17.6,43.6,1.7,136,57.0,96.1,5.7
2024-11-26,33,24.7,32.2,2.7,164,55.7,127.2,2.0
2024-11-26,34,16.5,35.2,0.5,181,55.1,64.8,6.5
2024-11-26,35,22.6,40.6,4.1,164,44.2,116.1,5.5
2024-11-27,1,23.9,49.0,9.1,182,60.3,70.2,7.1
2024-11-27,2,20.2,62.4,3.2,151,59.8,84.4,5.8
2024-11-27,3,19.7,42.4,13.6,179,37.9,96.2,5.6
2024-11-27,4,21.7,40.7,1.7,169,44.6,120.1,6.4
2024-11-27,5,23.7,52.8,3.0,174,43.5,107.4,6.0
2024-11-27,6,24.9,43.6,1.5,166,43.0,116.6,5.5
2024-11-27,7,22.3,47.2,1.6,69,30.0,25.7,6.8
2024-11-27,8,25.5,46.9,1.0,144,24.0,64.2,7.6
2024-11-27,9,22.3,50.7,4.2,103,36.8,54.5,5.9
2024-11-27,10,19.9,49.6,0.8,91,15.1,33.8,5.4
2024-11-27,11,25.5,46.8,0.6,216,70.4,153.2,6.3
2024-11-27,12,19.9,52.0,0.3,252,84.6,129.3,6.1
2024-11-27,13,19.8,36.1,0.3,224,78.4,118.4,5.3
2024-11-27,14,21.3,48.9,1.6,225,40.2,186.5,3.8
2024-11-27,15,20.1,59.0,2.7,153,55.0,55.0,7.9
2024-11-27,16,22.2,35.3,14.2,139,59.6,114.5,6.1
2024-11-27,17,20.6,48.9,0.5,160,46.0,118.5,6.8
2024-11-27,18,25.3,44.9,0.5,164,52.8,112.2,5.6
2024-11-27,19,19.9,43.6,1.2,161,29.8,79.9,7.0
2024-11-27,20,24.2,48.6,0.1,154,63.3,77.6,3.9
2024-11-27,21,20.4,51.8,1.7,163,57.7,89.1,5.6
2024-11-27,22,19.2,39.0,1.8,160,29.1,126.8,6.1
2024-11-27,23,19.4,51.0,0.0,147,32.0,99.6,5.8
2024-11-27,24,20.0,46.5,0.2,159,52.9,100.5,4.2
2024-11-27,25,20.9,65.4,0.8,199,47.2,161.5,6.2
2024-11-27,26,16.5,43.8,2.8,225,54.6,87.9,6.4
2024-11-27,27,21.6,42.3,0.8,206,53.8,110.4,3.4
2024-11-27,28,26.0,48.8,1.2,167,52.4,99.9,7.2
2024-11-27,29,25.8,51.7,0.8,204,44.6,153.7,6.3
2024-11-27,30,20.2,55.3,5.9,78,29.6,51.5,7.5
2024-11-27,31,26.0,49.3,1.6,123,30.3,75.6,6.6
2024-11-27,32,20.4,52.0,0.8,154,53.7,54.1,5.5
2024-11-27,33,20.1,35.2,2.7,168,66.0,93.1,3.0
2024-11-27,34,23.1,51.7,1.1,159,63.7,123.9,6.1
2024-11-27,35,20.9,56.6,0.6,179,66.8,100.6,6.2
2024-11-28,1,22.3,44.4,0.8,136,40.1,49.0,5.7
2024-11-28,2,18.9,34.0,5.1,151,55.5,100.7,5.6
2024-11-28,3,23.1,55.2,1.0,141,35.0,68.9,6.3
2024-11-28,4,24.9,44.0,0.6,161,65.8,82.6,7.0
2024-11-28,5,22.8,50.3,5.1,185,62.8,151.1,5.7
2024-11-28,6,23.8,48.6,4.5,124,41.9,45.1,3.9
2024-11-28,7,19.5,56.6,1.7,107,34.6,72.3,6.9
2024-11-28,8,25.3,38.0,0.6,133,25.2,56.2,6.3
2024-11-28,9,25.6,38.3,2.9,121,37.1,90.4,6.1
2024-11-28,10,25.0,50.3,6.4,128,51.3,46.9,5.0
2024-11-28,11,26.6,37.7,0.6,241,40.8,102.7,6.7
2024-11-28,12,19.2,46.9,0.3,261,51.1,127.2,5.7
2024-11-28,13,23.3,49.8,0.9,207,89.2,91.7,7.2
2024-11-28,14,26.4,42.4,0.5,230,89.6,175.3,5.7
2024-11-28,15,24.9,35.6,0.7,165,64.3,114.5,6.9
2024-11-28,16,18.8,41.9,4.9,138,55.9,102.3,6.4
2024-11-28,17,22.5,50.8,9.5,151,63.3,73.6,7.4
2024-11-28,18,23.0,44.9,1.9,154,32.9,90.4,5.1
2024-11-28,19,22.8,41.3,1.8,166,54.7,75.6,6.6
2024-11-28,20,20.3,54.3,0.8,181,73.8,71.0,5.3
2024-11-28,21,21.7,48.5,0.1,135,48.1,108.7,6.6
2024-11-28,22,17.4,54.5,2.1,157,42.8,56.4,5.5
2024-11-28,23,20.9,52.0,0.1,129,54.9,87.5,5.5
2024-11-28,24,20.8,31.7,0.5,169,63.9,135.4,4.4
2024-11-28,25,23.4,60.3,3.9,258,50.8,184.5,4.4
2024-11-28,26,18.2,41.7,0.4,251,52.2,149.5,7.4
2024-11-28,27,21.2,44.0,1.1,188,64.7,95.7,3.5
2024-11-28,28,28.5,37.3,3.3,123,40.7,99.1,6.6
2024-11-28,29,20.9,42.4,0.3,143,43.9,116.9,7.2
2024-11-28,30,24.7,54.5,3.0,100,33.3,57.1,7.0
2024-11-28,31,24.8,54.5,0.3,85,22.7,33.2,8.6
2024-11-28,32,21.0,43.0,4.3,151,30.8,116.1,5.9
2024-11-28,33,16.0,49.4,0.7,153,66.4,76.3,3.5
2024-11-28,34,18.5,58.3,1.1,156,44.6,83.5,7.3
2024-11-28,35,24.2,45.1,2.5,141,60.4,102.5,4.7
2024-11-29,1,25.8,43.5,7.9,155,35.1,117.8,5.5
2024-11-29,2,24.3,48.3,3.7,136,49.9,48.4,5.7
2024-11-29,3,23.9,38.9,9.7,168,50.5,84.9,5.6
2024-11-29,4,22.4,42.7,0.3,179,33.3,148.0,7.1
2024-11-29,5,20.0,44.6,1.5,142,40.0,68.4,6.2
2024-11-29,6,23.7,37.2,18.5,107,33.0,52.5,4.5
2024-11-29,7,24.7,55.1,1.4,83,14.2,52.4,6.9
2024-11-29,8,22.8,45.7,5.9,111,27.0,68.1,7.2
2024-11-29,9,29.7,40.2,3.4,118,39.4,81.3,5.5
2024-11-29,10,25.5,53.4,1.7,110,27.4,62.6,5.1
2024-11-29,11,24.1,36.3,0.2,238,99.8,145.6,5.4
2024-11-29,12,22.0,55.4,0.6,198,59.1,147.5,5.7
2024-11-29,13,22.9,45.2,1.4,198,42.9,136.9,6.7
2024-11-29,14,24.2,61.7,1.1,210,43.7,167.0,5.0
2024-11-29,15,24.0,42.2,0.6,122,26.0,43.2,6.6
2024-11-29,16,26.9,53.5,8.5,134,42.5,93.3,6.9
2024-11-29,17,22.9,37.6,5.9,166,56.2,103.6,5.2
2024-11-29,18,20.4,41.1,5.3,153,35.1,113.3,5.4
2024-11-29,19,22.9,47.2,1.6,163,47.9,113.6,5.9
2024-11-29,20,22.5,50.5,0.2,166,50.8,130.6,5.0
2024-11-29,21,22.2,49.5,0.8,191,34.7,115.3,6.0
2024-11-29,22,22.1,42.9,0.7,159,45.0,124.6,6.4
2024-11-29,23,19.6,39.0,0.4,170,32.1,108.8,5.2
2024-11-29,24,21.9,51.9,0.0,151,24.6,54.0,4.0
2024-11-29,25,19.7,49.3,2.7,256,82.8,118.1,5.7
2024-11-29,26,21.6,47.3,1.5,207,52.9,78.8,6.3
2024-11-29,27,20.9,43.4,1.5,218,93.9,177.2,3.9
2024-11-29,28,24.5,46.4,1.7,166,62.9,70.6,6.7
2024-11-29,29,27.1,43.1,2.0,166,37.8,85.0,7.2
2024-11-29,30,21.8,38.9,2.7,99,34.9,68.4,8.2
2024-11-29,31,24.3,46.5,2.1,122,26.1,81.5,7.8
2024-11-29,32,15.7,45.2,5.0,139,34.9,108.1,4.6
2024-11-29,33,17.1,31.4,0.1,140,54.0,106.6,3.8
2024-11-29,34,20.8,44.4,1.7,196,50.9,119.9,6.5
2024-11-29,35,19.8,48.7,0.1,126,23.9,56.3,5.2
2024-11-30,1,24.8,26.3,0.8,152,29.5,127.4,6.3
2024-11-30,2,20.8,48.8,2.6,153,62.0,53.7,6.4
2024-11-30,3,22.6,53.6,10.4,167,52.2,126.5,5.8
2024-11-30,4,25.9,42.7,0.9,167,44.2,109.5,7.8
2024-11-30,5,25.3,46.8,1.3,134,45.7,47.6,4.2
2024-11-30,6,23.4,40.9,1.9,186,82.7,132.9,4.5
2024-11-30,7,21.0,61.0,2.3,118,38.8,66.2,7.4
2024-11-30,8,18.2,57.5,4.1,101,22.5,57.1,7.6
2024-11-30,9,21.9,43.9,5.3,127,26.7,60.8,5.7
2024-11-30,10,23.4,50.3,0.7,93,16.5,47.3,5.8
2024-11-30,11,23.3,49.2,0.4,198,83.6,80.0,6.4
2024-11-30,12,23.2,27.7,0.0,285,61.7,231.8,5.6
2024-11-30,13,18.4,34.7,0.8,230,86.3,192.2,5.5
2024-11-30,14,23.8,43.6,0.5,250,48.5,184.1,3.6
2024-11-30,15,21.2,49.3,0.6,140,61.7,74.4,7.0
2024-11-30,16,22.4,44.2,21.0,156,36.3,124.1,6.2
2024-11-30,17,19.9,31.5,0.9,173,27.1,65.9,6.3
2024-11-30,18,22.4,44.6,3.1,193,78.9,142.5,6.6
2024-11-30,19,21.3,37.4,12.5,169,34.8,112.2,5.2
2024-11-30,20,27.9,42.0,2.2,145,59.9,80.2,5.3
2024-11-30,21,22.8,54.8,1.8,173,40.1,101.5,6.3
2024-11-30,22,22.3,53.4,0.2,161,45.7,130.8,6.3
2024-11-30,23,23.9,33.9,0.5,170,30.9,132.8,4.6
2024-11-30,24,29.4,40.6,0.7,173,29.0,123.2,4.8
2024-11-30,25,21.8,50.3,2.0,206,70.9,172.7,5.3
2024-11-30,26,15.1,44.6,0.4,211,75.4,162.7,5.5
2024-11-30,27,18.1,47.6,0.9,212,56.6,176.7,3.9
2024-11-30,28,25.3,47.6,0.2,160,62.7,65.9,7.1
2024-11-30,29,25.6,65.4,5.2,142,49.2,62.4,6.8
2024-11-30,30,22.4,54.0,0.6,105,33.6,67.3,8.0
2024-11-30,31,23.2,41.0,1.0,103,46.1,45.9,7.1
2024-11-30,32,19.5,35.2,0.0,155,36.5,75.9,3.8
2024-11-30,33,16.3,48.5,1.6,158,71.0,71.7,3.8
2024-11-30,34,17.4,66.2,3.7,136,29.7,99.6,7.9
2024-11-30,35,22.6,44.9,3.7,151,33.5,125.0,5.7
2024-12-01,1,21.8,58.7,0.9,168,75.5,99.6,6.5
2024-12-01,2,19.8,49.6,0.6,171,54.0,84.1,6.1
2024-12-01,3,20.8,46.4,0.6,192,79.2,131.9,5.6
2024-12-01,4,26.2,43.3,1.5,174,66.4,71.9,7.1
2024-12-01,5,22.5,39.4,3.2,194,37.7,79.1,6.4
2024-12-01,6,26.5,45.6,0.1,172,44.0,110.0,4.8
2024-12-01,7,19.2,47.3,1.5,97,32.2,80.3,6.9
2024-12-01,8,21.6,58.7,1.5,138,53.6,96.4,8.1
2024-12-01,9,19.2,38.4,3.5,118,24.9,84.8,6.4
2024-12-01,10,22.5,59.9,1.0,116,23.2,58.4,5.5
2024-12-01,11,16.9,54.0,0.3,243,71.7,108.4,6.1
2024-12-01,12,16.3,41.5,0.0,247,78.7,133.7,5.1
2024-12-01,13,16.3,69.5,0.1,254,74.5,124.2,6.7
2024-12-01,14,16.6,53.1,0.1,262,99.1,196.0,5.2
2024-12-01,15,21.8,60.0,1.2,181,63.6,73.9,6.8
2024-12-01,16,21.7,58.2,0.2,189,42.8,73.0,5.5
2024-12-01,17,22.6,43.6,1.4,180,60.2,104.7,7.0
2024-12-01,18,19.2,47.1,0.8,176,27.8,114.0,5.1
2024-12-01,19,18.2,49.6,0.1,163,68.4,93.1,5.7
2024-12-01,20,16.1,36.9,0.6,170,65.7,100.9,5.3
2024-12-01,21,14.2,51.4,0.8,177,65.2,134.8,6.7
2024-12-01,22,16.6,49.3,0.6,162,30.2,56.8,6.0
2024-12-01,23,17.8,50.5,0.1,165,26.0,115.2,5.0
2024-12-01,24,17.4,49.0,0.2,172,42.5,73.9,4.9
2024-12-01,25,13.5,47.7,1.9,239,37.2,185.6,4.2
2024-12-01,26,12.4,56.4,4.3,262,45.5,92.2,6.7
2024-12-01,27,15.7,46.4,0.6,251,44.3,206.8,3.9
2024-12-01,28,24.4,25.9,1.0,156,27.2,83.6,6.2
2024-12-01,29,22.1,48.6,1.1,178,67.5,64.7,6.4
2024-12-01,30,23.8,38.0,0.6,98,16.0,68.8,7.1
2024-12-01,31,18.5,44.7,3.2,129,20.7,70.2,8.2
2024-12-01,32,10.5,57.6,0.2,139,55.2,96.0,5.9
2024-12-01,33,18.2,62.6,1.7,182,50.8,81.7,4.7
2024-12-01,34,22.5,52.9,0.5,161,43.8,71.8,7.8
2024-12-01,35,17.5,64.2,1.0,184,80.8,101.5,4.9
2024-12-02,1,24.4,60.5,0.1,172,30.6,77.9,6.3
2024-12-02,2,18.1,41.4,2.7,155,67.6,112.0,6.2
2024-12-02,3,19.2,44.9,0.6,205,45.7,113.2,5.8
2024-12-02,4,18.1,38.8,0.6,182,71.2,110.5,6.5
2024-12-02,5,24.0,43.1,0.1,175,50.4,104.9,5.3
2024-12-02,6,24.5,52.5,0.6,185,50.5,93.9,5.2
2024-12-02,7,20.8,27.6,0.5,125,27.8,61.1,7.7
2024-12-02,8,20.0,54.3,0.7,145,40.9,83.6,7.3
2024-12-02,9,19.0,57.7,0.9,105,28.4,84.4,6.2
2024-12-02,10,19.0,49.1,0.6,114,43.0,45.4,4.6
2024-12-02,11,17.2,50.1,1.2,247,110.7,145.0,6.0
2024-12-02,12,15.0,61.0,1.5,252,105.9,166.8,5.9
2024-12-02,13,13.8,51.0,0.6,234,104.7,174.6,6.3
2024-12-02,14,14.1,36.3,0.6,229,63.9,165.8,5.4
2024-12-02,15,18.9,52.0,0.2,171,63.9,101.4,7.6
2024-12-02,16,23.1,46.4,1.2,162,31.2,106.2,6.4
2024-12-02,17,18.7,48.7,0.6,178,71.4,97.5,7.1
2024-12-02,18,21.5,51.6,0.2,132,56.4,54.8,5.1
2024-12-02,19,23.0,54.7,0.5,142,56.7,71.4,5.3
2024-12-02,20,23.7,47.5,0.2,183,79.0,151.0,4.6
2024-12-02,21,17.7,50.1,0.2,151,23.7,120.9,6.5
2024-12-02,22,20.4,38.4,1.2,186,28.4,74.1,5.5
2024-12-02,23,14.1,55.2,0.6,171,69.0,130.3,5.6
2024-12-02,24,6.8,29.6,0.5,183,40.6,135.3,4.0
2024-12-02,25,16.6,34.8,7.1,255,81.4,114.4,5.3
2024-12-02,26,17.4,50.8,1.0,258,48.3,109.3,6.2
2024-12-02,27,17.6,41.7,2.8,240,65.5,139.2,4.1
2024-12-02,28,22.8,59.4,1.2,172,63.2,145.4,6.6
2024-12-02,29,21.2,56.3,1.9,171,71.8,97.1,7.7
2024-12-02,30,22.2,44.8,0.1,134,41.3,99.8,6.7
2024-12-02,31,20.3,44.5,1.2,132,56.4,89.0,8.3
2024-12-02,32,11.8,55.2,3.0,155,42.3,96.3,6.9
2024-12-02,33,15.3,48.7,2.3,148,29.7,118.6,4.0
2024-12-02,34,13.0,42.5,2.2,166,34.5,113.4,8.2
2024-12-02,35,17.3,40.6,0.3,187,48.9,101.3,4.1
2024-12-03,1,25.2,43.5,0.4,187,66.6,83.3,6.8
2024-12-03,2,22.7,46.2,0.4,136,44.5,69.8,5.4
2024-12-03,3,24.8,30.8,2.2,145,63.8,84.1,5.9
2024-12-03,4,17.9,46.0,3.1,164,59.6,98.7,7.2
2024-12-03,5,17.8,61.8,0.7,197,34.0,127.8,5.0
2024-12-03,6,21.2,54.3,0.7,176,50.3,149.2,5.3
2024-12-03,7,21.5,51.6,0.2,101,38.1,81.1,7.6
2024-12-03,8,17.0,46.4,1.9,127,54.5,76.3,7.2
2024-12-03,9,22.4,45.6,0.4,134,56.4,78.9,6.9
2024-12-03,10,27.0,47.6,0.6,93,39.6,37.1,5.5
2024-12-03,11,16.0,57.0,3.7,244,75.2,111.9,6.1
2024-12-03,12,15.1,58.6,0.2,249,94.5,134.8,5.3
2024-12-03,13,18.2,35.1,0.6,223,40.7,189.3,7.4
2024-12-03,14,14.7,61.7,0.3,255,111.5,153.7,5.8
2024-12-03,15,20.7,55.8,0.4,196,81.5,73.0,6.7
2024-12-03,16,21.0,51.7,0.1,173,37.2,108.4,6.2
2024-12-03,17,26.7,50.2,0.5,181,44.1,145.6,6.4
2024-12-03,18,25.4,51.7,0.6,160,24.9,111.4,4.9
2024-12-03,19,24.3,42.7,0.2,209,72.7,167.5,6.6
2024-12-03,20,17.9,46.8,2.0,196,69.8,125.4,4.3
2024-12-03,21,12.5,53.4,1.5,171,56.2,126.6,6.1
2024-12-03,22,16.8,52.3,1.9,187,39.1,103.0,6.1
2024-12-03,23,17.8,49.4,0.1,219,36.6,111.5,6.5
2024-12-03,24,15.0,53.5,0.3,191,51.8,140.4,3.3
2024-12-03,25,12.8,49.1,0.4,232,46.6,98.1,4.8
2024-12-03,26,18.8,34.8,3.4,213,78.7,155.5,6.1
2024-12-03,27,14.9,44.0,2.5,232,77.7,157.0,4.1
2024-12-03,28,21.1,38.0,0.2,211,49.2,119.6,6.9
2024-12-03,29,23.2,33.8,0.1,169,26.9,128.5,6.5
2024-12-03,30,20.1,67.0,1.5,91,19.5,44.7,7.3
2024-12-03,31,22.4,51.4,0.0,126,53.0,68.1,9.1
2024-12-03,32,9.5,57.9,1.3,208,89.9,117.6,5.2
2024-12-03,33,12.1,43.4,1.1,153,29.4,96.6,3.9
2024-12-03,34,10.7,57.2,4.0,167,45.1,118.1,7.3
2024-12-03,35,15.6,44.9,0.2,204,88.6,116.9,4.5
2024-12-04,1,21.0,45.2,0.3,155,36.7,130.7,6.6
2024-12-04,2,20.8,54.4,2.0,191,81.2,82.1,5.7
2024-12-04,3,20.0,34.8,1.5,154,38.4,82.3,4.1
2024-12-04,4,18.6,47.1,2.2,138,42.4,93.9,7.5
2024-12-04,5,22.9,45.9,1.7,184,32.8,87.1,5.1
2024-12-04,6,19.1,50.9,0.1,159,41.5,77.2,4.7
2024-12-04,7,27.9,39.8,1.0,64,24.4,40.5,6.7
2024-12-04,8,24.7,51.0,0.1,137,37.3,115.5,6.2
2024-12-04,9,21.3,49.3,0.1,112,31.8,61.0,5.8
2024-12-04,10,22.7,35.8,1.1,130,52.9,52.0,5.5
2024-12-04,11,16.9,49.8,0.2,202,73.2,135.0,6.4
2024-12-04,12,14.5,42.1,0.1,230,57.1,171.2,5.7
2024-12-04,13,13.0,47.0,0.1,228,39.0,93.0,8.8
2024-12-04,14,19.4,45.3,5.0,219,49.0,181.1,5.2
2024-12-04,15,18.1,51.6,0.6,195,53.9,95.2,6.8
2024-12-04,16,20.3,56.3,0.6,171,64.3,62.6,5.7
2024-12-04,17,18.6,57.5,0.7,196,64.6,134.2,7.7
2024-12-04,18,24.7,47.2,1.3,156,32.3,121.7,4.1
2024-12-04,19,18.3,45.6,0.0,162,59.6,62.8,6.1
2024-12-04,20,15.3,53.5,0.3,157,52.2,111.7,4.9
2024-12-04,21,16.3,34.0,1.6,173,31.3,103.4,5.4
2024-12-04,22,15.6,70.3,2.1,202,31.4,168.8,5.2
2024-12-04,23,15.0,33.1,0.3,181,67.3,79.7,5.4
2024-12-04,24,17.5,36.0,0.0,148,41.9,65.3,5.6
2024-12-04,25,11.2,52.0,2.0,243,43.1,184.9,5.4
2024-12-04,26,10.2,55.4,0.4,244,103.5,96.0,6.6
2024-12-04,27,13.8,37.1,1.9,211,62.6,141.8,4.1
2024-12-04,28,23.0,51.6,3.3,207,57.4,174.0,6.3
2024-12-04,29,19.6,46.5,0.4,183,53.9,68.9,6.2
2024-12-04,30,23.7,47.7,0.3,114,40.9,47.9,7.7
2024-12-04,31,18.9,47.6,0.6,173,26.2,96.9,8.2
2024-12-04,32,15.5,48.5,1.9,205,85.0,129.6,4.7
2024-12-04,33,14.5,30.0,1.1,173,56.3,62.3,4.1
2024-12-04,34,18.2,39.8,2.5,197,72.5,85.6,7.5
2024-12-04,35,11.8,34.0,0.1,163,34.0,93.9,4.9
2024-12-05,1,13.5,42.7,0.2,189,64.1,147.9,6.4
2024-12-05,2,24.2,32.9,3.0,179,49.6,97.8,5.3
2024-12-05,3,22.1,30.8,1.8,140,27.8,55.3,5.3
2024-12-05,4,24.7,45.4,4.0,159,27.2,125.7,6.6
2024-12-05,5,24.7,40.6,1.6,170,26.8,68.5,4.3
2024-12-05,6,20.7,52.8,0.4,167,43.1,137.9,4.7
2024-12-05,7,17.8,48.8,3.1,117,28.4,61.6,7.1
2024-12-05,8,21.0,61.4,2.3,117,45.7,51.4,6.3
2024-12-05,9,19.9,55.6,0.7,148,40.4,96.7,5.9
2024-12-05,10,25.8,41.1,1.0,98,30.6,59.2,6.0
2024-12-05,11,12.5,55.7,0.2,211,70.0,117.4,5.9
2024-12-05,12,16.9,43.9,2.5,225,85.8,116.2,6.4
2024-12-05,13,16.1,31.1,1.9,214,68.7,104.9,7.4
2024-12-05,14,16.1,40.2,0.7,255,84.1,174.9,4.3
2024-12-05,15,20.3,54.5,0.2,164,68.7,114.6,6.1
2024-12-05,16,16.1,50.4,0.6,140,32.5,101.2,5.8
2024-12-05,17,21.4,47.6,0.5,138,43.1,59.9,6.8
2024-12-05,18,17.5,49.6,0.1,177,51.1,140.2,5.2
2024-12-05,19,16.8,28.2,0.1,159,58.2,70.9,5.5
2024-12-05,20,23.6,46.4,0.6,178,34.9,70.3,5.2
2024-12-05,21,13.7,52.9,0.2,191,31.4,106.4,5.2
2024-12-05,22,18.4,57.4,0.3,187,81.4,146.5,5.0
2024-12-05,23,23.4,50.5,0.1,178,58.6,109.4,5.2
2024-12-05,24,18.2,34.5,0.1,201,53.0,146.8,4.6
2024-12-05,25,13.6,27.1,1.2,248,104.8,134.9,4.4
2024-12-05,26,10.6,46.5,0.1,213,86.4,145.9,6.9
2024-12-05,27,14.8,40.2,0.6,244,60.5,94.1,3.8
2024-12-05,28,20.4,47.8,0.9,150,59.4,126.8,7.0
2024-12-05,29,24.2,29.7,1.7,204,48.6,160.9,6.7
2024-12-05,30,22.0,63.5,0.4,128,19.3,73.4,7.5
2024-12-05,31,15.5,39.9,0.8,115,41.0,46.3,7.8
2024-12-05,32,13.7,45.8,1.9,206,75.0,147.9,4.3
2024-12-05,33,14.1,42.2,0.3,160,44.9,82.4,3.7
2024-12-05,34,13.3,52.1,1.0,151,39.1,67.2,7.4
2024-12-05,35,18.9,31.5,13.0,176,75.4,73.8,4.2
2024-12-06,1,21.2,47.6,0.1,169,53.2,66.3,6.9
2024-12-06,2,22.3,51.4,0.1,166,62.8,137.6,6.5
2024-12-06,3,23.7,30.4,0.3,179,54.3,148.3,5.9
2024-12-06,4,19.6,48.1,1.1,179,56.7,125.6,7.3
2024-12-06,5,20.1,55.5,2.5,185,72.6,156.2,5.4
2024-12-06,6,18.1,64.3,1.3,149,46.3,114.3,4.5
2024-12-06,7,17.3,47.4,1.4,124,47.5,66.5,6.9
2024-12-06,8,23.6,51.1,3.2,118,23.3,59.2,7.4
2024-12-06,9,24.9,40.4,4.9,101,44.8,35.5,5.9
2024-12-06,10,20.8,59.0,0.3,126,34.8,98.4,6.2
2024-12-06,11,18.2,41.2,0.3,278,118.5,230.2,5.9
2024-12-06,12,17.7,51.9,2.7,245,71.1,127.2,6.8
2024-12-06,13,15.0,50.1,0.2,261,101.9,122.8,6.8
2024-12-06,14,13.1,39.8,0.6,249,104.4,90.2,4.2
2024-12-06,15,16.3,43.1,1.6,164,29.7,90.9,6.0
2024-12-06,16,20.5,41.1,1.1,170,37.5,67.3,5.3
2024-12-06,17,21.1,46.7,6.1,212,86.5,167.2,6.5
2024-12-06,18,19.4,37.5,0.1,173,46.7,140.1,4.9
2024-12-06,19,22.1,50.7,0.1,182,54.2,129.4,5.5
2024-12-06,20,23.5,48.7,0.9,198,86.9,99.2,4.0
2024-12-06,21,15.8,50.4,0.0,209,49.9,144.1,6.4
2024-12-06,22,12.0,47.5,0.6,206,89.5,170.5,5.6
2024-12-06,23,12.9,40.5,1.3,180,61.1,143.0,5.6
2024-12-06,24,20.4,39.7,0.2,168,46.6,138.4,4.2
2024-12-06,25,10.6,39.7,1.8,242,99.9,152.3,4.6
2024-12-06,26,11.3,60.1,1.8,214,67.4,84.5,6.7
2024-12-06,27,15.0,49.8,2.6,234,42.4,95.7,4.3
2024-12-06,28,20.6,35.9,3.1,123,45.0,79.0,7.5
2024-12-06,29,22.4,41.7,0.1,155,34.9,64.8,7.0
2024-12-06,30,18.6,59.1,0.1,135,35.6,62.0,7.9
2024-12-06,31,18.0,34.4,0.6,148,43.5,81.9,6.9
2024-12-06,32,13.6,39.7,0.5,167,49.4,91.2,6.0
2024-12-06,33,12.3,38.1,0.2,173,49.0,100.4,3.7
2024-12-06,34,17.2,40.3,0.4,167,62.8,114.1,6.8
2024-12-06,35,17.4,45.3,2.7,164,56.5,114.9,5.3
2024-12-07,1,21.9,42.0,1.7,179,36.8,70.0,5.5
2024-12-07,2,22.0,62.5,0.0,173,28.1,90.2,5.5
2024-12-07,3,24.9,40.2,1.9,176,53.0,97.6,5.1
2024-12-07,4,24.7,51.6,2.5,169,54.6,96.7,6.9
2024-12-07,5,23.3,28.7,7.0,192,55.2,127.0,5.5
2024-12-07,6,27.0,45.4,1.8,170,48.8,119.9,3.6
2024-12-07,7,23.1,46.6,0.1,108,47.1,55.2,7.0
2024-12-07,8,18.0,36.5,0.2,99,17.2,54.4,7.5
2024-12-07,9,22.6,39.7,0.4,130,39.5,65.4,6.2
2024-12-07,10,19.6,33.5,1.6,119,38.8,88.4,6.3
2024-12-07,11,17.2,60.8,1.5,244,40.9,102.1,6.5
2024-12-07,12,15.6,62.1,2.4,283,112.2,231.9,5.1
2024-12-07,13,14.4,24.5,0.2,268,42.0,154.3,5.4
2024-12-07,14,17.0,38.3,1.3,256,65.3,111.7,4.2
2024-12-07,15,21.3,49.1,3.8,205,83.3,130.6,7.0
2024-12-07,16,18.3,45.6,0.0,202,67.4,137.1,6.2
2024-12-07,17,21.4,53.4,0.5,159,50.9,124.1,7.2
2024-12-07,18,22.2,44.7,1.7,151,37.3,126.7,5.2
2024-12-07,19,21.1,47.4,0.4,162,25.8,60.7,6.9
2024-12-07,20,21.0,59.9,4.3,210,89.9,86.5,4.6
2024-12-07,21,19.2,52.7,1.4,144,47.4,96.9,6.8
2024-12-07,22,9.9,42.4,1.9,161,26.4,111.8,6.8
2024-12-07,23,19.7,50.4,0.1,183,27.9,122.8,4.2
2024-12-07,24,12.6,30.4,0.4,183,36.1,66.2,4.6
2024-12-07,25,12.7,48.1,0.3,253,54.9,182.8,4.9
2024-12-07,26,15.8,35.8,1.3,265,52.2,178.0,5.1
2024-12-07,27,11.0,53.7,2.0,215,86.6,129.7,4.7
2024-12-07,28,23.8,54.9,0.4,174,76.1,71.6,6.7
2024-12-07,29,18.5,43.0,3.0,202,73.1,80.1,6.6
2024-12-07,30,18.9,48.9,0.1,121,30.0,90.9,7.6
2024-12-07,31,20.2,37.8,1.5,137,33.8,114.7,8.0
2024-12-07,32,9.0,50.2,1.4,149,64.9,65.1,5.2
2024-12-07,33,11.5,56.6,2.0,196,45.2,119.6,3.9
2024-12-07,34,14.1,63.7,1.9,168,34.6,118.2,8.4
2024-12-07,35,16.6,55.8,0.4,185,74.5,153.5,4.7
2024-12-08,1,22.4,48.5,3.4,141,37.7,62.3,6.2
2024-12-08,2,27.7,49.7,1.2,185,51.1,139.8,6.3
2024-12-08,3,19.8,39.0,0.1,130,41.6,55.7,5.8
2024-12-08,4,23.6,47.7,1.1,188,46.4,159.6,6.7
2024-12-08,5,22.8,51.6,2.9,159,40.8,92.4,4.8
2024-12-08,6,23.2,58.1,0.3,170,75.8,105.0,6.2
2024-12-08,7,19.4,47.0,0.9,142,37.8,98.7,7.9
2024-12-08,8,22.6,43.1,0.6,100,21.0,41.3,5.6
2024-12-08,9,17.0,41.0,1.4,124,36.9,74.4,6.4
2024-12-08,10,30.6,51.6,0.3,102,28.2,64.0,5.5
2024-12-08,11,18.9,43.1,1.3,251,78.6,176.4,6.4
2024-12-08,12,14.1,43.4,0.4,264,71.9,213.4,5.1
2024-12-08,13,15.6,36.0,1.7,220,43.0,156.6,7.6
2024-12-08,14,11.1,46.8,0.3,269,79.6,140.2,4.0
2024-12-08,15,18.6,54.0,0.1,182,57.6,99.7,6.6
2024-12-08,16,19.7,40.1,0.9,186,59.0,114.4,7.0
2024-12-08,17,14.8,32.1,1.2,165,35.0,69.0,6.3
2024-12-08,18,18.2,52.1,2.5,184,69.9,130.2,6.0
2024-12-08,19,22.0,41.9,0.5,196,55.4,160.9,5.0
2024-12-08,20,22.5,51.1,2.9,181,45.5,99.2,4.0
2024-12-08,21,17.3,54.1,1.0,197,61.7,137.6,6.3
2024-12-08,22,13.7,41.6,0.6,129,31.8,52.3,5.5
2024-12-08,23,4.1,49.7,0.7,182,78.0,150.9,6.1
2024-12-08,24,21.5,27.4,0.9,140,29.6,71.3,3.9
2024-12-08,25,11.1,48.4,2.9,253,77.9,114.3,4.8
2024-12-08,26,14.3,52.9,0.5,239,89.7,91.1,6.4
2024-12-08,27,14.4,73.6,2.6,263,91.6,92.7,4.3
2024-12-08,28,23.4,51.4,0.0,187,46.5,114.2,6.8
2024-12-08,29,24.0,53.6,0.5,185,50.0,69.2,6.2
2024-12-08,30,22.9,50.2,0.4,143,62.5,95.4,8.2
2024-12-08,31,17.7,50.1,0.4,122,48.9,61.0,8.2
2024-12-08,32,14.2,37.7,0.8,199,72.2,103.5,6.3
2024-12-08,33,16.0,40.9,1.7,191,53.2,149.2,4.5
2024-12-08,34,15.6,47.2,0.9,190,51.7,92.8,7.1
2024-12-08,35,16.7,52.9,1.5,183,58.6,114.3,6.0
2024-12-09,1,22.9,49.2,0.4,173,58.8,141.0,7.7
2024-12-09,2,20.9,34.5,3.9,147,31.5,92.5,5.3
2024-12-09,3,23.2,38.9,1.1,190,34.7,148.3,5.1
2024-12-09,4,18.0,44.5,0.1,150,46.2,77.7,6.6
2024-12-09,5,19.4,43.9,2.4,184,54.4,91.1,5.1
2024-12-09,6,20.8,46.9,0.1,194,62.9,115.8,5.3
2024-12-09,7,24.0,39.7,0.1,107,39.5,72.5,7.0
2024-12-09,8,24.4,55.7,0.5,115,27.8,46.0,6.9
2024-12-09,9,23.1,45.1,0.0,96,40.6,53.2,5.9
2024-12-09,10,24.2,53.5,0.9,119,36.7,55.0,4.6
2024-12-09,11,15.6,42.9,0.5,240,52.7,136.9,5.7
2024-12-09,12,18.5,61.4,0.1,251,106.3,116.8,5.0
2024-12-09,13,16.5,45.0,0.5,241,72.8,130.7,5.8
2024-12-09,14,15.2,47.0,0.6,280,112.0,130.7,5.7
2024-12-09,15,19.9,52.0,0.4,159,27.1,115.8,6.1
2024-12-09,16,21.8,57.1,1.1,147,23.6,83.8,6.3
2024-12-09,17,19.8,47.1,0.6,197,84.5,164.1,7.2
2024-12-09,18,19.8,42.8,0.6,156,48.5,124.9,4.4
2024-12-09,19,24.8,41.4,1.2,159,70.4,129.2,5.0
2024-12-09,20,15.3,53.7,0.1,174,56.4,127.9,5.5
2024-12-09,21,14.5,55.7,1.9,175,53.2,83.7,6.9
2024-12-09,22,14.4,38.3,1.4,169,44.6,91.8,7.3
2024-12-09,23,14.7,61.2,0.7,169,35.8,133.4,5.5
2024-12-09,24,16.2,50.1,0.1,143,55.6,84.1,4.6
2024-12-09,25,14.7,44.8,5.6,249,69.7,193.1,5.8
2024-12-09,26,7.6,44.5,3.9,262,87.1,133.8,7.1
2024-12-09,27,13.2,51.9,1.0,241,99.4,119.4,3.8
2024-12-09,28,23.4,58.1,0.1,144,52.0,113.1,6.0
2024-12-09,29,24.2,45.2,0.1,168,71.4,139.4,6.6
2024-12-09,30,18.7,43.9,0.7,136,36.2,62.9,7.3
2024-12-09,31,18.3,40.7,0.8,127,26.9,83.8,7.9
2024-12-09,32,16.9,43.9,0.3,175,67.1,82.7,6.0
2024-12-09,33,14.4,54.1,3.5,154,24.1,77.8,4.4
2024-12-09,34,19.5,49.2,0.1,117,22.8,64.8,6.8
2024-12-09,35,18.4,54.4,1.4,149,25.2,83.7,4.2
2024-12-10,1,18.1,44.2,0.2,186,49.3,104.7,6.7
2024-12-10,2,14.5,55.6,0.3,155,43.6,129.2,5.7
2024-12-10,3,20.4,48.9,1.6,188,55.9,106.1,4.6
2024-12-10,4,23.1,33.4,3.7,154,59.1,100.1,7.4
2024-12-10,5,16.8,48.7,0.8,236,82.2,123.9,6.3
2024-12-10,6,25.1,44.4,0.0,143,25.6,54.1,4.6
2024-12-10,7,18.6,41.9,1.1,107,36.6,79.4,6.6
2024-12-10,8,21.5,52.7,0.2,85,26.7,57.9,5.2
2024-12-10,9,15.9,41.2,0.5,91,40.7,52.2,6.2
2024-12-10,10,18.6,37.5,0.2,144,51.6,114.8,6.3
2024-12-10,11,18.5,51.3,0.7,244,41.7,186.8,6.1
2024-12-10,12,11.4,47.4,1.5,246,71.7,182.5,5.8
2024-12-10,13,12.0,47.5,0.1,205,64.0,109.6,6.8
2024-12-10,14,15.3,48.1,0.7,239,102.0,109.6,4.5
2024-12-10,15,24.3,46.3,0.4,167,37.7,125.2,6.6
2024-12-10,16,22.5,50.7,1.0,197,54.0,89.8,6.0
2024-12-10,17,16.8,33.9,0.1,161,24.7,131.5,7.1
2024-12-10,18,17.6,43.0,0.0,201,72.5,140.6,5.2
2024-12-10,19,20.9,37.3,0.1,165,64.4,69.5,5.4
2024-12-10,20,20.6,37.3,0.2,194,65.8,133.3,4.8
2024-12-10,21,16.4,46.6,2.9,190,63.2,87.0,5.6
2024-12-10,22,15.0,54.9,0.7,172,45.2,96.5,7.0
2024-12-10,23,12.3,58.7,0.1,183,37.6,135.7,6.3
2024-12-10,24,15.5,44.1,0.0,172,70.1,137.6,4.5
2024-12-10,25,16.5,55.6,0.4,273,112.7,222.0,5.1
2024-12-10,26,14.5,53.8,0.4,273,80.2,172.1,7.4
2024-12-10,27,13.9,49.3,0.2,246,83.1,112.2,4.5
2024-12-10,28,21.7,39.1,1.3,170,69.5,113.0,7.2
2024-12-10,29,23.6,21.8,0.3,176,74.4,82.9,6.1
2024-12-10,30,16.9,34.4,0.5,129,40.6,98.7,6.9
2024-12-10,31,22.2,53.6,0.8,125,39.9,76.2,7.3
2024-12-10,32,10.1,50.5,1.5,148,45.0,80.1,5.9
2024-12-10,33,17.4,34.7,2.1,201,84.7,90.1,4.2
2024-12-10,34,14.7,45.9,2.4,165,41.8,82.7,8.0
2024-12-10,35,17.7,41.1,0.8,177,57.9,79.1,5.2
2024-12-11,1,20.0,48.4,0.7,163,39.4,75.1,6.0
2024-12-11,2,21.5,38.9,0.1,157,49.9,119.2,5.4
2024-12-11,3,19.1,49.7,0.2,194,64.0,142.7,5.7
2024-12-11,4,21.9,33.1,0.1,175,55.3,125.0,7.3
2024-12-11,5,26.0,45.5,0.3,192,49.8,110.0,4.8
2024-12-11,6,26.5,44.2,0.6,197,73.8,131.6,5.4
2024-12-11,7,22.8,35.3,0.5,120,45.2,62.7,7.3
2024-12-11,8,22.1,43.8,0.9,135,48.3,77.0,7.2
2024-12-11,9,22.7,40.7,0.9,129,33.5,78.1,5.8
2024-12-11,10,16.5,40.5,0.5,110,37.0,52.9,5.7
2024-12-11,11,13.8,34.2,0.5,228,60.9,161.7,6.2
2024-12-11,12,12.0,41.6,0.7,239,45.9,161.8,5.2
2024-12-11,13,13.0,31.6,1.0,285,56.9,225.7,6.3
2024-12-11,14,13.8,39.1,0.7,250,93.3,155.1,5.3
2024-12-11,15,20.3,44.6,0.6,139,37.2,50.3,7.8
2024-12-11,16,23.5,42.5,0.9,186,35.3,80.4,6.3
2024-12-11,17,22.6,53.3,1.6,199,63.8,155.1,7.0
2024-12-11,18,17.1,44.1,2.2,190,77.4,106.4,6.3
2024-12-11,19,20.5,40.1,1.2,194,68.7,71.2,6.0
2024-12-11,20,18.9,46.7,0.8,180,58.9,100.4,4.8
2024-12-11,21,16.4,35.7,0.1,149,32.4,126.5,6.0
2024-12-11,22,12.4,39.1,0.1,197,32.4,164.5,5.2
2024-12-11,23,13.4,46.9,1.0,147,65.2,96.6,5.9
2024-12-11,24,10.9,53.1,0.2,160,69.8,133.2,4.2
2024-12-11,25,10.1,57.2,3.4,268,75.7,101.8,4.9
2024-12-11,26,11.0,50.5,1.3,244,104.6,113.3,6.7
2024-12-11,27,18.5,44.7,1.8,280,113.0,209.3,4.6
2024-12-11,28,23.0,38.0,1.1,155,62.4,94.2,6.8
2024-12-11,29,23.5,42.3,2.0,172,31.9,64.2,6.6
2024-12-11,30,19.3,34.8,0.6,135,58.1,80.1,7.0
2024-12-11,31,17.5,53.4,0.8,144,36.2,52.2,8.0
2024-12-11,32,7.7,39.1,0.5,177,67.9,110.2,5.1
2024-12-11,33,15.2,47.3,2.9,160,52.5,65.1,4.5
2024-12-11,34,16.9,53.7,6.2,149,32.7,100.2,7.5
2024-12-11,35,18.0,57.7,2.6,160,32.2,87.0,6.1
2024-12-12,1,21.1,47.7,3.4,203,55.0,147.3,5.9
2024-12-12,2,22.9,47.4,1.0,142,51.6,76.6,5.4
2024-12-12,3,26.6,41.4,0.1,186,32.8,115.7,6.3
2024-12-12,4,25.2,43.0,0.4,138,60.3,84.8,7.4
2024-12-12,5,19.9,46.4,0.3,180,49.8,101.8,5.8
2024-12-12,6,21.1,45.6,0.0,176,44.8,79.1,4.4
2024-12-12,7,20.0,40.7,0.1,129,22.5,70.4,7.1
2024-12-12,8,20.2,36.5,0.2,132,54.1,84.4,7.7
2024-12-12,9,18.4,46.5,0.1,155,27.6,80.2,5.8
2024-12-12,10,23.3,53.3,0.2,125,24.0,100.4,5.4
2024-12-12,11,16.9,43.3,3.4,272,104.7,190.4,4.8
2024-12-12,12,11.5,39.3,0.2,237,98.9,162.0,4.8
2024-12-12,13,20.1,54.7,0.4,275,89.8,230.4,6.8
2024-12-12,14,14.1,44.1,2.3,236,44.8,184.5,4.5
2024-12-12,15,17.9,43.6,0.1,171,54.6,123.1,7.3
2024-12-12,16,21.6,41.5,1.7,179,45.3,95.5,6.4
2024-12-12,17,18.5,54.6,0.8,182,58.3,119.4,6.1
2024-12-12,18,21.0,43.2,0.2,195,33.1,70.9,5.5
2024-12-12,19,23.5,39.3,0.1,167,70.5,91.3,6.1
2024-12-12,20,22.0,43.8,0.8,212,41.0,128.8,5.7
2024-12-12,21,12.9,63.1,0.4,149,65.0,113.2,5.5
2024-12-12,22,12.2,52.3,1.7,156,34.2,58.0,5.7
2024-12-12,23,13.8,47.3,0.5,161,71.6,108.9,5.9
2024-12-12,24,22.5,62.8,0.3,156,68.3,115.3,5.0
2024-12-12,25,12.1,58.2,0.7,256,86.3,171.6,5.3
2024-12-12,26,12.3,45.1,0.2,244,102.6,117.7,6.2
2024-12-12,27,15.8,49.1,0.8,201,56.1,74.3,4.6
2024-12-12,28,21.3,49.4,0.6,190,29.8,139.2,6.6
2024-12-12,29,20.0,49.4,0.6,170,74.0,87.0,6.8
2024-12-12,30,16.9,45.6,2.3,144,45.4,102.1,7.2
2024-12-12,31,19.3,43.3,0.7,96,20.4,58.7,7.3
2024-12-12,32,12.6,41.5,11.3,208,92.0,100.3,4.9
2024-12-12,33,14.0,31.7,1.1,196,54.4,131.6,2.8
2024-12-12,34,17.9,37.3,1.5,173,40.4,73.9,8.2
2024-12-12,35,17.8,55.9,0.5,226,49.9,171.0,5.1
2024-12-13,1,24.9,27.7,0.1,162,67.3,87.3,7.3
2024-12-13,2,22.2,46.2,0.1,198,39.9,111.7,5.8
2024-12-13,3,19.2,32.8,2.2,182,77.4,119.5,5.5
2024-12-13,4,19.3,39.3,2.6,182,53.5,130.8,6.4
2024-12-13,5,19.4,47.0,0.4,187,42.4,80.0,4.8
2024-12-13,6,23.1,63.2,0.6,152,63.5,108.9,5.5
2024-12-13,7,19.7,49.6,1.2,96,42.4,61.0,7.4
2024-12-13,8,18.5,43.5,0.6,129,33.5,87.6,6.1
2024-12-13,9,23.2,41.9,2.4,87,36.8,72.7,6.3
2024-12-13,10,23.8,37.9,0.5,117,47.3,46.1,5.5
2024-12-13,11,13.5,38.3,0.7,255,113.0,180.2,5.6
2024-12-13,12,17.5,44.7,0.8,226,59.4,102.6,5.9
2024-12-13,13,14.2,41.8,1.6,263,95.8,205.6,7.5
2024-12-13,14,15.6,40.7,0.0,249,99.0,171.0,4.4
2024-12-13,15,23.5,47.1,0.1,177,70.7,125.6,5.7
2024-12-13,16,24.8,62.2,0.0,188,83.5,89.8,6.1
2024-12-13,17,18.9,50.6,1.0,178,64.9,96.6,7.2
2024-12-13,18,21.5,42.3,0.3,171,39.2,63.9,5.6
2024-12-13,19,16.7,58.8,0.5,155,55.7,54.8,6.1
2024-12-13,20,16.6,36.1,0.9,152,35.0,117.4,5.4
2024-12-13,21,19.6,45.5,1.3,173,73.7,96.9,6.7
2024-12-13,22,13.9,38.7,0.4,170,40.0,126.2,6.7
2024-12-13,23,20.6,55.7,0.1,148,41.3,77.8,5.0
2024-12-13,24,13.1,47.8,0.4,197,65.2,146.8,4.2
2024-12-13,25,16.0,47.7,2.6,228,36.2,111.6,4.3
2024-12-13,26,13.6,55.7,1.6,218,79.8,134.3,6.8
2024-12-13,27,12.2,54.5,0.6,259,86.4,130.8,3.5
2024-12-13,28,22.8,46.3,2.4,194,67.5,88.8,6.5
2024-12-13,29,25.9,51.0,0.5,205,87.2,146.3,6.4
2024-12-13,30,23.5,43.9,0.4,113,30.4,82.8,7.7
2024-12-13,31,18.7,46.4,0.4,120,44.4,42.9,7.8
2024-12-13,32,15.2,58.8,1.8,223,97.9,123.7,5.1
2024-12-13,33,18.9,38.6,4.2,145,44.3,94.7,3.8
2024-12-13,34,10.4,55.7,0.7,165,61.8,76.3,8.1
2024-12-13,35,15.9,47.9,3.8,181,45.8,113.3,4.6
2024-12-14,1,20.8,43.1,1.1,186,35.5,138.2,6.9
2024-12-14,2,25.5,43.9,2.7,183,56.0,69.1,5.2
2024-12-14,3,23.6,52.8,2.5,189,70.9,74.6,5.1
2024-12-14,4,16.3,50.2,0.3,193,74.8,127.3,6.4
2024-12-14,5,22.9,48.0,0.2,171,73.1,101.8,6.1
2024-12-14,6,21.7,45.0,0.4,154,48.3,129.4,5.3
2024-12-14,7,20.1,50.7,0.6,127,55.6,58.7,6.2
2024-12-14,8,22.7,51.6,3.6,109,40.2,38.8,7.4
2024-12-14,9,21.5,38.0,0.5,79,29.0,36.0,5.9
2024-12-14,10,21.1,58.8,0.4,130,20.3,78.3,4.3
2024-12-14,11,13.9,51.7,0.2,243,54.1,118.8,5.0
2024-12-14,12,13.0,37.4,0.4,257,77.1,143.7,5.3
2024-12-14,13,11.6,41.7,0.2,289,78.7,241.7,6.9
2024-12-14,14,18.0,40.4,4.3,222,40.2,178.1,4.2
2024-12-14,15,17.7,45.3,0.1,181,62.7,69.5,6.4
2024-12-14,16,16.6,55.1,1.1,210,36.2,74.2,6.6
2024-12-14,17,24.3,54.3,0.0,190,52.5,107.1,5.8
2024-12-14,18,22.0,53.8,0.7,196,40.2,147.8,6.3
2024-12-14,19,25.1,33.8,0.8,194,53.5,130.6,5.8
2024-12-14,20,24.0,50.8,0.6,171,74.3,87.5,3.4
2024-12-14,21,23.5,41.3,0.7,209,43.1,114.6,5.8
2024-12-14,22,16.7,56.8,0.9,153,47.1,59.8,6.5
2024-12-14,23,19.4,54.7,0.2,157,49.5,75.9,4.1
2024-12-14,24,22.0,54.0,0.1,149,30.3,117.2,3.3
2024-12-14,25,12.7,62.1,0.4,199,76.1,125.1,5.1
2024-12-14,26,18.4,46.0,3.2,264,62.0,179.8,6.2
2024-12-14,27,16.2,54.4,3.3,255,54.9,183.5,3.0
2024-12-14,28,16.9,53.8,3.5,216,74.2,115.6,6.5
2024-12-14,29,21.5,57.0,0.1,176,27.1,91.6,7.0
2024-12-14,30,22.3,47.8,0.2,134,40.6,79.6,6.8
2024-12-14,31,24.8,42.1,0.6,140,57.1,105.4,8.3
2024-12-14,32,13.4,32.0,0.3,198,83.9,109.9,5.5
2024-12-14,33,15.1,37.8,0.1,177,63.5,80.6,4.0
2024-12-14,34,14.6,25.0,0.2,193,41.5,151.6,7.6
2024-12-14,35,19.1,48.1,0.5,174,77.1,82.9,5.7
2024-12-15,1,21.8,46.7,1.7,181,66.5,86.9,5.9
2024-12-15,2,22.3,56.1,2.4,182,63.2,142.4,6.5
2024-12-15,3,15.2,48.9,0.1,174,70.1,126.4,4.9
2024-12-15,4,20.6,41.7,0.1,150,40.6,90.1,6.7
2024-12-15,5,26.9,39.8,0.2,177,60.7,70.5,4.4
2024-12-15,6,24.2,45.9,0.5,129,21.7,87.7,4.5
2024-12-15,7,22.5,66.6,0.6,125,24.9,102.3,6.6
2024-12-15,8,23.1,48.2,0.5,122,48.8,60.9,6.5
2024-12-15,9,18.5,40.4,1.4,92,31.7,64.0,7.1
2024-12-15,10,17.6,57.8,0.0,122,48.9,52.4,5.5
2024-12-15,11,9.8,60.5,1.2,260,67.1,132.3,6.0
2024-12-15,12,9.8,50.4,0.5,265,43.2,159.7,5.8
2024-12-15,13,12.9,45.8,2.6,216,67.6,171.6,7.2
2024-12-15,14,20.4,55.8,0.8,257,60.4,154.0,5.4
2024-12-15,15,22.2,57.3,1.0,185,69.3,75.6,6.3
2024-12-15,16,22.7,57.9,1.8,162,66.9,102.2,6.1
2024-12-15,17,22.2,57.1,0.1,203,67.0,90.3,6.6
2024-12-15,18,20.1,43.5,3.5,227,60.2,147.7,5.2
2024-12-15,19,18.1,37.5,1.1,188,31.1,100.7,4.9
2024-12-15,20,21.9,38.8,1.5,156,68.7,96.9,3.7
2024-12-15,21,18.4,53.0,0.2,123,40.1,97.7,5.6
2024-12-15,22,14.1,46.0,1.9,118,26.8,78.4,5.5
2024-12-15,23,17.0,49.7,0.2,169,43.3,78.5,5.8
2024-12-15,24,15.4,46.0,0.1,159,53.4,81.7,4.5
2024-12-15,25,15.5,41.7,3.8,255,80.7,112.7,5.2
2024-12-15,26,15.2,51.2,3.5,177,59.5,117.1,7.3
2024-12-15,27,11.5,45.3,0.3,232,57.5,144.3,6.2
2024-12-15,28,19.2,45.4,0.4,177,59.3,90.1,5.7
2024-12-15,29,26.2,41.6,0.6,179,37.7,64.5,5.8
2024-12-15,30,17.4,48.1,1.0,146,59.1,53.4,7.8
2024-12-15,31,22.7,46.8,1.2,121,53.8,45.8,7.2
2024-12-15,32,17.2,33.7,1.7,180,70.1,74.5,4.9
2024-12-15,33,11.8,31.2,7.1,209,72.6,79.1,3.5
2024-12-15,34,9.8,46.8,0.5,198,31.1,108.8,8.1
2024-12-15,35,17.6,57.2,2.9,138,35.5,91.6,5.5
2024-12-16,1,21.8,49.6,0.7,150,27.8,95.1,6.7
2024-12-16,2,23.5,41.7,0.6,188,29.5,157.2,5.2
2024-12-16,3,22.5,45.2,0.5,202,46.0,116.7,5.7
2024-12-16,4,21.9,47.1,0.5,158,24.1,114.2,7.0
2024-12-16,5,21.2,46.1,1.3,207,91.3,86.9,5.5
2024-12-16,6,20.8,48.0,7.4,174,41.0,144.5,3.9
2024-12-16,7,19.7,52.3,0.0,113,50.7,74.5,7.3
2024-12-16,8,22.4,59.7,1.1,135,31.8,75.6,7.7
2024-12-16,9,21.5,39.6,0.6,124,51.3,99.9,5.9
2024-12-16,10,17.6,36.2,0.0,139,22.9,88.4,5.2
2024-12-16,11,15.0,58.0,0.6,250,61.2,145.8,6.2
2024-12-16,12,13.4,43.9,3.6,244,57.0,121.0,5.2
2024-12-16,13,15.4,42.9,4.9,247,51.4,126.6,5.1
2024-12-16,14,10.6,45.3,0.7,246,96.1,176.6,5.2
2024-12-16,15,22.8,43.6,0.5,157,48.6,75.4,6.4
2024-12-16,16,20.3,51.0,0.4,194,61.7,164.9,6.0
2024-12-16,17,20.3,45.1,0.4,220,35.7,178.6,6.8
2024-12-16,18,19.6,51.3,2.1,207,45.3,110.6,5.3
2024-12-16,19,21.3,33.7,3.0,208,70.1,143.1,5.9
2024-12-16,20,24.3,48.5,2.8,163,48.8,67.9,5.1
2024-12-16,21,15.2,37.9,0.2,130,56.8,89.3,6.5
2024-12-16,22,8.2,52.5,0.2,151,36.1,61.3,5.0
2024-12-16,23,14.3,46.4,0.2,180,45.4,65.6,6.8
2024-12-16,24,10.7,35.2,0.0,199,45.8,111.7,3.3
2024-12-16,25,10.6,44.8,0.1,212,66.6,102.1,4.8
2024-12-16,26,10.5,52.9,0.5,219,34.1,144.8,6.9
2024-12-16,27,13.7,40.6,1.3,216,61.4,99.2,3.6
2024-12-16,28,22.8,51.8,2.1,160,40.0,136.0,6.1
2024-12-16,29,23.0,54.5,2.3,183,72.1,145.4,5.6
2024-12-16,30,22.9,39.0,0.4,95,22.2,58.3,6.8
2024-12-16,31,20.8,40.5,0.4,106,26.7,62.0,7.9
2024-12-16,32,10.4,44.1,1.2,195,86.7,131.6,4.8
2024-12-16,33,15.1,60.4,2.5,173,42.6,137.1,4.2
2024-12-16,34,15.7,53.6,3.7,146,24.7,108.0,8.2
2024-12-16,35,21.0,51.2,2.4,195,32.9,115.0,3.9
2024-12-17,1,21.7,39.5,0.3,186,76.8,150.9,6.1
2024-12-17,2,17.7,42.3,2.2,187,57.2,77.9,5.3
2024-12-17,3,26.8,61.1,0.4,197,51.5,151.6,5.9
2024-12-17,4,24.4,58.3,0.0,200,77.3,83.6,7.6
2024-12-17,5,20.4,53.1,2.5,165,59.3,131.9,4.6
2024-12-17,6,22.2,43.3,0.2,163,27.3,131.1,5.5
2024-12-17,7,18.8,53.2,0.7,125,44.2,63.5,6.6
2024-12-17,8,22.6,46.6,0.1,113,26.1,61.1,6.5
2024-12-17,9,21.7,51.6,1.9,121,20.7,47.0,6.7
2024-12-17,10,19.8,51.0,1.1,92,27.5,62.8,5.1
2024-12-17,11,11.2,45.8,0.8,277,46.4,168.7,6.9
2024-12-17,12,14.4,38.3,0.1,195,52.6,106.8,5.4
2024-12-17,13,14.2,55.8,0.8,244,49.1,99.6,6.5
2024-12-17,14,12.7,36.6,0.3,245,80.5,122.9,5.2
2024-12-17,15,19.7,33.6,1.4,170,70.2,62.4,6.1
2024-12-17,16,19.1,47.3,0.2,139,22.7,69.6,6.8
2024-12-17,17,26.3,47.8,1.9,141,24.5,81.5,6.8
2024-12-17,18,21.7,54.2,0.5,189,63.5,152.7,6.1
2024-12-17,19,14.1,52.4,2.3,197,63.6,165.8,5.3
2024-12-17,20,22.1,22.3,0.7,162,61.0,135.4,4.2
2024-12-17,21,16.7,56.6,0.5,187,68.1,155.0,5.7
2024-12-17,22,15.0,36.9,0.8,190,53.6,141.6,4.4
2024-12-17,23,7.2,51.1,0.2,217,72.6,167.5,5.8
2024-12-17,24,20.3,61.4,0.2,183,32.0,149.8,4.4
2024-12-17,25,11.7,51.5,2.8,247,78.0,144.0,3.8
2024-12-17,26,11.3,39.3,0.7,254,102.1,111.0,5.5
2024-12-17,27,14.0,47.4,2.6,249,40.7,121.5,4.7
2024-12-17,28,21.6,47.3,0.8,152,42.1,94.5,7.3
2024-12-17,29,23.3,36.2,1.7,143,53.3,94.4,6.8
2024-12-17,30,21.5,35.1,2.0,138,27.4,113.0,7.7
2024-12-17,31,17.5,42.3,1.1,133,38.4,89.1,7.5
2024-12-17,32,12.5,42.4,1.6,153,32.2,69.3,4.3
2024-12-17,33,16.5,37.2,4.0,163,42.2,121.7,4.3
2024-12-17,34,13.1,52.9,3.8,189,63.5,124.2,7.1
2024-12-17,35,21.0,46.3,0.4,181,64.5,103.6,4.3
2024-12-18,1,21.5,49.9,1.0,185,42.2,99.1,7.3
2024-12-18,2,18.8,45.8,1.5,187,59.5,70.5,5.8
2024-12-18,3,20.6,45.8,0.9,193,67.8,96.8,5.6
2024-12-18,4,20.3,37.2,0.9,183,61.5,64.2,7.9
2024-12-18,5,23.5,50.1,0.9,136,36.1,111.6,5.6
2024-12-18,6,22.6,52.9,3.6,147,35.0,74.5,5.6
2024-12-18,7,20.3,37.9,2.6,129,29.4,59.2,8.0
2024-12-18,8,20.3,37.4,2.6,104,43.6,66.2,7.1
2024-12-18,9,22.1,41.4,2.1,120,19.6,42.3,5.8
2024-12-18,10,23.9,40.1,0.2,102,20.3,79.8,4.9
2024-12-18,11,13.1,50.1,0.4,248,65.0,88.0,5.5
2024-12-18,12,17.9,41.9,4.4,243,104.9,100.1,5.0
2024-12-18,13,17.2,57.3,1.2,250,57.5,104.5,6.3
2024-12-18,14,11.7,45.2,0.6,228,70.7,93.3,6.0
2024-12-18,15,18.5,31.9,1.9,181,32.5,145.4,6.2
2024-12-18,16,24.0,46.4,0.6,186,40.8,89.4,6.5
2024-12-18,17,23.4,46.6,0.3,205,79.9,109.4,7.0
2024-12-18,18,23.9,48.7,3.6,140,41.5,102.4,5.7
2024-12-18,19,16.6,51.9,0.2,165,65.2,92.0,6.5
2024-12-18,20,20.6,38.5,2.2,205,40.5,151.0,6.2
2024-12-18,21,13.6,39.0,0.8,189,48.9,149.8,5.7
2024-12-18,22,14.2,50.9,1.3,185,58.8,143.8,5.5
2024-12-18,23,15.2,52.1,0.0,177,37.9,148.8,6.0
2024-12-18,24,15.0,57.5,0.4,165,68.1,123.6,5.6
2024-12-18,25,13.2,36.8,4.3,253,75.3,135.5,5.1
2024-12-18,26,12.8,46.8,4.4,229,51.6,114.8,6.9
2024-12-18,27,16.0,38.0,1.6,245,107.6,147.0,2.8
2024-12-18,28,21.1,54.0,1.5,175,43.1,64.7,6.0
2024-12-18,29,22.3,52.2,0.0,168,46.9,137.0,6.0
2024-12-18,30,23.9,45.8,2.6,123,22.6,47.1,6.9
2024-12-18,31,23.6,45.7,0.2,122,54.8,52.2,8.0
2024-12-18,32,13.8,37.0,2.7,195,55.1,155.4,4.6
2024-12-18,33,12.5,59.1,3.3,177,59.8,65.3,3.9
2024-12-18,34,15.3,37.3,0.5,141,49.3,76.8,7.1
2024-12-18,35,15.4,41.9,3.1,217,86.9,174.7,4.7
2024-12-19,1,19.8,48.7,2.0,169,53.9,98.9,6.7
2024-12-19,2,21.4,42.3,2.3,170,68.9,119.2,5.4
2024-12-19,3,22.3,38.7,0.0,178,34.0,91.2,5.0
2024-12-19,4,24.3,43.0,1.0,200,66.8,75.2,6.2
2024-12-19,5,20.9,44.1,0.2,153,25.1,63.2,5.5
2024-12-19,6,20.4,56.1,0.3,176,37.3,61.8,5.4
2024-12-19,7,21.5,60.3,0.5,109,17.3,78.4,7.0
2024-12-19,8,14.7,42.3,0.1,137,48.6,62.3,6.6
2024-12-19,9,25.3,50.4,0.2,135,34.4,70.0,5.7
2024-12-19,10,21.2,47.7,1.5,125,21.4,71.9,4.8
2024-12-19,11,14.7,59.5,3.3,213,32.8,85.3,5.8
2024-12-19,12,12.1,45.8,0.1,220,95.2,160.9,5.8
2024-12-19,13,18.4,49.4,2.6,239,66.4,169.0,7.1
2024-12-19,14,18.1,46.7,0.2,237,79.4,136.4,5.1
2024-12-19,15,22.0,49.1,2.0,158,52.5,83.1,6.0
2024-12-19,16,18.7,48.7,0.2,174,36.6,110.6,5.9
2024-12-19,17,22.8,49.5,0.8,157,40.6,129.4,8.2
2024-12-19,18,19.7,27.4,0.4,135,34.0,56.1,5.2
2024-12-19,19,19.9,54.7,0.7,196,82.1,165.7,4.9
2024-12-19,20,20.7,41.3,1.5,173,41.8,74.7,4.9
2024-12-19,21,15.5,52.5,0.2,185,61.7,80.5,5.7
2024-12-19,22,15.6,49.2,0.7,120,38.8,75.4,6.6
2024-12-19,23,17.4,44.8,0.3,180,30.4,117.1,5.8
2024-12-19,24,18.7,53.8,0.2,189,73.8,132.4,4.7
2024-12-19,25,13.0,56.0,2.3,257,40.4,115.2,4.3
2024-12-19,26,17.1,51.7,2.3,255,56.7,205.5,6.6
2024-12-19,27,16.2,45.1,1.9,245,93.1,110.6,4.1
2024-12-19,28,22.1,55.4,0.2,168,48.5,120.0,7.6
2024-12-19,29,25.7,55.0,0.9,193,72.9,96.5,5.9
2024-12-19,30,21.3,44.6,2.2,96,41.7,48.4,7.5
2024-12-19,31,16.4,41.5,2.0,124,50.1,105.2,8.1
2024-12-19,32,10.4,41.9,3.1,177,74.4,97.4,5.1
2024-12-19,33,14.7,54.2,0.8,159,66.9,84.2,4.3
2024-12-19,34,13.9,37.2,4.1,191,37.2,143.6,7.3
2024-12-19,35,17.1,60.9,1.0,175,72.7,61.3,5.4
2024-12-20,1,21.0,39.8,2.9,187,51.0,143.1,7.1
2024-12-20,2,21.5,45.0,2.4,172,51.6,66.6,6.9
2024-12-20,3,26.1,42.3,1.2,188,32.4,135.2,5.1
2024-12-20,4,21.7,40.5,0.2,150,67.4,79.9,6.9
2024-12-20,5,19.9,45.6,1.8,152,50.2,99.6,6.7
2024-12-20,6,24.0,50.2,0.4,198,37.3,128.8,4.7
2024-12-20,7,19.1,53.9,0.0,158,60.4,94.3,7.1
2024-12-20,8,19.4,50.5,0.2,128,51.8,74.0,6.5
2024-12-20,9,18.6,50.4,0.7,105,36.8,72.9,6.6
2024-12-20,10,16.3,42.4,1.2,96,36.5,61.3,5.8
2024-12-20,11,13.8,52.3,0.3,231,103.0,190.5,6.0
2024-12-20,12,16.8,41.5,2.5,247,104.5,167.7,6.9
2024-12-20,13,15.5,57.8,1.7,262,71.1,120.8,6.6
2024-12-20,14,18.0,30.6,0.1,242,63.7,119.4,5.4
2024-12-20,15,20.0,55.1,1.4,171,52.2,100.0,6.4
2024-12-20,16,17.8,37.5,0.0,191,71.5,141.8,6.2
2024-12-20,17,21.0,41.5,0.7,170,43.6,134.6,7.4
2024-12-20,18,21.8,37.4,0.3,175,29.2,89.7,6.1
2024-12-20,19,23.1,52.1,0.3,201,86.4,79.7,7.3
2024-12-20,20,16.9,43.1,1.6,171,32.2,133.9,4.6
2024-12-20,21,11.5,37.4,0.2,163,67.1,71.5,7.3
2024-12-20,22,11.6,58.7,0.3,173,54.8,90.9,5.4
2024-12-20,23,19.0,44.6,0.1,192,83.0,110.2,5.4
2024-12-20,24,22.8,43.9,0.1,187,43.5,95.2,4.7
2024-12-20,25,19.3,48.3,2.4,273,114.4,182.7,5.0
2024-12-20,26,13.6,29.7,0.4,265,105.2,180.9,7.4
2024-12-20,27,10.3,44.4,1.3,211,50.2,146.1,3.6
2024-12-20,28,20.9,46.1,0.6,166,37.2,104.8,6.3
2024-12-20,29,23.0,53.3,0.5,192,79.0,81.9,5.5
2024-12-20,30,23.4,49.8,0.8,108,32.9,61.5,6.9
2024-12-20,31,23.2,56.3,0.4,154,47.2,119.6,7.9
2024-12-20,32,15.6,57.6,0.3,195,67.8,121.5,4.2
2024-12-20,33,12.8,61.4,1.6,170,41.7,86.3,4.3
2024-12-20,34,13.0,52.7,1.6,207,38.9,155.3,7.2
2024-12-20,35,16.6,39.9,0.9,173,58.5,62.7,6.0
2024-12-21,1,21.1,49.7,0.3,149,31.9,66.4,6.8
2024-12-21,2,19.0,41.7,0.4,142,47.3,118.8,5.5
2024-12-21,3,21.4,49.8,1.1,198,39.6,71.1,6.1
2024-12-21,4,18.6,45.6,1.4,174,67.1,101.8,6.2
2024-12-21,5,22.0,51.3,0.8,151,56.1,123.5,5.7
2024-12-21,6,26.7,48.5,1.9,183,59.8,94.6,5.3
2024-12-21,7,19.9,47.6,0.0,95,38.8,55.3,7.6
2024-12-21,8,21.5,46.1,0.2,97,28.9,45.0,5.4
2024-12-21,9,20.0,32.0,1.2,102,35.1,61.2,6.1
2024-12-21,10,22.3,43.0,0.1,130,27.6,54.0,5.6
2024-12-21,11,12.4,44.0,0.1,216,71.2,82.1,6.0
2024-12-21,12,14.2,58.3,0.5,240,40.6,139.3,5.0
2024-12-21,13,17.8,40.7,0.5,214,48.6,124.6,6.5
2024-12-21,14,15.1,58.3,1.8,228,87.4,174.8,5.2
2024-12-21,15,19.4,48.7,2.0,180,45.3,127.5,6.0
2024-12-21,16,20.3,56.6,0.9,170,64.9,134.5,6.3
2024-12-21,17,20.7,45.4,2.0,180,44.8,77.1,6.9
2024-12-21,18,18.7,46.1,1.4,171,47.9,61.8,5.1
2024-12-21,19,16.6,51.6,0.1,202,89.2,129.7,5.7
2024-12-21,20,21.0,54.3,0.0,163,58.6,107.6,4.7
2024-12-21,21,11.0,50.0,4.1,184,73.7,95.2,7.1
2024-12-21,22,15.7,50.6,0.7,158,59.4,119.3,5.0
2024-12-21,23,19.8,57.9,0.1,193,45.6,122.6,5.5
2024-12-21,24,20.0,44.5,0.1,157,45.6,123.2,4.5
2024-12-21,25,14.3,52.5,0.0,226,57.9,143.6,5.2
2024-12-21,26,15.6,49.7,0.0,258,51.1,99.6,5.5
2024-12-21,27,16.7,32.7,2.8,264,100.8,115.2,4.9
2024-12-21,28,20.2,47.7,0.7,161,30.7,114.9,6.9
2024-12-21,29,19.6,52.2,0.2,188,35.1,121.8,6.9
2024-12-21,30,23.5,27.8,1.9,159,35.0,129.5,8.0
2024-12-21,31,20.3,30.0,0.5,151,52.8,111.8,8.2
2024-12-21,32,15.5,55.9,9.4,158,40.7,88.2,4.4
2024-12-21,33,15.9,41.0,0.5,187,65.4,136.9,3.8
2024-12-21,34,16.3,40.1,0.0,172,72.7,121.4,7.2
2024-12-21,35,18.4,55.6,5.1,131,25.6,67.3,4.2
2024-12-22,1,22.8,52.0,1.9,179,38.5,87.0,5.6
2024-12-22,2,18.2,50.1,2.3,140,46.1,93.2,6.3
2024-12-22,3,19.3,54.4,0.9,172,76.0,89.5,4.8
2024-12-22,4,25.1,39.8,0.7,153,33.5,124.3,6.4
2024-12-22,5,18.4,41.4,0.9,167,69.2,108.7,5.3
2024-12-22,6,20.8,52.2,0.2,143,55.7,99.1,4.7
2024-12-22,7,22.1,54.5,1.1,111,21.2,74.8,7.0
2024-12-22,8,19.0,48.4,0.1,149,32.3,62.5,7.0
2024-12-22,9,27.0,52.0,2.9,114,47.5,75.3,5.6
2024-12-22,10,20.8,45.8,3.6,105,32.6,60.7,5.2
2024-12-22,11,11.6,37.5,0.3,268,56.2,131.8,6.6
2024-12-22,12,11.5,42.6,0.8,259,81.9,135.3,5.0
2024-12-22,13,15.8,42.4,1.7,237,41.8,88.0,6.9
2024-12-22,14,14.8,47.1,0.5,261,69.0,153.3,5.3
2024-12-22,15,19.0,42.4,3.9,171,66.3,99.1,7.3
2024-12-22,16,19.2,46.0,0.6,196,48.0,117.2,6.2
2024-12-22,17,21.7,45.9,0.5,156,61.7,119.0,5.8
2024-12-22,18,23.9,40.9,0.4,164,39.0,101.6,6.1
2024-12-22,19,20.8,39.6,0.3,169,56.2,101.1,4.7
2024-12-22,20,19.2,49.8,0.6,174,48.1,131.9,5.6
2024-12-22,21,19.2,32.1,1.6,180,33.0,107.5,6.2
2024-12-22,22,14.9,43.1,0.9,176,60.1,120.3,5.8
2024-12-22,23,16.5,39.6,0.0,188,29.9,88.3,5.8
2024-12-22,24,21.7,51.7,0.9,177,48.7,107.6,4.8
2024-12-22,25,13.6,51.4,7.5,229,64.6,181.1,5.1
2024-12-22,26,14.8,56.1,5.5,243,47.2,122.4,6.5
2024-12-22,27,16.6,50.7,4.5,248,102.8,97.0,4.2
2024-12-22,28,16.8,47.6,2.3,173,44.5,86.8,7.1
2024-12-22,29,24.7,56.0,1.0,176,49.9,83.2,6.2
2024-12-22,30,19.3,40.7,0.4,127,36.8,56.1,6.9
2024-12-22,31,21.9,38.7,2.7,114,22.2,62.0,7.5
2024-12-22,32,10.3,46.5,2.7,158,53.6,61.5,5.1
2024-12-22,33,13.7,47.4,0.1,149,55.3,120.6,2.8
2024-12-22,34,15.5,33.4,1.4,164,72.7,114.6,6.6
2024-12-22,35,15.0,62.6,0.2,183,32.6,99.2,4.2
2024-12-23,1,20.9,36.1,1.0,173,62.0,75.3,6.4
2024-12-23,2,18.1,34.0,1.6,187,71.5,93.7,4.7
2024-12-23,3,14.8,28.6,1.9,165,33.0,126.7,5.1
2024-12-23,4,20.9,31.4,0.9,184,49.1,110.8,7.6
2024-12-23,5,20.6,44.8,1.3,186,54.1,126.9,5.2
2024-12-23,6,20.7,50.1,0.3,229,70.3,189.7,4.6
2024-12-23,7,24.5,52.8,0.6,135,53.5,52.3,7.0
2024-12-23,8,20.6,41.3,1.4,101,35.7,76.2,6.4
2024-12-23,9,19.1,40.6,0.0,131,23.1,90.3,5.7
2024-12-23,10,22.0,36.1,0.3,128,53.0,106.3,5.0
2024-12-23,11,10.9,42.9,0.6,247,108.8,154.2,5.5
2024-12-23,12,17.3,47.8,3.0,224,82.0,78.9,6.4
2024-12-23,13,14.7,41.4,0.4,231,67.3,132.0,7.2
2024-12-23,14,12.8,34.5,0.4,243,62.4,183.0,4.9
2024-12-23,15,17.8,53.7,1.5,183,31.8,117.4,6.1
2024-12-23,16,21.9,46.1,0.0,155,42.8,88.3,7.0
2024-12-23,17,20.0,51.6,1.0,193,61.0,69.8,6.8
2024-12-23,18,19.9,53.5,0.6,170,73.9,140.6,5.1
2024-12-23,19,18.7,45.0,0.2,163,56.7,112.4,6.5
2024-12-23,20,21.6,49.7,0.8,169,59.3,128.4,4.2
2024-12-23,21,14.3,47.9,0.3,192,51.4,120.1,5.9
2024-12-23,22,13.6,42.7,0.2,187,60.2,94.7,5.4
2024-12-23,23,25.6,56.4,0.2,184,69.8,138.1,5.8
2024-12-23,24,16.8,42.8,0.1,167,48.7,78.7,4.9
2024-12-23,25,16.8,41.6,0.6,233,89.6,119.1,5.5
2024-12-23,26,10.8,36.5,1.5,245,99.1,89.3,6.3
2024-12-23,27,13.6,44.1,0.5,222,95.9,181.0,4.6
2024-12-23,28,22.3,50.2,0.4,162,44.2,95.3,6.7
2024-12-23,29,23.3,60.0,0.8,163,46.3,137.8,6.4
2024-12-23,30,17.8,35.6,1.6,118,22.2,77.3,7.5
2024-12-23,31,22.2,58.5,1.5,112,44.2,58.0,7.5
2024-12-23,32,16.0,56.9,1.1,156,68.5,76.8,4.9
2024-12-23,33,12.4,42.7,0.7,216,47.8,140.7,3.6
2024-12-23,34,16.6,33.4,0.6,189,48.3,112.8,7.7
2024-12-23,35,15.5,40.1,1.3,167,65.0,105.2,5.1
2024-12-24,1,21.3,56.3,0.0,185,72.5,66.2,4.8
2024-12-24,2,22.1,59.4,0.6,155,24.2,56.6,5.7
2024-12-24,3,22.1,40.4,1.3,185,74.0,116.8,5.1
2024-12-24,4,18.3,39.6,0.4,191,81.2,68.0,6.6
2024-12-24,5,15.6,45.0,0.7,181,37.6,133.5,4.6
2024-12-24,6,22.2,42.8,0.2,199,30.3,153.9,4.9
2024-12-24,7,15.7,54.5,0.2,118,49.1,75.3,7.3
2024-12-24,8,21.6,47.6,1.7,114,38.6,47.1,6.5
2024-12-24,9,18.2,33.4,1.2,121,32.9,86.6,5.8
2024-12-24,10,20.9,38.0,1.6,140,21.5,88.8,5.1
2024-12-24,11,17.8,63.9,1.2,235,38.5,173.0,5.6
2024-12-24,12,15.8,59.9,1.7,308,120.2,109.6,6.3
2024-12-24,13,10.8,60.4,0.1,226,78.1,161.8,8.2
2024-12-24,14,19.2,61.8,0.2,236,86.5,145.2,5.5
2024-12-24,15,24.6,34.8,0.3,170,48.8,110.2,7.6
2024-12-24,16,20.6,41.8,1.2,181,80.3,124.0,5.0
2024-12-24,17,25.9,59.3,0.5,165,58.3,111.5,7.0
2024-12-24,18,21.7,38.9,0.7,171,41.1,134.2,5.1
2024-12-24,19,21.3,45.9,0.6,159,48.0,123.8,5.2
2024-12-24,20,16.3,53.5,1.1,173,39.5,135.6,4.3
2024-12-24,21,12.2,46.2,0.1,190,47.8,116.2,5.4
2024-12-24,22,12.8,46.6,0.1,164,67.3,86.8,6.1
2024-12-24,23,14.5,44.5,0.1,167,35.4,107.0,5.2
2024-12-24,24,18.5,39.1,0.6,157,50.3,59.7,4.3
2024-12-24,25,15.0,36.8,0.2,290,101.0,224.8,4.1
2024-12-24,26,12.4,46.5,4.7,268,95.5,155.6,7.0
2024-12-24,27,12.9,56.0,1.0,264,46.4,178.8,4.2
2024-12-24,28,22.4,41.6,0.4,174,39.3,138.2,7.8
2024-12-24,29,23.1,40.5,0.2,193,83.0,78.5,6.7
2024-12-24,30,20.1,39.4,0.3,92,14.6,42.9,7.6
2024-12-24,31,22.0,48.9,0.1,115,34.0,45.5,7.8
2024-12-24,32,12.6,39.3,0.4,190,77.6,157.6,4.8
2024-12-24,33,18.6,46.3,0.1,185,68.0,109.2,4.5
2024-12-24,34,11.9,45.3,3.6,154,50.3,74.8,8.5
2024-12-24,35,22.6,41.7,0.2,185,81.6,72.3,5.4
2024-12-25,1,20.8,50.8,1.2,174,44.2,140.5,6.6
2024-12-25,2,20.8,55.3,5.9,175,60.1,67.3,5.6
2024-12-25,3,15.7,49.3,1.2,158,68.6,118.8,6.2
2024-12-25,4,23.2,38.5,1.2,189,49.0,89.6,6.8
2024-12-25,5,19.6,33.6,1.3,182,79.7,137.3,4.6
2024-12-25,6,22.3,46.7,4.1,163,55.1,82.8,5.7
2024-12-25,7,26.0,46.5,0.1,125,31.5,104.9,8.7
2024-12-25,8,22.6,47.7,0.1,143,48.1,105.3,6.9
2024-12-25,9,27.3,54.8,3.3,77,19.8,37.4,6.5
2024-12-25,10,26.5,31.2,0.3,116,30.4,53.3,4.6
2024-12-25,11,11.6,52.2,1.7,242,72.9,142.8,5.7
2024-12-25,12,13.0,44.1,0.4,265,40.8,116.3,5.7
2024-12-25,13,9.3,39.3,1.2,261,45.6,208.6,6.7
2024-12-25,14,13.8,50.4,0.9,249,90.3,202.0,4.9
2024-12-25,15,14.3,37.3,0.4,220,58.5,101.6,6.2
2024-12-25,16,18.1,55.7,1.0,152,33.4,127.3,6.4
2024-12-25,17,15.4,48.4,2.2,142,42.6,62.8,6.2
2024-12-25,18,23.3,43.4,0.6,133,30.4,78.8,5.1
2024-12-25,19,22.9,49.2,0.1,151,59.5,115.5,6.5
2024-12-25,20,17.0,48.7,0.7,182,61.6,150.8,4.6
2024-12-25,21,15.7,55.6,0.9,152,60.3,123.1,5.4
2024-12-25,22,17.3,62.4,1.3,188,81.8,139.3,6.0
2024-12-25,23,18.8,46.4,0.3,180,49.9,146.4,5.3
2024-12-25,24,16.3,61.9,0.1,142,50.7,67.3,4.5
2024-12-25,25,13.8,53.4,0.2,204,53.0,79.8,5.1
2024-12-25,26,9.3,46.3,0.1,259,74.2,115.3,6.3
2024-12-25,27,14.0,61.4,4.9,255,104.6,128.8,4.1
2024-12-25,28,21.1,47.8,0.1,200,39.1,152.4,7.0
2024-12-25,29,21.4,49.0,0.8,171,57.1,120.4,7.1
2024-12-25,30,20.1,31.5,0.5,101,36.6,49.7,6.3
2024-12-25,31,19.0,45.2,0.1,167,44.3,66.2,8.3
2024-12-25,32,14.5,46.9,0.2,205,70.6,118.3,5.2
2024-12-25,33,18.8,52.0,1.9,152,39.5,96.3,4.6
2024-12-25,34,15.4,52.4,0.1,194,29.3,160.3,7.8
2024-12-25,35,13.4,39.7,0.9,166,32.5,69.3,4.6
2024-12-26,1,24.8,46.0,2.0,158,33.6,74.2,7.3
2024-12-26,2,21.2,47.6,0.3,155,37.6,74.3,6.4
2024-12-26,3,21.6,57.1,0.7,162,35.1,131.6,5.2
2024-12-26,4,18.8,58.5,0.4,160,46.9,56.0,6.2
2024-12-26,5,18.5,50.1,0.2,170,63.4,64.7,5.9
2024-12-26,6,22.0,55.7,1.7,198,55.3,124.6,4.2
2024-12-26,7,25.3,46.0,0.2,119,19.5,86.0,7.4
2024-12-26,8,21.8,44.7,1.7,128,33.3,86.2,7.4
2024-12-26,9,20.4,58.7,0.1,107,27.9,57.6,6.3
2024-12-26,10,20.8,53.2,2.4,155,49.2,90.7,5.7
2024-12-26,11,17.8,39.1,0.4,242,83.8,184.6,5.1
2024-12-26,12,10.3,50.2,2.9,285,123.9,211.1,6.0
2024-12-26,13,15.2,50.4,0.6,249,85.1,188.3,6.8
2024-12-26,14,9.7,51.4,0.3,241,61.2,107.8,5.3
2024-12-26,15,23.9,46.0,0.8,167,59.6,88.9,5.9
2024-12-26,16,19.1,49.2,0.4,207,69.7,138.0,4.8
2024-12-26,17,23.9,29.2,0.0,189,61.3,141.0,6.9
2024-12-26,18,16.7,55.7,0.1,173,58.5,124.8,5.6
2024-12-26,19,18.2,63.3,1.6,149,33.9,81.7,5.6
2024-12-26,20,20.0,48.5,0.1,180,71.2,83.6,4.7
2024-12-26,21,10.5,36.5,1.1,185,41.5,85.9,7.0
2024-12-26,22,11.6,45.6,0.4,175,63.9,92.8,6.0
2024-12-26,23,18.3,47.5,0.2,197,80.8,69.7,4.4
2024-12-26,24,21.4,32.1,0.9,170,66.8,62.7,4.0
2024-12-26,25,9.0,28.1,0.0,234,102.7,128.7,4.8
2024-12-26,26,14.7,51.3,1.6,266,40.8,170.8,5.8
2024-12-26,27,18.8,33.6,0.8,226,40.7,148.4,5.1
2024-12-26,28,21.3,37.3,0.4,161,26.3,97.0,6.1
2024-12-26,29,19.1,63.6,0.9,170,40.5,82.5,6.9
2024-12-26,30,20.3,59.0,0.7,105,16.5,78.8,6.3
2024-12-26,31,17.8,32.8,0.6,99,37.0,78.3,7.6
2024-12-26,32,13.5,48.2,0.6,167,45.8,111.7,5.9
2024-12-26,33,12.9,45.3,0.0,153,47.6,91.6,3.7
2024-12-26,34,16.9,64.0,0.1,180,73.0,65.8,7.6
2024-12-26,35,19.5,46.8,1.8,194,76.3,87.9,5.2
2024-12-27,1,27.0,49.6,0.8,174,49.6,105.3,6.7
2024-12-27,2,25.2,56.0,0.7,201,65.2,152.7,6.3
2024-12-27,3,21.0,59.3,0.0,196,70.6,82.5,5.4
2024-12-27,4,22.0,45.0,2.2,188,43.0,66.4,6.5
2024-12-27,5,22.1,45.6,1.0,161,51.9,113.4,5.4
2024-12-27,6,22.1,58.5,1.7,151,63.3,70.7,6.1
2024-12-27,7,20.5,38.1,0.6,158,69.9,96.6,7.3
2024-12-27,8,19.0,58.9,0.9,117,38.2,41.5,7.6
2024-12-27,9,18.9,48.4,1.8,171,33.0,82.1,6.2
2024-12-27,10,21.6,47.2,5.6,97,30.4,75.9,5.3
2024-12-27,11,19.0,48.1,0.1,257,83.9,95.7,7.2
2024-12-27,12,8.6,54.5,0.1,240,89.3,187.7,5.1
2024-12-27,13,19.7,50.0,0.1,214,75.2,90.5,7.7
2024-12-27,14,17.1,47.9,0.2,210,52.0,154.7,4.4
2024-12-27,15,25.7,36.7,0.3,190,35.4,132.9,6.7
2024-12-27,16,18.9,45.7,0.2,147,63.9,65.6,7.7
2024-12-27,17,19.1,44.5,0.0,156,35.5,62.7,6.1
2024-12-27,18,19.4,43.0,0.5,143,51.4,65.5,5.1
2024-12-27,19,21.0,40.1,0.7,158,55.7,116.8,6.5
2024-12-27,20,21.3,47.5,1.5,177,79.6,125.3,4.5
2024-12-27,21,9.8,70.6,0.8,164,55.9,98.4,7.4
2024-12-27,22,13.7,49.1,0.3,200,33.4,141.4,6.3
2024-12-27,23,11.3,35.9,0.8,174,33.8,64.1,5.1
2024-12-27,24,14.5,41.8,1.1,186,43.5,144.6,4.7
2024-12-27,25,18.8,45.6,3.6,262,115.0,109.3,4.6
2024-12-27,26,17.1,61.7,0.4,196,79.0,118.0,6.1
2024-12-27,27,16.0,44.4,2.4,237,105.6,87.3,2.7
2024-12-27,28,22.0,50.6,0.1,166,65.4,130.3,7.3
2024-12-27,29,23.9,38.2,3.6,198,76.0,70.8,7.1
2024-12-27,30,23.2,51.2,0.3,99,41.7,73.3,8.0
2024-12-27,31,22.6,54.9,0.8,132,51.4,48.8,8.5
2024-12-27,32,12.8,53.6,0.5,143,25.9,92.9,5.8
2024-12-27,33,11.1,54.9,3.3,161,32.5,121.5,3.8
2024-12-27,34,10.5,48.0,2.2,186,68.4,91.6,7.4
2024-12-27,35,15.3,39.1,0.7,191,31.0,92.0,4.9
2024-12-28,1,15.1,33.5,0.7,196,50.3,111.7,7.5
2024-12-28,2,26.4,47.7,1.4,175,64.4,132.6,5.8
2024-12-28,3,18.7,59.2,1.8,143,40.3,65.0,4.8
2024-12-28,4,20.3,38.1,0.6,136,45.6,101.5,6.7
2024-12-28,5,23.2,43.4,0.0,219,65.9,142.2,6.0
2024-12-28,6,24.8,44.2,2.2,202,84.5,72.8,5.5
2024-12-28,7,20.8,32.2,3.0,125,42.6,44.3,7.4
2024-12-28,8,17.0,52.8,0.3,101,39.7,40.0,6.7
2024-12-28,9,18.1,53.1,7.8,147,34.4,93.1,6.6
2024-12-28,10,25.7,33.8,0.1,122,20.7,52.8,5.2
2024-12-28,11,17.0,58.3,0.3,269,55.2,196.4,6.7
2024-12-28,12,11.2,56.6,1.3,238,84.5,144.5,5.5
2024-12-28,13,13.6,53.3,2.4,254,71.5,168.4,6.1
2024-12-28,14,13.7,43.4,0.8,259,82.3,125.5,5.1
2024-12-28,15,19.8,37.7,0.2,184,71.6,73.2,7.6
2024-12-28,16,19.9,38.3,0.3,178,39.2,146.3,6.2
2024-12-28,17,19.6,48.1,1.2,194,48.5,76.6,7.5
2024-12-28,18,20.6,45.9,0.9,167,32.6,70.2,6.2
2024-12-28,19,24.4,36.8,1.0,198,85.1,84.6,5.9
2024-12-28,20,20.5,51.0,0.4,209,69.3,144.9,4.5
2024-12-28,21,19.1,39.8,1.2,179,67.3,147.4,6.3
2024-12-28,22,12.0,46.9,0.0,150,38.8,102.2,5.0
2024-12-28,23,11.1,51.3,0.1,201,59.2,106.3,6.0
2024-12-28,24,10.1,55.5,0.8,160,60.0,110.1,4.3
2024-12-28,25,9.6,29.3,0.8,236,77.0,191.1,5.0
2024-12-28,26,19.7,50.7,0.7,240,77.1,174.6,7.2
2024-12-28,27,13.4,45.9,1.2,233,63.8,136.3,4.8
2024-12-28,28,22.4,47.9,0.7,167,27.3,113.9,7.6
2024-12-28,29,19.4,48.7,0.2,170,51.4,99.7,6.9
2024-12-28,30,22.1,44.8,1.7,111,41.9,52.2,7.8
2024-12-28,31,19.2,41.5,0.3,140,47.6,65.2,7.9
2024-12-28,32,12.7,39.5,1.2,176,53.6,121.2,5.4
2024-12-28,33,10.3,38.1,3.2,162,40.9,123.3,4.2
2024-12-28,34,13.0,57.1,1.4,219,74.3,94.1,8.3
2024-12-28,35,12.9,44.1,1.5,203,84.2,82.1,3.7
2024-12-29,1,19.3,44.8,1.0,212,84.8,113.8,6.1
2024-12-29,2,24.0,45.7,0.4,170,60.3,97.2,5.1
2024-12-29,3,18.7,36.0,0.0,182,81.0,82.1,4.2
2024-12-29,4,17.4,54.5,0.3,207,83.7,86.7,5.6
2024-12-29,5,19.1,43.3,2.1,134,42.5,54.7,5.2
2024-12-29,6,22.8,46.0,1.4,195,30.4,144.9,5.1
2024-12-29,7,19.7,38.6,2.0,105,31.3,43.3,7.8
2024-12-29,8,18.1,43.4,1.0,103,24.4,76.6,7.1
2024-12-29,9,20.0,44.3,1.0,128,37.9,73.9,5.9
2024-12-29,10,16.4,41.7,0.5,135,46.8,49.0,5.3
2024-12-29,11,15.7,53.0,0.1,240,48.0,90.9,6.4
2024-12-29,12,16.0,54.7,0.4,274,75.0,219.0,5.3
2024-12-29,13,12.3,46.3,0.4,285,66.2,112.7,6.2
2024-12-29,14,16.6,34.3,0.1,234,57.1,168.9,4.2
2024-12-29,15,20.6,41.1,0.7,160,33.7,103.9,6.5
2024-12-29,16,19.2,46.1,1.1,145,26.8,69.6,5.8
2024-12-29,17,21.4,46.2,0.5,171,67.4,138.6,7.0
2024-12-29,18,23.2,48.4,2.0,167,60.4,100.2,5.3
2024-12-29,19,18.1,44.9,1.5,203,74.4,149.6,5.3
2024-12-29,20,19.5,57.9,0.5,156,36.6,69.1,4.6
2024-12-29,21,22.2,43.9,2.3,187,66.9,153.8,6.7
2024-12-29,22,14.9,43.2,0.9,206,65.6,132.0,6.0
2024-12-29,23,14.6,59.7,0.3,199,84.0,129.2,5.9
2024-12-29,24,8.3,43.7,0.7,155,25.4,127.0,4.8
2024-12-29,25,13.8,40.2,1.7,265,56.4,225.2,4.8
2024-12-29,26,16.0,33.6,0.8,221,43.8,154.5,7.0
2024-12-29,27,10.3,48.9,0.2,232,84.7,119.0,2.7
2024-12-29,28,20.4,39.9,3.7,202,85.4,119.0,6.5
2024-12-29,29,21.7,38.3,2.6,181,75.4,148.2,5.7
2024-12-29,30,21.2,46.8,2.2,122,40.4,97.3,7.1
2024-12-29,31,18.1,53.1,0.7,123,28.0,98.1,8.4
2024-12-29,32,12.1,52.2,0.1,163,64.9,90.2,5.2
2024-12-29,33,13.6,48.7,0.0,189,60.6,127.2,2.5
2024-12-29,34,16.4,35.8,3.6,171,26.1,101.9,7.0
2024-12-29,35,16.2,47.8,2.4,162,56.3,58.4,5.1
2024-12-30,1,20.9,45.0,0.4,204,37.8,157.2,6.0
2024-12-30,2,21.8,50.8,0.8,180,51.0,127.2,5.9
2024-12-30,3,19.8,47.9,2.6,179,38.8,96.3,5.2
2024-12-30,4,28.2,59.5,0.2,159,65.5,128.2,7.0
2024-12-30,5,20.8,45.0,0.3,177,38.0,73.4,5.6
2024-12-30,6,21.5,50.5,1.0,133,58.0,60.8,5.1
2024-12-30,7,21.2,49.3,0.6,149,49.5,79.1,7.0
2024-12-30,8,21.8,43.9,2.7,103,44.1,58.4,7.0
2024-12-30,9,16.9,39.8,0.2,100,39.3,70.1,6.8
2024-12-30,10,21.2,55.0,1.6,115,18.1,87.7,6.5
2024-12-30,11,16.6,47.3,0.5,238,62.3,86.9,5.7
2024-12-30,12,15.1,39.1,1.0,229,80.2,152.1,5.7
2024-12-30,13,7.4,61.3,0.8,265,42.1,112.0,7.7
2024-12-30,14,16.3,56.3,0.7,255,79.2,114.8,4.8
2024-12-30,15,19.7,50.4,0.6,185,48.1,100.2,6.1
2024-12-30,16,23.8,37.2,0.7,186,34.6,100.2,6.6
2024-12-30,17,23.4,46.1,1.0,151,37.6,55.3,6.0
2024-12-30,18,15.9,28.4,0.5,177,58.4,63.7,4.2
2024-12-30,19,19.2,47.7,2.0,191,53.8,71.7,5.9
2024-12-30,20,20.1,48.7,1.2,192,70.2,153.7,4.6
2024-12-30,21,20.0,50.2,4.8,147,63.7,108.8,5.7
2024-12-30,22,11.3,63.6,0.3,146,22.4,75.8,6.2
2024-12-30,23,24.2,44.1,0.3,171,29.2,82.9,4.6
2024-12-30,24,21.5,37.7,0.3,170,31.5,86.5,4.3
2024-12-30,25,14.9,50.1,0.5,237,80.8,144.0,4.1
2024-12-30,26,14.9,46.7,3.2,232,59.3,92.5,7.8
2024-12-30,27,15.8,44.9,1.7,211,62.0,161.6,4.4
2024-12-30,28,19.8,44.4,0.1,144,50.2,69.7,6.9
2024-12-30,29,22.8,56.6,0.2,197,63.9,155.2,6.3
2024-12-30,30,18.8,54.1,0.1,110,22.6,45.0,6.9
2024-12-30,31,15.9,50.3,0.8,136,40.8,87.0,7.3
2024-12-30,32,15.5,46.6,3.4,191,30.9,133.6,5.2
2024-12-30,33,15.7,50.0,0.3,190,55.0,124.0,3.4
2024-12-30,34,13.6,54.4,2.8,198,55.1,99.4,8.2
2024-12-30,35,20.7,55.0,1.6,195,44.5,135.8,4.0
