region_id,latitude,longitude,cluster
1,19.082764,72.879845,-1
2,19.104414,72.897959,-1
3,19.077669,72.844344,-1
4,19.05467,72.854364,-1
5,19.075274,72.872301,-1
6,19.07256,72.861456,-1
7,19.077203,72.900245,-1
8,19.079702,72.847349,-1
9,19.09345,72.901236,-1
10,19.069275,72.874402,-1
11,28.671409,77.247402,-1
12,28.653691,77.22551,-1
13,28.681508,77.221125,-1
14,28.679387,77.235001,-1
15,28.677425,77.225651,-1
16,28.661009,77.228169,-1
17,28.651579,77.19802,-1
18,28.648103,77.237521,-1
19,28.674806,77.246529,-1
20,28.632139,77.220164,-1
21,12.940927,77.595061,-1
22,12.964175,77.57598,-1
23,12.96545,77.589573,-1
24,12.976466,77.610638,-1
25,12.952446,77.609432,-1
26,12.967032,77.578615,-1
27,12.996128,77.604449,-1
28,12.95268,77.613234,-1
29,12.981405,77.592233,-1
30,12.976222,77.568775,-1
31,17.385214,78.433501,-1
32,17.402152,78.444282,-1
33,17.395468,78.479071,-1
34,17.368593,78.451624,-1
35,17.375759,78.457964,-1
36,17.369443,78.460689,-1
37,17.40501,78.443789,-1
38,17.368614,78.489586,-1
39,17.391596,78.489387,-1
40,17.379302,78.4938,-1
41,22.985891,72.561266,-1
42,23.049053,72.587475,-1
43,23.038733,72.589792,-1
44,23.022754,72.599036,-1
45,23.014003,72.604262,-1
46,23.036825,72.573067,-1
47,23.056847,72.57848,-1
48,23.021006,72.604349,-1
49,22.989949,72.578335,-1
50,23.011807,72.587094,-1
51,13.100117,80.305628,-1
52,13.058878,80.250321,-1
53,13.081794,80.278379,-1
54,13.113263,80.293887,-1
55,13.080976,80.287624,-1
56,13.097313,80.279557,-1
57,13.105286,80.282137,-1
58,13.045362,80.267955,-1
59,13.099267,80.29788,-1
60,13.086368,80.272826,-1
61,22.530741,88.351052,-1
62,22.541278,88.360192,-1
63,22.569276,88.34807,-1
64,22.557651,88.382471,-1
65,22.583798,88.327865,-1
66,22.592677,88.364522,-1
67,22.562336,88.378968,-1
68,22.536541,88.376433,-1
69,22.561376,88.382143,-1
70,22.552025,88.347183,-1
71,21.235235,72.830935,-1
72,21.212967,72.817823,-1
73,21.165636,72.857567,-1
74,21.207471,72.836455,-1
75,21.17973,72.812139,-1
76,21.180476,72.823214,-1
77,21.243427,72.850521,-1
78,21.223855,72.804037,-1
79,21.182927,72.820487,-1
80,21.145885,72.843923,-1
81,18.529588,73.835799,-1
82,18.506318,73.866762,-1
83,18.524764,73.837264,-1
84,18.516599,73.847201,-1
85,18.484165,73.834697,-1
86,18.529331,73.886953,-1
87,18.5132,73.848969,-1
88,18.514166,73.874302,-1
89,18.519938,73.888879,-1
90,18.489998,73.878225,-1
91,26.897792,75.77147,-1
92,26.945359,75.778917,-1
93,26.886976,75.793429,-1
94,26.932707,75.786698,-1
95,26.955263,75.799615,-1
96,26.951484,75.777586,-1
97,26.970394,75.798289,-1
98,26.899378,75.754713,-1
99,26.912904,75.82119,-1
100,26.865682,75.786724,-1
101,26.444886,80.360083,-1
102,26.465509,80.349267,-1
103,26.464575,80.338882,-1
104,26.423662,80.324937,-1
105,26.481894,80.323219,-1
106,26.451141,80.335184,-1
107,26.460423,80.342254,-1
108,26.452085,80.331003,-1
109,26.451143,80.321581,-1
110,26.430161,80.338852,-1
111,19.042966,72.981617,-1
112,19.004218,73.026857,-1
113,19.069221,73.04723,-1
114,19.024314,73.016342,-1
115,19.00633,72.999851,-1
116,19.046676,73.019517,-1
117,19.025297,73.01826,-1
118,19.040407,73.009123,-1
119,19.046805,73.026472,-1
120,19.010423,73.011295,-1
121,26.830205,80.935789,-1
122,26.847872,80.927284,-1
123,26.817659,80.944193,-1
124,26.811177,80.933151,-1
125,26.847531,80.884536,-1
126,26.853548,80.92407,-1
127,26.83037,80.952198,-1
128,26.812391,80.904757,-1
129,26.838586,80.927814,-1
130,26.858966,80.91885,-1
131,21.149639,79.094759,-1
132,21.133847,79.0738,-1
133,21.17472,79.073495,-1
134,21.150368,79.054595,-1
135,21.15718,79.106582,-1
136,21.145647,79.120801,-1
137,21.170423,79.091773,-1
138,21.15111,79.091021,-1
139,21.173953,79.097884,-1
140,21.154675,79.092918,-1
141,11.01846,77.009385,-1
142,11.017708,76.969852,-1
143,10.969351,76.98542,-1
144,11.03686,76.964805,-1
145,11.01435,76.956079,-1
146,11.018554,76.964136,-1
147,11.004638,76.970987,-1
148,10.980519,76.994995,-1
149,11.012405,76.975255,-1
150,11.030534,76.975948,-1
151,22.717117,75.804684,-1
152,22.712382,75.832792,-1
153,22.733636,75.841809,-1
154,22.765961,75.832848,-1
155,22.700394,75.834053,-1
156,22.753874,75.846117,-1
157,22.745907,75.851793,-1
158,22.720211,75.852303,-1
159,22.697288,75.822714,-1
160,22.695363,75.844586,-1
161,19.218861,72.961335,-1
162,19.165804,73.003585,-1
163,19.21305,72.967135,-1
164,19.206921,72.968763,-1
165,19.196529,72.987005,-1
166,19.173929,72.969934,-1
167,19.187686,72.97048,-1
168,19.198576,72.93789,-1
169,19.227055,72.980554,-1
170,19.204679,72.972151,-1
171,22.297978,73.207376,-1
172,22.314063,73.206506,-1
173,22.317737,73.21505,-1
174,22.280641,73.221005,-1
175,22.316811,73.218034,-1
176,22.321521,73.231861,-1
177,22.319513,73.203072,-1
178,22.323199,73.183568,-1
179,22.30182,73.187547,-1
180,22.286631,73.181658,-1
181,23.255873,77.425412,-1
182,23.275141,77.451685,-1
183,23.269869,77.408514,-1
184,23.254016,77.383883,-1
185,23.28498,77.418352,-1
186,23.235306,77.413911,-1
187,23.254297,77.41394,-1
188,23.255667,77.403702,-1
189,23.249184,77.417918,-1
190,23.24122,77.40847,-1
191,17.745756,83.324496,-1
192,17.72193,83.288824,-1
193,17.717007,83.349002,-1
194,17.739134,83.305537,-1
195,17.711064,83.301994,-1
196,17.720644,83.330247,-1
197,17.757633,83.292027,-1
198,17.744247,83.31774,-1
199,17.764749,83.310084,-1
200,17.711234,83.309892,-1
201,18.608121,73.810984,-1
202,18.597258,73.785955,-1
203,18.596603,73.760692,-1
204,18.609898,73.827076,-1
205,18.594912,73.79669,-1
206,18.667968,73.797747,-1
207,18.60648,73.800011,-1
208,18.560905,73.809615,-1
209,18.604897,73.802497,-1
210,18.624719,73.791191,-1
211,25.604071,85.181404,-1
212,25.570678,85.09959,-1
213,25.58255,85.083809,-1
214,25.593774,85.147216,-1
215,25.570219,85.134828,-1
216,25.623503,85.131444,-1
217,25.592313,85.154057,-1
218,25.570254,85.136884,-1
219,25.598819,85.126534,-1
220,25.607685,85.158786,-1
221,11.745933,78.985473,-1
222,11.722123,78.960022,-1
223,11.744926,78.955043,-1
224,11.729365,78.953714,-1
225,11.728816,78.991397,-1
226,11.740315,78.959856,-1
227,11.758556,78.959675,-1
228,11.770018,78.971721,-1
229,11.728781,78.958858,-1
230,11.75955,78.950794,-1
231,30.935973,75.841594,-1
232,30.896342,75.866756,-1
233,30.926488,75.846333,-1
234,30.945662,75.838772,-1
235,30.900755,75.857481,-1
236,30.927607,75.842766,-1
237,30.925968,75.872896,-1
238,30.897704,75.816459,-1
239,30.936461,75.865432,-1
240,30.886973,75.860763,-1
241,19.986714,73.806389,-1
242,20.017929,73.787061,-1
243,19.99672,73.826405,-1
244,19.977302,73.796996,-1
245,19.995267,73.786887,-1
246,20.015542,73.774896,-1
247,19.999303,73.768339,-1
248,20.002212,73.792707,-1
249,20.013155,73.765874,-1
250,19.982578,73.774755,-1
251,9.927576,78.133392,-1
252,9.897557,78.061103,-1
253,9.904785,78.121005,-1
254,9.90643,78.13158,-1
255,9.911791,78.129758,-1
256,9.917779,78.104813,-1
257,9.939768,78.129638,-1
258,9.882385,78.123543,-1
259,9.920357,78.136585,-1
260,9.912304,78.111457,-1
261,8.73125,77.688625,-1
262,8.723677,77.703515,-1
263,8.711313,77.695729,-1
264,8.753762,77.681439,-1
265,8.738336,77.667002,-1
266,8.751763,77.714226,-1
267,8.703839,77.707554,-1
268,8.717236,77.699351,-1
269,8.747994,77.657465,-1
270,8.732874,77.696808,-1
271,27.188389,78.015401,-1
272,27.174626,78.031682,-1
273,27.201103,78.006135,-1
274,27.145626,78.010745,-1
275,27.202336,78.050882,-1
276,27.184731,78.039908,-1
277,27.129265,78.030228,-1
278,27.215576,78.042968,-1
279,27.178198,77.968615,-1
280,27.181219,78.012983,-1
281,28.406836,77.271803,-1
282,28.407141,77.313297,-1
283,28.408037,77.326587,-1
284,28.43276,77.313586,-1
285,28.397072,77.282886,-1
286,28.401579,77.316096,-1
287,28.393477,77.307022,-1
288,28.421478,77.309794,-1
289,28.425404,77.317824,-1
290,28.388365,77.315331,-1
291,22.252422,70.807873,-1
292,22.267737,70.811603,-1
293,22.30748,70.758249,-1
294,22.286545,70.768931,-1
295,22.288598,70.778945,-1
296,22.329438,70.783978,-1
297,22.269647,70.785984,-1
298,22.289741,70.7978,-1
299,22.289464,70.802174,-1
300,22.32626,70.837846,-1
301,28.593464,76.967403,-1
302,28.587765,76.984605,-1
303,28.631239,77.018987,-1
304,28.662107,76.949761,-1
305,28.601985,76.985422,-1
306,28.616762,76.979235,-1
307,28.622016,76.965315,-1
308,28.619642,76.992724,-1
309,28.605322,77.002495,-1
310,28.648361,76.974992,-1
311,22.825688,86.174819,-1
312,22.792068,86.202582,-1
313,22.809809,86.206853,-1
314,22.798959,86.174481,-1
315,22.803384,86.197622,-1
316,22.799553,86.171259,-1
317,22.797212,86.198117,-1
318,22.785687,86.192151,-1
319,22.806973,86.175617,-1
320,22.810628,86.175271,-1
321,29.437198,75.675107,-1
322,29.466782,75.651403,-1
323,29.462254,75.662296,-1
324,29.446369,75.711694,-1
325,29.458125,75.655732,-1
326,29.451746,75.666366,-1
327,29.41885,75.667871,-1
328,29.454215,75.678069,-1
329,29.467099,75.704105,-1
330,29.423892,75.704913,-1
331,18.612038,73.803704,-1
332,18.592414,73.784284,-1
333,18.622535,73.801702,-1
334,18.637228,73.821324,-1
335,18.636377,73.818796,-1
336,18.624957,73.83794,-1
337,18.626215,73.807978,-1
338,18.615003,73.803368,-1
339,18.623338,73.811574,-1
340,18.648553,73.818114,-1
341,19.2203,73.152511,-1
342,19.221918,73.132424,-1
343,19.239899,73.128391,-1
344,19.239685,73.110897,-1
345,19.211738,73.144783,-1
346,19.252218,73.135923,-1
347,19.271549,73.159046,-1
348,19.218692,73.14763,-1
349,19.234966,73.134217,-1
350,19.258584,73.131916,-1
351,19.202977,73.099143,-1
352,19.216955,73.064251,-1
353,19.227655,73.136014,-1
354,19.214119,73.113553,-1
355,19.234408,73.074915,-1
356,19.237411,73.098142,-1
357,19.206586,73.0817,-1
358,19.20204,73.062866,-1
359,19.241017,73.099741,-1
360,19.233942,73.094923,-1
361,29.014798,77.725937,-1
362,28.988388,77.734392,-1
363,29.019933,77.768558,-1
364,28.984621,77.716315,-1
365,28.954038,77.681916,-1
366,28.989104,77.695665,-1
367,28.949663,77.699219,-1
368,29.016404,77.707159,-1
369,28.970443,77.689104,-1
370,29.002252,77.745054,-1
371,19.480906,72.781058,-1
372,19.441837,72.83,-1
373,19.466731,72.80829,-1
374,19.486317,72.801464,-1
375,19.429344,72.812909,-1
376,19.425979,72.79836,-1
377,19.460055,72.812747,-1
378,19.459857,72.795105,-1
379,19.479708,72.831634,-1
380,19.46694,72.818172,-1
381,19.232016,82.543143,-1
382,19.242432,82.527867,-1
383,19.222405,82.516128,-1
384,19.221081,82.55353,-1
385,19.215465,82.534449,-1
386,19.26344,82.568202,-1
387,19.25948,82.561887,-1
388,19.2526,82.595537,-1
389,19.204368,82.562118,-1
390,19.220149,82.565452,-1
391,34.101513,74.805219,-1
392,34.080071,74.799955,-1
393,34.065494,74.783209,-1
394,34.106629,74.796214,-1
395,34.087368,74.761164,-1
396,34.094003,74.82249,-1
397,34.095123,74.787022,-1
398,34.105166,74.823919,-1
399,34.071458,74.78038,-1
400,34.082728,74.793691,-1
401,28.63363,77.401552,-1
402,28.612635,77.439218,-1
403,28.646842,77.444258,-1
404,28.682519,77.434458,-1
405,28.717766,77.416911,-1
406,28.670963,77.474322,-1
407,28.660572,77.467753,-1
408,28.690099,77.430004,-1
409,28.675273,77.440035,-1
410,28.627819,77.451544,-1
411,23.785495,86.385809,-1
412,23.81062,86.407166,-1
413,23.806736,86.459036,-1
414,23.819075,86.460444,-1
415,23.813273,86.436132,-1
416,23.780637,86.416878,-1
417,23.779435,86.460306,-1
418,23.775751,86.447725,-1
419,23.809535,86.410953,-1
420,23.778602,86.458615,-1
421,19.870917,75.352091,-1
422,19.890985,75.336415,-1
423,19.900798,75.326035,-1
424,19.875623,75.332184,-1
425,19.853544,75.356098,-1
426,19.896905,75.348871,-1
427,19.861201,75.372907,-1
428,19.848154,75.345083,-1
429,19.916653,75.332145,-1
430,19.916822,75.342334,-1
431,25.341297,83.04411,-1
432,25.347763,83.02749,-1
433,25.294616,83.004159,-1
434,25.307364,83.007393,-1
435,25.325256,83.003588,-1
436,25.322453,83.011906,-1
437,25.323541,83.016579,-1
438,25.282082,83.005792,-1
439,25.296381,82.995186,-1
440,25.328581,82.999262,-1
441,31.621711,74.858371,-1
442,31.626017,74.929201,-1
443,31.584625,74.867464,-1
444,31.614058,74.891458,-1
445,31.621362,74.847236,-1
446,31.616878,74.896429,-1
447,31.627579,74.850238,-1
448,31.580406,74.892616,-1
449,31.604167,74.861039,-1
450,31.646699,74.865076,-1
451,16.485404,80.660227,-1
452,16.518146,80.67118,-1
453,16.506829,80.628406,-1
454,16.495313,80.655754,-1
455,16.49975,80.65426,-1
456,16.465768,80.681094,-1
457,16.512434,80.62873,-1
458,16.496743,80.653769,-1
459,16.509411,80.672517,-1
460,16.509285,80.651645,-1
461,23.349787,85.320068,-1
462,23.362985,85.330168,-1
463,23.363091,85.30007,-1
464,23.349641,85.286446,-1
465,23.359655,85.32572,-1
466,23.324182,85.344347,-1
467,23.321072,85.327879,-1
468,23.35021,85.297993,-1
469,23.315794,85.349146,-1
470,23.35781,85.315174,-1
471,23.144366,79.998294,-1
472,23.132083,79.961705,-1
473,23.16956,79.944027,-1
474,23.129659,79.970633,-1
475,23.190041,79.939688,-1
476,23.157947,79.961095,-1
477,23.175185,79.946324,-1
478,23.17604,79.930414,-1
479,23.147715,79.945928,-1
480,23.181262,79.909061,-1
481,25.435476,81.837444,-1
482,25.420737,81.835306,-1
483,25.447842,81.863583,-1
484,25.449285,81.857074,-1
485,25.477308,81.833168,-1
486,25.459425,81.838952,-1
487,25.40842,81.858414,-1
488,25.465614,81.854891,-1
489,25.47777,81.864632,-1
490,25.418917,81.854668,-1
491,17.674073,83.17742,-1
492,17.657437,83.208497,-1
493,17.68176,83.19121,-1
494,17.666557,83.221702,-1
495,17.6597,83.220299,-1
496,17.704295,83.19623,-1
497,17.640381,83.18941,-1
498,17.659319,83.168984,-1
499,17.670908,83.187718,-1
500,17.678158,83.193291,-1
501,26.248366,72.990891,-1
502,26.278046,72.992023,-1
503,26.280514,73.028249,-1
504,26.237709,72.96834,-1
505,26.272114,73.014449,-1
506,26.249364,72.9924,-1
507,26.286418,73.014965,-1
508,26.235278,72.995451,-1
509,26.295821,73.019844,-1
510,26.251473,73.030932,-1
511,26.226118,78.166936,-1
512,26.249979,78.148272,-1
513,26.233756,78.157414,-1
514,26.209877,78.194103,-1
515,26.227517,78.178422,-1
516,26.211738,78.196825,-1
517,26.234459,78.1863,-1
518,26.20388,78.158213,-1
519,26.231813,78.156536,-1
520,26.224172,78.160989,-1
521,9.994796,77.445068,-1
522,9.992811,77.484252,-1
523,10.026051,77.506509,-1
524,10.010072,77.458074,-1
525,10.015073,77.459639,-1
526,10.050567,77.477331,-1
527,10.039142,77.450877,-1
528,10.003666,77.474609,-1
529,10.005462,77.509532,-1
530,10.019716,77.479263,-1
531,22.535581,88.30485,-1
532,22.5627,88.357635,-1
533,22.625772,88.307724,-1
534,22.554525,88.311396,-1
535,22.581131,88.33911,-1
536,22.594113,88.321351,-1
537,22.616331,88.29085,-1
538,22.622309,88.310482,-1
539,22.588072,88.302299,-1
540,22.604463,88.316902,-1
541,21.222328,81.630389,-1
542,21.221183,81.631786,-1
543,21.238381,81.661021,-1
544,21.234366,81.644866,-1
545,21.23624,81.621048,-1
546,21.209003,81.629127,-1
547,21.239054,81.58336,-1
548,21.218777,81.633519,-1
549,21.236836,81.606595,-1
550,21.200578,81.635722,-1
551,10.838572,78.724237,-1
552,10.795288,78.686206,-1
553,10.827915,78.717314,-1
554,10.79755,78.670266,-1
555,10.784954,78.662467,-1
556,10.824195,78.706019,-1
557,10.818645,78.696634,-1
558,10.842862,78.673135,-1
559,10.813431,78.671729,-1
560,10.839593,78.684028,-1
561,25.177297,75.8879,-1
562,25.145738,75.838424,-1
563,25.199592,75.881481,-1
564,25.201264,75.842766,-1
565,25.165901,75.826304,-1
566,25.168038,75.84307,-1
567,25.203908,75.851152,-1
568,25.189263,75.83452,-1
569,25.198183,75.823252,-1
570,25.183221,75.841297,-1
571,18.537809,73.836201,-1
572,18.568125,73.833672,-1
573,18.542099,73.839944,-1
574,18.527695,73.861786,-1
575,18.51395,73.830349,-1
576,18.5368,73.855465,-1
577,18.522969,73.838068,-1
578,18.554231,73.868138,-1
579,18.541237,73.845282,-1
580,18.533744,73.877214,-1
581,17.679096,75.917997,-1
582,17.678748,75.922605,-1
583,17.672974,75.914186,-1
584,17.661029,75.937484,-1
585,17.67714,75.867788,-1
586,17.675817,75.899204,-1
587,17.681457,75.931835,-1
588,17.687384,75.907999,-1
589,17.681096,75.924032,-1
590,17.627979,75.91401,-1
591,30.761347,76.779436,-1
592,30.732041,76.818484,-1
593,30.740805,76.788752,-1
594,30.725782,76.808998,-1
595,30.740998,76.761884,-1
596,30.733284,76.781866,-1
597,30.718466,76.794793,-1
598,30.732232,76.792807,-1
599,30.716423,76.768082,-1
600,30.718434,76.798672,-1
601,11.09828,77.356513,-1
602,11.107754,77.352085,-1
603,11.107412,77.359946,-1
604,11.091887,77.364311,-1
605,11.136132,77.326101,-1
606,11.109848,77.347816,-1
607,11.105662,77.365233,-1
608,11.108851,77.370582,-1
609,11.10093,77.350652,-1
610,11.094184,77.353651,-1
611,26.19079,91.778872,-1
612,26.162453,91.716262,-1
613,26.179593,91.712403,-1
614,26.183118,91.756526,-1
615,26.168401,91.70764,-1
616,26.177747,91.767674,-1
617,26.210909,91.717664,-1
618,26.204589,91.728901,-1
619,26.203392,91.744612,-1
620,26.199454,91.722051,-1
621,15.310551,75.151065,-1
622,15.36792,75.122788,-1
623,15.358513,75.142344,-1
624,15.336147,75.121552,-1
625,15.348746,75.149157,-1
626,15.324757,75.140713,-1
627,15.359122,75.112787,-1
628,15.319514,75.135584,-1
629,15.313976,75.124355,-1
630,15.306204,75.127374,-1
631,12.29827,76.648703,-1
632,12.283609,76.627052,-1
633,12.296329,76.627668,-1
634,12.341309,76.610776,-1
635,12.282287,76.634054,-1
636,12.33033,76.636988,-1
637,12.315383,76.638642,-1
638,12.301761,76.662145,-1
639,12.283149,76.642875,-1
640,12.327154,76.648223,-1
641,11.633926,78.142722,-1
642,11.6652,78.141285,-1
643,11.646498,78.115231,-1
644,11.646486,78.156373,-1
645,11.670952,78.156976,-1
646,11.65149,78.159811,-1
647,11.666747,78.171604,-1
648,11.678003,78.145517,-1
649,11.676681,78.139833,-1
650,11.650855,78.148969,-1
651,28.479256,77.030502,-1
652,28.462823,76.973937,-1
653,28.465224,77.036019,-1
654,28.467868,77.024454,-1
655,28.416126,77.052743,-1
656,28.460357,77.035947,-1
657,28.454152,77.021422,-1
658,28.450417,77.007025,-1
659,28.458122,77.045864,-1
660,28.458143,77.004191,-1
661,20.280326,85.839121,-1
662,20.266287,85.848542,-1
663,20.277283,85.812046,-1
664,20.256534,85.836837,-1
665,20.260795,85.828688,-1
666,20.27332,85.845017,-1
667,20.312177,85.87946,-1
668,20.277294,85.803427,-1
669,20.260193,85.84394,-1
670,20.235572,85.851691,-1
671,19.242141,73.070638,-1
672,19.32137,73.062786,-1
673,19.255004,73.040766,-1
674,19.31542,73.052975,-1
675,19.319022,73.040809,-1
676,19.288261,73.039478,-1
677,19.323418,73.078272,-1
678,19.330413,73.070922,-1
679,19.324362,73.028267,-1
680,19.291758,73.031498,-1
681,31.31296,75.593809,-1
682,31.317374,75.599288,-1
683,31.291136,75.560847,-1
684,31.359549,75.571134,-1
685,31.334002,75.610308,-1
686,31.332045,75.624735,-1
687,31.320579,75.545712,-1
688,31.346263,75.588081,-1
689,31.31211,75.583635,-1
690,31.345449,75.59209,-1
691,28.735095,77.055443,-1
692,28.725166,77.086719,2
693,28.749638,77.064489,-1
694,28.752966,77.089219,-1
695,28.764854,77.058652,-1
696,28.747229,77.079958,-1
697,28.699399,77.061078,-1
698,28.727991,77.060289,-1
699,28.727167,77.066236,-1
700,28.736408,77.077783,-1
701,9.96242,76.290249,-1
702,9.956835,76.256959,-1
703,9.968585,76.254804,-1
704,9.990442,76.303657,-1
705,9.983672,76.275024,-1
706,9.973134,76.292346,-1
707,9.979424,76.275668,-1
708,9.94278,76.272386,-1
709,9.975084,76.255112,-1
710,9.976107,76.249011,-1
711,19.282394,72.82402,-1
712,19.315379,72.856382,-1
713,19.289788,72.832358,-1
714,19.308537,72.833113,-1
715,19.322248,72.880411,-1
716,19.32338,72.875068,-1
717,19.304112,72.852809,-1
718,19.308974,72.862756,-1
719,19.330567,72.822548,-1
720,19.283643,72.855456,-1
721,28.869719,77.068296,-1
722,28.840742,77.086896,-1
723,28.829131,77.129291,-1
724,28.856859,77.073189,-1
725,28.837279,77.103826,-1
726,28.855527,77.09308,-1
727,28.885371,77.119114,-1
728,28.845767,77.102665,-1
729,28.847358,77.11361,-1
730,28.829246,77.138359,-1
731,8.467753,76.964676,-1
732,8.507421,76.957746,-1
733,8.456561,76.948056,-1
734,8.50178,76.951812,-1
735,8.482278,76.921753,-1
736,8.464001,76.951731,-1
737,8.474188,76.939814,-1
738,8.460803,76.968391,-1
739,8.46034,76.963872,-1
740,8.462019,76.933467,-1
741,27.868406,78.042538,-1
742,27.890119,78.064469,-1
743,27.907158,78.062128,-1
744,27.900555,78.073865,-1
745,27.883978,78.051088,-1
746,27.895907,78.076876,-1
747,27.865652,78.074602,-1
748,27.860528,78.084108,-1
749,27.85415,78.08867,-1
750,27.870369,78.082283,-1
751,28.362062,79.423532,-1
752,28.353472,79.446108,-1
753,28.372004,79.452134,-1
754,28.393994,79.432201,-1
755,28.366295,79.455719,-1
756,28.364754,79.389819,-1
757,28.361468,79.423672,-1
758,28.365743,79.428943,-1
759,28.34957,79.41545,-1
760,28.395326,79.423281,-1
761,28.831828,78.785136,3
762,28.838354,78.75027,-1
763,28.859062,78.802483,-1
764,28.839941,78.806636,-1
765,28.822802,78.778354,-1
766,28.827693,78.786427,3
767,28.856345,78.795816,-1
768,28.82519,78.749829,-1
769,28.828245,78.779858,3
770,28.82677,78.75655,-1
771,18.011683,79.595607,-1
772,18.00343,79.591149,-1
773,18.00402,79.574876,-1
774,17.979739,79.549586,-1
775,18.013418,79.595406,-1
776,18.01289,79.601895,-1
777,18.026642,79.546109,-1
778,18.027022,79.609185,-1
779,18.013056,79.600972,-1
780,17.998979,79.578392,-1
781,26.766343,83.39349,-1
782,26.810391,83.392877,-1
783,26.771084,83.393953,-1
784,26.76525,83.378952,-1
785,26.753166,83.364176,-1
786,26.755201,83.395064,-1
787,26.807141,83.374695,-1
788,26.767962,83.362186,-1
789,26.748731,83.320799,-1
790,26.752142,83.37932,-1
791,16.326626,80.483155,-1
792,16.300882,80.462987,-1
793,16.302846,80.465253,-1
794,16.263216,80.478237,-1
795,16.31436,80.468059,-1
796,16.343442,80.443556,-1
797,16.3299,80.446881,-1
798,16.295307,80.463008,-1
799,16.31854,80.449499,-1
800,16.300368,80.489442,-1
801,11.910232,79.825397,-1
802,11.968658,79.87088,-1
803,11.952936,79.876283,-1
804,11.946349,79.824249,-1
805,11.908283,79.813186,-1
806,11.918473,79.831151,-1
807,11.935318,79.809291,-1
808,11.933012,79.801705,-1
809,11.906198,79.821067,-1
810,11.932801,79.8132,-1
811,20.94374,77.758522,-1
812,20.919483,77.736819,-1
813,20.924832,77.77116,-1
814,20.930844,77.745772,-1
815,20.932545,77.714904,-1
816,20.894713,77.736514,-1
817,20.913489,77.738926,-1
818,20.964406,77.710098,-1
819,20.925951,77.754276,-1
820,20.94445,77.738174,-1
821,28.011005,73.304747,-1
822,28.019725,73.342714,-1
823,28.000733,73.327797,-1
824,28.0095,73.264015,-1
825,28.002919,73.34829,-1
826,28.021218,73.331707,-1
827,28.005624,73.283774,-1
828,28.00668,73.301448,-1
829,28.02986,73.280437,-1
830,28.004452,73.324199,-1
831,9.947101,76.279582,-1
832,9.931684,76.275887,-1
833,9.927058,76.273401,-1
834,9.927777,76.278428,-1
835,9.966335,76.256838,-1
836,9.95517,76.240611,-1
837,9.909871,76.253286,-1
838,9.923778,76.26399,-1
839,9.936006,76.271026,-1
840,9.961564,76.264426,-1
841,21.218702,81.393562,-1
842,21.193755,81.418541,-1
843,21.202246,81.443916,-1
844,21.2026,81.461997,-1
845,21.221465,81.436009,-1
846,21.17655,81.410401,-1
847,21.210428,81.409949,-1
848,21.184345,81.405988,-1
849,21.218114,81.428882,-1
850,21.226036,81.428964,-1
851,20.438356,85.835711,-1
852,20.486812,85.849741,-1
853,20.466215,85.863021,-1
854,20.469131,85.864807,-1
855,20.476706,85.865782,-1
856,20.478644,85.878205,-1
857,20.484248,85.878868,-1
858,20.467111,85.872367,-1
859,20.451018,85.860189,-1
860,20.471369,85.851131,-1
861,19.222387,72.85421,-1
862,19.234715,72.891507,-1
863,19.265269,72.867395,-1
864,19.231563,72.892495,-1
865,19.274157,72.868772,-1
866,19.220731,72.852071,-1
867,19.222436,72.862659,-1
868,19.238268,72.83212,-1
869,19.219224,72.84407,-1
870,19.226555,72.861974,-1
871,21.775152,72.108218,-1
872,21.763254,72.125517,-1
873,21.769494,72.185674,-1
874,21.762299,72.155684,-1
875,21.787349,72.149358,-1
876,21.743415,72.161442,-1
877,21.761599,72.124291,-1
878,21.767068,72.148035,-1
879,21.753931,72.160057,-1
880,21.753313,72.130855,-1
881,16.892385,74.584631,-1
882,16.89815,74.559496,-1
883,16.858868,74.574206,-1
884,16.862569,74.558637,-1
885,16.850102,74.583576,-1
886,16.872353,74.564924,-1
887,16.875152,74.566033,-1
888,16.862187,74.561092,-1
889,16.888698,74.562219,-1
890,16.83957,74.581466,-1
891,22.514614,70.046572,-1
892,22.474417,70.093102,-1
893,22.501876,70.085503,-1
894,22.470789,70.034339,-1
895,22.477907,70.066487,-1
896,22.50063,70.057783,-1
897,22.522868,70.06765,-1
898,22.476512,70.093633,-1
899,22.474052,70.044314,-1
900,22.447557,70.063365,-1
901,32.740988,74.86447,-1
902,32.733181,74.873926,-1
903,32.782315,74.850629,-1
904,32.699214,74.867015,-1
905,32.742515,74.868066,-1
906,32.722731,74.863131,-1
907,32.726321,74.837374,-1
908,32.755737,74.857861,-1
909,32.710365,74.87212,-1
910,32.734922,74.842142,-1
911,23.636212,86.141364,-1
912,23.657609,86.147892,-1
913,23.638179,86.20828,-1
914,23.653643,86.163635,-1
915,23.686323,86.12612,-1
916,23.634396,86.153502,-1
917,23.669244,86.139735,-1
918,23.676917,86.165518,-1
919,23.723401,86.146997,-1
920,23.670404,86.135193,-1
921,19.160904,77.320342,-1
922,19.197455,77.296044,-1
923,19.166503,77.328291,-1
924,19.173474,77.292857,-1
925,19.159043,77.341153,-1
926,19.142422,77.327522,-1
927,19.15421,77.302341,-1
928,19.157057,77.319322,-1
929,19.167437,77.296757,-1
930,19.143882,77.321396,-1
931,11.220202,75.770753,-1
932,11.220038,75.749994,-1
933,11.248771,75.802236,-1
934,11.244981,75.801603,-1
935,11.232322,75.815854,-1
936,11.214974,75.759597,-1
937,11.24005,75.790123,-1
938,11.251281,75.75915,-1
939,11.253094,75.762455,-1
940,11.250078,75.734119,-1
941,16.73739,74.245824,-1
942,16.720429,74.231684,-1
943,16.698362,74.232178,-1
944,16.686717,74.272746,-1
945,16.707689,74.247574,-1
946,16.709347,74.188595,-1
947,16.728696,74.244132,-1
948,16.697516,74.210943,-1
949,16.704329,74.22379,-1
950,16.714404,74.207207,-1
951,14.429413,79.998157,-1
952,14.421213,79.975383,-1
953,14.42637,79.991495,-1
954,14.448412,80.020149,-1
955,14.47135,79.956839,-1
956,14.45997,79.969155,-1
957,14.461693,80.001537,-1
958,14.452111,79.978641,-1
959,14.477464,80.007371,-1
960,14.50276,79.998932,-1
961,17.351063,76.854089,-1
962,17.329004,76.848261,-1
963,17.310263,76.819661,-1
964,17.366803,76.843974,-1
965,17.329622,76.806614,-1
966,17.343799,76.842478,-1
967,17.340491,76.823209,-1
968,17.317923,76.858827,-1
969,17.316752,76.846635,-1
970,17.318906,76.855235,-1
971,26.475536,74.668632,-1
972,26.432023,74.655365,-1
973,26.452669,74.639105,-1
974,26.451769,74.652336,-1
975,26.444839,74.610011,-1
976,26.436639,74.621255,-1
977,26.448929,74.62031,-1
978,26.425807,74.603218,-1
979,26.43442,74.64132,-1
980,26.496867,74.619891,-1
981,30.323208,78.018944,-1
982,30.344058,78.047308,-1
983,30.318454,78.026755,-1
984,30.370268,78.071269,-1
985,30.323165,78.020725,-1
986,30.292326,78.015379,-1
987,30.348416,78.033274,-1
988,30.341016,78.021287,-1
989,30.311802,78.034971,-1
990,30.307375,78.045168,-1
991,11.353548,77.740256,-1
992,11.395558,77.733447,-1
993,11.322731,77.720783,-1
994,11.330792,77.730203,-1
995,11.327311,77.719684,-1
996,11.341245,77.718288,-1
997,11.345069,77.731127,-1
998,11.321996,77.741386,-1
999,11.351829,77.747165,-1
1000,11.325389,77.713813,-1
1001,23.518351,87.32357,-1
1002,23.512128,87.332253,-1
1003,23.499476,87.352094,-1
1004,23.505999,87.279755,-1
1005,23.490177,87.322352,-1
1006,23.507791,87.326605,-1
1007,23.512957,87.304708,-1
1008,23.513522,87.276338,-1
1009,23.474288,87.303305,-1
1010,23.53399,87.318138,-1
1011,19.200252,73.141464,-1
1012,19.258645,73.122292,-1
1013,19.211542,73.123258,-1
1014,19.225459,73.175359,-1
1015,19.184867,73.136707,-1
1016,19.199091,73.155931,-1
1017,19.231423,73.135882,-1
1018,19.22546,73.148034,-1
1019,19.226499,73.145418,-1
1020,19.228118,73.132789,-1
1021,28.738857,77.237867,-1
1022,28.761777,77.280238,-1
1023,28.767113,77.272269,-1
1024,28.745973,77.309634,-1
1025,28.72779,77.310149,-1
1026,28.727275,77.306412,-1
1027,28.710006,77.310097,-1
1028,28.763693,77.297939,-1
1029,28.756185,77.270311,-1
1030,28.787847,77.298856,-1
1031,26.675149,88.410077,-1
1032,26.684666,88.464242,-1
1033,26.721404,88.41459,-1
1034,26.72184,88.479318,-1
1035,26.702668,88.444651,-1
1036,26.710432,88.412461,-1
1037,26.719716,88.439537,-1
1038,26.699462,88.418672,-1
1039,26.711689,88.421124,-1
1040,26.717988,88.413561,-1
1041,23.215641,75.771611,-1
1042,23.181953,75.790575,-1
1043,23.192455,75.775737,-1
1044,23.185565,75.79955,-1
1045,23.18988,75.768251,-1
1046,23.192735,75.801767,-1
1047,23.172304,75.764274,-1
1048,23.200642,75.784864,-1
1049,23.166196,75.780186,-1
1050,23.204917,75.773282,-1
1051,20.740796,72.956835,-1
1052,20.747765,72.958495,-1
1053,20.761702,72.946092,-1
1054,20.763282,72.929429,-1
1055,20.781511,72.938611,-1
1056,20.782749,72.983037,-1
1057,20.744184,72.992063,-1
1058,20.761448,72.929566,-1
1059,20.760626,72.926758,-1
1060,20.795872,72.987032,-1
1061,28.619887,77.192347,-1
1062,28.626354,77.194936,-1
1063,28.666852,77.194302,-1
1064,28.649747,77.206712,-1
1065,28.675689,77.142868,-1
1066,28.680046,77.196415,-1
1067,28.686252,77.207917,-1
1068,28.635208,77.186251,-1
1069,28.679474,77.200404,-1
1070,28.667849,77.192374,-1
1071,23.663304,86.964886,-1
1072,23.701215,86.968004,-1
1073,23.724614,86.986492,-1
1074,23.689135,86.940264,-1
1075,23.638978,86.959966,-1
1076,23.678336,86.975961,-1
1077,23.652847,86.997615,-1
1078,23.681559,86.974252,-1
1079,23.706693,86.990775,-1
1080,23.66605,86.980799,-1
1081,12.880822,74.879783,-1
1082,12.91374,74.876061,-1
1083,12.899872,74.867173,-1
1084,12.887319,74.855784,-1
1085,12.924949,74.832497,-1
1086,12.904506,74.844729,-1
1087,12.966054,74.864773,-1
1088,12.901479,74.838595,-1
1089,12.934234,74.868455,-1
1090,12.917,74.876643,-1
1091,15.838779,74.535596,-1
1092,15.834893,74.521378,-1
1093,15.855726,74.488173,-1
1094,15.872337,74.575051,-1
1095,15.837716,74.481957,-1
1096,15.863563,74.516389,-1
1097,15.859965,74.471444,-1
1098,15.838389,74.527738,-1
1099,15.843932,74.509083,-1
1100,15.842194,74.538753,-1
1101,29.99968,77.542401,-1
1102,29.962895,77.538864,-1
1103,29.988057,77.507875,-1
1104,29.988099,77.518588,-1
1105,29.999858,77.532272,-1
1106,29.990234,77.549862,-1
1107,29.958306,77.544615,-1
1108,29.970266,77.531349,-1
1109,29.953542,77.579404,-1
1110,29.962362,77.531786,-1
1111,12.938306,79.120986,-1
1112,12.912728,79.122571,-1
1113,12.903375,79.135329,-1
1114,12.94758,79.159358,-1
1115,12.917698,79.115471,-1
1116,12.92055,79.123934,-1
1117,12.891118,79.121912,-1
1118,12.913538,79.149827,-1
1119,12.925457,79.141672,-1
1120,12.880219,79.147941,-1
1121,22.810722,88.423094,-1
1122,22.835364,88.414449,-1
1123,22.883936,88.42797,-1
1124,22.877604,88.398,-1
1125,22.860251,88.359038,-1
1126,22.901817,88.40512,-1
1127,22.865128,88.455589,-1
1128,22.84127,88.418713,-1
1129,22.846844,88.404397,-1
1130,22.84962,88.414875,-1
1131,20.540103,74.533728,-1
1132,20.548173,74.530929,-1
1133,20.536609,74.522396,-1
1134,20.539631,74.534727,-1
1135,20.563391,74.549441,-1
1136,20.534109,74.557852,-1
1137,20.525889,74.574396,-1
1138,20.573389,74.496792,-1
1139,20.53449,74.525709,-1
1140,20.510035,74.525752,-1
1141,24.811809,85.009808,-1
1142,24.799691,85.037321,-1
1143,24.844208,84.996295,-1
1144,24.774569,84.969066,-1
1145,24.771164,85.003545,-1
1146,24.791719,85.009401,-1
1147,24.793098,84.996796,-1
1148,24.758513,84.974427,-1
1149,24.811243,85.040245,-1
1150,24.836533,85.004088,-1
1151,13.091682,80.160189,-1
1152,13.10184,80.144835,-1
1153,13.126909,80.147442,-1
1154,13.09656,80.161073,-1
1155,13.119976,80.18297,-1
1156,13.085662,80.141955,-1
1157,13.08387,80.18395,-1
1158,13.107305,80.100627,-1
1159,13.077176,80.142074,-1
1160,13.127494,80.145639,-1
1161,20.999901,75.550556,-1
1162,20.975407,75.556547,-1
1163,21.002188,75.531264,-1
1164,21.019952,75.547826,-1
1165,20.984911,75.594409,-1
1166,20.985392,75.579627,-1
1167,20.990578,75.543816,-1
1168,20.977203,75.55591,-1
1169,21.027022,75.568933,-1
1170,21.019837,75.559177,-1
1171,15.822969,78.060152,-1
1172,15.857016,78.044176,-1
1173,15.79137,78.05962,-1
1174,15.874646,78.000755,-1
1175,15.828472,78.031062,-1
1176,15.792987,78.046815,-1
1177,15.804295,78.036623,-1
1178,15.798593,78.048638,-1
1179,15.840194,78.03354,-1
1180,15.819709,78.045527,-1
1181,18.782646,79.46725,-1
1182,18.777221,79.429026,-1
1183,18.792413,79.464487,-1
1184,18.798933,79.486666,-1
1185,18.789664,79.445819,-1
1186,18.80129,79.406509,-1
1187,18.745364,79.448468,-1
1188,18.783428,79.450523,-1
1189,18.805184,79.442765,-1
1190,18.820548,79.420343,-1
1191,24.606159,73.705392,-1
1192,24.560839,73.720894,-1
1193,24.58518,73.703113,-1
1194,24.624417,73.714391,-1
1195,24.608923,73.682948,-1
1196,24.555186,73.690888,-1
1197,24.5931,73.679038,-1
1198,24.573037,73.743135,-1
1199,24.574601,73.684882,-1
1200,24.603645,73.73461,-1
1201,22.49351,88.25118,-1
1202,22.528506,88.258315,-1
1203,22.483748,88.272391,-1
1204,22.492467,88.245389,-1
1205,22.495751,88.235104,-1
1206,22.530655,88.26306,-1
1207,22.530079,88.236152,-1
1208,22.501904,88.230796,-1
1209,22.499768,88.253375,-1
1210,22.491127,88.222999,-1
1211,30.351446,76.375409,-1
1212,30.354114,76.405038,-1
1213,30.309634,76.396885,-1
1214,30.322224,76.374684,-1
1215,30.323427,76.400564,-1
1216,30.332208,76.425255,-1
1217,30.356883,76.364022,-1
1218,30.321015,76.386206,-1
1219,30.342904,76.365537,-1
1220,30.321969,76.415768,-1
1221,22.802404,88.393154,-1
1222,22.833549,88.337041,-1
1223,22.83753,88.378973,-1
1224,22.841044,88.350472,-1
1225,22.849531,88.352173,-1
1226,22.859335,88.338639,-1
1227,22.86411,88.370828,-1
1228,22.849748,88.34844,-1
1229,22.820594,88.373632,-1
1230,22.837198,88.367864,-1
1231,14.428741,75.940708,-1
1232,14.44012,75.920543,-1
1233,14.451011,75.930778,-1
1234,14.42747,75.946224,-1
1235,14.4879,75.907224,-1
1236,14.465753,75.922521,-1
1237,14.446932,75.970812,-1
1238,14.464578,75.90948,-1
1239,14.465564,75.90729,-1
1240,14.446917,75.909838,-1
1241,20.688983,77.029603,-1
1242,20.740106,77.036151,-1
1243,20.697929,77.006081,-1
1244,20.677324,77.015823,-1
1245,20.705418,77.024526,-1
1246,20.70693,77.009602,-1
1247,20.699083,77.046222,-1
1248,20.702812,76.998145,-1
1249,20.695788,77.007454,-1
1250,20.703207,77.010115,-1
1251,22.444474,88.402358,-1
1252,22.434707,88.459253,-1
1253,22.441181,88.462693,-1
1254,22.446431,88.413222,-1
1255,22.432793,88.404254,-1
1256,22.468299,88.447688,-1
1257,22.43016,88.410784,-1
1258,22.441869,88.432946,-1
1259,22.397942,88.434706,-1
1260,22.442963,88.415235,-1
1261,22.352295,82.707941,-1
1262,22.331651,82.740527,-1
1263,22.361798,82.695173,-1
1264,22.36363,82.691347,-1
1265,22.331141,82.681525,-1
1266,22.341408,82.676167,-1
1267,22.313298,82.697988,-1
1268,22.314739,82.668259,-1
1269,22.352651,82.677217,-1
1270,22.34833,82.664716,-1
1271,25.471139,78.567404,-1
1272,25.476167,78.582936,-1
1273,25.482158,78.598454,-1
1274,25.460686,78.545581,-1
1275,25.478352,78.570104,-1
1276,25.467677,78.569521,-1
1277,25.459708,78.632673,-1
1278,25.410948,78.56636,-1
1279,25.458104,78.596315,-1
1280,25.472147,78.576032,-1
1281,8.762705,78.134461,-1
1282,8.78493,78.11532,-1
1283,8.772974,78.170901,-1
1284,8.735007,78.141176,-1
1285,8.78904,78.133746,-1
1286,8.753578,78.150029,-1
1287,8.745174,78.138317,-1
1288,8.82096,78.125762,-1
1289,8.756482,78.159527,-1
1290,8.790574,78.125519,-1
1291,15.142197,76.942396,-1
1292,15.169282,76.925113,-1
1293,15.135775,76.918787,-1
1294,15.142782,76.957702,-1
1295,15.126793,76.914083,-1
1296,15.154509,76.936811,-1
1297,15.17176,76.883031,-1
1298,15.152942,76.932969,-1
1299,15.146632,76.910501,-1
1300,15.079717,76.92502,-1
1301,25.229422,87.002561,-1
1302,25.230358,86.944838,-1
1303,25.222536,86.934028,-1
1304,25.234087,87.006197,-1
1305,25.26119,86.950476,-1
1306,25.247888,86.983572,-1
1307,25.25068,86.95174,-1
1308,25.265001,86.959214,-1
1309,25.247493,86.951355,-1
1310,25.277795,86.977974,-1
1311,23.845221,91.308746,-1
1312,23.83867,91.262261,-1
1313,23.819544,91.269532,-1
1314,23.832849,91.274522,-1
1315,23.856678,91.287154,-1
1316,23.829285,91.30368,-1
1317,23.828522,91.285711,-1
1318,23.844625,91.294799,-1
1319,23.848382,91.257096,-1
1320,23.868579,91.284111,-1
1321,16.951092,82.216787,-1
1322,16.962829,82.208926,-1
1323,16.959014,82.249123,-1
1324,16.969226,82.241732,-1
1325,16.987407,82.190793,-1
1326,16.95743,82.258218,-1
1327,16.948796,82.243993,-1
1328,16.966105,82.256964,-1
1329,16.951679,82.271299,-1
1330,16.954597,82.241099,-1
1331,18.374318,76.558463,-1
1332,18.432606,76.592809,-1
1333,18.379496,76.555343,-1
1334,18.382202,76.524599,-1
1335,18.410202,76.554193,-1
1336,18.383101,76.582269,-1
1337,18.396365,76.562271,-1
1338,18.375482,76.577873,-1
1339,18.429832,76.55318,-1
1340,18.447319,76.558807,-1
1341,22.711854,88.357276,-1
1342,22.682244,88.378675,-1
1343,22.686218,88.37808,-1
1344,22.684412,88.378278,-1
1345,22.673251,88.345186,-1
1346,22.701277,88.390872,-1
1347,22.68616,88.318256,-1
1348,22.659817,88.376821,-1
1349,22.696995,88.389818,-1
1350,22.70945,88.37821,-1
1351,17.040499,81.787454,-1
1352,17.005497,81.758101,-1
1353,17.014664,81.772769,-1
1354,17.00155,81.790308,-1
1355,17.00325,81.773879,-1
1356,16.997486,81.762597,-1
1357,16.954991,81.762465,-1
1358,17.054441,81.775662,-1
1359,17.016091,81.768526,-1
1360,17.018108,81.764151,-1
1361,20.931608,74.8003,-1
1362,20.886897,74.79151,-1
1363,20.865564,74.835203,-1
1364,20.938101,74.795341,-1
1365,20.925222,74.794141,-1
1366,20.917229,74.81065,-1
1367,20.908999,74.793341,-1
1368,20.90545,74.786284,-1
1369,20.867554,74.793994,-1
1370,20.942044,74.780312,-1
1371,28.893779,76.607284,-1
1372,28.92631,76.577415,-1
1373,28.898566,76.597353,-1
1374,28.901899,76.571555,-1
1375,28.913706,76.60559,-1
1376,28.889814,76.603717,-1
1377,28.898613,76.584385,-1
1378,28.859712,76.631211,-1
1379,28.887287,76.548279,-1
1380,28.901153,76.598569,-1
1381,19.119595,74.765957,-1
1382,19.078809,74.751569,-1
1383,19.117715,74.735,-1
1384,19.107157,74.732449,-1
1385,19.112604,74.730805,-1
1386,19.119694,74.762184,-1
1387,19.080265,74.739538,-1
1388,19.100827,74.739745,-1
1389,19.06999,74.757409,-1
1390,19.075734,74.744593,-1
1391,8.911319,76.55339,-1
1392,8.879726,76.578948,-1
1393,8.871141,76.598072,-1
1394,8.909448,76.574152,-1
1395,8.908972,76.579059,-1
1396,8.944123,76.606802,-1
1397,8.879587,76.586446,-1
1398,8.900753,76.576951,-1
1399,8.897668,76.579544,-1
1400,8.891737,76.59078,-1
1401,22.060518,82.158635,-1
1402,22.065295,82.116422,-1
1403,22.079579,82.149938,-1
1404,22.059963,82.157966,-1
1405,22.089931,82.182489,-1
1406,22.077143,82.162378,-1
1407,22.076069,82.159127,-1
1408,22.085718,82.150353,-1
1409,22.089258,82.152639,-1
1410,22.093391,82.124529,-1
1411,25.377519,74.632428,-1
1412,25.361798,74.628061,-1
1413,25.333503,74.628527,-1
1414,25.334937,74.640316,-1
1415,25.363782,74.625209,-1
1416,25.36745,74.638274,-1
1417,25.351036,74.69457,-1
1418,25.343414,74.623364,-1
1419,25.372497,74.643119,-1
1420,25.319335,74.638579,-1
1421,19.297698,84.812275,-1
1422,19.305854,84.791899,-1
1423,19.314912,84.792196,-1
1424,19.315749,84.778936,-1
1425,19.290881,84.806267,-1
1426,19.318825,84.816165,-1
1427,19.277568,84.771814,-1
1428,19.339022,84.784818,-1
1429,19.318328,84.807774,-1
1430,19.286253,84.768309,-1
1431,26.094248,85.419655,-1
1432,26.153238,85.398961,-1
1433,26.143833,85.38408,-1
1434,26.120927,85.418097,-1
1435,26.139256,85.402513,-1
1436,26.11708,85.412902,-1
1437,26.122558,85.387007,-1
1438,26.141384,85.376306,-1
1439,26.13147,85.38494,-1
1440,26.13601,85.41191,-1
1441,22.240523,76.400195,-1
1442,22.225454,76.41735,-1
1443,22.251203,76.388781,-1
1444,22.221754,76.414654,-1
1445,22.19229,76.38942,-1
1446,22.26422,76.362873,-1
1447,22.21629,76.411873,-1
1448,22.225115,76.415605,-1
1449,22.250515,76.384679,-1
1450,22.226841,76.382394,-1
1451,29.461079,77.690779,-1
1452,29.453031,77.727269,-1
1453,29.462099,77.662599,-1
1454,29.480494,77.70622,-1
1455,29.462207,77.677022,-1
1456,29.526277,77.698289,-1
1457,29.477096,77.69166,-1
1458,29.500821,77.728889,-1
1459,29.472652,77.683164,-1
1460,29.479477,77.711157,-1
1461,13.083361,80.117952,-1
1462,13.099504,80.09561,-1
1463,13.149201,80.119704,-1
1464,13.136676,80.119587,-1
1465,13.092613,80.108415,-1
1466,13.105722,80.101688,-1
1467,13.098751,80.131301,-1
1468,13.12489,80.106063,-1
1469,13.142635,80.118709,-1
1470,13.126885,80.103173,-1
1471,14.436724,78.833111,-1
1472,14.472049,78.829641,-1
1473,14.502393,78.832036,-1
1474,14.468152,78.830081,-1
1475,14.437607,78.823255,-1
1476,14.464036,78.85839,-1
1477,14.45421,78.832418,-1
1478,14.479378,78.815438,-1
1479,14.472591,78.801284,-1
1480,14.462085,78.822776,-1
1481,17.492244,78.379576,-1
1482,17.475571,78.430712,-1
1483,17.502115,78.397159,-1
1484,17.481621,78.436024,-1
1485,17.48505,78.41082,-1
1486,17.495245,78.401483,-1
1487,17.500416,78.399114,-1
1488,17.499917,78.407094,-1
1489,17.477744,78.421122,-1
1490,17.451436,78.455564,-1
1491,22.639702,88.379945,-1
1492,22.667869,88.398624,-1
1493,22.652587,88.350531,-1
1494,22.674621,88.354225,-1
1495,22.663016,88.335178,-1
1496,22.675261,88.347784,-1
1497,22.667096,88.366626,-1
1498,22.659821,88.366773,-1
1499,22.678553,88.386159,-1
1500,22.680144,88.386846,-1
1501,27.48434,77.690509,-1
1502,27.548365,77.650349,-1
1503,27.474053,77.686829,-1
1504,27.514924,77.699963,-1
1505,27.546627,77.664536,-1
1506,27.522155,77.705796,-1
1507,27.472848,77.677536,-1
1508,27.521032,77.665914,-1
1509,27.497295,77.661135,-1
1510,27.523486,77.693246,-1
1511,19.953319,79.307945,-1
1512,19.971068,79.271793,-1
1513,19.914244,79.315275,-1
1514,19.990848,79.293284,-1
1515,19.949396,79.267096,-1
1516,19.916737,79.302711,-1
1517,19.960798,79.294654,-1
1518,19.947526,79.290829,-1
1519,19.917546,79.312389,-1
1520,19.954504,79.289817,-1
1521,16.828162,75.723138,-1
1522,16.830098,75.715229,-1
1523,16.78676,75.684898,-1
1524,16.819804,75.69943,-1
1525,16.836161,75.715501,-1
1526,16.847049,75.692506,-1
1527,16.823117,75.724336,-1
1528,16.826482,75.71585,-1
1529,16.798871,75.738502,-1
1530,16.835562,75.693539,-1
1531,13.943019,75.580929,-1
1532,13.921877,75.570778,-1
1533,13.947041,75.557996,-1
1534,13.935534,75.574415,-1
1535,13.932133,75.623164,-1
1536,13.93957,75.571227,-1
1537,13.909375,75.574375,-1
1538,13.926203,75.575043,-1
1539,13.971048,75.560406,-1
1540,13.899792,75.575894,-1
1541,27.575741,76.614803,-1
1542,27.56253,76.620596,-1
1543,27.550999,76.643205,-1
1544,27.57291,76.611937,-1
1545,27.60577,76.646092,-1
1546,27.540323,76.65169,-1
1547,27.567828,76.630019,-1
1548,27.576195,76.612164,-1
1549,27.573575,76.666082,-1
1550,27.573076,76.603536,-1
1551,27.87358,79.925621,-1
1552,27.870034,79.911894,-1
1553,27.878078,79.909852,-1
1554,27.864704,79.90016,-1
1555,27.894198,79.907102,-1
1556,27.880794,79.931956,-1
1557,27.902886,79.937461,-1
1558,27.894738,79.914978,-1
1559,27.861058,79.913719,-1
1560,27.88493,79.914486,-1
1561,21.532227,70.466953,-1
1562,21.554596,70.418614,-1
1563,21.515699,70.485823,-1
1564,21.529091,70.454712,-1
1565,21.547198,70.475066,-1
1566,21.522608,70.476086,-1
1567,21.555168,70.465965,-1
1568,21.553145,70.441792,-1
1569,21.530179,70.464688,-1
1570,21.535124,70.442352,-1
1571,28.654215,77.234887,-1
1572,28.624845,77.197785,-1
1573,28.637004,77.231571,-1
1574,28.63783,77.215631,-1
1575,28.623588,77.249531,-1
1576,28.620638,77.192199,-1
1577,28.618505,77.218186,-1
1578,28.630993,77.195042,-1
1579,28.638717,77.234758,-1
1580,28.585932,77.227537,-1
1581,10.512219,76.183031,-1
1582,10.489376,76.215621,-1
1583,10.51086,76.215092,-1
1584,10.5108,76.224341,-1
1585,10.522143,76.248007,-1
1586,10.532071,76.246793,-1
1587,10.517634,76.218229,-1
1588,10.522233,76.184152,-1
1589,10.526453,76.205743,-1
1590,10.552054,76.177495,-1
1591,18.667248,78.058301,-1
1592,18.674035,78.095394,-1
1593,18.64875,78.102073,-1
1594,18.65443,78.093327,-1
1595,18.684059,78.103481,-1
1596,18.668201,78.075528,-1
1597,18.64071,78.100667,-1
1598,18.683598,78.087072,-1
1599,18.672042,78.110297,-1
1600,18.678074,78.074084,-1
1601,13.339802,77.113191,-1
1602,13.356095,77.114577,-1
1603,13.315818,77.080536,-1
1604,13.341051,77.082587,-1
1605,13.341348,77.126133,-1
1606,13.354749,77.099957,-1
1607,13.336929,77.13002,-1
1608,13.321387,77.082473,-1
1609,13.36459,77.098502,-1
1610,13.332939,77.072249,-1
1611,19.279111,76.755441,-1
1612,19.268265,76.76688,-1
1613,19.283823,76.778825,-1
1614,19.265586,76.780915,-1
1615,19.270917,76.778641,-1
1616,19.266678,76.770995,-1
1617,19.250956,76.767325,-1
1618,19.263107,76.795477,-1
1619,19.273325,76.745333,-1
1620,19.27053,76.760362,-1
1621,29.178394,75.689566,-1
1622,29.148987,75.728567,-1
1623,29.152695,75.697254,-1
1624,29.128753,75.714856,-1
1625,29.150835,75.714815,-1
1626,29.16875,75.742048,-1
1627,29.156762,75.69244,-1
1628,29.165327,75.723993,-1
1629,29.135043,75.725419,-1
1630,29.126551,75.758237,-1
1631,27.135105,78.415278,-1
1632,27.153289,78.375172,-1
1633,27.148328,78.386663,-1
1634,27.172713,78.390624,-1
1635,27.132914,78.396506,-1
1636,27.138353,78.393805,-1
1637,27.209261,78.407387,-1
1638,27.159453,78.415121,-1
1639,27.11237,78.390067,-1
1640,27.148072,78.416286,-1
1641,23.756509,86.838586,-1
1642,23.737562,86.819586,-1
1643,23.712611,86.830085,-1
1644,23.743408,86.828791,-1
1645,23.728113,86.847589,-1
1646,23.769673,86.851586,-1
1647,23.704907,86.855963,-1
1648,23.735503,86.812327,-1
1649,23.714463,86.869712,-1
1650,23.744895,86.886874,-1
1651,29.692001,77.030077,-1
1652,29.70854,76.947129,-1
1653,29.69654,76.982757,-1
1654,29.704609,76.993129,-1
1655,29.71392,76.961041,-1
1656,29.693352,76.928267,-1
1657,29.671183,76.967114,-1
1658,29.670124,76.992362,-1
1659,29.692721,76.98144,-1
1660,29.701958,76.969949,-1
1661,23.233459,87.865571,-1
1662,23.259603,87.831138,-1
1663,23.221269,87.852547,-1
1664,23.239585,87.85536,-1
1665,23.240901,87.874028,-1
1666,23.207451,87.86607,-1
1667,23.262376,87.860904,-1
1668,23.247297,87.865869,-1
1669,23.279685,87.851199,-1
1670,23.246512,87.868841,-1
1671,11.93385,79.761848,-1
1672,11.925206,79.807466,-1
1673,11.933208,79.769632,-1
1674,11.96964,79.785207,-1
1675,11.969046,79.807845,-1
1676,11.908676,79.851519,-1
1677,11.963014,79.806497,-1
1678,11.937367,79.818523,-1
1679,11.965189,79.792831,-1
1680,11.936217,79.809513,-1
1681,22.731964,88.440293,-1
1682,22.715481,88.485815,-1
1683,22.692916,88.443516,-1
1684,22.771914,88.517592,-1
1685,22.715419,88.474389,-1
1686,22.712839,88.45242,-1
1687,22.711177,88.471215,-1
1688,22.751706,88.461975,-1
1689,22.720888,88.459706,-1
1690,22.721157,88.471494,-1
1691,18.179385,79.94293,-1
1692,18.234195,79.923744,-1
1693,18.215749,79.974567,-1
1694,18.232214,79.970261,-1
1695,18.203414,79.914466,-1
1696,18.185825,79.933059,-1
1697,18.191874,79.967456,-1
1698,18.190059,79.972086,-1
1699,18.181805,79.936218,-1
1700,18.193953,79.923757,-1
1701,25.189784,85.511984,-1
1702,25.233747,85.519187,-1
1703,25.188303,85.501291,-1
1704,25.193215,85.519747,-1
1705,25.183551,85.537746,-1
1706,25.207241,85.497581,-1
1707,25.187136,85.523325,-1
1708,25.226814,85.529528,-1
1709,25.214184,85.543565,-1
1710,25.191206,85.528742,-1
1711,22.674906,88.354085,-1
1712,22.647994,88.351642,-1
1713,22.63505,88.333662,-1
1714,22.64694,88.307046,-1
1715,22.647098,88.348022,-1
1716,22.647882,88.330609,-1
1717,22.682436,88.335956,-1
1718,22.627676,88.336972,-1
1719,22.653547,88.319744,-1
1720,22.626251,88.320195,-1
1721,28.795031,79.071652,-1
1722,28.810698,79.011911,-1
1723,28.795178,79.032823,-1
1724,28.822845,79.006465,-1
1725,28.790773,79.031956,-1
1726,28.802019,79.037734,-1
1727,28.798247,79.018539,-1
1728,28.816645,79.050575,-1
1729,28.832355,79.042094,-1
1730,28.809022,79.025418,-1
1731,26.14302,85.901578,-1
1732,26.166194,85.899576,-1
1733,26.118807,85.916881,-1
1734,26.13948,85.889871,-1
1735,26.152075,85.914258,-1
1736,26.148429,85.940494,-1
1737,26.137177,85.914481,-1
1738,26.160534,85.869332,-1
1739,26.148593,85.879439,-1
1740,26.165331,85.84708,-1
1741,29.375634,76.963703,-1
1742,29.38691,76.99239,-1
1743,29.39729,76.974846,-1
1744,29.361328,76.971971,-1
1745,29.401041,76.930753,-1
1746,29.383614,76.94146,-1
1747,29.39628,76.966749,-1
1748,29.367105,76.946531,-1
1749,29.394721,76.991503,-1
1750,29.376711,76.964592,-1
1751,13.659213,79.437856,-1
1752,13.63403,79.411704,-1
1753,13.627453,79.416503,-1
1754,13.68089,79.423659,-1
1755,13.653399,79.426577,-1
1756,13.628276,79.423463,-1
1757,13.659753,79.406844,-1
1758,13.627344,79.415018,-1
1759,13.645187,79.419043,-1
1760,13.662821,79.41896,-1
1761,28.585527,77.338047,-1
1762,28.574296,77.34915,-1
1763,28.632035,77.373375,-1
1764,28.561108,77.343118,-1
1765,28.572927,77.334547,-1
1766,28.57737,77.313924,-1
1767,28.573907,77.34241,-1
1768,28.568935,77.318526,-1
1769,28.601891,77.35473,-1
1770,28.594165,77.345514,-1
1771,28.494123,77.509327,-1
1772,28.480871,77.52141,-1
1773,28.497211,77.53206,-1
1774,28.480076,77.526615,-1
1775,28.456899,77.526529,-1
1776,28.491208,77.513417,-1
1777,28.481769,77.53076,-1
1778,28.501625,77.535594,-1
1779,28.502975,77.542461,-1
1780,28.50149,77.530324,-1
1781,23.730383,92.764205,-1
1782,23.727373,92.707601,-1
1783,23.75663,92.722951,-1
1784,23.730008,92.730472,-1
1785,23.711711,92.71986,-1
1786,23.703374,92.694903,-1
1787,23.746581,92.71344,-1
1788,23.738517,92.717366,-1
1789,23.74596,92.733056,-1
1790,23.739443,92.670139,-1
1791,23.202126,72.680326,-1
1792,23.233038,72.675736,-1
1793,23.210378,72.713934,-1
1794,23.206361,72.683862,-1
1795,23.20582,72.655766,-1
1796,23.216269,72.653937,-1
1797,23.247631,72.68197,-1
1798,23.235892,72.649868,-1
1799,23.265495,72.69552,-1
1800,23.228439,72.69208,-1
1801,10.36792,77.965992,-1
1802,10.392382,77.982511,-1
1803,10.367008,77.950049,-1
1804,10.352684,77.983969,-1
1805,10.361891,77.976121,-1
1806,10.352875,78.011112,-1
1807,10.395069,77.969183,-1
1808,10.395287,77.922187,-1
1809,10.374761,77.98824,-1
1810,10.356355,77.94895,-1
1811,10.772402,79.161304,-1
1812,10.741837,79.153368,-1
1813,10.772417,79.1609,-1
1814,10.82568,79.153515,-1
1815,10.774516,79.148583,-1
1816,10.773407,79.145664,-1
1817,10.776513,79.148376,-1
1818,10.779078,79.119735,-1
1819,10.83189,79.165009,-1
1820,10.782705,79.126817,-1
1821,18.428265,79.107005,-1
1822,18.452415,79.18061,-1
1823,18.432162,79.146621,-1
1824,18.409705,79.08286,-1
1825,18.44166,79.100328,-1
1826,18.458695,79.132154,-1
1827,18.446494,79.127931,-1
1828,18.438843,79.121246,-1
1829,18.43752,79.144202,-1
1830,18.428989,79.144857,-1
1831,22.967878,76.040186,-1
1832,22.972407,75.980111,-1
1833,22.966184,76.047957,-1
1834,23.004889,76.056819,-1
1835,22.954415,76.090509,-1
1836,22.953258,76.030608,-1
1837,22.966363,76.057933,-1
1838,22.988378,76.053288,-1
1839,22.945724,76.059292,-1
1840,22.961575,76.035194,-1
1841,28.984777,77.03001,-1
1842,28.98798,77.058429,-1
1843,29.008005,77.001271,-1
1844,28.992666,77.015614,-1
1845,28.982793,77.044079,-1
1846,28.998382,77.017433,-1
1847,29.052674,77.021762,-1
1848,28.992976,77.051548,-1
1849,28.960109,76.976774,-1
1850,29.026857,77.032958,-1
1851,16.717629,74.449506,-1
1852,16.680911,74.45167,-1
1853,16.712637,74.477931,-1
1854,16.719659,74.455949,-1
1855,16.719743,74.449327,-1
1856,16.724785,74.460495,-1
1857,16.699834,74.428465,-1
1858,16.690724,74.467411,-1
1859,16.685291,74.464554,-1
1860,16.700541,74.463585,-1
1861,30.199629,74.939496,-1
1862,30.166944,74.923662,-1
1863,30.206041,74.95868,-1
1864,30.201043,74.93811,-1
1865,30.187375,74.945515,-1
1866,30.195497,74.934474,-1
1867,30.19972,74.933987,-1
1868,30.220122,74.914073,-1
1869,30.245702,74.952252,-1
1870,30.229013,74.94249,-1
1871,19.852508,75.876413,-1
1872,19.841336,75.875513,-1
1873,19.833035,75.904497,-1
1874,19.856855,75.874922,-1
1875,19.856766,75.895552,-1
1876,19.827497,75.847849,-1
1877,19.848099,75.860096,-1
1878,19.841377,75.887111,-1
1879,19.842578,75.917242,-1
1880,19.821701,75.870117,-1
1881,28.740004,77.078179,-1
1882,28.710214,77.079213,-1
1883,28.748281,77.099046,-1
1884,28.717948,77.055369,-1
1885,28.653548,77.049919,-1
1886,28.707646,77.054423,-1
1887,28.669169,77.066381,-1
1888,28.708292,77.08795,-1
1889,28.679366,77.053346,-1
1890,28.665162,77.0901,-1
1891,24.583798,80.825162,-1
1892,24.587581,80.84458,-1
1893,24.549843,80.859088,-1
1894,24.580763,80.812856,-1
1895,24.592448,80.811439,-1
1896,24.572426,80.83414,-1
1897,24.579885,80.840497,-1
1898,24.572726,80.792592,-1
1899,24.570092,80.849986,-1
1900,24.62167,80.823693,-1
1901,25.793312,87.467509,-1
1902,25.808873,87.494974,-1
1903,25.772372,87.488607,-1
1904,25.79786,87.472632,-1
1905,25.802409,87.463745,-1
1906,25.77129,87.482901,-1
1907,25.755827,87.452045,-1
1908,25.800417,87.490514,-1
1909,25.802512,87.451737,-1
1910,25.794986,87.444315,-1
1911,24.806532,93.945806,-1
1912,24.769403,93.937604,-1
1913,24.808061,93.950259,-1
1914,24.81832,93.982644,-1
1915,24.817111,93.965662,-1
1916,24.81899,93.970759,-1
1917,24.781855,93.95383,-1
1918,24.834017,93.92245,-1
1919,24.800498,93.969516,-1
1920,24.780885,93.942357,-1
1921,23.825955,78.694225,-1
1922,23.821267,78.739357,-1
1923,23.833066,78.749381,-1
1924,23.855092,78.762267,-1
1925,23.861011,78.72771,-1
1926,23.821063,78.723287,-1
1927,23.834459,78.744103,-1
1928,23.843686,78.710387,-1
1929,23.840198,78.734475,-1
1930,23.824757,78.730838,-1
1931,26.743094,83.895582,-1
1932,26.782693,83.921125,-1
1933,26.777873,83.895239,-1
1934,26.761082,83.854924,-1
1935,26.742488,83.878569,-1
1936,26.751125,83.896327,-1
1937,26.726773,83.902254,-1
1938,26.711754,83.868501,-1
1939,26.74319,83.879612,-1
1940,26.729678,83.905625,-1
1941,22.239768,84.877538,-1
1942,22.220315,84.855125,-1
1943,22.211301,84.856918,-1
1944,22.227047,84.853459,-1
1945,22.211117,84.889944,-1
1946,22.260651,84.860832,-1
1947,22.179497,84.866217,-1
1948,22.234008,84.868745,-1
1949,22.250642,84.860737,-1
1950,22.218548,84.85199,-1
1951,21.218456,81.30695,-1
1952,21.197656,81.271936,-1
1953,21.169027,81.292774,-1
1954,21.167041,81.250666,-1
1955,21.18021,81.251857,-1
1956,21.172157,81.272953,-1
1957,21.221994,81.29154,-1
1958,21.197648,81.28396,-1
1959,21.15912,81.284311,-1
1960,21.197333,81.303259,-1
1961,14.66897,77.605508,-1
1962,14.65224,77.603706,-1
1963,14.693324,77.598926,-1
1964,14.678671,77.612709,-1
1965,14.674695,77.606951,-1
1966,14.638061,77.608738,-1
1967,14.692881,77.60854,-1
1968,14.710483,77.589602,-1
1969,14.664911,77.596282,-1
1970,14.671514,77.631303,-1
1971,23.325097,75.039499,-1
1972,23.345037,75.033764,-1
1973,23.340997,75.033321,-1
1974,23.336707,75.007145,-1
1975,23.305402,75.01748,-1
1976,23.332055,75.026634,-1
1977,23.313873,75.09971,-1
1978,23.33073,75.055393,-1
1979,23.33931,75.020885,-1
1980,23.334701,75.073696,-1
1981,12.958228,79.344525,-1
1982,12.91504,79.33274,-1
1983,12.903504,79.301104,-1
1984,12.921793,79.314002,-1
1985,12.922459,79.354361,-1
1986,12.931709,79.358984,-1
1987,12.917509,79.351985,-1
1988,12.970532,79.342726,-1
1989,12.923595,79.329451,-1
1990,12.922778,79.329676,-1
1991,17.341477,78.554122,-1
1992,17.354645,78.575306,-1
1993,17.298481,78.554766,-1
1994,17.340628,78.558187,-1
1995,17.341025,78.535268,-1
1996,17.32753,78.542187,-1
1997,17.367602,78.559011,-1
1998,17.345418,78.528622,-1
1999,17.32049,78.553313,-1
2000,17.387322,78.592454,-1
2001,25.555195,84.661433,-1
2002,25.580155,84.657726,-1
2003,25.57518,84.671592,-1
2004,25.521476,84.655369,-1
2005,25.592629,84.669811,-1
2006,25.576457,84.640917,-1
2007,25.579108,84.636073,-1
2008,25.560251,84.622663,-1
2009,25.554649,84.678217,-1
2010,25.560277,84.63529,-1
2011,22.622113,88.342168,-1
2012,22.66991,88.371208,-1
2013,22.618834,88.346423,-1
2014,22.644585,88.347912,-1
2015,22.651248,88.355681,-1
2016,22.61873,88.362337,-1
2017,22.609856,88.354868,-1
2018,22.61794,88.341037,-1
2019,22.64153,88.349269,-1
2020,22.637509,88.383097,-1
2021,17.698778,83.220369,-1
2022,17.718123,83.233357,-1
2023,17.700799,83.210481,-1
2024,17.663889,83.236689,-1
2025,17.699155,83.212947,-1
2026,17.729604,83.226845,-1
2027,17.698714,83.192415,-1
2028,17.721582,83.217609,-1
2029,17.718747,83.186076,-1
2030,17.702109,83.228276,-1
2031,26.775793,78.992816,-1
2032,26.784629,79.019559,-1
2033,26.792562,79.001847,-1
2034,26.744217,79.036136,-1
2035,26.801598,79.042298,-1
2036,26.78573,79.004259,-1
2037,26.759844,79.037588,-1
2038,26.755872,79.035855,-1
2039,26.792441,78.983277,-1
2040,26.771304,79.009535,-1
2041,19.16052,73.143791,-1
2042,19.16778,73.148272,-1
2043,19.212992,73.159816,-1
2044,19.224552,73.131755,-1
2045,19.221676,73.166112,-1
2046,19.210202,73.155218,-1
2047,19.185997,73.173115,-1
2048,19.173177,73.19723,-1
2049,19.24103,73.179169,-1
2050,19.192539,73.144967,-1
2051,22.895282,88.448771,-1
2052,22.874107,88.404234,-1
2053,22.932377,88.41617,-1
2054,22.883795,88.400254,-1
2055,22.884932,88.418281,-1
2056,22.912844,88.438054,-1
2057,22.851222,88.421661,-1
2058,22.883023,88.395453,-1
2059,22.92885,88.413983,-1
2060,22.889705,88.398741,-1
2061,27.227087,77.511343,-1
2062,27.209039,77.473039,-1
2063,27.192557,77.503201,-1
2064,27.183341,77.505776,-1
2065,27.215677,77.482758,-1
2066,27.201119,77.469644,-1
2067,27.205591,77.500271,-1
2068,27.248891,77.500219,-1
2069,27.234439,77.489813,-1
2070,27.245734,77.460453,-1
2071,25.467587,86.154657,-1
2072,25.42137,86.159028,-1
2073,25.442992,86.135631,-1
2074,25.458118,86.128091,-1
2075,25.420833,86.107655,-1
2076,25.426137,86.164592,-1
2077,25.415116,86.150621,-1
2078,25.337238,86.111612,-1
2079,25.400367,86.125446,-1
2080,25.42812,86.144683,-1
2081,13.181366,80.324335,-1
2082,13.14876,80.298177,-1
2083,13.158839,80.280811,-1
2084,13.20218,80.325849,-1
2085,13.192381,80.320144,-1
2086,13.136597,80.271765,-1
2087,13.147352,80.318327,-1
2088,13.181054,80.311528,-1
2089,13.159628,80.325306,-1
2090,13.158792,80.268109,-1
2091,23.084438,70.142031,-1
2092,23.093921,70.150455,-1
2093,23.079776,70.109388,-1
2094,23.092434,70.136722,-1
2095,23.101516,70.152101,-1
2096,23.05318,70.153167,-1
2097,23.08419,70.154679,-1
2098,23.078832,70.120781,-1
2099,23.087742,70.129956,-1
2100,23.051743,70.137413,-1
2101,25.916661,83.575698,-1
2102,25.953337,83.554567,-1
2103,25.982752,83.5703,-1
2104,25.900901,83.539984,-1
2105,25.929193,83.555571,-1
2106,25.933447,83.560575,-1
2107,25.885267,83.577791,-1
2108,25.947497,83.613455,-1
2109,25.976703,83.597408,-1
2110,25.924488,83.56166,-1
2111,27.626004,75.117816,-1
2112,27.654352,75.159882,-1
2113,27.639804,75.125348,-1
2114,27.615035,75.157502,-1
2115,27.614853,75.141066,-1
2116,27.607581,75.138358,-1
2117,27.614484,75.135907,-1
2118,27.61754,75.154557,-1
2119,27.615038,75.109658,-1
2120,27.594458,75.105617,-1
2121,18.790628,79.485332,-1
2122,18.763793,79.492078,-1
2123,18.693349,79.482029,-1
2124,18.797117,79.489283,-1
2125,18.724878,79.465645,-1
2126,18.734597,79.459691,-1
2127,18.74425,79.463554,-1
2128,18.73746,79.469801,-1
2129,18.73886,79.46924,-1
2130,18.740913,79.478097,-1
2131,28.730628,77.770891,-1
2132,28.757185,77.786943,-1
2133,28.743839,77.803855,-1
2134,28.691278,77.787991,-1
2135,28.741958,77.791286,-1
2136,28.746227,77.796477,-1
2137,28.738696,77.744899,-1
2138,28.719107,77.751004,-1
2139,28.699584,77.754589,-1
2140,28.745215,77.761864,-1
2141,27.394509,79.599192,-1
2142,27.377183,79.580832,-1
2143,27.391122,79.615012,-1
2144,27.384264,79.581007,-1
2145,27.377414,79.596605,-1
2146,27.37505,79.566463,-1
2147,27.427335,79.568313,-1
2148,27.377629,79.549522,-1
2149,27.391836,79.578975,-1
2150,27.378885,79.558273,-1
2151,9.508971,76.342818,-1
2152,9.475967,76.341244,-1
2153,9.489242,76.329594,-1
2154,9.505121,76.34086,-1
2155,9.457678,76.322811,-1
2156,9.491238,76.342944,-1
2157,9.485982,76.325305,-1
2158,9.466366,76.367504,-1
2159,9.482842,76.321446,-1
2160,9.47158,76.328278,-1
2161,25.51773,87.563876,-1
2162,25.532157,87.569406,-1
2163,25.537848,87.568146,-1
2164,25.530479,87.585344,-1
2165,25.540741,87.535725,-1
2166,25.546067,87.566386,-1
2167,25.544278,87.565096,-1
2168,25.553433,87.571857,-1
2169,25.543113,87.544074,-1
2170,25.524357,87.52337,-1
2171,29.938403,73.888351,-1
2172,29.949779,73.861433,-1
2173,29.922343,73.875894,-1
2174,29.933575,73.905287,-1
2175,29.949273,73.870813,-1
2176,29.902252,73.898107,-1
2177,29.893305,73.891525,-1
2178,29.906238,73.89714,-1
2179,29.906079,73.871388,-1
2180,29.945954,73.861005,-1
2181,24.534408,81.284346,-1
2182,24.539864,81.303431,-1
2183,24.558998,81.291399,-1
2184,24.536717,81.284368,-1
2185,24.526481,81.295242,-1
2186,24.598274,81.306243,-1
2187,24.568173,81.328931,-1
2188,24.563627,81.293136,-1
2189,24.541598,81.308087,-1
2190,24.535521,81.279477,-1
2191,22.501901,88.087587,-1
2192,22.48414,88.085889,-1
2193,22.449771,88.075567,-1
2194,22.483933,88.091269,-1
2195,22.520309,88.115166,-1
2196,22.512276,88.085226,-1
2197,22.494062,88.107995,-1
2198,22.469219,88.080687,-1
2199,22.499782,88.080729,-1
2200,22.452,88.10581,-1
2201,9.46596,77.80836,-1
2202,9.434333,77.778761,-1
2203,9.448432,77.816844,-1
2204,9.492996,77.777876,-1
2205,9.421188,77.793885,-1
2206,9.447763,77.793767,-1
2207,9.438814,77.811349,-1
2208,9.440521,77.776357,-1
2209,9.399108,77.777749,-1
2210,9.448422,77.802581,-1
2211,10.994092,78.090301,-1
2212,10.941959,78.071551,-1
2213,10.977066,78.062504,-1
2214,10.975732,78.068715,-1
2215,10.987842,78.083784,-1
2216,10.944016,78.087179,-1
2217,10.973676,78.076229,-1
2218,10.935131,78.12881,-1
2219,10.981054,78.071138,-1
2220,10.982621,78.069262,-1
2221,16.217945,77.378568,-1
2222,16.229761,77.393688,-1
2223,16.223012,77.339768,-1
2224,16.204943,77.351837,-1
2225,16.182858,77.351163,-1
2226,16.178893,77.358982,-1
2227,16.188821,77.36756,-1
2228,16.219772,77.347805,-1
2229,16.223921,77.366695,-1
2230,16.216476,77.351631,-1
2231,12.969414,80.171453,-1
2232,12.981729,80.157046,0
2233,12.997253,80.168639,-1
2234,12.984782,80.174825,-1
2235,12.977132,80.168414,-1
2236,12.982926,80.156689,0
2237,12.952669,80.163168,-1
2238,12.974696,80.171933,-1
2239,13.007279,80.143278,-1
2240,12.969309,80.15885,-1
2241,11.392065,76.699934,-1
2242,11.39813,76.66055,-1
2243,11.380476,76.6978,-1
2244,11.391012,76.685746,-1
2245,11.367421,76.696808,-1
2246,11.407471,76.710025,-1
2247,11.441909,76.678941,-1
2248,11.403381,76.676754,-1
2249,11.42694,76.717387,-1
2250,11.414263,76.701249,-1
2251,25.768179,73.331857,-1
2252,25.760495,73.316572,-1
2253,25.805121,73.363218,-1
2254,25.77065,73.317989,-1
2255,25.80822,73.337134,-1
2256,25.754062,73.351945,-1
2257,25.807523,73.321312,-1
2258,25.8033,73.334753,-1
2259,25.767725,73.318581,-1
2260,25.767048,73.312359,-1
2261,12.725412,77.822912,-1
2262,12.727663,77.816475,-1
2263,12.765406,77.83752,-1
2264,12.772555,77.808711,-1
2265,12.729271,77.830217,-1
2266,12.694027,77.816302,-1
2267,12.751202,77.859215,-1
2268,12.771971,77.833276,-1
2269,12.719327,77.842476,-1
2270,12.719293,77.810997,-1
2271,18.097439,83.372445,-1
2272,18.133705,83.367314,-1
2273,18.132854,83.425841,-1
2274,18.096978,83.418649,-1
2275,18.08817,83.43804,-1
2276,18.135905,83.402204,-1
2277,18.151884,83.430639,-1
2278,18.119905,83.443385,-1
2279,18.096853,83.409279,-1
2280,18.123448,83.438701,-1
2281,22.776438,88.311331,-1
2282,22.763343,88.358961,-1
2283,22.783125,88.309601,-1
2284,22.768283,88.359392,-1
2285,22.738328,88.351036,-1
2286,22.791439,88.356154,-1
2287,22.757727,88.336204,-1
2288,22.726068,88.329012,-1
2289,22.720428,88.351214,-1
2290,22.726006,88.338996,-1
2291,17.545231,78.460688,-1
2292,17.480314,78.487715,-1
2293,17.497565,78.442004,-1
2294,17.486245,78.488945,-1
2295,17.512996,78.457152,-1
2296,17.541969,78.462683,-1
2297,17.494755,78.470209,-1
2298,17.525997,78.43508,-1
2299,17.436063,78.500422,-1
2300,17.481536,78.451351,-1
2301,22.685094,72.843573,-1
2302,22.685738,72.845593,-1
2303,22.712618,72.88598,-1
2304,22.717914,72.850579,-1
2305,22.672435,72.880892,-1
2306,22.715209,72.870057,-1
2307,22.704353,72.888764,-1
2308,22.725641,72.889279,-1
2309,22.702153,72.8661,-1
2310,22.736104,72.878422,-1
2311,8.201307,77.424285,-1
2312,8.157473,77.4574,-1
2313,8.192929,77.383894,-1
2314,8.17857,77.436904,-1
2315,8.194593,77.461567,-1
2316,8.214925,77.44106,-1
2317,8.155154,77.415515,-1
2318,8.176509,77.433372,-1
2319,8.185003,77.468397,-1
2320,8.176673,77.451893,-1
2321,28.737394,77.25724,-1
2322,28.712906,77.284142,-1
2323,28.71894,77.239881,-1
2324,28.743624,77.280108,-1
2325,28.711261,77.283764,-1
2326,28.732425,77.261744,-1
2327,28.741722,77.287595,-1
2328,28.690795,77.236468,-1
2329,28.735855,77.272755,-1
2330,28.71543,77.263025,-1
2331,22.845943,86.213794,-1
2332,22.839782,86.209193,-1
2333,22.83082,86.236319,-1
2334,22.824501,86.194082,-1
2335,22.794466,86.205967,-1
2336,22.841938,86.203356,-1
2337,22.816532,86.221714,-1
2338,22.846593,86.206874,-1
2339,22.820332,86.178493,-1
2340,22.826294,86.196172,-1
2341,22.191127,88.795806,-1
2342,22.163762,88.839535,-1
2343,22.159871,88.802955,-1
2344,22.138709,88.836008,-1
2345,22.181402,88.819517,-1
2346,22.177675,88.833515,-1
2347,22.16234,88.818481,-1
2348,22.143377,88.811413,-1
2349,22.136835,88.857183,-1
2350,22.171866,88.817627,-1
2351,23.867566,80.370792,-1
2352,23.834892,80.393397,-1
2353,23.822816,80.377123,-1
2354,23.831159,80.425149,-1
2355,23.854159,80.412975,-1
2356,23.817962,80.38984,-1
2357,23.818656,80.400153,-1
2358,23.869622,80.378687,-1
2359,23.838628,80.367336,-1
2360,23.820615,80.38515,-1
2361,12.855951,79.707943,-1
2362,12.815953,79.695562,-1
2363,12.846053,79.703663,-1
2364,12.819008,79.705609,-1
2365,12.827416,79.706446,-1
2366,12.847108,79.704461,-1
2367,12.830664,79.698671,-1
2368,12.804797,79.674083,-1
2369,12.84913,79.703182,-1
2370,12.808694,79.730034,-1
2371,24.219173,82.69839,-1
2372,24.200607,82.691628,-1
2373,24.181071,82.662795,-1
2374,24.204291,82.669648,-1
2375,24.173124,82.671665,-1
2376,24.209327,82.66992,-1
2377,24.223375,82.695026,-1
2378,24.209218,82.635932,-1
2379,24.211535,82.673305,-1
2380,24.1929,82.693212,-1
2381,25.145131,82.54007,-1
2382,25.133882,82.544774,-1
2383,25.188966,82.577983,-1
2384,25.12162,82.562917,-1
2385,25.139838,82.54576,-1
2386,25.134018,82.5374,-1
2387,25.113212,82.530379,-1
2388,25.154698,82.558456,-1
2389,25.198917,82.563816,-1
2390,25.152189,82.598725,-1
2391,22.326476,87.302198,-1
2392,22.323898,87.326724,-1
2393,22.339915,87.334762,-1
2394,22.350423,87.302968,-1
2395,22.363642,87.317446,-1
2396,22.348804,87.338906,-1
2397,22.325172,87.345914,-1
2398,22.359685,87.306806,-1
2399,22.286611,87.329838,-1
2400,22.366699,87.334031,-1
2401,16.747105,81.115638,-1
2402,16.670231,81.106418,-1
2403,16.679866,81.092435,-1
2404,16.651224,81.095426,-1
2405,16.700687,81.066053,-1
2406,16.725835,81.111317,-1
2407,16.705255,81.074333,-1
2408,16.743429,81.07584,-1
2409,16.705896,81.099976,-1
2410,16.708274,81.122852,-1
2411,17.402747,78.471013,-1
2412,17.429338,78.467037,-1
2413,17.408465,78.502945,-1
2414,17.436182,78.528536,-1
2415,17.441777,78.47102,-1
2416,17.446173,78.511131,-1
2417,17.445287,78.486583,-1
2418,17.410002,78.496949,-1
2419,17.425444,78.513966,-1
2420,17.412332,78.517941,-1
2421,30.14241,77.277377,-1
2422,30.158125,77.278758,-1
2423,30.142818,77.265104,-1
2424,30.142696,77.294118,-1
2425,30.122108,77.243929,-1
2426,30.164719,77.292153,-1
2427,30.155116,77.26944,-1
2428,30.1454,77.271568,-1
2429,30.11038,77.279999,-1
2430,30.122727,77.263357,-1
2431,22.205264,84.863994,-1
2432,22.204287,84.829683,-1
2433,22.233196,84.887782,-1
2434,22.173909,84.870319,-1
2435,22.213827,84.833207,-1
2436,22.197877,84.851379,-1
2437,22.232627,84.87954,-1
2438,22.183905,84.860408,-1
2439,22.18226,84.857356,-1
2440,22.185615,84.869446,-1
2441,17.907877,77.465589,-1
2442,17.920866,77.470831,-1
2443,17.910172,77.503068,-1
2444,17.930869,77.495577,-1
2445,17.894717,77.541119,-1
2446,17.892593,77.51989,-1
2447,17.893184,77.512693,-1
2448,17.911008,77.502946,-1
2449,17.95856,77.508063,-1
2450,17.904146,77.5645,-1
2451,25.397431,86.463998,-1
2452,25.350999,86.491587,-1
2453,25.383898,86.475415,-1
2454,25.403858,86.481858,-1
2455,25.357096,86.443022,-1
2456,25.394324,86.492805,-1
2457,25.369996,86.461258,-1
2458,25.372338,86.428676,-1
2459,25.397104,86.479412,-1
2460,25.388645,86.478881,-1
2461,15.441365,78.469698,-1
2462,15.459797,78.511421,-1
2463,15.498209,78.446732,-1
2464,15.496142,78.467116,-1
2465,15.495267,78.495549,-1
2466,15.442581,78.489481,-1
2467,15.458489,78.489145,-1
2468,15.490311,78.489393,-1
2469,15.48219,78.510076,-1
2470,15.4718,78.479727,-1
2471,30.709351,76.844421,-1
2472,30.713385,76.850057,-1
2473,30.720736,76.825862,-1
2474,30.67511,76.865555,-1
2475,30.70909,76.844674,-1
2476,30.718462,76.826473,-1
2477,30.688533,76.846047,-1
2478,30.701141,76.87605,-1
2479,30.711226,76.870402,-1
2480,30.696094,76.82229,-1
2481,21.294748,76.268217,-1
2482,21.286809,76.266507,-1
2483,21.308041,76.258902,-1
2484,21.276239,76.231164,-1
2485,21.329052,76.247482,-1
2486,21.320302,76.232786,-1
2487,21.297344,76.271712,-1
2488,21.292455,76.228802,-1
2489,21.320264,76.211619,-1
2490,21.300593,76.226749,-1
2491,22.807461,70.846901,-1
2492,22.837854,70.837364,-1
2493,22.862122,70.821448,-1
2494,22.810415,70.803363,-1
2495,22.797957,70.831635,-1
2496,22.803476,70.8257,-1
2497,22.849608,70.862287,-1
2498,22.814303,70.825524,-1
2499,22.830612,70.859716,-1
2500,22.802761,70.813292,-1
2501,22.559115,72.974845,-1
2502,22.553775,72.93989,-1
2503,22.531601,72.935266,-1
2504,22.543565,72.979573,-1
2505,22.593717,72.933839,-1
2506,22.55713,72.936737,-1
2507,22.538636,72.972785,-1
2508,22.558,72.951542,-1
2509,22.576317,72.949544,-1
2510,22.562227,72.939218,-1
2511,15.497009,80.046749,-1
2512,15.528694,80.047378,-1
2513,15.489005,80.052354,-1
2514,15.487256,80.025042,-1
2515,15.527969,80.058434,-1
2516,15.513062,80.045574,-1
2517,15.46759,80.049549,-1
2518,15.497777,80.06914,-1
2519,15.500807,80.044606,-1
2520,15.537271,80.004141,-1
2521,15.25072,76.359334,-1
2522,15.282922,76.378681,-1
2523,15.297665,76.40172,-1
2524,15.272422,76.402895,-1
2525,15.244689,76.397665,-1
2526,15.270865,76.402798,-1
2527,15.266006,76.403039,-1
2528,15.262798,76.393837,-1
2529,15.257054,76.392495,-1
2530,15.298241,76.416316,-1
2531,28.672786,77.050048,-1
2532,28.6616,77.062574,-1
2533,28.698765,77.059311,-1
2534,28.695266,77.081847,-1
2535,28.648273,77.083303,-1
2536,28.697981,77.094855,-1
2537,28.702423,77.100574,-1
2538,28.669803,77.075168,-1
2539,28.645656,77.102727,-1
2540,28.694235,77.093996,-1
2541,17.488199,78.597695,-1
2542,17.491146,78.548674,-1
2543,17.481618,78.568145,-1
2544,17.50493,78.539287,-1
2545,17.520735,78.553725,-1
2546,17.523906,78.53579,-1
2547,17.501499,78.491281,-1
2548,17.509245,78.537291,-1
2549,17.496974,78.5292,-1
2550,17.486449,78.573841,-1
2551,24.496929,86.697382,-1
2552,24.480805,86.69602,-1
2553,24.508312,86.729074,-1
2554,24.45673,86.697285,-1
2555,24.533995,86.684755,-1
2556,24.486407,86.702434,-1
2557,24.476439,86.668336,-1
2558,24.508321,86.688726,-1
2559,24.508407,86.674093,-1
2560,24.506465,86.69521,-1
2561,25.794272,84.692,-1
2562,25.804705,84.744777,-1
2563,25.787607,84.757865,-1
2564,25.788652,84.706219,-1
2565,25.785742,84.767276,-1
2566,25.800643,84.729675,-1
2567,25.779038,84.729774,-1
2568,25.762391,84.752511,-1
2569,25.790665,84.73363,-1
2570,25.790986,84.773103,-1
2571,21.842145,76.383263,-1
2572,21.798105,76.353973,-1
2573,21.805138,76.343746,-1
2574,21.824965,76.373231,-1
2575,21.826232,76.371437,-1
2576,21.833826,76.380398,-1
2577,21.837641,76.321898,-1
2578,21.816016,76.316406,-1
2579,21.824912,76.372612,-1
2580,21.834053,76.3469,-1
2581,19.824632,85.837888,-1
2582,19.793446,85.84356,-1
2583,19.812473,85.813358,-1
2584,19.833943,85.832994,-1
2585,19.846758,85.823358,-1
2586,19.801185,85.831539,-1
2587,19.815248,85.796495,-1
2588,19.792619,85.809115,-1
2589,19.784337,85.806121,-1
2590,19.816142,85.816556,-1
2591,26.500534,78.042154,-1
2592,26.493031,78.006352,-1
2593,26.502874,77.997918,-1
2594,26.475404,77.992328,-1
2595,26.528419,77.993415,-1
2596,26.507214,77.975159,-1
2597,26.517434,77.966127,-1
2598,26.503072,78.031899,-1
2599,26.516114,77.973407,-1
2600,26.482641,77.983142,-1
2601,25.345481,82.500133,-1
2602,25.302915,82.470372,-1
2603,25.32349,82.484028,-1
2604,25.369667,82.488109,-1
2605,25.331556,82.464497,-1
2606,25.328253,82.477409,-1
2607,25.32981,82.438065,-1
2608,25.367282,82.432775,-1
2609,25.320312,82.470508,-1
2610,25.334381,82.434643,-1
2611,28.391523,77.87037,-1
2612,28.405516,77.864267,-1
2613,28.422521,77.836759,-1
2614,28.452515,77.885035,-1
2615,28.374496,77.853313,-1
2616,28.389651,77.890839,-1
2617,28.383648,77.835726,-1
2618,28.400162,77.86633,-1
2619,28.411137,77.868147,-1
2620,28.403476,77.857419,-1
2621,26.598389,78.752155,-1
2622,26.587732,78.770697,-1
2623,26.572729,78.771357,-1
2624,26.549991,78.755077,-1
2625,26.579829,78.787249,-1
2626,26.568886,78.765911,-1
2627,26.57492,78.78747,-1
2628,26.555994,78.792453,-1
2629,26.567609,78.778533,-1
2630,26.582218,78.818178,-1
2631,28.730645,77.158601,-1
2632,28.723219,77.183726,-1
2633,28.745006,77.176105,-1
2634,28.739851,77.19285,-1
2635,28.745701,77.153841,-1
2636,28.745528,77.167475,-1
2637,28.749801,77.143399,-1
2638,28.736557,77.153487,-1
2639,28.756867,77.175855,-1
2640,28.722578,77.157781,-1
2641,17.221824,80.124455,-1
2642,17.272296,80.145761,-1
2643,17.241974,80.147119,-1
2644,17.217622,80.145824,-1
2645,17.257089,80.158379,-1
2646,17.252001,80.146009,-1
2647,17.276536,80.147933,-1
2648,17.233334,80.163581,-1
2649,17.224107,80.125992,-1
2650,17.23236,80.142809,-1
2651,28.578669,78.588521,-1
2652,28.591882,78.55095,-1
2653,28.592533,78.565209,-1
2654,28.588782,78.558488,-1
2655,28.577328,78.535452,-1
2656,28.574938,78.575794,-1
2657,28.579309,78.581846,-1
2658,28.591916,78.583525,-1
2659,28.611181,78.536239,-1
2660,28.588699,78.550764,-1
2661,28.784104,76.165073,-1
2662,28.795675,76.161526,-1
2663,28.810564,76.151162,-1
2664,28.7612,76.14872,-1
2665,28.786063,76.160331,-1
2666,28.799517,76.119749,-1
2667,28.780343,76.186697,-1
2668,28.771602,76.143338,-1
2669,28.781132,76.142457,-1
2670,28.792273,76.164721,-1
2671,18.995533,73.118461,-1
2672,18.97046,73.109088,-1
2673,18.992223,73.113205,-1
2674,18.983764,73.107476,-1
2675,18.95841,73.10982,-1
2676,18.983308,73.113555,-1
2677,18.969296,73.101042,-1
2678,19.001248,73.148919,-1
2679,18.991761,73.103756,-1
2680,18.964958,73.096007,-1
2681,30.336557,76.787974,-1
2682,30.386006,76.785363,-1
2683,30.382736,76.791119,-1
2684,30.321307,76.808367,-1
2685,30.366263,76.808228,-1
2686,30.385006,76.772121,-1
2687,30.382567,76.754635,-1
2688,30.362584,76.785723,-1
2689,30.370083,76.808848,-1
2690,30.383739,76.763564,-1
2691,11.439455,77.710445,-1
2692,11.444584,77.709816,-1
2693,11.429137,77.718091,-1
2694,11.449029,77.71964,-1
2695,11.42811,77.702137,-1
2696,11.448938,77.694107,-1
2697,11.486893,77.717072,-1
2698,11.428889,77.74411,-1
2699,11.45537,77.719101,-1
2700,11.446624,77.704042,-1
2701,16.189777,81.17455,-1
2702,16.187574,81.144389,-1
2703,16.186031,81.120415,-1
2704,16.237153,81.16273,-1
2705,16.202623,81.147239,-1
2706,16.189435,81.121765,-1
2707,16.172585,81.114614,-1
2708,16.176526,81.174676,-1
2709,16.183938,81.166417,-1
2710,16.186692,81.157429,-1
2711,23.619999,72.399747,-1
2712,23.609738,72.397652,-1
2713,23.612925,72.423048,-1
2714,23.603767,72.396395,-1
2715,23.576566,72.40045,-1
2716,23.593155,72.378242,-1
2717,23.574245,72.344649,-1
2718,23.593703,72.353511,-1
2719,23.598436,72.380336,-1
2720,23.610875,72.419022,-1
2721,16.733613,78.016892,-1
2722,16.797142,78.023458,-1
2723,16.736357,77.964072,-1
2724,16.730043,77.994792,-1
2725,16.731504,77.999942,-1
2726,16.75229,77.981636,-1
2727,16.766532,78.005321,-1
2728,16.759479,77.977466,-1
2729,16.748961,78.003116,-1
2730,16.743488,78.00372,-1
2731,21.47082,83.996479,-1
2732,21.473096,83.962638,-1
2733,21.456673,83.953725,-1
2734,21.462621,83.977426,-1
2735,21.428726,83.951311,-1
2736,21.478556,83.980178,-1
2737,21.480562,83.944232,-1
2738,21.476006,84.008823,-1
2739,21.527204,83.944343,-1
2740,21.434421,83.974528,-1
2741,21.042887,75.800422,-1
2742,21.059278,75.782587,-1
2743,21.026316,75.769871,-1
2744,21.033253,75.788829,-1
2745,21.027492,75.776785,-1
2746,21.061355,75.803813,-1
2747,21.023089,75.786435,-1
2748,21.060159,75.790804,-1
2749,21.068469,75.791456,-1
2750,21.033181,75.810923,-1
2751,26.271538,81.246662,-1
2752,26.196269,81.245486,-1
2753,26.237765,81.24035,-1
2754,26.230768,81.257757,-1
2755,26.221404,81.248214,-1
2756,26.231773,81.235947,-1
2757,26.221047,81.266829,-1
2758,26.251822,81.270912,-1
2759,26.224442,81.208887,-1
2760,26.227185,81.210895,-1
2761,29.926629,78.156678,-1
2762,29.931667,78.164469,-1
2763,29.958359,78.153212,-1
2764,29.959004,78.138917,-1
2765,29.949174,78.165088,-1
2766,29.962269,78.200532,-1
2767,29.951683,78.179031,-1
2768,29.978888,78.189973,-1
2769,29.945099,78.158881,-1
2770,29.953087,78.179262,-1
2771,23.767316,85.987108,-1
2772,23.76005,86.015413,-1
2773,23.78105,85.978333,-1
2774,23.748904,85.975601,-1
2775,23.758096,86.000535,-1
2776,23.764037,86.016446,-1
2777,23.737731,86.001348,-1
2778,23.745063,85.986612,-1
2779,23.7797,85.992703,-1
2780,23.743141,85.974244,-1
2781,15.634532,77.250371,-1
2782,15.638012,77.27983,-1
2783,15.605363,77.307098,-1
2784,15.628708,77.271902,-1
2785,15.659554,77.281525,-1
2786,15.609008,77.251527,-1
2787,15.623116,77.278076,-1
2788,15.599345,77.265332,-1
2789,15.616401,77.275136,-1
2790,15.636097,77.30318,-1
2791,27.668116,74.467275,-1
2792,27.744881,74.468132,-1
2793,27.729425,74.45462,-1
2794,27.684899,74.504602,-1
2795,27.686838,74.44632,-1
2796,27.691885,74.476658,-1
2797,27.71004,74.432533,-1
2798,27.721934,74.480432,-1
2799,27.698042,74.442021,-1
2800,27.696717,74.480295,-1
2801,29.494015,75.046515,-1
2802,29.532153,75.024469,-1
2803,29.49445,75.039866,-1
2804,29.519925,75.020575,-1
2805,29.509918,75.033116,-1
2806,29.55386,75.025023,-1
2807,29.541662,75.032853,-1
2808,29.490104,75.059867,-1
2809,29.474985,75.028418,-1
2810,29.522567,75.021127,-1
2811,25.603636,85.034094,-1
2812,25.678069,85.054903,-1
2813,25.658051,85.038317,-1
2814,25.630475,85.093583,-1
2815,25.654911,85.084419,-1
2816,25.655239,85.065466,-1
2817,25.649654,85.030098,-1
2818,25.63127,85.059422,-1
2819,25.654415,85.020399,-1
2820,25.645753,85.031196,-1
2821,27.576602,81.575423,-1
2822,27.614652,81.570988,-1
2823,27.596027,81.613627,-1
2824,27.593135,81.615227,-1
2825,27.558624,81.610445,-1
2826,27.585869,81.599074,-1
2827,27.539869,81.575092,-1
2828,27.590086,81.605459,-1
2829,27.616597,81.593757,-1
2830,27.56847,81.599286,-1
2831,10.038883,78.796073,-1
2832,10.059196,78.789124,-1
2833,10.036383,78.765257,-1
2834,10.068032,78.777528,-1
2835,10.097664,78.781884,-1
2836,10.06878,78.764332,-1
2837,10.060098,78.752004,-1
2838,10.0688,78.731624,-1
2839,10.08469,78.754326,-1
2840,10.091891,78.784553,-1
2841,28.708753,77.101586,-1
2842,28.705388,77.090147,-1
2843,28.70601,77.086265,-1
2844,28.69179,77.080235,-1
2845,28.704377,77.071342,-1
2846,28.712663,77.047274,-1
2847,28.669637,77.108488,-1
2848,28.718636,77.086806,-1
2849,28.673336,77.079523,-1
2850,28.708176,77.074842,-1
2851,24.663889,77.294744,-1
2852,24.641156,77.303625,-1
2853,24.636872,77.300408,-1
2854,24.641406,77.304739,-1
2855,24.641408,77.320479,-1
2856,24.653669,77.309927,-1
2857,24.662733,77.320435,-1
2858,24.643498,77.319448,-1
2859,24.672803,77.32335,-1
2860,24.623685,77.332847,-1
2861,22.883217,88.375061,-1
2862,22.851724,88.340016,-1
2863,22.854834,88.412523,-1
2864,22.861845,88.386498,-1
2865,22.815289,88.367846,-1
2866,22.848416,88.362564,-1
2867,22.837059,88.375104,-1
2868,22.897356,88.361339,-1
2869,22.863642,88.371984,-1
2870,22.859795,88.386007,-1
2871,24.078347,88.248406,-1
2872,24.125791,88.254514,-1
2873,24.115936,88.281629,-1
2874,24.108241,88.26906,-1
2875,24.113941,88.219915,-1
2876,24.094966,88.246235,-1
2877,24.14817,88.244476,-1
2878,24.12688,88.277663,-1
2879,24.089472,88.25936,-1
2880,24.136844,88.234044,-1
2881,16.926217,74.006484,-1
2882,16.884842,73.933229,-1
2883,16.899374,73.940973,-1
2884,16.904712,73.947762,-1
2885,16.91917,73.975566,-1
2886,16.877817,73.945019,-1
2887,16.879327,73.911834,-1
2888,16.911374,73.973188,-1
2889,16.890719,73.954446,-1
2890,16.909671,73.958287,-1
2891,13.552789,78.504814,-1
2892,13.550149,78.52175,-1
2893,13.554042,78.492113,-1
2894,13.57461,78.481804,-1
2895,13.534945,78.531793,-1
2896,13.569326,78.496324,-1
2897,13.584881,78.534319,-1
2898,13.566179,78.529355,-1
2899,13.556026,78.538969,-1
2900,13.56182,78.539097,-1
2901,25.424451,77.63617,-1
2902,25.422693,77.643889,-1
2903,25.408353,77.64699,-1
2904,25.461641,77.62813,-1
2905,25.436002,77.639572,-1
2906,25.438912,77.658134,-1
2907,25.402967,77.644054,-1
2908,25.457709,77.638984,-1
2909,25.408734,77.666541,-1
2910,25.461609,77.668242,-1
2911,22.726144,71.647294,-1
2912,22.739648,71.648434,-1
2913,22.752938,71.677224,-1
2914,22.685043,71.606538,-1
2915,22.722921,71.636792,-1
2916,22.70347,71.651206,-1
2917,22.727733,71.656198,-1
2918,22.732269,71.647974,-1
2919,22.773407,71.626838,-1
2920,22.678556,71.66247,-1
2921,11.639015,79.498661,-1
2922,11.575186,79.518902,-1
2923,11.592086,79.527861,-1
2924,11.623391,79.516449,-1
2925,11.606562,79.503848,-1
2926,11.594276,79.479106,-1
2927,11.602198,79.514122,-1
2928,11.626525,79.495275,-1
2929,11.609487,79.52596,-1
2930,11.631792,79.505267,-1
2931,24.825735,92.794053,-1
2932,24.820276,92.814445,-1
2933,24.804593,92.812814,-1
2934,24.837591,92.813408,-1
2935,24.788992,92.768258,-1
2936,24.857344,92.791697,-1
2937,24.793309,92.817133,-1
2938,24.816834,92.771215,-1
2939,24.82422,92.806705,-1
2940,24.833262,92.806401,-1
2941,14.737997,78.547078,-1
2942,14.75676,78.554921,-1
2943,14.729202,78.553515,-1
2944,14.767306,78.574805,-1
2945,14.733378,78.544945,-1
2946,14.760365,78.581384,-1
2947,14.76955,78.542077,-1
2948,14.787375,78.532865,-1
2949,14.746812,78.540268,-1
2950,14.743445,78.532166,-1
2951,22.92889,88.415044,-1
2952,22.891932,88.380579,-1
2953,22.92225,88.361484,-1
2954,22.915092,88.428032,-1
2955,22.910202,88.357634,-1
2956,22.881694,88.409239,-1
2957,22.910666,88.39179,-1
2958,22.897662,88.415292,-1
2959,22.934296,88.380435,-1
2960,22.877187,88.419776,-1
2961,28.631201,77.07423,-1
2962,28.633077,77.064561,-1
2963,28.660401,77.054075,-1
2964,28.645119,77.044845,-1
2965,28.606862,77.091966,-1
2966,28.628045,77.052239,-1
2967,28.63359,77.043701,-1
2968,28.609532,77.048532,-1
2969,28.635873,77.018294,-1
2970,28.651624,77.074495,-1
2971,28.912342,78.466504,-1
2972,28.889593,78.474027,-1
2973,28.901205,78.461272,-1
2974,28.869172,78.464062,-1
2975,28.915233,78.442246,-1
2976,28.907717,78.496879,-1
2977,28.889516,78.456795,-1
2978,28.929727,78.499351,-1
2979,28.908549,78.47028,-1
2980,28.913452,78.436879,-1
2981,22.045454,78.930226,-1
2982,22.060899,78.921425,-1
2983,22.039416,78.942996,-1
2984,22.039848,78.941382,-1
2985,22.009159,78.947569,-1
2986,22.082346,78.911849,-1
2987,22.073903,78.94934,-1
2988,22.055463,78.949873,-1
2989,22.104064,78.927876,-1
2990,22.06454,78.952175,-1
2991,12.940067,80.118602,-1
2992,12.901473,80.120098,-1
2993,12.927409,80.135778,-1
2994,12.936127,80.080225,-1
2995,12.952651,80.152062,-1
2996,12.922772,80.14468,-1
2997,12.922866,80.127903,-1
2998,12.914562,80.113452,-1
2999,12.893937,80.092239,-1
3000,12.932278,80.10529,-1
3001,22.814461,86.152767,-1
3002,22.763569,86.144121,-1
3003,22.736555,86.131722,-1
3004,22.798547,86.127394,-1
3005,22.799858,86.153766,-1
3006,22.80514,86.127822,-1
3007,22.83439,86.123873,-1
3008,22.782913,86.180553,-1
3009,22.783934,86.149081,-1
3010,22.783793,86.151808,-1
3011,32.298134,75.658328,-1
3012,32.285448,75.644903,-1
3013,32.294805,75.678005,-1
3014,32.252117,75.648963,-1
3015,32.291375,75.636894,-1
3016,32.331632,75.659991,-1
3017,32.280969,75.647675,-1
3018,32.239055,75.658088,-1
3019,32.24497,75.640802,-1
3020,32.268852,75.641025,-1
3021,19.156832,73.259369,-1
3022,19.108485,73.277776,-1
3023,19.189102,73.25656,-1
3024,19.140074,73.239034,-1
3025,19.166654,73.252112,-1
3026,19.159932,73.286387,-1
3027,19.125112,73.264275,-1
3028,19.157971,73.27239,-1
3029,19.14713,73.234012,-1
3030,19.131746,73.285894,-1
3031,11.729257,79.785961,-1
3032,11.807368,79.754876,-1
3033,11.753562,79.761994,-1
3034,11.756274,79.755103,-1
3035,11.735436,79.788539,-1
3036,11.758768,79.770518,-1
3037,11.749907,79.822595,-1
3038,11.810964,79.80941,-1
3039,11.778179,79.803012,-1
3040,11.755617,79.753079,-1
3041,31.10403,77.12803,-1
3042,31.094384,77.151475,-1
3043,31.087099,77.172195,-1
3044,31.086975,77.163236,-1
3045,31.104427,77.109303,-1
3046,31.114826,77.109597,-1
3047,31.119305,77.18374,-1
3048,31.127709,77.163456,-1
3049,31.110928,77.152806,-1
3050,31.113333,77.179045,-1
3051,15.396154,75.613921,-1
3052,15.44078,75.60756,-1
3053,15.366984,75.60499,-1
3054,15.404804,75.617516,-1
3055,15.475306,75.653616,-1
3056,15.423944,75.606202,-1
3057,15.398421,75.586454,-1
3058,15.413751,75.621251,-1
3059,15.395301,75.643756,-1
3060,15.438062,75.634936,-1
3061,15.41693,75.613036,-1
3062,15.419807,75.616181,-1
3063,15.446747,75.637635,-1
3064,15.414104,75.603729,-1
3065,15.379964,75.61638,-1
3066,15.404307,75.652358,-1
3067,15.451325,75.63211,-1
3068,15.423471,75.640803,-1
3069,15.448517,75.622016,-1
3070,15.406361,75.614365,-1
3071,20.890734,70.383376,-1
3072,20.901382,70.365009,-1
3073,20.889741,70.380474,-1
3074,20.909361,70.376302,-1
3075,20.935021,70.328734,-1
3076,20.906033,70.334244,-1
3077,20.91181,70.35877,-1
3078,20.907101,70.374493,-1
3079,20.91449,70.336822,-1
3080,20.919057,70.384042,-1
3081,20.944777,72.900003,-1
3082,20.940602,72.886159,-1
3083,20.926865,72.967612,-1
3084,20.928026,72.896807,-1
3085,20.944434,72.910426,-1
3086,20.942994,72.967017,-1
3087,20.943811,72.941095,-1
3088,20.945321,72.912229,-1
3089,20.927157,72.900725,-1
3090,20.961137,72.92886,-1
3091,28.704612,76.913359,-1
3092,28.698905,76.900163,-1
3093,28.730029,76.92611,-1
3094,28.659327,76.915164,-1
3095,28.689499,76.943388,-1
3096,28.701841,76.902367,-1
3097,28.704206,76.924615,-1
3098,28.704377,76.943731,-1
3099,28.688566,76.906822,-1
3100,28.697158,76.952437,-1
3101,22.076439,88.112921,-1
3102,22.06126,88.070743,-1
3103,22.028387,88.096308,-1
3104,22.05817,88.086768,-1
3105,22.088735,88.142635,-1
3106,22.061268,88.098896,-1
3107,22.065724,88.106857,-1
3108,22.076884,88.120847,-1
3109,22.036436,88.092995,-1
3110,22.075391,88.11947,-1
3111,25.636361,88.142745,-1
3112,25.624513,88.104145,-1
3113,25.663297,88.107077,-1
3114,25.635113,88.152679,-1
3115,25.637998,88.13897,-1
3116,25.620454,88.149713,-1
3117,25.601493,88.117331,-1
3118,25.643586,88.108175,-1
3119,25.598138,88.10998,-1
3120,25.626409,88.173005,-1
3121,24.979796,88.150777,-1
3122,24.995835,88.1886,-1
3123,25.063508,88.15556,-1
3124,25.018344,88.126011,-1
3125,25.019466,88.131609,-1
3126,25.02904,88.120938,-1
3127,24.990631,88.155529,-1
3128,25.013769,88.150289,-1
3129,25.00512,88.1265,-1
3130,24.993773,88.143936,-1
3131,25.767877,82.705733,-1
3132,25.743564,82.700951,-1
3133,25.775159,82.663383,-1
3134,25.756063,82.668507,-1
3135,25.766204,82.702928,-1
3136,25.741308,82.689385,-1
3137,25.747805,82.707132,-1
3138,25.769619,82.695852,-1
3139,25.784315,82.663063,-1
3140,25.756539,82.680164,-1
3141,28.500883,77.222173,-1
3142,28.517105,77.228327,-1
3143,28.526883,77.200726,-1
3144,28.484333,77.216964,-1
3145,28.473586,77.202976,-1
3146,28.470306,77.238382,-1
3147,28.515211,77.240926,-1
3148,28.525556,77.232812,-1
3149,28.494055,77.247323,-1
3150,28.538434,77.218922,-1
3151,21.737835,72.989073,-1
3152,21.659946,72.994692,-1
3153,21.660032,73.008887,-1
3154,21.715503,72.974573,-1
3155,21.729656,72.996197,-1
3156,21.716128,73.006676,-1
3157,21.697252,72.984435,-1
3158,21.689801,73.008458,-1
3159,21.671728,72.957314,-1
3160,21.707957,73.010365,-1
3161,31.531036,75.902366,-1
3162,31.535546,75.914109,-1
3163,31.525259,75.907291,-1
3164,31.51396,75.909332,-1
3165,31.567739,75.943763,-1
3166,31.520039,75.890751,-1
3167,31.535135,75.891391,-1
3168,31.529488,75.905964,-1
3169,31.479242,75.923366,-1
3170,31.52915,75.879766,-1
3171,29.314551,76.338553,-1
3172,29.30201,76.308898,-1
3173,29.264485,76.277919,-1
3174,29.327268,76.325629,-1
3175,29.299772,76.278858,-1
3176,29.32658,76.314982,-1
3177,29.332189,76.333563,-1
3178,29.280031,76.297068,-1
3179,29.332276,76.309716,-1
3180,29.304189,76.302875,-1
3181,10.961678,79.420086,-1
3182,10.983082,79.36477,-1
3183,10.985496,79.359238,-1
3184,10.964791,79.410027,-1
3185,10.969999,79.41549,-1
3186,10.930412,79.367702,-1
3187,10.95559,79.415144,-1
3188,10.954631,79.368342,-1
3189,10.937259,79.41667,-1
3190,10.972738,79.401967,-1
3191,30.698645,76.726603,-1
3192,30.673527,76.743418,-1
3193,30.718537,76.721033,-1
3194,30.675377,76.686659,-1
3195,30.673612,76.753463,-1
3196,30.711602,76.723806,-1
3197,30.678055,76.688971,-1
3198,30.695259,76.71821,-1
3199,30.66757,76.713012,-1
3200,30.688501,76.721853,-1
3201,25.974668,80.825788,-1
3202,25.968006,80.802189,-1
3203,25.96122,80.816987,-1
3204,25.904936,80.786472,-1
3205,25.907219,80.820689,-1
3206,25.944437,80.809403,-1
3207,25.904971,80.774866,-1
3208,25.95769,80.826816,-1
3209,25.900234,80.772625,-1
3210,25.960454,80.806839,-1
3211,26.149938,75.763225,-1
3212,26.156729,75.784881,-1
3213,26.146719,75.766971,-1
3214,26.142035,75.779274,-1
3215,26.157973,75.808223,-1
3216,26.168164,75.79229,-1
3217,26.120338,75.785189,-1
3218,26.163615,75.775066,-1
3219,26.184016,75.788769,-1
3220,26.158218,75.775898,-1
3221,13.333099,74.728615,-1
3222,13.303519,74.728306,-1
3223,13.3813,74.78068,-1
3224,13.323216,74.731207,-1
3225,13.352297,74.751499,-1
3226,13.342713,74.749776,-1
3227,13.330247,74.749781,-1
3228,13.348573,74.746477,-1
3229,13.312823,74.748806,-1
3230,13.331807,74.725281,-1
3231,16.200691,80.667223,-1
3232,16.234648,80.634079,-1
3233,16.212353,80.631532,-1
3234,16.233586,80.634251,-1
3235,16.235189,80.632339,-1
3236,16.270145,80.619146,-1
3237,16.203515,80.623238,-1
3238,16.274682,80.648148,-1
3239,16.224093,80.658588,-1
3240,16.246421,80.642714,-1
3241,27.545544,80.666856,-1
3242,27.585363,80.69068,-1
3243,27.53901,80.655024,-1
3244,27.586836,80.701065,-1
3245,27.567268,80.708385,-1
3246,27.586761,80.675661,-1
3247,27.56425,80.681942,-1
3248,27.574145,80.722627,-1
3249,27.556508,80.668744,-1
3250,27.558755,80.695427,-1
3251,12.972588,80.215153,-1
3252,13.030505,80.243949,-1
3253,12.991992,80.199208,-1
3254,12.968728,80.221801,-1
3255,13.016735,80.197563,-1
3256,13.004846,80.174881,-1
3257,13.013146,80.177843,-1
3258,12.987438,80.194749,-1
3259,12.974103,80.182296,-1
3260,13.00859,80.211801,-1
3261,13.837016,75.666432,-1
3262,13.862374,75.689659,-1
3263,13.823319,75.699514,-1
3264,13.851916,75.662634,-1
3265,13.877551,75.658813,-1
3266,13.8466,75.696748,-1
3267,13.831262,75.688184,-1
3268,13.797043,75.697509,-1
3269,13.880564,75.720925,-1
3270,13.821636,75.699213,-1
3271,20.378159,72.883459,-1
3272,20.35506,72.89039,-1
3273,20.377023,72.91334,-1
3274,20.366612,72.896934,-1
3275,20.376285,72.942629,-1
3276,20.375696,72.900286,-1
3277,20.342113,72.90808,-1
3278,20.354332,72.913166,-1
3279,20.372623,72.902274,-1
3280,20.362297,72.902541,-1
3281,30.8266,75.165274,-1
3282,30.754526,75.195331,-1
3283,30.817259,75.1603,-1
3284,30.794233,75.180685,-1
3285,30.81444,75.11562,-1
3286,30.80875,75.180765,-1
3287,30.804056,75.16315,-1
3288,30.81167,75.171584,-1
3289,30.760024,75.163336,-1
3290,30.792257,75.173981,-1
3291,21.147143,81.052718,-1
3292,21.105683,81.058913,-1
3293,21.071021,81.020628,-1
3294,21.081805,81.020084,-1
3295,21.101039,80.984167,-1
3296,21.111709,81.018475,-1
3297,21.101362,81.02545,-1
3298,21.130303,81.050318,-1
3299,21.097777,81.026564,-1
3300,21.122055,81.054308,-1
3301,12.954601,78.262335,-1
3302,12.955244,78.269222,-1
3303,12.926706,78.272558,-1
3304,12.945828,78.260799,-1
3305,13.002875,78.23837,-1
3306,12.977669,78.301041,-1
3307,12.953348,78.258245,-1
3308,12.981444,78.287231,-1
3309,12.942597,78.270149,-1
3310,12.96579,78.279025,-1
3311,26.584158,80.458836,-1
3312,26.56927,80.462417,-1
3313,26.52477,80.492693,-1
3314,26.558557,80.497615,-1
3315,26.532834,80.487145,-1
3316,26.534825,80.492365,-1
3317,26.577711,80.460629,-1
3318,26.533193,80.502258,-1
3319,26.582738,80.469891,-1
3320,26.570409,80.502269,-1
3321,28.062836,79.133244,-1
3322,28.072239,79.149791,-1
3323,28.05018,79.099794,-1
3324,28.055715,79.125089,-1
3325,28.013943,79.113394,-1
3326,28.002653,79.145352,-1
3327,28.066943,79.132452,-1
3328,28.019449,79.105814,-1
3329,28.056168,79.106097,-1
3330,28.034319,79.130774,-1
3331,22.696964,88.424885,-1
3332,22.689601,88.473505,-1
3333,22.655415,88.427217,-1
3334,22.722408,88.461049,-1
3335,22.6875,88.44503,-1
3336,22.703711,88.454406,-1
3337,22.684615,88.404965,-1
3338,22.684166,88.457099,-1
3339,22.686763,88.406918,-1
3340,22.684779,88.46726,-1
3341,13.231687,79.101876,-1
3342,13.153001,79.084459,-1
3343,13.214264,79.066204,-1
3344,13.237741,79.085055,-1
3345,13.203844,79.070223,-1
3346,13.17358,79.104578,-1
3347,13.201337,79.037451,-1
3348,13.251169,79.069701,-1
3349,13.202015,79.101828,-1
3350,13.154309,79.112305,-1
3351,23.686479,87.063627,-1
3352,23.711418,87.110297,-1
3353,23.69548,87.059821,-1
3354,23.708442,87.08887,-1
3355,23.726228,87.103027,-1
3356,23.664359,87.037808,-1
3357,23.692031,87.082452,-1
3358,23.737352,87.057892,-1
3359,23.66393,87.122198,-1
3360,23.706153,87.063031,-1
3361,26.858701,89.372799,-1
3362,26.883325,89.364324,-1
3363,26.862109,89.379457,-1
3364,26.847036,89.367263,-1
3365,26.858294,89.375941,-1
3366,26.837078,89.371226,-1
3367,26.828302,89.343333,-1
3368,26.853283,89.355788,-1
3369,26.83539,89.366069,-1
3370,26.859613,89.404798,-1
3371,31.805701,75.194573,-1
3372,31.810393,75.230426,-1
3373,31.834762,75.207187,-1
3374,31.815005,75.186802,-1
3375,31.813901,75.214962,-1
3376,31.802615,75.218657,-1
3377,31.826149,75.204325,-1
3378,31.808071,75.175518,-1
3379,31.797283,75.187735,-1
3380,31.825217,75.226153,-1
3381,25.994499,79.488404,-1
3382,25.968692,79.458716,-1
3383,26.011934,79.44624,-1
3384,26.009564,79.483466,-1
3385,25.986074,79.452365,-1
3386,25.990121,79.426971,-1
3387,26.006661,79.416287,-1
3388,25.992477,79.483563,-1
3389,26.041974,79.480547,-1
3390,26.009917,79.42675,-1
3391,25.883687,86.607116,-1
3392,25.844493,86.630022,-1
3393,25.868467,86.582059,-1
3394,25.893647,86.589051,-1
3395,25.881364,86.580704,-1
3396,25.861811,86.628843,-1
3397,25.872867,86.590265,-1
3398,25.882037,86.644476,-1
3399,25.868152,86.620835,-1
3400,25.848111,86.571547,-1
3401,23.492248,77.778806,-1
3402,23.528253,77.821723,-1
3403,23.536339,77.813276,-1
3404,23.512173,77.766036,-1
3405,23.505389,77.784674,-1
3406,23.514979,77.816928,-1
3407,23.537133,77.784576,-1
3408,23.546036,77.806679,-1
3409,23.533081,77.771587,-1
3410,23.544638,77.822125,-1
3411,29.601537,74.301122,-1
3412,29.597428,74.308871,-1
3413,29.614304,74.323155,-1
3414,29.607623,74.355934,-1
3415,29.614889,74.316636,-1
3416,29.594885,74.319193,-1
3417,29.575113,74.318788,-1
3418,29.616922,74.319324,-1
3419,29.563955,74.35863,-1
3420,29.564492,74.315876,-1
3421,29.967117,76.808392,-1
3422,29.988981,76.832478,-1
3423,29.957512,76.809341,-1
3424,29.958398,76.824658,-1
3425,29.984003,76.816054,-1
3426,29.999219,76.860362,-1
3427,30.019306,76.842922,-1
3428,29.960752,76.8157,-1
3429,29.930623,76.86784,-1
3430,29.964312,76.824781,-1
3431,13.012324,76.090187,-1
3432,13.021221,76.081751,-1
3433,13.010546,76.084176,-1
3434,13.014396,76.088546,-1
3435,13.010751,76.111213,-1
3436,13.013021,76.083827,-1
3437,12.993703,76.10719,-1
3438,12.996589,76.079254,-1
3439,12.988621,76.116329,-1
3440,13.01441,76.116348,-1
3441,26.585017,74.821996,-1
3442,26.574454,74.863102,-1
3443,26.612193,74.868109,-1
3444,26.597724,74.845967,-1
3445,26.573648,74.81823,-1
3446,26.564598,74.855046,-1
3447,26.582073,74.850203,-1
3448,26.564667,74.834785,-1
3449,26.577458,74.862751,-1
3450,26.627992,74.877302,-1
3451,28.618225,77.299116,-1
3452,28.56923,77.294001,-1
3453,28.628775,77.320383,-1
3454,28.589502,77.335987,-1
3455,28.610647,77.327772,-1
3456,28.646846,77.372845,-1
3457,28.578176,77.311968,-1
3458,28.57891,77.316569,-1
3459,28.573845,77.300662,-1
3460,28.609215,77.293141,-1
3461,28.952422,79.40713,-1
3462,28.962868,79.417705,-1
3463,28.977158,79.40706,-1
3464,29.012645,79.394081,-1
3465,28.998343,79.399116,-1
3466,28.978231,79.430929,-1
3467,28.966232,79.432395,-1
3468,28.971083,79.391675,-1
3469,29.012689,79.411891,-1
3470,28.960118,79.423683,-1
3471,17.055367,79.248402,-1
3472,17.039031,79.267956,-1
3473,17.026613,79.284574,-1
3474,17.044896,79.270994,-1
3475,17.019799,79.27381,-1
3476,17.008493,79.281228,-1
3477,17.04542,79.285036,-1
3478,17.058193,79.276136,-1
3479,17.027089,79.306015,-1
3480,17.057197,79.266942,-1
3481,23.991318,85.354052,-1
3482,23.99575,85.377461,-1
3483,23.974004,85.377398,-1
3484,24.00795,85.351214,-1
3485,23.975573,85.353141,-1
3486,24.009916,85.357762,-1
3487,23.97548,85.365474,-1
3488,24.039417,85.387036,-1
3489,23.978791,85.378015,-1
3490,23.991569,85.361275,-1
3491,22.459935,87.294779,-1
3492,22.450556,87.3573,-1
3493,22.380155,87.365207,-1
3494,22.408845,87.348049,-1
3495,22.433218,87.366757,-1
3496,22.407143,87.305337,-1
3497,22.410898,87.31844,-1
3498,22.384192,87.318038,-1
3499,22.401004,87.334555,-1
3500,22.40667,87.362942,-1
3501,25.22323,88.78351,-1
3502,25.205025,88.760526,-1
3503,25.233469,88.767326,-1
3504,25.252625,88.81134,-1
3505,25.233116,88.74868,-1
3506,25.203514,88.769779,-1
3507,25.199152,88.799158,-1
3508,25.191014,88.764475,-1
3509,25.211988,88.787466,-1
3510,25.155079,88.800455,-1
3511,26.761891,82.127637,-1
3512,26.786607,82.148853,-1
3513,26.752172,82.13643,-1
3514,26.77901,82.15058,-1
3515,26.740077,82.13579,-1
3516,26.76883,82.115729,-1
3517,26.766588,82.107869,-1
3518,26.759533,82.160478,-1
3519,26.728522,82.127065,-1
3520,26.810787,82.148876,-1
3521,25.658339,85.045519,-1
3522,25.62961,85.019537,-1
3523,25.634231,85.02193,-1
3524,25.656942,85.032663,-1
3525,25.632583,85.056632,-1
3526,25.614669,85.053737,-1
3527,25.636547,85.048706,-1
3528,25.636619,85.076724,-1
3529,25.618645,85.032008,-1
3530,25.63928,85.02776,-1
3531,21.642471,69.595298,-1
3532,21.633519,69.605667,-1
3533,21.635864,69.603484,-1
3534,21.625081,69.621645,-1
3535,21.624115,69.614788,-1
3536,21.629553,69.626179,-1
3537,21.650072,69.603869,-1
3538,21.614817,69.6298,-1
3539,21.646651,69.599853,-1
3540,21.636846,69.59529,-1
3541,25.505066,80.338766,-1
3542,25.483446,80.328991,-1
3543,25.505676,80.353814,-1
3544,25.487562,80.348379,-1
3545,25.468291,80.366318,-1
3546,25.502088,80.378789,-1
3547,25.476246,80.33606,-1
3548,25.461203,80.301812,-1
3549,25.477591,80.341708,-1
3550,25.43154,80.35183,-1
3551,13.857548,77.491388,-1
3552,13.821989,77.472844,-1
3553,13.802034,77.495029,-1
3554,13.811331,77.517905,-1
3555,13.793714,77.480028,-1
3556,13.853225,77.477058,-1
3557,13.847693,77.501508,-1
3558,13.827377,77.492317,-1
3559,13.831142,77.471462,-1
3560,13.759238,77.468067,-1
3561,26.089753,74.30371,-1
3562,26.089737,74.31381,-1
3563,26.106507,74.326853,-1
3564,26.107347,74.290655,-1
3565,26.121645,74.347129,-1
3566,26.051721,74.298977,-1
3567,26.120095,74.323373,-1
3568,26.073209,74.341571,-1
3569,26.063828,74.341138,-1
3570,26.115232,74.305552,-1
3571,33.748636,75.142088,-1
3572,33.741007,75.173327,-1
3573,33.747522,75.191268,-1
3574,33.749631,75.180504,-1
3575,33.726233,75.146232,-1
3576,33.75877,75.187475,-1
3577,33.753453,75.100777,-1
3578,33.725858,75.163002,-1
3579,33.741215,75.192625,-1
3580,33.686573,75.175924,-1
3581,17.485205,78.300132,-1
3582,17.488885,78.299772,-1
3583,17.493042,78.333222,-1
3584,17.530061,78.275904,-1
3585,17.486618,78.289846,-1
3586,17.480984,78.296138,-1
3587,17.480939,78.304269,-1
3588,17.512525,78.322922,-1
3589,17.50617,78.327866,-1
3590,17.505712,78.312991,-1
3591,21.918156,83.421356,-1
3592,21.892913,83.384267,-1
3593,21.892464,83.395119,-1
3594,21.918738,83.4455,-1
3595,21.91394,83.379061,-1
3596,21.930463,83.386102,-1
3597,21.869779,83.400881,-1
3598,21.885519,83.374204,-1
3599,21.918087,83.373554,-1
3600,21.917141,83.384525,-1
3601,17.442197,78.477056,-1
3602,17.43098,78.519988,-1
3603,17.439225,78.544496,-1
3604,17.439487,78.486131,-1
3605,17.448092,78.539399,-1
3606,17.497182,78.530956,-1
3607,17.424041,78.535905,-1
3608,17.455346,78.512109,-1
3609,17.456531,78.54511,-1
3610,17.483909,78.522002,-1
3611,23.264071,88.382643,-1
3612,23.260254,88.431836,-1
3613,23.232559,88.428258,-1
3614,23.295067,88.401998,-1
3615,23.250748,88.418764,-1
3616,23.245664,88.412247,-1
3617,23.275302,88.429737,-1
3618,23.268023,88.41229,-1
3619,23.249555,88.411828,-1
3620,23.258184,88.431408,-1
3621,23.248011,69.666594,-1
3622,23.286725,69.674215,-1
3623,23.255743,69.680238,-1
3624,23.230077,69.669336,-1
3625,23.256593,69.660267,-1
3626,23.268321,69.649435,-1
3627,23.254619,69.664625,-1
3628,23.235709,69.651008,-1
3629,23.268722,69.708884,-1
3630,23.235003,69.704807,-1
3631,22.721074,88.361028,-1
3632,22.809983,88.365689,-1
3633,22.777177,88.318852,-1
3634,22.739754,88.349038,-1
3635,22.735767,88.347535,-1
3636,22.749188,88.387612,-1
3637,22.790313,88.400476,-1
3638,22.752685,88.365505,-1
3639,22.757377,88.365792,-1
3640,22.774023,88.380872,-1
3641,25.710302,85.190824,-1
3642,25.705338,85.197851,-1
3643,25.693204,85.158043,-1
3644,25.678254,85.175365,-1
3645,25.709797,85.184399,-1
3646,25.660026,85.203765,-1
3647,25.664358,85.168636,-1
3648,25.722529,85.17915,-1
3649,25.692299,85.224464,-1
3650,25.683218,85.203507,-1
3651,24.976261,84.015994,-1
3652,24.954241,83.987254,-1
3653,24.959004,84.030913,-1
3654,24.953536,83.974127,-1
3655,24.904522,84.011611,-1
3656,24.980007,84.025509,-1
3657,24.967627,84.024589,-1
3658,24.922798,83.995956,-1
3659,24.948399,84.054434,-1
3660,24.930877,83.989848,-1
3661,16.52125,81.528327,-1
3662,16.517631,81.540865,-1
3663,16.58006,81.545457,-1
3664,16.545596,81.523151,-1
3665,16.533172,81.537497,-1
3666,16.530402,81.544099,-1
3667,16.52454,81.510057,-1
3668,16.572436,81.548216,-1
3669,16.51671,81.50549,-1
3670,16.543312,81.508253,-1
3671,19.013286,75.76963,-1
3672,18.979649,75.74078,-1
3673,18.972838,75.734366,-1
3674,18.989308,75.743804,-1
3675,19.006871,75.767424,-1
3676,19.003844,75.745747,-1
3677,18.982141,75.745616,-1
3678,18.995784,75.760413,-1
3679,18.999972,75.725166,-1
3680,18.962421,75.789965,-1
3681,28.74289,77.207807,-1
3682,28.761423,77.178893,-1
3683,28.760321,77.205034,-1
3684,28.738067,77.191907,-1
3685,28.796714,77.197885,-1
3686,28.76418,77.190693,-1
3687,28.754313,77.213301,-1
3688,28.741107,77.211071,-1
3689,28.759529,77.231266,-1
3690,28.742507,77.199624,-1
3691,23.400382,88.501886,-1
3692,23.429751,88.507647,-1
3693,23.42322,88.481966,-1
3694,23.386257,88.501968,-1
3695,23.413186,88.448172,-1
3696,23.404924,88.492278,-1
3697,23.420996,88.482464,-1
3698,23.401388,88.479716,-1
3699,23.379786,88.458368,-1
3700,23.39531,88.486482,-1
3701,14.208144,76.385568,-1
3702,14.208224,76.408415,-1
3703,14.205404,76.389741,-1
3704,14.218285,76.403502,-1
3705,14.246629,76.413309,-1
3706,14.197585,76.385599,-1
3707,14.24641,76.386597,-1
3708,14.227765,76.4042,-1
3709,14.238502,76.396531,-1
3710,14.221776,76.415162,-1
3711,27.47923,94.909324,-1
3712,27.51952,94.928564,-1
3713,27.472362,94.880149,-1
3714,27.46125,94.902769,-1
3715,27.500463,94.901902,-1
3716,27.446135,94.903547,-1
3717,27.450119,94.896222,-1
3718,27.513204,94.922989,-1
3719,27.498449,94.905343,-1
3720,27.454588,94.927929,-1
3721,30.157905,74.181524,-1
3722,30.146099,74.201105,-1
3723,30.168039,74.167025,-1
3724,30.145471,74.201512,-1
3725,30.148037,74.187613,-1
3726,30.137331,74.175905,-1
3727,30.111052,74.175753,-1
3728,30.15613,74.225201,-1
3729,30.151724,74.212493,-1
3730,30.128466,74.210972,-1
3731,12.215268,79.079477,-1
3732,12.217002,79.053801,-1
3733,12.217775,79.083613,-1
3734,12.226472,79.090887,-1
3735,12.223529,79.076451,-1
3736,12.21857,79.083512,-1
3737,12.222684,79.043966,-1
3738,12.236851,79.076235,-1
3739,12.191355,79.056366,-1
3740,12.216083,79.084234,-1
3741,29.826135,76.386514,-1
3742,29.803405,76.426842,-1
3743,29.820521,76.405829,-1
3744,29.821792,76.409678,-1
3745,29.783945,76.38314,-1
3746,29.760894,76.39618,-1
3747,29.807913,76.434818,-1
3748,29.777276,76.417607,-1
3749,29.809479,76.379697,-1
3750,29.769273,76.439849,-1
3751,21.45869,86.922983,-1
3752,21.475637,86.928493,-1
3753,21.482552,86.947436,-1
3754,21.509665,86.924058,-1
3755,21.491788,86.937808,-1
3756,21.478706,86.912415,-1
3757,21.516875,86.943364,-1
3758,21.486169,86.895334,-1
3759,21.501478,86.928386,-1
3760,21.485352,86.901419,-1
3761,22.740958,73.658587,-1
3762,22.782181,73.57104,-1
3763,22.780541,73.614693,-1
3764,22.758472,73.626173,-1
3765,22.777026,73.636926,-1
3766,22.756236,73.600664,-1
3767,22.794446,73.64517,-1
3768,22.762043,73.600604,-1
3769,22.79832,73.62555,-1
3770,22.780514,73.59771,-1
3771,25.573054,91.877437,-1
3772,25.595573,91.895654,-1
3773,25.533481,91.872617,-1
3774,25.569069,91.859304,-1
3775,25.583445,91.879117,-1
3776,25.598077,91.88045,-1
3777,25.574361,91.888914,-1
3778,25.561596,91.914382,-1
3779,25.538684,91.860888,-1
3780,25.597328,91.913399,-1
3781,28.15585,76.623086,-1
3782,28.197582,76.602209,-1
3783,28.179593,76.588491,-1
3784,28.210125,76.618328,-1
3785,28.190732,76.640634,-1
3786,28.233511,76.617816,-1
3787,28.225979,76.613296,-1
3788,28.229271,76.629681,-1
3789,28.228772,76.621892,-1
3790,28.21452,76.641665,-1
3791,24.933313,79.577226,-1
3792,24.917199,79.575758,-1
3793,24.899552,79.573963,-1
3794,24.924771,79.562898,-1
3795,24.914575,79.609667,-1
3796,24.949986,79.612612,-1
3797,24.879435,79.616019,-1
3798,24.903435,79.596222,-1
3799,24.900959,79.57245,-1
3800,24.920856,79.589404,-1
3801,24.070004,75.080143,-1
3802,24.049967,75.062699,-1
3803,24.075622,75.058497,-1
3804,24.108911,75.109113,-1
3805,24.102054,75.072812,-1
3806,24.10086,75.061951,-1
3807,24.072676,75.061671,-1
3808,24.08462,75.039868,-1
3809,24.082621,75.072892,-1
3810,24.074456,75.073884,-1
3811,23.607701,86.15521,-1
3812,23.626941,86.12774,-1
3813,23.646656,86.153506,-1
3814,23.63573,86.193936,-1
3815,23.627269,86.201158,-1
3816,23.650508,86.166121,-1
3817,23.645278,86.15198,-1
3818,23.614888,86.17808,-1
3819,23.635801,86.18042,-1
3820,23.626734,86.18571,-1
3821,24.176104,72.430701,-1
3822,24.164433,72.387492,-1
3823,24.161421,72.42563,-1
3824,24.134301,72.455949,-1
3825,24.137827,72.439431,-1
3826,24.173232,72.420218,-1
3827,24.21113,72.433031,-1
3828,24.175966,72.443222,-1
3829,24.161355,72.443999,-1
3830,24.154204,72.468352,-1
3831,27.966893,80.79228,-1
3832,27.944709,80.737412,-1
3833,27.968974,80.789525,-1
3834,27.898283,80.779554,-1
3835,27.959175,80.756995,-1
3836,27.948421,80.779099,-1
3837,27.933485,80.796391,-1
3838,27.934473,80.7944,-1
3839,27.943237,80.770806,-1
3840,27.963665,80.792894,-1
3841,20.618482,72.964279,-1
3842,20.632664,72.904546,-1
3843,20.636286,72.905598,-1
3844,20.606369,72.950186,-1
3845,20.621157,72.958436,-1
3846,20.596113,72.945041,-1
3847,20.619411,72.931123,-1
3848,20.588205,72.949002,-1
3849,20.637542,72.900203,-1
3850,20.613769,72.907188,-1
3851,23.806925,79.445801,-1
3852,23.843157,79.466981,-1
3853,23.830994,79.470109,-1
3854,23.823621,79.453325,-1
3855,23.817996,79.463177,-1
3856,23.85692,79.473726,-1
3857,23.822962,79.469121,-1
3858,23.850839,79.448055,-1
3859,23.839211,79.426808,-1
3860,23.853826,79.482948,-1
3861,29.232206,79.548347,-1
3862,29.206893,79.523662,-1
3863,29.216606,79.529776,-1
3864,29.246421,79.536229,-1
3865,29.229703,79.545858,-1
3866,29.197347,79.521907,-1
3867,29.219354,79.516467,-1
3868,29.215959,79.505655,-1
3869,29.195313,79.506356,-1
3870,29.219016,79.53865,-1
3871,22.811427,88.680013,-1
3872,22.832863,88.643495,-1
3873,22.837982,88.660488,-1
3874,22.85415,88.657458,-1
3875,22.804072,88.665932,-1
3876,22.826273,88.670927,-1
3877,22.836901,88.678649,-1
3878,22.837179,88.639554,-1
3879,22.807972,88.639302,-1
3880,22.857923,88.682735,-1
3881,13.132676,78.107752,-1
3882,13.118696,78.134497,-1
3883,13.124134,78.150211,-1
3884,13.14256,78.119754,-1
3885,13.157082,78.111967,-1
3886,13.158738,78.112538,-1
3887,13.123389,78.151014,-1
3888,13.15815,78.130361,-1
3889,13.141393,78.129203,-1
3890,13.142979,78.131936,-1
3891,18.292673,83.897423,-1
3892,18.287733,83.869678,-1
3893,18.320117,83.898955,-1
3894,18.298386,83.871952,-1
3895,18.250496,83.887147,-1
3896,18.298868,83.874817,-1
3897,18.276226,83.876787,-1
3898,18.30461,83.893641,-1
3899,18.331796,83.916633,-1
3900,18.276961,83.913651,-1
3901,12.52357,76.874408,-1
3902,12.526978,76.891888,-1
3903,12.513473,76.894775,-1
3904,12.547529,76.946247,-1
3905,12.520589,76.898851,-1
3906,12.529589,76.879948,-1
3907,12.494537,76.901115,-1
3908,12.472655,76.910079,-1
3909,12.483614,76.909231,-1
3910,12.515401,76.860922,-1
3911,24.969387,84.21978,-1
3912,24.981502,84.213529,-1
3913,24.989719,84.201375,-1
3914,24.965813,84.191366,-1
3915,24.990115,84.181676,-1
3916,24.939479,84.189877,-1
3917,25.01028,84.209676,-1
3918,25.003073,84.173555,-1
3919,24.962858,84.209678,-1
3920,25.003203,84.183093,-1
3921,22.995398,88.431971,-1
3922,22.953286,88.412219,-1
3923,22.972454,88.428802,-1
3924,22.969797,88.425967,-1
3925,22.948677,88.454234,-1
3926,22.928704,88.411924,-1
3927,22.952691,88.435721,-1
3928,22.914805,88.413077,-1
3929,22.945284,88.444843,-1
3930,22.953075,88.415298,-1
3931,25.908079,93.741288,-1
3932,25.917818,93.728037,-1
3933,25.910247,93.694094,-1
3934,25.894339,93.690466,-1
3935,25.916184,93.729437,-1
3936,25.889183,93.730708,-1
3937,25.905791,93.763381,-1
3938,25.923256,93.7228,-1
3939,25.91708,93.757499,-1
3940,25.855335,93.709741,-1
3941,30.524745,75.892878,-1
3942,30.541436,75.868601,-1
3943,30.550111,75.86884,-1
3944,30.570393,75.882911,-1
3945,30.529146,75.908387,-1
3946,30.510111,75.88029,-1
3947,30.534789,75.88176,-1
3948,30.531837,75.894436,-1
3949,30.508025,75.937314,-1
3950,30.534388,75.884992,-1
3951,26.202613,84.357263,-1
3952,26.226621,84.331908,-1
3953,26.213572,84.346418,-1
3954,26.173729,84.333984,-1
3955,26.194933,84.351739,-1
3956,26.198162,84.349424,-1
3957,26.225654,84.34775,-1
3958,26.233989,84.324189,-1
3959,26.250038,84.397329,-1
3960,26.214513,84.29738,-1
3961,23.243887,72.527466,-1
3962,23.24882,72.476437,-1
3963,23.267704,72.501159,-1
3964,23.201209,72.501697,-1
3965,23.279448,72.454734,-1
3966,23.259917,72.48278,-1
3967,23.276489,72.511651,-1
3968,23.239969,72.482094,-1
3969,23.225808,72.476945,-1
3970,23.259645,72.516491,-1
3971,23.215908,87.106127,-1
3972,23.234276,87.061866,-1
3973,23.233003,87.057789,-1
3974,23.244711,87.072563,-1
3975,23.25565,87.076041,-1
3976,23.265103,87.059017,-1
3977,23.231602,87.050324,-1
3978,23.206481,87.052218,-1
3979,23.230765,87.040249,-1
3980,23.200645,87.034222,-1
3981,23.827943,72.13785,-1
3982,23.842575,72.124837,-1
3983,23.869562,72.14149,-1
3984,23.86413,72.116058,-1
3985,23.852192,72.099416,-1
3986,23.850695,72.142254,-1
3987,23.837366,72.124113,-1
3988,23.866847,72.158391,-1
3989,23.866976,72.128207,-1
3990,23.895414,72.10822,-1
3991,27.149934,81.941436,-1
3992,27.142514,81.944706,-1
3993,27.149174,81.937473,-1
3994,27.140999,81.957513,-1
3995,27.142692,81.925726,-1
3996,27.10018,81.926642,-1
3997,27.128192,81.948475,-1
3998,27.144341,81.958431,-1
3999,27.162064,81.983511,-1
4000,27.130436,81.998609,-1
4001,26.746201,77.863712,-1
4002,26.696197,77.870341,-1
4003,26.700095,77.876978,-1
4004,26.672574,77.895895,-1
4005,26.6782,77.861159,-1
4006,26.674748,77.907082,-1
4007,26.67374,77.898236,-1
4008,26.69911,77.90175,-1
4009,26.673607,77.899312,-1
4010,26.701322,77.867328,-1
4011,21.46416,80.174868,-1
4012,21.443323,80.176682,-1
4013,21.46559,80.209348,-1
4014,21.46231,80.159806,-1
4015,21.451762,80.229882,-1
4016,21.450732,80.230294,-1
4017,21.450025,80.203588,-1
4018,21.492662,80.209157,-1
4019,21.464604,80.171445,-1
4020,21.47829,80.198648,-1
4021,10.79645,76.688862,-1
4022,10.780371,76.655209,-1
4023,10.755953,76.639199,-1
4024,10.78364,76.662119,-1
4025,10.758334,76.634678,-1
4026,10.770913,76.678706,-1
4027,10.777137,76.684507,-1
4028,10.762794,76.650196,-1
4029,10.765773,76.657046,-1
4030,10.766998,76.652445,-1
4031,26.779444,84.539978,-1
4032,26.80744,84.524096,-1
4033,26.80625,84.502785,-1
4034,26.789333,84.509004,-1
4035,26.810885,84.54032,-1
4036,26.776377,84.540671,-1
4037,26.783093,84.485988,-1
4038,26.801691,84.474161,-1
4039,26.790356,84.524512,-1
4040,26.78416,84.503251,-1
4041,28.171673,77.324255,-1
4042,28.156166,77.280616,-1
4043,28.150356,77.321885,-1
4044,28.132396,77.335518,-1
4045,28.120278,77.331048,-1
4046,28.149663,77.365979,-1
4047,28.132972,77.264354,-1
4048,28.120525,77.348192,-1
4049,28.129072,77.330814,-1
4050,28.14045,77.302697,-1
4051,23.630401,87.115353,-1
4052,23.595449,87.162856,-1
4053,23.608942,87.169113,-1
4054,23.606936,87.10499,-1
4055,23.600635,87.13569,-1
4056,23.597261,87.169406,-1
4057,23.609596,87.120932,-1
4058,23.636681,87.121117,-1
4059,23.595005,87.146698,-1
4060,23.626191,87.138699,-1
4061,28.615492,79.808578,-1
4062,28.637966,79.814702,-1
4063,28.660329,79.777274,-1
4064,28.645548,79.809399,-1
4065,28.623642,79.78265,-1
4066,28.619535,79.782871,-1
4067,28.673133,79.825863,-1
4068,28.625694,79.80646,-1
4069,28.598009,79.799296,-1
4070,28.590121,79.816628,-1
4071,9.489913,77.558709,-1
4072,9.461808,77.550071,-1
4073,9.44838,77.5323,-1
4074,9.454379,77.566505,-1
4075,9.445258,77.538697,-1
4076,9.414706,77.57981,-1
4077,9.413241,77.548107,-1
4078,9.427675,77.577803,-1
4079,9.445953,77.590105,-1
4080,9.435238,77.581598,-1
4081,22.189249,71.66454,-1
4082,22.185753,71.677764,-1
4083,22.195643,71.677007,-1
4084,22.195145,71.661978,-1
4085,22.187407,71.681653,-1
4086,22.191191,71.718467,-1
4087,22.171313,71.682519,-1
4088,22.193618,71.699129,-1
4089,22.198557,71.669167,-1
4090,22.176541,71.650882,-1
4091,26.51206,83.777549,-1
4092,26.515924,83.78373,-1
4093,26.48747,83.751337,-1
4094,26.516927,83.753926,-1
4095,26.520859,83.801631,-1
4096,26.477732,83.747133,-1
4097,26.522867,83.762333,-1
4098,26.532517,83.779222,-1
4099,26.559713,83.755185,-1
4100,26.529078,83.810704,-1
4101,24.412025,74.856741,-1
4102,24.466616,74.848434,-1
4103,24.460428,74.85321,-1
4104,24.457817,74.862969,-1
4105,24.450399,74.848656,-1
4106,24.461199,74.884199,-1
4107,24.447932,74.859274,-1
4108,24.44154,74.868846,-1
4109,24.431345,74.855084,-1
4110,24.469446,74.90405,-1
4111,22.711768,88.369572,-1
4112,22.679313,88.395654,-1
4113,22.70883,88.371276,-1
4114,22.70294,88.3602,-1
4115,22.709538,88.350328,-1
4116,22.721336,88.386457,-1
4117,22.72673,88.369461,-1
4118,22.756752,88.387478,-1
4119,22.716124,88.369802,-1
4120,22.718704,88.372376,-1
4121,20.398494,78.121795,-1
4122,20.375589,78.124778,-1
4123,20.382195,78.126273,-1
4124,20.384518,78.119266,-1
4125,20.413026,78.157773,-1
4126,20.415298,78.129314,-1
4127,20.397661,78.132009,-1
4128,20.398185,78.144238,-1
4129,20.374267,78.122737,-1
4130,20.411145,78.157081,-1
4131,22.965524,88.46249,-1
4132,22.975952,88.454307,-1
4133,22.948826,88.417644,-1
4134,22.895976,88.402422,-1
4135,22.964069,88.438698,-1
4136,22.933304,88.428092,-1
4137,22.940616,88.452938,-1
4138,22.925478,88.432883,-1
4139,22.900855,88.428831,-1
4140,22.916415,88.429232,-1
4141,30.675263,76.20019,-1
4142,30.682441,76.235199,-1
4143,30.687096,76.233192,-1
4144,30.736169,76.23187,-1
4145,30.741347,76.206584,-1
4146,30.736608,76.22644,-1
4147,30.701742,76.219073,-1
4148,30.695074,76.207146,-1
4149,30.693606,76.233073,-1
4150,30.702064,76.181946,-1
4151,22.733984,88.358748,-1
4152,22.734763,88.3723,-1
4153,22.78115,88.376046,-1
4154,22.78222,88.348805,-1
4155,22.748883,88.368759,-1
4156,22.769907,88.379429,-1
4157,22.726007,88.354038,-1
4158,22.738697,88.360694,-1
4159,22.737689,88.37636,-1
4160,22.699098,88.375237,-1
4161,28.747618,77.267489,-1
4162,28.707519,77.300196,-1
4163,28.752433,77.276112,-1
4164,28.7203,77.280301,-1
4165,28.759456,77.294636,-1
4166,28.715929,77.244028,-1
4167,28.683763,77.225078,-1
4168,28.706692,77.250493,-1
4169,28.729214,77.277947,-1
4170,28.710788,77.276322,-1
4171,27.620225,78.064488,-1
4172,27.617737,78.072323,-1
4173,27.624497,78.063948,-1
4174,27.606494,78.055917,-1
4175,27.617919,78.051634,-1
4176,27.575683,78.056581,-1
4177,27.605188,78.043236,-1
4178,27.634173,78.071449,-1
4179,27.618296,78.051882,-1
4180,27.594896,78.013466,-1
4181,26.732948,94.201812,-1
4182,26.78136,94.179884,-1
4183,26.767262,94.18432,-1
4184,26.738027,94.190315,-1
4185,26.761005,94.202509,-1
4186,26.748992,94.17353,-1
4187,26.772389,94.178451,-1
4188,26.742417,94.192364,-1
4189,26.761124,94.203925,-1
4190,26.737302,94.196165,-1
4191,24.688212,78.454455,-1
4192,24.67373,78.431929,-1
4193,24.672952,78.454289,-1
4194,24.651122,78.436909,-1
4195,24.699948,78.395822,-1
4196,24.69082,78.477744,-1
4197,24.693342,78.40189,-1
4198,24.668319,78.411868,-1
4199,24.687744,78.422289,-1
4200,24.666107,78.443799,-1
4201,15.162679,77.36306,-1
4202,15.181347,77.3307,-1
4203,15.20639,77.331211,-1
4204,15.209601,77.380693,-1
4205,15.200495,77.367456,-1
4206,15.172388,77.359477,-1
4207,15.168096,77.372609,-1
4208,15.161204,77.38195,-1
4209,15.136896,77.366538,-1
4210,15.168182,77.378418,-1
4211,22.584311,75.676336,-1
4212,22.57709,75.693723,-1
4213,22.624971,75.687567,-1
4214,22.59977,75.686517,-1
4215,22.584301,75.675062,-1
4216,22.589992,75.718099,-1
4217,22.617271,75.710307,-1
4218,22.612694,75.706783,-1
4219,22.618913,75.699581,-1
4220,22.580989,75.680509,-1
4221,26.617488,84.902057,-1
4222,26.6695,84.935136,-1
4223,26.66247,84.918616,-1
4224,26.657708,84.945912,-1
4225,26.60619,84.916437,-1
4226,26.711799,84.911331,-1
4227,26.671473,84.932037,-1
4228,26.671886,84.916701,-1
4229,26.658219,84.924528,-1
4230,26.640924,84.965424,-1
4231,12.285417,75.127514,-1
4232,12.283016,75.067121,-1
4233,12.278976,75.100837,-1
4234,12.306096,75.113092,-1
4235,12.30598,75.065309,-1
4236,12.33826,75.144128,-1
4237,12.286902,75.104089,-1
4238,12.346882,75.102821,-1
4239,12.323798,75.105895,-1
4240,12.29465,75.098259,-1
4241,19.073673,82.007193,-1
4242,19.103095,82.039157,-1
4243,19.118668,82.033462,-1
4244,19.076583,82.046379,-1
4245,19.141238,82.011801,-1
4246,19.073765,81.998014,-1
4247,19.059976,82.0307,-1
4248,19.059196,81.995535,-1
4249,19.081194,82.013552,-1
4250,19.080393,82.022428,-1
4251,30.166961,77.296316,-1
4252,30.190121,77.309398,-1
4253,30.187742,77.313551,-1
4254,30.167712,77.324968,-1
4255,30.158166,77.325649,-1
4256,30.159867,77.305187,-1
4257,30.161133,77.290738,-1
4258,30.186571,77.294804,-1
4259,30.20818,77.284297,-1
4260,30.143123,77.339406,-1
4261,27.037293,88.304322,-1
4262,27.068533,88.295571,-1
4263,27.027427,88.252282,-1
4264,27.048121,88.23828,-1
4265,27.055619,88.242132,-1
4266,27.019179,88.25046,-1
4267,27.00275,88.261657,-1
4268,27.030768,88.263985,-1
4269,27.011116,88.229516,-1
4270,27.02763,88.2787,-1
4271,10.977453,76.991452,-1
4272,10.954177,77.016493,-1
4273,10.967756,76.95457,-1
4274,10.925306,76.974303,-1
4275,10.975203,76.965464,-1
4276,10.953877,76.976149,-1
4277,10.967958,76.989248,-1
4278,10.90996,76.963584,-1
4279,10.944706,76.980355,-1
4280,10.963579,76.977333,-1
4281,22.604874,88.46848,-1
4282,22.661311,88.450659,-1
4283,22.631786,88.39685,-1
4284,22.637077,88.423443,-1
4285,22.618173,88.413864,-1
4286,22.629941,88.456979,-1
4287,22.642267,88.430236,-1
4288,22.639105,88.393865,-1
4289,22.605803,88.406515,-1
4290,22.645796,88.423745,-1
4291,27.401261,80.117969,-1
4292,27.417167,80.109073,-1
4293,27.389038,80.091034,-1
4294,27.41104,80.089589,-1
4295,27.408843,80.103852,-1
4296,27.381529,80.1487,-1
4297,27.419459,80.135715,-1
4298,27.367644,80.116339,-1
4299,27.396015,80.117598,-1
4300,27.371015,80.131995,-1
4301,23.324214,86.36106,-1
4302,23.336995,86.345161,-1
4303,23.330209,86.346973,-1
4304,23.368738,86.356706,-1
4305,23.310485,86.403814,-1
4306,23.33096,86.332387,-1
4307,23.335123,86.342046,-1
4308,23.378562,86.38895,-1
4309,23.319729,86.366972,-1
4310,23.318659,86.378476,-1
4311,14.385234,77.74106,-1
4312,14.396106,77.734753,-1
4313,14.41453,77.715162,-1
4314,14.476997,77.698773,-1
4315,14.414303,77.685576,-1
4316,14.432742,77.720528,-1
4317,14.437223,77.712616,-1
4318,14.419282,77.68796,-1
4319,14.435032,77.721361,-1
4320,14.421287,77.730457,-1
4321,28.72602,77.297562,-1
4322,28.681095,77.292989,-1
4323,28.675341,77.263586,-1
4324,28.71531,77.264827,-1
4325,28.684887,77.275204,-1
4326,28.708765,77.266102,-1
4327,28.646584,77.288668,-1
4328,28.694261,77.297554,-1
4329,28.723416,77.32018,-1
4330,28.742379,77.295679,-1
4331,22.870748,88.336034,-1
4332,22.806227,88.35964,-1
4333,22.801309,88.351543,-1
4334,22.81909,88.299885,-1
4335,22.804146,88.321235,-1
4336,22.83552,88.346295,-1
4337,22.833552,88.345146,-1
4338,22.839023,88.319654,-1
4339,22.787307,88.361841,-1
4340,22.799842,88.322769,-1
4341,26.334492,92.670913,-1
4342,26.32403,92.6744,-1
4343,26.353949,92.644281,-1
4344,26.306107,92.659308,-1
4345,26.308951,92.691887,-1
4346,26.348505,92.632423,-1
4347,26.341316,92.643843,-1
4348,26.326526,92.682322,-1
4349,26.363971,92.695647,-1
4350,26.369821,92.681484,-1
4351,22.694318,73.578845,-1
4352,22.692332,73.590556,-1
4353,22.658942,73.541235,-1
4354,22.6784,73.554991,-1
4355,22.6633,73.574426,-1
4356,22.671147,73.543652,-1
4357,22.698306,73.573674,-1
4358,22.69349,73.553463,-1
4359,22.709941,73.544945,-1
4360,22.69903,73.575454,-1
4361,13.342471,75.781088,-1
4362,13.308872,75.759455,-1
4363,13.329219,75.793033,-1
4364,13.309985,75.793423,-1
4365,13.314898,75.763399,-1
4366,13.319847,75.777778,-1
4367,13.313598,75.804283,-1
4368,13.288953,75.746289,-1
4369,13.334325,75.736515,-1
4370,13.299316,75.782338,-1
4371,21.055149,86.540869,-1
4372,21.078726,86.544254,-1
4373,21.037541,86.512839,-1
4374,21.059928,86.485449,-1
4375,21.058353,86.497249,-1
4376,21.057016,86.505321,-1
4377,21.034974,86.509228,-1
4378,21.043949,86.519635,-1
4379,21.071403,86.501885,-1
4380,21.081791,86.483677,-1
4381,26.015738,76.353035,1
4382,26.014594,76.346571,1
4383,26.015547,76.343646,1
4384,26.036026,76.342785,-1
4385,26.003404,76.343873,-1
4386,25.968182,76.3871,-1
4387,26.07089,76.343686,-1
4388,26.015689,76.350172,1
4389,26.006098,76.333238,-1
4390,26.016725,76.348267,1
4391,23.136783,83.195272,-1
4392,23.13633,83.191299,-1
4393,23.134127,83.19878,-1
4394,23.154232,83.208981,-1
4395,23.126447,83.174352,-1
4396,23.127991,83.195177,-1
4397,23.107285,83.228169,-1
4398,23.106971,83.210794,-1
4399,23.110109,83.181575,-1
4400,23.110436,83.199423,-1
4401,28.708708,77.293361,-1
4402,28.705414,77.302382,-1
4403,28.694212,77.336739,-1
4404,28.678097,77.35338,-1
4405,28.688897,77.285923,-1
4406,28.687899,77.29891,-1
4407,28.698705,77.318559,-1
4408,28.702405,77.339134,-1
4409,28.699221,77.320934,-1
4410,28.70363,77.295088,-1
4411,17.6378,73.988723,-1
4412,17.671389,74.022757,-1
4413,17.652141,74.0175,-1
4414,17.708101,74.017514,-1
4415,17.68617,73.958547,-1
4416,17.678201,74.008291,-1
4417,17.712038,73.983834,-1
4418,17.701243,73.981114,-1
4419,17.661408,74.011091,-1
4420,17.702999,73.945451,-1
4421,28.301286,74.967326,-1
4422,28.287938,74.968855,-1
4423,28.33359,74.975732,-1
4424,28.313194,74.957615,-1
4425,28.289528,74.966042,-1
4426,28.267718,75.001073,-1
4427,28.308415,74.937045,-1
4428,28.316518,74.984813,-1
4429,28.30477,74.974538,-1
4430,28.326708,74.952666,-1
4431,26.482151,76.686988,-1
4432,26.475751,76.741147,-1
4433,26.464604,76.731019,-1
4434,26.494933,76.726258,-1
4435,26.444009,76.67804,-1
4436,26.466385,76.713837,-1
4437,26.462419,76.724476,-1
4438,26.464865,76.713757,-1
4439,26.422333,76.712009,-1
4440,26.486877,76.686299,-1
4441,13.119375,80.238109,-1
4442,13.13672,80.247045,-1
4443,13.15726,80.199267,-1
4444,13.163924,80.264857,-1
4445,13.1583,80.262476,-1
4446,13.198276,80.232016,-1
4447,13.161462,80.217806,-1
4448,13.158176,80.242325,-1
4449,13.145666,80.235796,-1
4450,13.143953,80.264102,-1
4451,22.814158,74.260422,-1
4452,22.831187,74.25984,-1
4453,22.813235,74.256413,-1
4454,22.82636,74.229249,-1
4455,22.854146,74.268173,-1
4456,22.845041,74.249892,-1
4457,22.817632,74.266843,-1
4458,22.828873,74.261896,-1
4459,22.835926,74.239817,-1
4460,22.851314,74.253171,-1
4461,18.275973,75.741291,-1
4462,18.233883,75.703391,-1
4463,18.216338,75.708234,-1
4464,18.252626,75.682944,-1
4465,18.275624,75.680767,-1
4466,18.236554,75.70038,-1
4467,18.229954,75.713496,-1
4468,18.249738,75.671378,-1
4469,18.19582,75.697233,-1
4470,18.269817,75.692172,-1
4471,19.673241,78.515533,-1
4472,19.648343,78.539748,-1
4473,19.671623,78.494252,-1
4474,19.645313,78.544853,-1
4475,19.670902,78.538472,-1
4476,19.675202,78.536127,-1
4477,19.682495,78.522327,-1
4478,19.690216,78.558423,-1
4479,19.66147,78.566416,-1
4480,19.686461,78.537511,-1
4481,28.176112,75.405544,-1
4482,28.114259,75.409014,-1
4483,28.073098,75.443654,-1
4484,28.075501,75.395966,-1
4485,28.096979,75.409868,-1
4486,28.163948,75.402714,-1
4487,28.161218,75.360414,-1
4488,28.112399,75.373759,-1
4489,28.117811,75.411304,-1
4490,28.1283,75.395416,-1
4491,21.805199,70.626005,-1
4492,21.786798,70.628332,-1
4493,21.781061,70.596642,-1
4494,21.735444,70.593466,-1
4495,21.770051,70.6538,-1
4496,21.742595,70.635979,-1
4497,21.761416,70.59247,-1
4498,21.707194,70.601525,-1
4499,21.776788,70.613066,-1
4500,21.756744,70.622344,-1
4501,17.378381,78.549108,-1
4502,17.383253,78.533011,-1
4503,17.414164,78.567467,-1
4504,17.377085,78.547218,-1
4505,17.377921,78.586729,-1
4506,17.419671,78.540786,-1
4507,17.42095,78.530459,-1
4508,17.397559,78.551863,-1
4509,17.419581,78.553013,-1
4510,17.404176,78.549329,-1
4511,16.413493,81.006508,-1
4512,16.441101,80.965659,-1
4513,16.435348,81.003617,-1
4514,16.475689,80.997932,-1
4515,16.427797,80.972021,-1
4516,16.424141,80.963518,-1
4517,16.442616,80.994657,-1
4518,16.450421,81.002684,-1
4519,16.410508,80.989426,-1
4520,16.479482,80.987744,-1
4521,25.104394,76.580318,-1
4522,25.095426,76.509517,-1
4523,25.116863,76.507118,-1
4524,25.108388,76.512805,-1
4525,25.126534,76.52961,-1
4526,25.070108,76.523318,-1
4527,25.085984,76.519181,-1
4528,25.071491,76.493917,-1
4529,25.069727,76.506867,-1
4530,25.073678,76.518156,-1
4531,22.756675,77.715816,-1
4532,22.777269,77.737059,-1
4533,22.725496,77.724073,-1
4534,22.750618,77.709699,-1
4535,22.750581,77.729119,-1
4536,22.758551,77.725049,-1
4537,22.710633,77.716652,-1
4538,22.72945,77.734978,-1
4539,22.772805,77.710897,-1
4540,22.752919,77.717154,-1
4541,21.610812,71.204849,-1
4542,21.580853,71.20232,-1
4543,21.613759,71.20492,-1
4544,21.590192,71.211723,-1
4545,21.560418,71.218443,-1
4546,21.619608,71.226529,-1
4547,21.570644,71.220536,-1
4548,21.608257,71.194523,-1
4549,21.5842,71.223288,-1
4550,21.593854,71.202914,-1
4551,10.35512,78.81853,-1
4552,10.374143,78.809001,-1
4553,10.359977,78.846574,-1
4554,10.418399,78.796326,-1
4555,10.448371,78.799867,-1
4556,10.40043,78.816079,-1
4557,10.353819,78.800483,-1
4558,10.366851,78.83656,-1
4559,10.376001,78.838356,-1
4560,10.365437,78.829523,-1
4561,16.228044,80.022994,-1
4562,16.229614,80.041301,-1
4563,16.239773,80.039035,-1
4564,16.260037,80.062492,-1
4565,16.223508,80.020464,-1
4566,16.245796,80.053328,-1
4567,16.244035,80.038418,-1
4568,16.224766,80.059795,-1
4569,16.205972,80.036537,-1
4570,16.230539,80.024503,-1
4571,22.725573,88.325571,-1
4572,22.692658,88.345569,-1
4573,22.711094,88.357869,-1
4574,22.694155,88.356808,-1
4575,22.691371,88.367677,-1
4576,22.705032,88.367006,-1
4577,22.732551,88.377244,-1
4578,22.737072,88.338922,-1
4579,22.753732,88.316383,-1
4580,22.705436,88.31291,-1
4581,21.9365,86.725674,-1
4582,21.945543,86.703886,-1
4583,21.94271,86.722711,-1
4584,21.947285,86.725503,-1
4585,21.937381,86.739062,-1
4586,21.921248,86.719678,-1
4587,21.920716,86.711098,-1
4588,21.959536,86.757507,-1
4589,21.919751,86.707437,-1
4590,21.947571,86.744068,-1
4591,30.458045,74.5111,-1
4592,30.488849,74.53886,-1
4593,30.451036,74.49388,-1
4594,30.479074,74.519877,-1
4595,30.484592,74.539193,-1
4596,30.46636,74.504282,-1
4597,30.479264,74.509563,-1
4598,30.485986,74.531499,-1
4599,30.476838,74.498246,-1
4600,30.46278,74.534896,-1
4601,26.062553,83.170433,-1
4602,26.088236,83.175476,-1
4603,26.112958,83.193628,-1
4604,26.055897,83.230003,-1
4605,26.032203,83.204383,-1
4606,26.060263,83.153996,-1
4607,26.079222,83.167679,-1
4608,26.087106,83.2155,-1
4609,26.052784,83.16164,-1
4610,26.061691,83.159837,-1
4611,30.366834,75.57525,-1
4612,30.391454,75.541986,-1
4613,30.388582,75.536489,-1
4614,30.342381,75.553232,-1
4615,30.369663,75.566034,-1
4616,30.364816,75.573249,-1
4617,30.348196,75.528038,-1
4618,30.378791,75.553091,-1
4619,30.346291,75.545188,-1
4620,30.36255,75.549435,-1
4621,13.136941,77.626174,-1
4622,13.109764,77.573991,-1
4623,13.089674,77.636243,-1
4624,13.094459,77.575077,-1
4625,13.10041,77.626473,-1
4626,13.11629,77.611224,-1
4627,13.107285,77.584181,-1
4628,13.08342,77.59034,-1
4629,13.112364,77.600554,-1
4630,13.125323,77.595058,-1
4631,24.871177,74.599869,-1
4632,24.903293,74.612975,-1
4633,24.879476,74.587547,-1
4634,24.886928,74.635219,-1
4635,24.905671,74.612991,-1
4636,24.858366,74.646925,-1
4637,24.887459,74.601546,-1
4638,24.844034,74.627848,-1
4639,24.889642,74.640667,-1
4640,24.889846,74.606433,-1
4641,27.483431,95.353104,-1
4642,27.503492,95.322979,-1
4643,27.498253,95.356675,-1
4644,27.497124,95.339871,-1
4645,27.539265,95.382244,-1
4646,27.512812,95.376186,-1
4647,27.492001,95.361001,-1
4648,27.475574,95.316399,-1
4649,27.456608,95.365061,-1
4650,27.513838,95.331957,-1
4651,21.826523,75.660483,-1
4652,21.812651,75.623237,-1
4653,21.796966,75.588483,-1
4654,21.850185,75.624094,-1
4655,21.834793,75.645708,-1
4656,21.789814,75.599854,-1
4657,21.842855,75.586012,-1
4658,21.832897,75.629448,-1
4659,21.808522,75.578443,-1
4660,21.830647,75.619176,-1
4661,22.786458,88.28799,-1
4662,22.79008,88.345997,-1
4663,22.785958,88.346262,-1
4664,22.755557,88.339408,-1
4665,22.78122,88.350737,-1
4666,22.796042,88.332739,-1
4667,22.755927,88.319049,-1
4668,22.750773,88.326656,-1
4669,22.743378,88.332481,-1
4670,22.809248,88.351514,-1
4671,26.825548,82.753093,-1
4672,26.793566,82.721425,-1
4673,26.788588,82.707218,-1
4674,26.787125,82.754444,-1
4675,26.768452,82.728303,-1
4676,26.760541,82.709068,-1
4677,26.785747,82.694855,-1
4678,26.765386,82.69515,-1
4679,26.797905,82.711124,-1
4680,26.78657,82.707554,-1
4681,15.400487,76.482717,-1
4682,15.413712,76.565147,-1
4683,15.397702,76.512639,-1
4684,15.428084,76.566982,-1
4685,15.417729,76.501175,-1
4686,15.431612,76.495928,-1
4687,15.418589,76.561592,-1
4688,15.444407,76.509795,-1
4689,15.462894,76.551956,-1
4690,15.396495,76.511911,-1
4691,12.780491,78.719848,-1
4692,12.803388,78.683427,-1
4693,12.768747,78.687659,-1
4694,12.805357,78.726954,-1
4695,12.814852,78.74773,-1
4696,12.785112,78.741013,-1
4697,12.784908,78.702058,-1
4698,12.794787,78.704115,-1
4699,12.780176,78.708627,-1
4700,12.78091,78.71429,-1
4701,24.166219,86.310875,-1
4702,24.214731,86.306004,-1
4703,24.20735,86.313359,-1
4704,24.178432,86.329037,-1
4705,24.185371,86.296479,-1
4706,24.181342,86.320383,-1
4707,24.209565,86.295933,-1
4708,24.138251,86.291926,-1
4709,24.183601,86.289857,-1
4710,24.198768,86.32331,-1
4711,20.756864,78.5732,-1
4712,20.75662,78.587413,-1
4713,20.759813,78.611723,-1
4714,20.693688,78.583337,-1
4715,20.751308,78.586966,-1
4716,20.761275,78.60248,-1
4717,20.774113,78.579077,-1
4718,20.737928,78.600279,-1
4719,20.722206,78.6,-1
4720,20.723974,78.598475,-1
4721,16.851272,81.524584,-1
4722,16.817689,81.53957,-1
4723,16.791879,81.523639,-1
4724,16.804734,81.515252,-1
4725,16.806191,81.491276,-1
4726,16.825748,81.552305,-1
4727,16.815051,81.526519,-1
4728,16.824917,81.536443,-1
4729,16.836007,81.524312,-1
4730,16.807295,81.532403,-1
4731,28.456023,78.765386,-1
4732,28.459809,78.8113,-1
4733,28.458057,78.76291,-1
4734,28.437208,78.812052,-1
4735,28.447604,78.760085,-1
4736,28.408544,78.819536,-1
4737,28.455785,78.805547,-1
4738,28.439546,78.800672,-1
4739,28.444396,78.789766,-1
4740,28.453126,78.774126,-1
4741,27.085818,84.078766,-1
4742,27.103182,84.104992,-1
4743,27.10615,84.085293,-1
4744,27.094356,84.07766,-1
4745,27.107916,84.110788,-1
4746,27.066209,84.097505,-1
4747,27.097285,84.112953,-1
4748,27.126853,84.08809,-1
4749,27.096783,84.076316,-1
4750,27.109512,84.10846,-1
4751,21.270152,77.505396,-1
4752,21.24113,77.509669,-1
4753,21.257646,77.5142,-1
4754,21.263301,77.561428,-1
4755,21.287887,77.499136,-1
4756,21.24698,77.518389,-1
4757,21.289408,77.540631,-1
4758,21.222428,77.507841,-1
4759,21.244804,77.506659,-1
4760,21.261793,77.516937,-1
4761,21.960556,70.798628,-1
4762,21.925467,70.781601,-1
4763,21.96645,70.78125,-1
4764,21.938672,70.817609,-1
4765,21.966194,70.774632,-1
4766,21.924559,70.81718,-1
4767,21.97227,70.805519,-1
4768,21.961865,70.828231,-1
4769,21.964412,70.762713,-1
4770,21.968833,70.820081,-1
4771,18.199238,76.051661,-1
4772,18.183677,76.04792,-1
4773,18.196949,76.032868,-1
4774,18.156309,76.043231,-1
4775,18.150445,76.060909,-1
4776,18.170638,76.058195,-1
4777,18.167245,76.032497,-1
4778,18.178097,76.030475,-1
4779,18.210613,76.017039,-1
4780,18.176175,76.040256,-1
4781,11.651635,92.738411,-1
4782,11.696312,92.742796,-1
4783,11.647968,92.734206,-1
4784,11.650705,92.758568,-1
4785,11.647615,92.7452,-1
4786,11.700432,92.743294,-1
4787,11.667572,92.777153,-1
4788,11.674363,92.754952,-1
4789,11.648181,92.762118,-1
4790,11.657407,92.757223,-1
4791,16.185326,75.732494,-1
4792,16.190875,75.686429,-1
4793,16.218989,75.713211,-1
4794,16.189641,75.726441,-1
4795,16.190199,75.678487,-1
4796,16.190335,75.693874,-1
4797,16.182462,75.700662,-1
4798,16.169665,75.686149,-1
4799,16.22696,75.676984,-1
4800,16.198229,75.703204,-1
4801,17.165883,79.616515,-1
4802,17.129583,79.594824,-1
4803,17.149408,79.61077,-1
4804,17.129072,79.627674,-1
4805,17.151491,79.636921,-1
4806,17.167629,79.612993,-1
4807,17.136009,79.63097,-1
4808,17.131245,79.603117,-1
4809,17.150703,79.628764,-1
4810,17.096548,79.626936,-1
4811,23.058178,88.822223,-1
4812,23.079393,88.859142,-1
4813,23.005993,88.819481,-1
4814,23.084883,88.828327,-1
4815,23.036853,88.82382,-1
4816,23.017076,88.815723,-1
4817,23.050054,88.797033,-1
4818,23.051717,88.838748,-1
4819,23.015524,88.800407,-1
4820,23.038967,88.883508,-1
4821,22.876854,88.683362,-1
4822,22.861726,88.677443,-1
4823,22.840672,88.596237,-1
4824,22.856339,88.632868,-1
4825,22.848057,88.618142,-1
4826,22.82829,88.64297,-1
4827,22.871524,88.652167,-1
4828,22.847812,88.606588,-1
4829,22.83569,88.616135,-1
4830,22.847016,88.608433,-1
4831,24.274491,72.196509,-1
4832,24.249652,72.184692,-1
4833,24.225648,72.183625,-1
4834,24.269702,72.172564,-1
4835,24.254439,72.149228,-1
4836,24.258889,72.174762,-1
4837,24.248139,72.178135,-1
4838,24.235277,72.181559,-1
4839,24.22197,72.195998,-1
4840,24.254307,72.165338,-1
4841,23.419003,88.360939,-1
4842,23.399422,88.381026,-1
4843,23.403379,88.392407,-1
4844,23.392662,88.381303,-1
4845,23.436234,88.369431,-1
4846,23.410022,88.351935,-1
4847,23.384126,88.348927,-1
4848,23.413405,88.356812,-1
4849,23.392424,88.382745,-1
4850,23.422916,88.368372,-1
4851,21.325003,74.261059,-1
4852,21.390206,74.233835,-1
4853,21.337136,74.251765,-1
4854,21.418966,74.231226,-1
4855,21.373414,74.263227,-1
4856,21.362488,74.2649,-1
4857,21.360089,74.210183,-1
4858,21.379114,74.260086,-1
4859,21.38693,74.227856,-1
4860,21.380378,74.215576,-1
4861,26.243316,82.079516,-1
4862,26.289776,82.08769,-1
4863,26.255002,82.11447,-1
4864,26.286299,82.059564,-1
4865,26.25708,82.063893,-1
4866,26.21667,82.096031,-1
4867,26.291846,82.068556,-1
4868,26.25602,82.083617,-1
4869,26.236626,82.09298,-1
4870,26.228271,82.022147,-1
4871,28.591797,77.111783,-1
4872,28.566723,77.117105,-1
4873,28.606521,77.143959,-1
4874,28.609973,77.140096,-1
4875,28.625117,77.146635,-1
4876,28.628733,77.115418,-1
4877,28.567643,77.171874,-1
4878,28.584532,77.107534,-1
4879,28.555354,77.117139,-1
4880,28.578916,77.106227,-1
4881,30.949482,74.631328,-1
4882,30.92905,74.624412,-1
4883,30.892766,74.637592,-1
4884,30.918978,74.59481,-1
4885,30.918737,74.574597,-1
4886,30.917118,74.626824,-1
4887,30.927116,74.605628,-1
4888,30.979486,74.625683,-1
4889,30.948125,74.604192,-1
4890,30.914501,74.597759,-1
4891,23.20251,77.073958,-1
4892,23.187049,77.095111,-1
4893,23.18928,77.082332,-1
4894,23.22217,77.076788,-1
4895,23.222027,77.080606,-1
4896,23.226109,77.11598,-1
4897,23.208517,77.065339,-1
4898,23.211247,77.088448,-1
4899,23.165053,77.065143,-1
4900,23.191859,77.099227,-1
4901,22.960966,88.386364,-1
4902,22.925869,88.370597,-1
4903,22.961711,88.39583,-1
4904,22.969508,88.426115,-1
4905,22.940688,88.416613,-1
4906,22.980467,88.405811,-1
4907,22.972147,88.40479,-1
4908,22.971437,88.369562,-1
4909,22.947257,88.435738,-1
4910,22.961533,88.423426,-1
4911,14.91266,78.007845,-1
4912,14.921801,78.006692,-1
4913,14.894956,78.046585,-1
4914,14.896067,77.968135,-1
4915,14.893787,78.013087,-1
4916,14.898841,78.014915,-1
4917,14.917274,78.001874,-1
4918,14.892222,78.052252,-1
4919,14.911595,78.003203,-1
4920,14.908448,78.003728,-1
4921,26.494527,88.738708,-1
4922,26.509606,88.751038,-1
4923,26.534069,88.738309,-1
4924,26.545393,88.735581,-1
4925,26.51058,88.716162,-1
4926,26.519907,88.718969,-1
4927,26.525548,88.731886,-1
4928,26.532209,88.781647,-1
4929,26.525801,88.752403,-1
4930,26.51613,88.719753,-1
4931,16.41121,80.576293,-1
4932,16.42168,80.550487,-1
4933,16.39339,80.563709,-1
4934,16.452155,80.607262,-1
4935,16.457925,80.589221,-1
4936,16.430005,80.546606,-1
4937,16.435714,80.582458,-1
4938,16.445629,80.560742,-1
4939,16.44172,80.561908,-1
4940,16.415731,80.539323,-1
4941,14.632607,75.620387,-1
4942,14.63877,75.614003,-1
4943,14.594977,75.619899,-1
4944,14.640609,75.637597,-1
4945,14.608087,75.622558,-1
4946,14.634032,75.626416,-1
4947,14.637584,75.652872,-1
4948,14.606544,75.63593,-1
4949,14.61739,75.629378,-1
4950,14.581384,75.615568,-1
4951,28.2522,77.874252,-1
4952,28.261163,77.845595,-1
4953,28.235064,77.820269,-1
4954,28.254367,77.837849,-1
4955,28.245148,77.873695,-1
4956,28.277187,77.829043,-1
4957,28.235286,77.858603,-1
4958,28.290929,77.893559,-1
4959,28.24315,77.799627,-1
4960,28.240922,77.84052,-1
4961,26.104535,87.972928,-1
4962,26.11069,87.984169,-1
4963,26.09412,87.977758,-1
4964,26.126636,87.949807,-1
4965,26.079722,87.968994,-1
4966,26.085902,87.960983,-1
4967,26.066399,87.944748,-1
4968,26.08613,87.918467,-1
4969,26.100769,87.959452,-1
4970,26.095536,87.953526,-1
4971,10.74947,75.954886,-1
4972,10.731493,75.948756,-1
4973,10.76187,75.918132,-1
4974,10.763719,75.909372,-1
4975,10.777066,75.924632,-1
4976,10.774693,75.949462,-1
4977,10.777506,75.92957,-1
4978,10.709012,75.934107,-1
4979,10.766233,75.906755,-1
4980,10.749817,75.903903,-1
4981,26.73571,77.044222,-1
4982,26.749653,77.050688,-1
4983,26.736841,77.064654,-1
4984,26.736912,77.032379,-1
4985,26.688799,77.057465,-1
4986,26.751482,77.05563,-1
4987,26.725723,77.037921,-1
4988,26.73699,77.0582,-1
4989,26.718821,77.017906,-1
4990,26.714691,77.066759,-1
4991,25.291624,86.491179,-1
4992,25.315115,86.474345,-1
4993,25.308334,86.470151,-1
4994,25.3143,86.508891,-1
4995,25.289821,86.500109,-1
4996,25.305958,86.480177,-1
4997,25.310371,86.507244,-1
4998,25.29065,86.466024,-1
4999,25.320781,86.511896,-1
5000,25.307969,86.427268,-1
5001,27.201597,73.736615,-1
5002,27.201272,73.733513,-1
5003,27.205222,73.741854,-1
5004,27.200591,73.734093,-1
5005,27.217625,73.70537,-1
5006,27.202561,73.761843,-1
5007,27.171891,73.749768,-1
5008,27.178587,73.747923,-1
5009,27.22616,73.702481,-1
5010,27.189935,73.786433,-1
5011,30.336156,76.852495,-1
5012,30.364604,76.851686,-1
5013,30.380693,76.859795,-1
5014,30.33669,76.859536,-1
5015,30.318441,76.877579,-1
5016,30.370957,76.876128,-1
5017,30.335978,76.859024,-1
5018,30.367936,76.84641,-1
5019,30.333394,76.875106,-1
5020,30.354239,76.860868,-1
5021,28.209925,76.876326,-1
5022,28.181953,76.883983,-1
5023,28.203254,76.841811,-1
5024,28.194087,76.848434,-1
5025,28.209909,76.835041,-1
5026,28.213802,76.841096,-1
5027,28.193986,76.85835,-1
5028,28.222991,76.847336,-1
5029,28.243174,76.824402,-1
5030,28.214562,76.853295,-1
5031,25.425677,75.618859,-1
5032,25.415411,75.628303,-1
5033,25.413397,75.620538,-1
5034,25.409292,75.63007,-1
5035,25.431229,75.609369,-1
5036,25.442239,75.640716,-1
5037,25.425416,75.643081,-1
5038,25.46219,75.617058,-1
5039,25.459587,75.630801,-1
5040,25.424384,75.618613,-1
5041,16.880597,79.595339,-1
5042,16.865551,79.586479,-1
5043,16.887289,79.53102,-1
5044,16.852147,79.552882,-1
5045,16.843249,79.571314,-1
5046,16.840904,79.569816,-1
5047,16.873553,79.546523,-1
5048,16.872672,79.589075,-1
5049,16.863311,79.565044,-1
5050,16.87136,79.532687,-1
5051,34.08499,74.713782,-1
5052,34.124994,74.701369,-1
5053,34.097242,74.710103,-1
5054,34.110593,74.690144,-1
5055,34.068761,74.704205,-1
5056,34.063443,74.732521,-1
5057,34.057192,74.697625,-1
5058,34.074223,74.726069,-1
5059,34.075786,74.680779,-1
5060,34.076164,74.732607,-1
5061,18.770176,78.963781,-1
5062,18.805562,78.906712,-1
5063,18.782332,78.898391,-1
5064,18.796136,78.878203,-1
5065,18.807366,78.942867,-1
5066,18.814131,78.916399,-1
5067,18.777147,78.907605,-1
5068,18.776118,78.897372,-1
5069,18.789152,78.917586,-1
5070,18.803932,78.9203,-1
5071,29.867773,77.912118,-1
5072,29.893088,77.881709,-1
5073,29.851208,77.865474,-1
5074,29.879958,77.907016,-1
5075,29.879668,77.872037,-1
5076,29.868515,77.875786,-1
5077,29.829545,77.898421,-1
5078,29.838674,77.888484,-1
5079,29.852524,77.887244,-1
5080,29.897975,77.892546,-1
5081,18.379599,77.128364,-1
5082,18.408018,77.139022,-1
5083,18.39571,77.112698,-1
5084,18.390873,77.060106,-1
5085,18.405657,77.127972,-1
5086,18.397411,77.118441,-1
5087,18.374689,77.088538,-1
5088,18.450531,77.126398,-1
5089,18.384837,77.113541,-1
5090,18.391591,77.106086,-1
5091,23.486171,75.411199,-1
5092,23.450536,75.395849,-1
5093,23.450079,75.385065,-1
5094,23.420954,75.447713,-1
5095,23.46677,75.407621,-1
5096,23.399799,75.423241,-1
5097,23.472816,75.405048,-1
5098,23.477455,75.417866,-1
5099,23.458413,75.4336,-1
5100,23.462137,75.410173,-1
5101,21.887735,77.918046,-1
5102,21.897464,77.90007,-1
5103,21.902214,77.866628,-1
5104,21.898294,77.877056,-1
5105,21.895977,77.939761,-1
5106,21.921875,77.914456,-1
5107,21.880342,77.896095,-1
5108,21.934667,77.926244,-1
5109,21.885856,77.915346,-1
5110,21.895062,77.872865,-1
5111,25.232805,84.996601,-1
5112,25.204112,84.994491,-1
5113,25.225918,84.98336,-1
5114,25.217039,85.000754,-1
5115,25.233891,84.98537,-1
5116,25.21822,84.966483,-1
5117,25.21842,84.98251,-1
5118,25.210578,84.975927,-1
5119,25.198809,84.99381,-1
5120,25.229858,84.985811,-1
5121,29.195114,78.941315,-1
5122,29.20113,78.978006,-1
5123,29.212949,78.959225,-1
5124,29.233998,78.942595,-1
5125,29.209721,78.931048,-1
5126,29.239894,78.94352,-1
5127,29.219855,78.951566,-1
5128,29.210785,78.978767,-1
5129,29.180332,78.984705,-1
5130,29.228108,78.963162,-1
5131,25.595776,83.586773,-1
5132,25.577673,83.575145,-1
5133,25.599804,83.560049,-1
5134,25.603276,83.577793,-1
5135,25.577515,83.605347,-1
5136,25.62977,83.553294,-1
5137,25.572447,83.590383,-1
5138,25.584073,83.603968,-1
5139,25.635821,83.612091,-1
5140,25.601776,83.576415,-1
5141,16.492244,80.561625,-1
5142,16.522032,80.554694,-1
5143,16.555498,80.541804,-1
5144,16.516952,80.519013,-1
5145,16.496922,80.492703,-1
5146,16.526226,80.528772,-1
5147,16.507939,80.531688,-1
5148,16.517316,80.493367,-1
5149,16.507802,80.530153,-1
5150,16.546087,80.538212,-1
5151,10.731141,79.824216,-1
5152,10.772315,79.819998,-1
5153,10.757578,79.809249,-1
5154,10.793665,79.842133,-1
5155,10.766087,79.822795,-1
5156,10.746351,79.816319,-1
5157,10.768411,79.888018,-1
5158,10.772744,79.833063,-1
5159,10.766774,79.863524,-1
5160,10.785435,79.81856,-1
5161,25.587998,83.996426,-1
5162,25.558044,83.987712,-1
5163,25.590249,84.00818,-1
5164,25.553214,83.96094,-1
5165,25.580425,83.959439,-1
5166,25.559301,83.96343,-1
5167,25.624614,83.970999,-1
5168,25.565379,83.994275,-1
5169,25.57722,83.96572,-1
5170,25.568379,83.966063,-1
5171,15.392143,73.826152,-1
5172,15.389443,73.826318,-1
5173,15.425982,73.824495,-1
5174,15.379982,73.834245,-1
5175,15.36389,73.838047,-1
5176,15.382471,73.820303,-1
5177,15.433814,73.802119,-1
5178,15.407547,73.804785,-1
5179,15.358418,73.836699,-1
5180,15.358742,73.812446,-1
5181,22.088506,79.554935,-1
5182,22.088934,79.556014,-1
5183,22.087252,79.55179,-1
5184,22.097481,79.561495,-1
5185,22.090144,79.54664,-1
5186,22.073194,79.51678,-1
5187,22.069251,79.549925,-1
5188,22.089393,79.555833,-1
5189,22.081742,79.556977,-1
5190,22.096651,79.579774,-1
5191,24.713643,84.314259,-1
5192,24.761498,84.3696,-1
5193,24.744502,84.367653,-1
5194,24.733041,84.382664,-1
5195,24.767166,84.385514,-1
5196,24.773799,84.332154,-1
5197,24.752629,84.345146,-1
5198,24.74051,84.391708,-1
5199,24.732808,84.363517,-1
5200,24.7355,84.385934,-1
5201,20.560149,78.830079,-1
5202,20.579355,78.858312,-1
5203,20.561374,78.841656,-1
5204,20.551437,78.847918,-1
5205,20.559145,78.835095,-1
5206,20.544435,78.824709,-1
5207,20.541293,78.828846,-1
5208,20.531225,78.830891,-1
5209,20.565002,78.839305,-1
5210,20.537475,78.811342,-1
5211,20.71853,81.526952,-1
5212,20.733211,81.531847,-1
5213,20.695039,81.531549,-1
5214,20.735186,81.540815,-1
5215,20.701926,81.549221,-1
5216,20.692341,81.524326,-1
5217,20.691364,81.555953,-1
5218,20.730486,81.538149,-1
5219,20.713809,81.534548,-1
5220,20.720413,81.543884,-1
5221,16.094244,80.19777,-1
5222,16.109091,80.198971,-1
5223,16.062868,80.190016,-1
5224,16.084361,80.159336,-1
5225,16.109639,80.179202,-1
5226,16.095617,80.186643,-1
5227,16.063017,80.158991,-1
5228,16.049725,80.179377,-1
5229,16.070642,80.152671,-1
5230,16.093148,80.1672,-1
5231,11.017071,76.130919,-1
5232,11.022472,76.095202,-1
5233,11.080237,76.105347,-1
5234,11.037658,76.095213,-1
5235,11.046868,76.10073,-1
5236,11.086917,76.087965,-1
5237,11.042955,76.075817,-1
5238,11.046852,76.07265,-1
5239,11.036696,76.12283,-1
5240,11.014699,76.049697,-1
5241,23.564867,74.459428,-1
5242,23.563738,74.401833,-1
5243,23.53251,74.43013,-1
5244,23.556555,74.47355,-1
5245,23.540572,74.424871,-1
5246,23.510927,74.434399,-1
5247,23.548157,74.456535,-1
5248,23.545766,74.431254,-1
5249,23.525032,74.451037,-1
5250,23.621402,74.411678,-1
5251,23.194543,82.375717,-1
5252,23.170474,82.33838,-1
5253,23.184376,82.381079,-1
5254,23.197812,82.35712,-1
5255,23.207473,82.348259,-1
5256,23.214569,82.36776,-1
5257,23.172597,82.331906,-1
5258,23.190224,82.340732,-1
5259,23.163109,82.366193,-1
5260,23.201032,82.386023,-1
5261,22.618176,77.765347,-1
5262,22.587031,77.74584,-1
5263,22.608808,77.770453,-1
5264,22.608593,77.791166,-1
5265,22.577715,77.786863,-1
5266,22.614137,77.740739,-1
5267,22.596647,77.742063,-1
5268,22.599189,77.775263,-1
5269,22.641735,77.742298,-1
5270,22.578555,77.754339,-1
5271,15.380445,73.81632,-1
5272,15.398992,73.827886,-1
5273,15.412555,73.834354,-1
5274,15.385339,73.829748,-1
5275,15.404027,73.826479,-1
5276,15.410454,73.816803,-1
5277,15.349164,73.822029,-1
5278,15.375952,73.791462,-1
5279,15.438196,73.820839,-1
5280,15.388006,73.832062,-1
5281,27.317027,88.569243,-1
5282,27.356697,88.62607,-1
5283,27.337447,88.605164,-1
5284,27.314924,88.643343,-1
5285,27.299872,88.621307,-1
5286,27.363631,88.604608,-1
5287,27.310431,88.599457,-1
5288,27.344756,88.589737,-1
5289,27.367248,88.623824,-1
5290,27.353827,88.589297,-1
5291,25.656086,78.463759,-1
5292,25.668148,78.472385,-1
5293,25.720098,78.399992,-1
5294,25.662215,78.422799,-1
5295,25.736621,78.469145,-1
5296,25.640836,78.455471,-1
5297,25.694011,78.479921,-1
5298,25.650976,78.453567,-1
5299,25.66298,78.50755,-1
5300,25.669761,78.468651,-1
5301,31.222708,75.805013,-1
5302,31.200584,75.71838,-1
5303,31.254608,75.735869,-1
5304,31.223642,75.749659,-1
5305,31.230727,75.757808,-1
5306,31.205624,75.781626,-1
5307,31.22554,75.802651,-1
5308,31.207117,75.761331,-1
5309,31.227089,75.804354,-1
5310,31.256533,75.764421,-1
5311,19.150779,72.999956,-1
5312,19.130494,72.991947,-1
5313,19.134719,72.988922,-1
5314,19.130924,72.985175,-1
5315,19.186686,72.988102,-1
5316,19.199387,72.987381,-1
5317,19.171484,72.986889,-1
5318,19.128508,72.971204,-1
5319,19.143635,73.019899,-1
5320,19.139515,72.985483,-1
5321,25.160351,86.125536,-1
5322,25.18986,86.07971,-1
5323,25.190436,86.103971,-1
5324,25.215262,86.110616,-1
5325,25.207925,86.085352,-1
5326,25.169288,86.09595,-1
5327,25.183083,86.112102,-1
5328,25.142529,86.0783,-1
5329,25.20772,86.08074,-1
5330,25.166823,86.093073,-1
5331,27.088818,78.587285,-1
5332,27.111899,78.613304,-1
5333,27.088288,78.586402,-1
5334,27.117545,78.553307,-1
5335,27.120061,78.567778,-1
5336,27.115357,78.575908,-1
5337,27.121771,78.589351,-1
5338,27.101034,78.61007,-1
5339,27.116701,78.561872,-1
5340,27.131816,78.592181,-1
5341,27.809689,78.658367,-1
5342,27.850039,78.621709,-1
5343,27.819263,78.62678,-1
5344,27.800966,78.66279,-1
5345,27.779261,78.630566,-1
5346,27.828526,78.635949,-1
5347,27.819752,78.629083,-1
5348,27.829595,78.641834,-1
5349,27.788769,78.640295,-1
5350,27.81346,78.630196,-1
5351,22.324431,72.657982,-1
5352,22.318468,72.595773,-1
5353,22.321554,72.608335,-1
5354,22.295834,72.593799,-1
5355,22.309099,72.623193,-1
5356,22.301696,72.602135,-1
5357,22.320919,72.618027,-1
5358,22.322188,72.63949,-1
5359,22.346127,72.645891,-1
5360,22.283494,72.615939,-1
5361,25.712899,94.090483,-1
5362,25.682656,94.101288,-1
5363,25.671237,94.086519,-1
5364,25.640501,94.116626,-1
5365,25.68161,94.117758,-1
5366,25.664763,94.105546,-1
5367,25.636617,94.154041,-1
5368,25.662234,94.119604,-1
5369,25.733394,94.137101,-1
5370,25.694322,94.109881,-1
5371,17.649993,75.365614,-1
5372,17.680485,75.344759,-1
5373,17.681521,75.359462,-1
5374,17.673667,75.32639,-1
5375,17.677484,75.28497,-1
5376,17.6658,75.36237,-1
5377,17.672816,75.352827,-1
5378,17.688015,75.341071,-1
5379,17.70941,75.345454,-1
5380,17.70538,75.306169,-1
5381,31.384391,75.402933,-1
5382,31.355491,75.344459,-1
5383,31.393582,75.380334,-1
5384,31.390743,75.384708,-1
5385,31.392546,75.378382,-1
5386,31.403474,75.382057,-1
5387,31.389736,75.374004,-1
5388,31.420471,75.368562,-1
5389,31.395048,75.393441,-1
5390,31.376242,75.401778,-1
5391,21.056679,71.773286,-1
5392,21.095934,71.797731,-1
5393,21.088445,71.772838,-1
5394,21.095971,71.758509,-1
5395,21.085757,71.771652,-1
5396,21.077297,71.760753,-1
5397,21.090136,71.785176,-1
5398,21.077926,71.781391,-1
5399,21.088537,71.764794,-1
5400,21.065963,71.775228,-1
5401,20.278189,73.002145,-1
5402,20.261648,72.987193,-1
5403,20.273087,72.987384,-1
5404,20.294585,73.001165,-1
5405,20.269121,73.048623,-1
5406,20.268481,72.99481,-1
5407,20.209437,73.000729,-1
5408,20.264226,72.977219,-1
5409,20.289309,73.024604,-1
5410,20.256931,72.981505,-1
5411,20.703579,83.464058,-1
5412,20.713226,83.487693,-1
5413,20.725202,83.483433,-1
5414,20.708598,83.482761,-1
5415,20.733045,83.516879,-1
5416,20.721715,83.498109,-1
5417,20.691284,83.483643,-1
5418,20.70369,83.473212,-1
5419,20.71916,83.467555,-1
5420,20.705133,83.538294,-1
5421,25.298139,83.131743,-1
5422,25.285389,83.133256,-1
5423,25.279071,83.109999,-1
5424,25.276137,83.114397,-1
5425,25.243347,83.106101,-1
5426,25.280465,83.13127,-1
5427,25.268518,83.107254,-1
5428,25.250556,83.166321,-1
5429,25.286091,83.125466,-1
5430,25.275064,83.118803,-1
5431,24.866407,85.541689,-1
5432,24.877832,85.545706,-1
5433,24.87871,85.538496,-1
5434,24.864845,85.553593,-1
5435,24.889054,85.523095,-1
5436,24.913297,85.558414,-1
5437,24.868965,85.571584,-1
5438,24.852726,85.53962,-1
5439,24.895806,85.528293,-1
5440,24.865602,85.590115,-1
5441,21.241667,81.403114,-1
5442,21.227316,81.465044,-1
5443,21.228405,81.469133,-1
5444,21.232894,81.486751,-1
5445,21.23086,81.497007,-1
5446,21.223338,81.448079,-1
5447,21.225257,81.494968,-1
5448,21.193871,81.401996,-1
5449,21.225439,81.445188,-1
5450,21.199999,81.432965,-1
5451,29.432212,77.298077,-1
5452,29.448616,77.305611,-1
5453,29.470054,77.288209,-1
5454,29.427644,77.292333,-1
5455,29.431992,77.28884,-1
5456,29.422859,77.306839,-1
5457,29.431299,77.340907,-1
5458,29.47479,77.325566,-1
5459,29.455899,77.316033,-1
5460,29.446371,77.331886,-1
5461,21.907597,84.029119,-1
5462,21.869046,83.99116,-1
5463,21.854812,84.00772,-1
5464,21.837336,83.969467,-1
5465,21.86354,84.028385,-1
5466,21.842954,83.977652,-1
5467,21.854711,84.017458,-1
5468,21.866848,83.975127,-1
5469,21.877947,83.989429,-1
5470,21.8213,83.991427,-1
5471,28.703745,77.303321,-1
5472,28.70952,77.246081,-1
5473,28.729389,77.249904,-1
5474,28.701108,77.280449,-1
5475,28.732341,77.230558,-1
5476,28.735812,77.232414,-1
5477,28.729805,77.2606,-1
5478,28.737822,77.272467,-1
5479,28.724472,77.226024,-1
5480,28.7068,77.24068,-1
5481,20.46567,75.024786,-1
5482,20.45517,75.038467,-1
5483,20.444267,75.027081,-1
5484,20.423032,75.038716,-1
5485,20.47365,75.024839,-1
5486,20.399789,75.009278,-1
5487,20.456225,75.004154,-1
5488,20.480542,75.015722,-1
5489,20.454614,75.012239,-1
5490,20.47113,75.018025,-1
5491,11.949748,79.479302,-1
5492,11.919935,79.50109,-1
5493,11.957124,79.466607,-1
5494,11.939624,79.498588,-1
5495,11.930245,79.509639,-1
5496,11.929957,79.50064,-1
5497,11.915405,79.506939,-1
5498,11.931513,79.474079,-1
5499,11.943158,79.462167,-1
5500,11.955176,79.49501,-1
5501,21.072671,75.064488,-1
5502,21.048562,75.083501,-1
5503,21.044584,75.040775,-1
5504,21.054528,75.074751,-1
5505,21.013187,75.052672,-1
5506,21.066001,75.043027,-1
5507,21.048262,74.993829,-1
5508,21.028901,75.087514,-1
5509,21.055972,75.063621,-1
5510,21.04754,75.049975,-1
5511,11.776263,75.521858,-1
5512,11.751802,75.472862,-1
5513,11.732338,75.495414,-1
5514,11.760553,75.492295,-1
5515,11.772413,75.517601,-1
5516,11.774311,75.518606,-1
5517,11.766392,75.52539,-1
5518,11.752173,75.463639,-1
5519,11.763308,75.499542,-1
5520,11.746817,75.481953,-1
5521,11.144977,76.111716,-1
5522,11.130003,76.10435,-1
5523,11.094017,76.096974,-1
5524,11.133207,76.151718,-1
5525,11.161791,76.125187,-1
5526,11.133566,76.097015,-1
5527,11.119955,76.106515,-1
5528,11.135659,76.104917,-1
5529,11.12591,76.12016,-1
5530,11.086136,76.136195,-1
5531,21.284134,81.61964,-1
5532,21.282447,81.627479,-1
5533,21.347882,81.622446,-1
5534,21.252199,81.600617,-1
5535,21.328156,81.614037,-1
5536,21.305403,81.644944,-1
5537,21.311273,81.611609,-1
5538,21.281998,81.654324,-1
5539,21.270719,81.628833,-1
5540,21.318289,81.615911,-1
5541,25.721381,71.400037,-1
5542,25.742155,71.377212,-1
5543,25.70696,71.38335,-1
5544,25.729965,71.434059,-1
5545,25.736087,71.380218,-1
5546,25.699545,71.413936,-1
5547,25.76101,71.404571,-1
5548,25.750756,71.423969,-1
5549,25.745972,71.425851,-1
5550,25.717473,71.399114,-1
5551,28.721095,77.055236,-1
5552,28.684914,77.063703,-1
5553,28.72665,77.083536,2
5554,28.699206,77.08217,-1
5555,28.732453,77.066887,-1
5556,28.694079,77.113388,-1
5557,28.694499,77.032713,-1
5558,28.737376,77.07831,-1
5559,28.715114,77.091808,-1
5560,28.745419,77.105569,-1
5561,10.929547,76.952098,-1
5562,10.945198,76.937318,-1
5563,10.957599,76.946553,-1
5564,10.966543,76.950922,-1
5565,10.970552,76.989541,-1
5566,10.982307,76.93068,-1
5567,10.920064,76.961724,-1
5568,10.993342,76.930013,-1
5569,10.961429,76.949393,-1
5570,10.924648,76.967551,-1
5571,28.465887,74.46397,-1
5572,28.454952,74.468873,-1
5573,28.388323,74.5048,-1
5574,28.432063,74.508774,-1
5575,28.465596,74.503607,-1
5576,28.422171,74.480165,-1
5577,28.420764,74.498747,-1
5578,28.453762,74.515698,-1
5579,28.449778,74.493419,-1
5580,28.411292,74.494784,-1
5581,25.228002,87.626807,-1
5582,25.250071,87.640567,-1
5583,25.230903,87.628825,-1
5584,25.278875,87.64306,-1
5585,25.243157,87.633882,-1
5586,25.240091,87.655935,-1
5587,25.242909,87.608644,-1
5588,25.235001,87.622713,-1
5589,25.262473,87.616197,-1
5590,25.203139,87.630218,-1
5591,23.004041,72.36251,-1
5592,22.993908,72.399263,-1
5593,22.975976,72.350229,-1
5594,22.994771,72.402987,-1
5595,22.995868,72.390121,-1
5596,22.978014,72.400421,-1
5597,23.006439,72.368366,-1
5598,23.006469,72.407657,-1
5599,23.003001,72.390056,-1
5600,22.959866,72.402175,-1
5601,9.587411,78.614866,-1
5602,9.556418,78.60923,-1
5603,9.514632,78.587341,-1
5604,9.535667,78.585295,-1
5605,9.554896,78.619404,-1
5606,9.520383,78.592755,-1
5607,9.540259,78.5958,-1
5608,9.583409,78.595518,-1
5609,9.535727,78.612432,-1
5610,9.544152,78.609312,-1
5611,30.691296,76.822688,-1
5612,30.653054,76.799309,-1
5613,30.640551,76.815617,-1
5614,30.646392,76.863337,-1
5615,30.649372,76.804168,-1
5616,30.638451,76.821991,-1
5617,30.613431,76.822507,-1
5618,30.638368,76.865389,-1
5619,30.674395,76.831369,-1
5620,30.639696,76.812585,-1
5621,11.376891,77.897566,-1
5622,11.395907,77.899116,-1
5623,11.396351,77.891616,-1
5624,11.339426,77.924252,-1
5625,11.390938,77.875015,-1
5626,11.353309,77.906021,-1
5627,11.378445,77.900418,-1
5628,11.369638,77.903687,-1
5629,11.402389,77.868638,-1
5630,11.401837,77.876654,-1
5631,12.723529,77.297148,-1
5632,12.726118,77.275709,-1
5633,12.728955,77.295654,-1
5634,12.706672,77.271879,-1
5635,12.717103,77.287769,-1
5636,12.741772,77.292754,-1
5637,12.716053,77.280487,-1
5638,12.740886,77.292952,-1
5639,12.746889,77.27973,-1
5640,12.723522,77.26773,-1
5641,15.793163,77.441211,-1
5642,15.752247,77.484285,-1
5643,15.775136,77.473662,-1
5644,15.77925,77.49885,-1
5645,15.791892,77.464977,-1
5646,15.745108,77.467828,-1
5647,15.789587,77.469255,-1
5648,15.78031,77.455046,-1
5649,15.801495,77.463456,-1
5650,15.772851,77.521124,-1
5651,12.69164,78.620188,-1
5652,12.709258,78.611539,-1
5653,12.691154,78.657038,-1
5654,12.648936,78.624804,-1
5655,12.660332,78.585574,-1
5656,12.651769,78.5916,-1
5657,12.688698,78.601511,-1
5658,12.695399,78.613258,-1
5659,12.654313,78.637886,-1
5660,12.685002,78.622269,-1
5661,9.153244,77.873533,-1
5662,9.218742,77.873927,-1
5663,9.170633,77.84233,-1
5664,9.157764,77.865543,-1
5665,9.176564,77.873619,-1
5666,9.173191,77.880575,-1
5667,9.173711,77.865822,-1
5668,9.143061,77.864998,-1
5669,9.147094,77.880006,-1
5670,9.166993,77.892584,-1
5671,18.834741,76.537044,-1
5672,18.805989,76.510647,-1
5673,18.858273,76.516604,-1
5674,18.847833,76.523122,-1
5675,18.877521,76.532673,-1
5676,18.838325,76.509418,-1
5677,18.871792,76.539962,-1
5678,18.845813,76.568784,-1
5679,18.846633,76.527462,-1
5680,18.850097,76.509479,-1
5681,27.212477,79.053795,-1
5682,27.244631,79.050477,-1
5683,27.244385,79.024041,-1
5684,27.26958,79.034578,-1
5685,27.209736,78.998639,-1
5686,27.213031,79.025023,-1
5687,27.270227,79.035216,-1
5688,27.214269,79.027233,-1
5689,27.224144,79.04403,-1
5690,27.213602,79.035819,-1
5691,20.715836,76.563968,-1
5692,20.688504,76.561287,-1
5693,20.696854,76.589516,-1
5694,20.715206,76.546279,-1
5695,20.710444,76.579833,-1
5696,20.691269,76.601594,-1
5697,20.702402,76.54591,-1
5698,20.704856,76.56152,-1
5699,20.752468,76.576542,-1
5700,20.671063,76.56626,-1
5701,27.029126,74.711333,-1
5702,27.05155,74.698013,-1
5703,27.056974,74.702416,-1
5704,27.031069,74.727729,-1
5705,27.070114,74.741147,-1
5706,27.016489,74.675393,-1
5707,27.046223,74.729542,-1
5708,27.009275,74.707386,-1
5709,27.025323,74.698305,-1
5710,27.062587,74.709452,-1
5711,10.017714,77.482953,-1
5712,10.0197,77.48246,-1
5713,10.06414,77.453005,-1
5714,10.058115,77.475758,-1
5715,9.993721,77.515107,-1
5716,9.979475,77.4765,-1
5717,9.996696,77.526701,-1
5718,10.015154,77.516806,-1
5719,10.03116,77.490492,-1
5720,9.998338,77.47218,-1
5721,12.953839,78.838668,-1
5722,12.946036,78.902046,-1
5723,12.934021,78.880519,-1
5724,12.949776,78.893675,-1
5725,12.932809,78.866136,-1
5726,12.948102,78.902937,-1
5727,12.92846,78.868358,-1
5728,12.971873,78.840449,-1
5729,12.96707,78.846377,-1
5730,12.938974,78.875716,-1
5731,22.578811,75.294535,-1
5732,22.590699,75.351086,-1
5733,22.587529,75.306871,-1
5734,22.572072,75.28045,-1
5735,22.593924,75.293783,-1
5736,22.586585,75.291402,-1
5737,22.609867,75.295108,-1
5738,22.580516,75.261722,-1
5739,22.593321,75.280215,-1
5740,22.605029,75.300778,-1
5741,29.119099,77.288141,-1
5742,29.091734,77.267748,-1
5743,29.121272,77.249483,-1
5744,29.134497,77.263623,-1
5745,29.102534,77.233084,-1
5746,29.092916,77.310529,-1
5747,29.126625,77.273578,-1
5748,29.070747,77.271185,-1
5749,29.102184,77.254194,-1
5750,29.109485,77.253087,-1
5751,22.991082,88.395268,-1
5752,22.979278,88.451395,-1
5753,22.948933,88.417494,-1
5754,22.958738,88.455264,-1
5755,22.992295,88.426074,-1
5756,22.944104,88.419034,-1
5757,22.974725,88.397348,-1
5758,22.980624,88.466564,-1
5759,22.982112,88.441681,-1
5760,22.95518,88.444726,-1
5761,13.293526,77.528045,-1
5762,13.305211,77.542451,-1
5763,13.299473,77.514413,-1
5764,13.324745,77.514176,-1
5765,13.247789,77.572162,-1
5766,13.280905,77.590177,-1
5767,13.301865,77.515378,-1
5768,13.282654,77.562798,-1
5769,13.307872,77.557441,-1
5770,13.264133,77.515818,-1
5771,15.841892,80.351827,-1
5772,15.820771,80.306888,-1
5773,15.814942,80.351814,-1
5774,15.840328,80.362735,-1
5775,15.855325,80.342089,-1
5776,15.809617,80.329099,-1
5777,15.82784,80.39044,-1
5778,15.808922,80.385535,-1
5779,15.8402,80.358305,-1
5780,15.810832,80.328918,-1
5781,21.103527,77.05834,-1
5782,21.059053,77.076556,-1
5783,21.071201,77.057856,-1
5784,21.074832,77.06016,-1
5785,21.093511,77.052102,-1
5786,21.119277,77.064431,-1
5787,21.089221,77.065264,-1
5788,21.113184,77.040541,-1
5789,21.093743,77.064285,-1
5790,21.091783,77.045524,-1
5791,28.016779,74.968849,-1
5792,27.95328,74.974289,-1
5793,27.994491,74.948063,-1
5794,28.002041,74.95866,-1
5795,27.989769,74.963784,-1
5796,28.022238,74.931573,-1
5797,27.9989,74.927428,-1
5798,28.007511,74.925594,-1
5799,28.014324,74.937183,-1
5800,28.005689,74.966675,-1
5801,28.615564,77.336011,-1
5802,28.624882,77.330266,-1
5803,28.577183,77.347459,-1
5804,28.611012,77.340392,-1
5805,28.593738,77.311978,-1
5806,28.617335,77.361959,-1
5807,28.571058,77.323927,-1
5808,28.576708,77.333785,-1
5809,28.595527,77.321684,-1
5810,28.616639,77.308632,-1
5811,30.471425,76.574243,-1
5812,30.468395,76.63714,-1
5813,30.49391,76.591443,-1
5814,30.512505,76.594026,-1
5815,30.47232,76.549783,-1
5816,30.486573,76.574461,-1
5817,30.460814,76.610675,-1
5818,30.496637,76.603372,-1
5819,30.475179,76.595015,-1
5820,30.477922,76.573619,-1
5821,19.843584,79.300914,-1
5822,19.830778,79.340286,-1
5823,19.851214,79.343071,-1
5824,19.845249,79.347445,-1
5825,19.804106,79.372923,-1
5826,19.833013,79.346898,-1
5827,19.865681,79.347763,-1
5828,19.830339,79.375665,-1
5829,19.841409,79.341221,-1
5830,19.863265,79.325757,-1
5831,30.59105,74.835988,-1
5832,30.60067,74.815667,-1
5833,30.574889,74.842505,-1
5834,30.576301,74.841825,-1
5835,30.561415,74.849766,-1
5836,30.611694,74.802271,-1
5837,30.568302,74.845185,-1
5838,30.614275,74.79956,-1
5839,30.559264,74.802613,-1
5840,30.58541,74.818784,-1
5841,21.160589,79.651185,-1
5842,21.164995,79.638333,-1
5843,21.202979,79.625138,-1
5844,21.196496,79.657557,-1
5845,21.175361,79.658877,-1
5846,21.163121,79.633639,-1
5847,21.161871,79.670533,-1
5848,21.173933,79.649439,-1
5849,21.153204,79.644927,-1
5850,21.183825,79.685475,-1
5851,28.487465,77.284789,-1
5852,28.518051,77.305345,-1
5853,28.495306,77.321504,-1
5854,28.50154,77.336469,-1
5855,28.501567,77.306845,-1
5856,28.534175,77.359374,-1
5857,28.52149,77.314764,-1
5858,28.49523,77.314496,-1
5859,28.512136,77.297264,-1
5860,28.51264,77.286045,-1
5861,24.57329,85.070128,-1
5862,24.518163,85.028117,-1
5863,24.513997,85.065722,-1
5864,24.521912,85.066403,-1
5865,24.549015,85.036061,-1
5866,24.530625,85.074886,-1
5867,24.528055,85.075081,-1
5868,24.501138,85.038507,-1
5869,24.532361,85.060681,-1
5870,24.519183,85.068751,-1
5871,14.050833,78.746883,-1
5872,14.050586,78.753042,-1
5873,14.041433,78.747351,-1
5874,14.027134,78.760094,-1
5875,14.039614,78.745855,-1
5876,14.070531,78.726084,-1
5877,14.052647,78.744319,-1
5878,14.061993,78.755885,-1
5879,14.064272,78.743841,-1
5880,14.026438,78.743051,-1
5881,9.07101,77.296585,-1
5882,9.072697,77.325014,-1
5883,9.055562,77.351292,-1
5884,9.031804,77.340555,-1
5885,9.100454,77.360955,-1
5886,9.07268,77.300648,-1
5887,9.067477,77.313443,-1
5888,9.08898,77.353419,-1
5889,9.08181,77.372378,-1
5890,9.064381,77.346323,-1
5891,10.293825,76.956324,-1
5892,10.299824,76.935381,-1
5893,10.346145,76.965017,-1
5894,10.304959,76.960193,-1
5895,10.31227,76.951121,-1
5896,10.334668,76.965453,-1
5897,10.303401,76.938646,-1
5898,10.291819,76.95983,-1
5899,10.336849,76.941297,-1
5900,10.309413,76.94733,-1
5901,10.660848,77.018146,-1
5902,10.662273,77.013336,-1
5903,10.640507,77.005442,-1
5904,10.641775,77.024584,-1
5905,10.663346,77.027638,-1
5906,10.662488,76.986763,-1
5907,10.672701,77.010482,-1
5908,10.671625,77.005417,-1
5909,10.677497,76.956257,-1
5910,10.680041,76.974099,-1
5911,14.916244,80.000803,-1
5912,14.916574,79.981897,-1
5913,14.901082,80.000056,-1
5914,14.90646,80.002693,-1
5915,14.90493,79.990186,-1
5916,14.919177,80.000138,-1
5917,14.920736,80.038292,-1
5918,14.914403,79.995468,-1
5919,14.930586,79.976885,-1
5920,14.950638,79.975163,-1
5921,18.433915,73.137446,-1
5922,18.443983,73.110803,-1
5923,18.450732,73.136845,-1
5924,18.427175,73.139182,-1
5925,18.460206,73.094472,-1
5926,18.438657,73.116067,-1
5927,18.431453,73.077626,-1
5928,18.437569,73.11994,-1
5929,18.422793,73.098591,-1
5930,18.864467,79.414499,-1
5931,18.863449,79.447782,-1
5932,18.903959,79.457212,-1
5933,18.886804,79.449462,-1
5934,18.876025,79.449172,-1
5935,18.875586,79.428291,-1
5936,18.867955,79.404606,-1
5937,18.905578,79.451966,-1
5938,18.855572,79.431353,-1
5939,9.897401,78.082953,-1
5940,9.895762,78.117851,-1
5941,9.855378,78.09729,-1
5942,9.916839,78.118537,-1
5943,9.879464,78.069759,-1
5944,9.872572,78.105215,-1
5945,9.888606,78.127317,-1
5946,9.91457,78.117738,-1
5947,9.872756,78.092894,-1
5948,28.78162,77.45382,-1
5949,28.763819,77.500137,-1
5950,28.778661,77.478553,-1
5951,28.768588,77.511696,-1
5952,28.775303,77.520943,-1
5953,28.778201,77.504096,-1
5954,28.799236,77.477739,-1
5955,28.76363,77.458583,-1
5956,28.767504,77.472405,-1
5957,21.676241,72.983888,-1
5958,21.639705,72.985458,-1
5959,21.638052,72.986725,-1
5960,21.658097,72.994347,-1
5961,21.607889,73.008714,-1
5962,21.624404,72.990061,-1
5963,21.630443,73.018163,-1
5964,21.615132,73.007088,-1
5965,21.649265,72.977996,-1
5966,14.093214,78.13914,-1
5967,14.122837,78.1259,-1
5968,14.113705,78.183496,-1
5969,14.106382,78.141772,-1
5970,14.107529,78.17359,-1
5971,14.104042,78.165922,-1
5972,14.119058,78.153235,-1
5973,14.114641,78.115275,-1
5974,14.093562,78.199188,-1
5975,23.292662,81.331418,-1
5976,23.244924,81.365785,-1
5977,23.266881,81.349313,-1
5978,23.300014,81.336815,-1
5979,23.293032,81.387228,-1
5980,23.311606,81.377687,-1
5981,23.308198,81.354889,-1
5982,23.319987,81.359199,-1
5983,23.314626,81.348763,-1
5984,19.643819,74.645536,-1
5985,19.570341,74.650167,-1
5986,19.625074,74.626524,-1
5987,19.631708,74.661,-1
5988,19.619431,74.621332,-1
5989,19.631992,74.619846,-1
5990,19.620024,74.67248,-1
5991,19.584758,74.657853,-1
5992,19.618079,74.646493,-1
5993,25.280963,79.869549,-1
5994,25.27221,79.834367,-1
5995,25.285021,79.886563,-1
5996,25.275106,79.87335,-1
5997,25.308285,79.840445,-1
5998,25.306033,79.885394,-1
5999,25.312218,79.859078,-1
6000,25.285207,79.861403,-1
6001,25.285567,79.846328,-1
6002,23.680552,85.528999,-1
6003,23.659299,85.538071,-1
6004,23.617195,85.530565,-1
6005,23.664138,85.50367,-1
6006,23.593278,85.493606,-1
6007,23.624669,85.502275,-1
6008,23.656216,85.534565,-1
6009,23.620162,85.505562,-1
6010,23.62615,85.518,-1
6011,21.759266,87.757579,-1
6012,21.784043,87.758416,-1
6013,21.811676,87.769998,-1
6014,21.780598,87.753328,-1
6015,21.797278,87.747435,-1
6016,21.802599,87.762494,-1
6017,21.78455,87.755262,-1
6018,21.777202,87.739958,-1
6019,21.756215,87.744466,-1
6020,30.24622,75.896656,-1
6021,30.232194,75.833255,-1
6022,30.221233,75.853639,-1
6023,30.233862,75.84107,-1
6024,30.226366,75.862279,-1
6025,30.246092,75.823744,-1
6026,30.227108,75.831946,-1
6027,30.20201,75.871977,-1
6028,30.223556,75.868761,-1
6029,19.103523,78.350082,-1
6030,19.119262,78.343486,-1
6031,19.076738,78.33497,-1
6032,19.096442,78.388979,-1
6033,19.091543,78.314856,-1
6034,19.120271,78.357685,-1
6035,19.090627,78.326941,-1
6036,19.10379,78.31143,-1
6037,19.062035,78.374947,-1
6038,29.692612,77.68238,-1
6039,29.677052,77.682093,-1
6040,29.679509,77.694722,-1
6041,29.700719,77.677436,-1
6042,29.668176,77.677219,-1
6043,29.680562,77.631123,-1
6044,29.711565,77.739531,-1
6045,29.681631,77.666867,-1
6046,29.68331,77.706971,-1
6047,8.401652,77.079808,-1
6048,8.410653,77.081271,-1
6049,8.387172,77.078009,-1
6050,8.429347,77.099663,-1
6051,8.383016,77.0997,-1
6052,8.365682,77.118748,-1
6053,8.421586,77.102631,-1
6054,8.380124,77.070314,-1
6055,8.425709,77.096467,-1
6056,26.527677,82.630808,-1
6057,26.549309,82.623067,-1
6058,26.550663,82.656929,-1
6059,26.551779,82.653385,-1
6060,26.5552,82.682761,-1
6061,26.559427,82.648023,-1
6062,26.56781,82.665352,-1
6063,26.527574,82.667243,-1
6064,26.538134,82.646468,-1
6065,23.154272,77.404003,-1
6066,23.158111,77.418303,-1
6067,23.188574,77.42289,-1
6068,23.199097,77.405753,-1
6069,23.21787,77.405463,-1
6070,23.143308,77.412863,-1
6071,23.183108,77.435367,-1
6072,23.14807,77.407095,-1
6073,23.154382,77.430871,-1
6074,24.440345,85.538152,-1
6075,24.449985,85.540201,-1
6076,24.422839,85.534777,-1
6077,24.41445,85.52865,-1
6078,24.463007,85.562276,-1
6079,24.433678,85.508178,-1
6080,24.44226,85.541031,-1
6081,24.454573,85.523286,-1
6082,24.419245,85.513647,-1
6083,9.517866,78.098844,-1
6084,9.496357,78.067223,-1
6085,9.474952,78.084912,-1
6086,9.500605,78.100439,-1
6087,9.539659,78.08838,-1
6088,9.529681,78.079882,-1
6089,9.511931,78.110392,-1
6090,9.5198,78.107026,-1
6091,9.513488,78.114299,-1
6092,30.672534,74.718956,-1
6093,30.642798,74.749648,-1
6094,30.692164,74.760471,-1
6095,30.662103,74.79633,-1
6096,30.652323,74.729689,-1
6097,30.66435,74.784431,-1
6098,30.660841,74.740786,-1
6099,30.679954,74.745543,-1
6100,30.699636,74.744154,-1
6101,15.321963,73.968728,-1
6102,15.293642,73.987832,-1
6103,15.264606,73.989304,-1
6104,15.286679,73.937484,-1
6105,15.232323,73.977228,-1
6106,15.239529,73.974336,-1
6107,15.268805,73.95978,-1
6108,15.287267,73.923993,-1
6109,15.305042,73.989322,-1
6110,11.124457,77.307369,-1
6111,11.108162,77.344633,-1
6112,11.146874,77.307049,-1
6113,11.157093,77.338259,-1
6114,11.129635,77.336312,-1
6115,11.118783,77.293609,-1
6116,11.157322,77.316758,-1
6117,11.153634,77.29678,-1
6118,11.179668,77.30774,-1
6119,24.934304,86.22173,-1
6120,24.899301,86.248586,-1
6121,24.937673,86.202054,-1
6122,24.903264,86.248378,-1
6123,24.927135,86.22089,-1
6124,24.924449,86.26846,-1
6125,24.944504,86.190916,-1
6126,24.94487,86.246939,-1
6127,24.939394,86.245088,-1
6128,23.141132,70.018279,-1
6129,23.119114,70.064405,-1
6130,23.138344,69.993751,-1
6131,23.14995,70.019092,-1
6132,23.103446,70.034675,-1
6133,23.10056,70.020248,-1
6134,23.13119,70.011525,-1
6135,23.117915,70.024485,-1
6136,23.069588,70.0193,-1
6137,18.771535,84.07775,-1
6138,18.774393,84.12686,-1
6139,18.762346,84.09075,-1
6140,18.754265,84.071178,-1
6141,18.771638,84.108036,-1
6142,18.781864,84.111545,-1
6143,18.764788,84.077708,-1
6144,18.759739,84.077724,-1
6145,18.782126,84.079867,-1
6146,23.74827,86.417852,-1
6147,23.751973,86.422202,-1
6148,23.762026,86.410315,-1
6149,23.761604,86.412444,-1
6150,23.720933,86.393099,-1
6151,23.735784,86.36724,-1
6152,23.748225,86.401962,-1
6153,23.718528,86.438069,-1
6154,23.726591,86.382705,-1
6155,10.89843,79.83621,-1
6156,10.925784,79.850861,-1
6157,10.92856,79.829922,-1
6158,10.93923,79.818847,-1
6159,10.876342,79.833998,-1
6160,10.881191,79.830116,-1
6161,10.945918,79.854846,-1
6162,10.894269,79.86311,-1
6163,10.906549,79.858969,-1
6164,21.250157,79.181545,-1
6165,21.222847,79.205626,-1
6166,21.250029,79.201113,-1
6167,21.22986,79.208229,-1
6168,21.190065,79.193575,-1
6169,21.204808,79.182985,-1
6170,21.229,79.161176,-1
6171,21.228184,79.183366,-1
6172,21.221722,79.183581,-1
6173,29.080686,75.990282,-1
6174,29.108239,75.9561,-1
6175,29.110482,75.928465,-1
6176,29.084169,75.981451,-1
6177,29.087848,75.955968,-1
6178,29.103059,75.979862,-1
6179,29.108399,75.979366,-1
6180,29.1059,75.923324,-1
6181,29.117934,75.972798,-1
6182,11.060059,79.654208,-1
6183,11.109997,79.679446,-1
6184,11.123592,79.64756,-1
6185,11.083362,79.671813,-1
6186,11.122742,79.67826,-1
6187,11.123454,79.651646,-1
6188,11.103524,79.655169,-1
6189,11.108121,79.637347,-1
6190,11.112099,79.642291,-1
6191,17.730013,82.981196,-1
6192,17.703846,82.987856,-1
6193,17.728083,82.990005,-1
6194,17.700465,83.029292,-1
6195,17.700019,82.993616,-1
6196,17.665161,83.02121,-1
6197,17.654591,83.02135,-1
6198,17.690583,83.035398,-1
6199,17.669515,83.021189,-1
6200,13.028538,80.139934,-1
6201,13.069791,80.162723,-1
6202,13.068964,80.191889,-1
6203,13.077646,80.176346,-1
6204,13.066888,80.166199,-1
6205,13.105144,80.168616,-1
6206,13.087389,80.166349,-1
6207,13.043487,80.185688,-1
6208,13.071137,80.155872,-1
6209,22.112904,78.151402,-1
6210,22.113464,78.144175,-1
6211,22.058986,78.175356,-1
6212,22.129061,78.191081,-1
6213,22.09865,78.165634,-1
6214,22.144384,78.191248,-1
6215,22.123361,78.186791,-1
6216,22.098033,78.181921,-1
6217,22.127988,78.150464,-1
6218,26.897803,76.321776,-1
6219,26.898681,76.329056,-1
6220,26.901034,76.32679,-1
6221,26.874684,76.345166,-1
6222,26.881839,76.352377,-1
6223,26.90119,76.330496,-1
6224,26.872753,76.345064,-1
6225,26.864021,76.278866,-1
6226,26.893841,76.323366,-1
6227,20.333516,86.622517,-1
6228,20.320638,86.608403,-1
6229,20.322089,86.627805,-1
6230,20.303278,86.596232,-1
6231,20.299109,86.621063,-1
6232,20.308448,86.588834,-1
6233,20.305909,86.610367,-1
6234,20.306213,86.615859,-1
6235,20.320906,86.582964,-1
6236,19.747069,77.144387,-1
6237,19.66373,77.15017,-1
6238,19.707445,77.161343,-1
6239,19.706348,77.147657,-1
6240,19.718652,77.125737,-1
6241,19.692636,77.126051,-1
6242,19.704415,77.148048,-1
6243,19.712253,77.190346,-1
6244,19.752217,77.116479,-1
6245,25.481114,85.976672,-1
6246,25.474004,85.97964,-1
6247,25.452845,85.97426,-1
6248,25.479807,85.951117,-1
6249,25.460841,85.976735,-1
6250,25.470295,85.994795,-1
6251,25.479476,86.009357,-1
6252,25.471053,85.947759,-1
6253,25.456112,85.990806,-1
6254,18.853666,82.595561,-1
6255,18.851347,82.562066,-1
6256,18.824678,82.558767,-1
6257,18.82395,82.560287,-1
6258,18.859457,82.58299,-1
6259,18.881441,82.580876,-1
6260,18.867693,82.578731,-1
6261,18.861493,82.585064,-1
6262,18.863153,82.539945,-1
6263,29.37239,78.109799,-1
6264,29.391481,78.16289,-1
6265,29.377494,78.140041,-1
6266,29.392357,78.130132,-1
6267,29.379454,78.136929,-1
6268,29.364153,78.153457,-1
6269,29.375854,78.130714,-1
6270,29.386164,78.143222,-1
6271,29.343663,78.137119,-1
6272,21.747706,70.435103,-1
6273,21.733362,70.43697,-1
6274,21.708387,70.454397,-1
6275,21.750032,70.429366,-1
6276,21.732001,70.443539,-1
6277,21.773079,70.466283,-1
6278,21.744971,70.459613,-1
6279,21.745483,70.415407,-1
6280,21.767248,70.462609,-1
6281,11.352454,77.736369,-1
6282,11.396497,77.705983,-1
6283,11.306396,77.661859,-1
6284,11.375282,77.698688,-1
6285,11.358697,77.710906,-1
6286,11.358078,77.678884,-1
6287,11.343496,77.728902,-1
6288,11.359872,77.669757,-1
6289,11.354048,77.717169,-1
6290,21.806168,80.183226,-1
6291,21.858553,80.168731,-1
6292,21.85204,80.230727,-1
6293,21.807672,80.188091,-1
6294,21.820624,80.224512,-1
6295,21.815854,80.187407,-1
6296,21.820798,80.170128,-1
6297,21.825029,80.178522,-1
6298,21.814325,80.183624,-1
6299,32.956941,75.129955,-1
6300,32.953968,75.151656,-1
6301,32.920346,75.137541,-1
6302,32.887953,75.156542,-1
6303,32.907923,75.145766,-1
6304,32.959624,75.12412,-1
6305,32.961756,75.128925,-1
6306,32.893643,75.137134,-1
6307,32.90345,75.131453,-1
6308,29.575585,78.314731,-1
6309,29.600191,78.386606,-1
6310,29.626788,78.353387,-1
6311,29.62038,78.342781,-1
6312,29.639716,78.333046,-1
6313,29.574255,78.340859,-1
6314,29.650164,78.353415,-1
6315,29.586466,78.345569,-1
6316,29.608325,78.354657,-1
6317,11.043034,76.935293,-1
6318,11.008967,76.941023,-1
6319,11.069452,76.92927,-1
6320,11.030837,76.943449,-1
6321,11.066666,76.942704,-1
6322,11.015548,76.92687,-1
6323,11.05288,76.929764,-1
6324,11.02492,76.905013,-1
6325,11.076496,76.916472,-1
6326,14.475038,75.80687,-1
6327,14.537111,75.806202,-1
6328,14.537525,75.829373,-1
6329,14.498605,75.808591,-1
6330,14.496443,75.791582,-1
6331,14.53879,75.826368,-1
6332,14.517903,75.823464,-1
6333,14.492224,75.816108,-1
6334,14.516187,75.779947,-1
6335,28.591546,77.294143,-1
6336,28.597882,77.3228,-1
6337,28.590468,77.299123,-1
6338,28.568885,77.304733,-1
6339,28.570218,77.322697,-1
6340,28.586089,77.290592,-1
6341,28.595057,77.298458,-1
6342,28.605817,77.288443,-1
6343,28.576549,77.300154,-1
6344,18.419793,78.809829,-1
6345,18.382483,78.813299,-1
6346,18.361372,78.826521,-1
6347,18.377396,78.801076,-1
6348,18.392713,78.819215,-1
6349,18.399213,78.823038,-1
6350,18.372193,78.793849,-1
6351,18.37115,78.821571,-1
6352,18.425618,78.800665,-1
6353,26.463738,77.012087,-1
6354,26.498833,77.02327,-1
6355,26.491143,77.041947,-1
6356,26.501977,77.045684,-1
6357,26.496632,77.045005,-1
6358,26.501352,77.036527,-1
6359,26.490411,77.013899,-1
6360,26.503484,77.025786,-1
6361,26.499885,77.024026,-1
6362,30.011687,75.404088,-1
6363,30.004845,75.38157,-1
6364,29.999809,75.395029,-1
6365,29.985201,75.400463,-1
6366,30.026763,75.376806,-1
6367,30.009336,75.434626,-1
6368,29.976493,75.407996,-1
6369,29.99942,75.416637,-1
6370,29.982446,75.419691,-1
6371,24.481191,88.118649,-1
6372,24.463679,88.093119,-1
6373,24.512662,88.060623,-1
6374,24.469342,88.077347,-1
6375,24.466081,88.097909,-1
6376,24.479529,88.068844,-1
6377,24.496096,88.069434,-1
6378,24.501481,88.090157,-1
6379,24.474603,88.077768,-1
6380,30.668312,76.293385,-1
6381,30.677642,76.310627,-1
6382,30.689661,76.313381,-1
6383,30.66417,76.311399,-1
6384,30.695393,76.301414,-1
6385,30.653192,76.303761,-1
6386,30.675015,76.329629,-1
6387,30.66895,76.303013,-1
6388,30.635889,76.305611,-1
6389,23.660915,85.305997,-1
6390,23.640548,85.353044,-1
6391,23.661086,85.320286,-1
6392,23.673056,85.322219,-1
6393,23.681727,85.351056,-1
6394,23.620929,85.318486,-1
6395,23.685333,85.322778,-1
6396,23.664405,85.313935,-1
6397,23.686518,85.323239,-1
6398,12.795889,80.036188,-1
6399,12.781377,80.050748,-1
6400,12.766225,80.028745,-1
6401,12.820238,79.98287,-1
6402,12.782812,80.010924,-1
6403,12.782897,80.041383,-1
6404,12.746481,80.036385,-1
6405,12.781508,80.058489,-1
6406,12.797163,80.007022,-1
6407,24.56356,77.727534,-1
6408,24.582984,77.715291,-1
6409,24.571398,77.740596,-1
6410,24.593856,77.721079,-1
6411,24.561929,77.712579,-1
6412,24.548375,77.692488,-1
6413,24.593251,77.707179,-1
6414,24.544171,77.712692,-1
6415,24.559629,77.709908,-1
6416,25.572295,85.068331,-1
6417,25.570045,85.054276,-1
6418,25.562849,85.075864,-1
6419,25.574759,85.053744,-1
6420,25.560931,85.103603,-1
6421,25.532456,85.087054,-1
6422,25.572286,85.054981,-1
6423,25.569589,85.078735,-1
6424,25.573773,85.09079,-1
6425,22.57844,75.763628,-1
6426,22.565887,75.782354,-1
6427,22.559468,75.756671,-1
6428,22.578931,75.771711,-1
6429,22.549506,75.739401,-1
6430,22.569558,75.740645,-1
6431,22.546518,75.734414,-1
6432,22.549036,75.733253,-1
6433,22.555991,75.771648,-1
6434,30.255082,74.492669,-1
6435,30.201602,74.468779,-1
6436,30.212785,74.501045,-1
6437,30.212331,74.493698,-1
6438,30.182707,74.473854,-1
6439,30.239991,74.503016,-1
6440,30.195335,74.506903,-1
6441,30.22712,74.508992,-1
6442,30.216971,74.438908,-1
6443,23.246795,72.338272,-1
6444,23.339309,72.358892,-1
6445,23.257571,72.324106,-1
6446,23.2845,72.355437,-1
6447,23.301414,72.325043,-1
6448,23.275152,72.31833,-1
6449,23.322244,72.334733,-1
6450,23.282726,72.305661,-1
6451,23.292464,72.342065,-1
6452,20.887706,72.905361,-1
6453,20.900187,72.89593,-1
6454,20.932269,72.921256,-1
6455,20.91538,72.916687,-1
6456,20.941285,72.900147,-1
6457,20.908059,72.941321,-1
6458,20.943974,72.911512,-1
6459,20.890729,72.910014,-1
6460,20.890525,72.894953,-1
6461,16.501677,81.739643,-1
6462,16.52547,81.702897,-1
6463,16.538586,81.708667,-1
6464,16.540468,81.730488,-1
6465,16.551441,81.730382,-1
6466,16.495555,81.741288,-1
6467,16.541568,81.757834,-1
6468,16.576897,81.761707,-1
6469,16.52725,81.744114,-1
6470,23.584471,72.961416,-1
6471,23.625247,72.968986,-1
6472,23.590513,72.971461,-1
6473,23.586418,72.97628,-1
6474,23.624061,72.971925,-1
6475,23.580164,72.963606,-1
6476,23.60451,72.938385,-1
6477,23.628744,72.973081,-1
6478,23.581435,72.979961,-1
6479,22.748189,72.440226,-1
6480,22.702079,72.436547,-1
6481,22.717233,72.424982,-1
6482,22.719864,72.419751,-1
6483,22.709184,72.482113,-1
6484,22.708377,72.460766,-1
6485,22.744812,72.412091,-1
6486,22.735113,72.428827,-1
6487,22.715014,72.449407,-1
6488,30.567991,74.836136,-1
6489,30.576854,74.82553,-1
6490,30.576353,74.837809,-1
6491,30.557591,74.810422,-1
6492,30.604728,74.863451,-1
6493,30.651307,74.82711,-1
6494,30.577974,74.817084,-1
6495,30.587484,74.811408,-1
6496,30.607788,74.844831,-1
6497,21.292855,83.625871,-1
6498,21.304217,83.627689,-1
6499,21.310775,83.586238,-1
6500,21.330085,83.635334,-1
6501,21.307167,83.609811,-1
6502,21.340395,83.605542,-1
6503,21.332391,83.59664,-1
6504,21.32587,83.622677,-1
6505,21.337106,83.605738,-1
6506,19.056573,73.034575,-1
6507,19.023117,73.073705,-1
6508,19.050585,73.08436,-1
6509,19.067138,73.052161,-1
6510,19.033901,73.073684,-1
6511,19.055329,73.081671,-1
6512,19.036094,73.097134,-1
6513,19.057505,73.097047,-1
6514,19.047891,73.069259,-1
6515,29.38137,77.247377,-1
6516,29.351974,77.217875,-1
6517,29.367324,77.207583,-1
6518,29.412165,77.193898,-1
6519,29.396144,77.236202,-1
6520,29.372603,77.175111,-1
6521,29.412045,77.228905,-1
6522,29.408542,77.209817,-1
6523,29.396261,77.197699,-1
6524,21.841911,83.948921,-1
6525,21.837645,83.900833,-1
6526,21.808829,83.886256,-1
6527,21.864517,83.898287,-1
6528,21.819273,83.912942,-1
6529,21.808877,83.939854,-1
6530,21.808666,83.913023,-1
6531,21.81173,83.938534,-1
6532,21.8218,83.892206,-1
6533,18.33293,78.368495,-1
6534,18.316969,78.329305,-1
6535,18.335698,78.322809,-1
6536,18.322226,78.38374,-1
6537,18.33753,78.337833,-1
6538,18.317232,78.365875,-1
6539,18.353874,78.314536,-1
6540,18.302869,78.344509,-1
6541,18.309713,78.334346,-1
6542,17.623836,80.68563,-1
6543,17.588684,80.658636,-1
6544,17.565464,80.660921,-1
6545,17.574639,80.677679,-1
6546,17.539053,80.687446,-1
6547,17.582375,80.664717,-1
6548,17.589462,80.711027,-1
6549,17.56834,80.663825,-1
6550,17.604573,80.722832,-1
6551,20.296337,74.424624,-1
6552,20.248424,74.416553,-1
6553,20.252745,74.413921,-1
6554,20.264083,74.431785,-1
6555,20.270147,74.451422,-1
6556,20.250409,74.437996,-1
6557,20.244596,74.402954,-1
6558,20.265861,74.430761,-1
6559,20.284949,74.455611,-1
6560,13.727607,79.682105,-1
6561,13.759684,79.683501,-1
6562,13.709613,79.702089,-1
6563,13.748761,79.725612,-1
6564,13.753219,79.707084,-1
6565,13.752015,79.691634,-1
6566,13.790428,79.699377,-1
6567,13.717501,79.702042,-1
6568,13.748256,79.724948,-1
6569,17.551599,80.624234,-1
6570,17.548213,80.637425,-1
6571,17.529158,80.599444,-1
6572,17.564829,80.628666,-1
6573,17.530134,80.58979,-1
6574,17.538,80.594137,-1
6575,17.542605,80.603739,-1
6576,17.545411,80.621486,-1
6577,26.941621,81.17569,-1
6578,26.932046,81.19316,-1
6579,26.930129,81.21883,-1
6580,26.981618,81.199918,-1
6581,26.947786,81.213209,-1
6582,26.933518,81.221837,-1
6583,26.939136,81.172841,-1
6584,26.935267,81.178092,-1
6585,16.162989,74.808128,-1
6586,16.183635,74.855419,-1
6587,16.168887,74.791741,-1
6588,16.169304,74.844977,-1
6589,16.170789,74.842434,-1
6590,16.138185,74.82577,-1
6591,16.167997,74.83121,-1
6592,16.197911,74.79381,-1
6593,24.75094,78.818573,-1
6594,24.722718,78.856423,-1
6595,24.768239,78.811671,-1
6596,24.762703,78.824646,-1
6597,24.772989,78.820514,-1
6598,24.710338,78.782545,-1
6599,24.75329,78.816138,-1
6600,24.746511,78.84825,-1
6601,13.076358,79.655991,-1
6602,13.062799,79.670158,-1
6603,13.094778,79.677017,-1
6604,13.058316,79.677836,-1
6605,13.066748,79.65247,-1
6606,13.078522,79.669146,-1
6607,13.077845,79.699219,-1
6608,13.101279,79.65835,-1
6609,26.171538,87.523458,-1
6610,26.128186,87.531578,-1
6611,26.132855,87.465977,-1
6612,26.128583,87.544931,-1
6613,26.137374,87.510886,-1
6614,26.115042,87.526977,-1
6615,26.172747,87.51722,-1
6616,26.135418,87.512099,-1
6617,26.353258,89.466474,-1
6618,26.287842,89.412645,-1
6619,26.290527,89.422779,-1
6620,26.319681,89.462576,-1
6621,26.310316,89.443982,-1
6622,26.342253,89.444948,-1
6623,26.337254,89.446266,-1
6624,26.370136,89.455592,-1
6625,18.431921,73.749214,-1
6626,18.414,73.779033,-1
6627,18.451182,73.80692,-1
6628,18.435801,73.799016,-1
6629,18.447106,73.774221,-1
6630,18.449885,73.792499,-1
6631,18.450928,73.788095,-1
6632,18.424826,73.763567,-1
6633,25.387725,82.543616,-1
6634,25.373356,82.590099,-1
6635,25.371109,82.559227,-1
6636,25.398564,82.56576,-1
6637,25.401372,82.568835,-1
6638,25.418962,82.580147,-1
6639,25.417089,82.57787,-1
6640,25.382044,82.576638,-1
6641,23.625435,88.173124,-1
6642,23.63077,88.134549,-1
6643,23.678013,88.132332,-1
6644,23.628959,88.133365,-1
6645,23.689391,88.109908,-1
6646,23.640485,88.109857,-1
6647,23.607433,88.149981,-1
6648,23.637221,88.102599,-1
6649,24.031752,84.058009,-1
6650,24.02702,84.048117,-1
6651,24.000313,84.081463,-1
6652,24.02341,84.119755,-1
6653,24.020749,84.077844,-1
6654,24.047693,84.101349,-1
6655,24.039235,84.062193,-1
6656,24.020412,84.088477,-1
6657,20.130438,77.112478,-1
6658,20.082373,77.143569,-1
6659,20.138152,77.135945,-1
6660,20.120353,77.120301,-1
6661,20.092834,77.144866,-1
6662,20.104969,77.175431,-1
6663,20.08388,77.130558,-1
6664,20.118391,77.132075,-1
6665,22.765648,86.186161,-1
6666,22.739313,86.166404,-1
6667,22.759155,86.205223,-1
6668,22.782438,86.188324,-1
6669,22.772802,86.228462,-1
6670,22.751174,86.173988,-1
6671,22.778161,86.176454,-1
6672,22.786582,86.187439,-1
6673,21.324163,71.318701,-1
6674,21.306511,71.263103,-1
6675,21.378822,71.271552,-1
6676,21.363154,71.316595,-1
6677,21.335741,71.331378,-1
6678,21.321443,71.287945,-1
6679,21.330581,71.325685,-1
6680,21.343839,71.335123,-1
6681,23.869577,77.96107,-1
6682,23.861738,77.934907,-1
6683,23.851718,77.932725,-1
6684,23.864273,77.94156,-1
6685,23.82067,77.923247,-1
6686,23.875415,77.915675,-1
6687,23.86261,77.897167,-1
6688,23.861162,77.903705,-1
6689,16.751407,81.686374,-1
6690,16.775025,81.693303,-1
6691,16.744702,81.682585,-1
6692,16.742464,81.688819,-1
6693,16.764488,81.679021,-1
6694,16.761382,81.67784,-1
6695,16.764287,81.689547,-1
6696,16.775276,81.708435,-1
6697,32.062273,75.386878,-1
6698,32.00442,75.402607,-1
6699,32.036279,75.391307,-1
6700,32.052888,75.421253,-1
6701,32.038569,75.388318,-1
6702,32.035671,75.41899,-1
6703,32.092114,75.414443,-1
6704,32.023417,75.393335,-1
6705,10.046592,76.360719,-1
6706,10.079276,76.373004,-1
6707,9.992412,76.381846,-1
6708,10.069161,76.37275,-1
6709,10.079997,76.331182,-1
6710,10.039857,76.417556,-1
6711,10.082567,76.372215,-1
6712,10.103153,76.383535,-1
6713,18.638787,77.905495,-1
6714,18.662581,77.89814,-1
6715,18.637513,77.911995,-1
6716,18.683659,77.924678,-1
6717,18.649609,77.897706,-1
6718,18.654187,77.857093,-1
6719,18.691202,77.927319,-1
6720,18.654932,77.879849,-1
6721,27.434097,82.177253,-1
6722,27.391109,82.166172,-1
6723,27.418789,82.178783,-1
6724,27.441547,82.184801,-1
6725,27.450842,82.235728,-1
6726,27.460584,82.200676,-1
6727,27.43647,82.19228,-1
6728,27.417206,82.219124,-1
6729,34.199905,74.359859,-1
6730,34.23647,74.33878,-1
6731,34.170869,74.362013,-1
6732,34.169277,74.357441,-1
6733,34.233593,74.334495,-1
6734,34.244472,74.328761,-1
6735,34.208778,74.306055,-1
6736,34.247256,74.331693,-1
6737,14.836779,74.158115,-1
6738,14.822346,74.13012,-1
6739,14.802679,74.123966,-1
6740,14.850152,74.085872,-1
6741,14.794109,74.103668,-1
6742,14.795569,74.10636,-1
6743,14.828027,74.137125,-1
6744,14.788739,74.136364,-1
6745,24.69096,87.947556,-1
6746,24.670492,87.966607,-1
6747,24.692269,87.946894,-1
6748,24.673729,87.945226,-1
6749,24.666569,87.951653,-1
6750,24.691555,87.972415,-1
6751,24.696476,87.971018,-1
6752,24.695624,87.940261,-1
6753,16.48953,75.09604,-1
6754,16.510778,75.08019,-1
6755,16.444902,75.114897,-1
6756,16.462743,75.09852,-1
6757,16.453516,75.097755,-1
6758,16.490524,75.146982,-1
6759,16.46903,75.127906,-1
6760,16.453621,75.127039,-1
6761,29.11214,77.918021,-1
6762,29.127729,77.939307,-1
6763,29.108053,77.912147,-1
6764,29.089461,77.919953,-1
6765,29.092741,77.924173,-1
6766,29.10664,77.880802,-1
6767,29.112374,77.947352,-1
6768,29.118346,77.919686,-1
6769,21.339499,74.837901,-1
6770,21.33753,74.873146,-1
6771,21.328236,74.881669,-1
6772,21.323529,74.884136,-1
6773,21.361476,74.874792,-1
6774,21.383435,74.910126,-1
6775,21.339529,74.883688,-1
6776,21.369163,74.868706,-1
6777,22.472335,88.14105,-1
6778,22.464699,88.213077,-1
6779,22.486838,88.206916,-1
6780,22.467884,88.194698,-1
6781,22.497136,88.181521,-1
6782,22.48223,88.204762,-1
6783,22.480617,88.18256,-1
6784,22.494646,88.208731,-1
6785,21.315482,71.306096,-1
6786,21.3729,71.336827,-1
6787,21.295869,71.316649,-1
6788,21.312793,71.304626,-1
6789,21.329274,71.30614,-1
6790,21.361415,71.288772,-1
6791,21.343166,71.299322,-1
6792,21.35708,71.31716,-1
6793,23.717863,72.529126,-1
6794,23.692641,72.593431,-1
6795,23.701903,72.565627,-1
6796,23.691697,72.55905,-1
6797,23.715654,72.534007,-1
6798,23.720514,72.585329,-1
6799,23.710332,72.551674,-1
6800,23.707353,72.541441,-1
6801,27.073157,79.914517,-1
6802,27.051332,79.90877,-1
6803,27.036171,79.930137,-1
6804,27.067071,79.920897,-1
6805,27.053883,79.913274,-1
6806,27.066983,79.917319,-1
6807,27.078427,79.930768,-1
6808,27.070159,79.935682,-1
6809,28.712483,77.260961,-1
6810,28.689461,77.262608,-1
6811,28.723777,77.246133,-1
6812,28.683752,77.253689,-1
6813,28.687453,77.259627,-1
6814,28.668612,77.22717,-1
6815,28.739998,77.245499,-1
6816,28.726554,77.247514,-1
6817,12.980188,80.261985,-1
6818,12.997317,80.277623,-1
6819,12.977986,80.240621,-1
6820,12.962162,80.269113,-1
6821,12.923618,80.238754,-1
6822,12.927284,80.279564,-1
6823,12.924021,80.26912,-1
6824,12.916943,80.246648,-1
6825,29.425283,78.465516,-1
6826,29.461281,78.422917,-1
6827,29.487441,78.437208,-1
6828,29.443619,78.422404,-1
6829,29.439783,78.454848,-1
6830,29.453242,78.445482,-1
6831,29.482504,78.409604,-1
6832,29.480225,78.418276,-1
6833,11.638329,75.583961,-1
6834,11.581976,75.578428,-1
6835,11.574671,75.571488,-1
6836,11.610978,75.554689,-1
6837,11.601213,75.561821,-1
6838,11.600257,75.586342,-1
6839,11.642863,75.586353,-1
6840,11.605156,75.608867,-1
6841,30.387894,74.0666,-1
6842,30.393496,74.055574,-1
6843,30.437906,74.038619,-1
6844,30.382417,74.010459,-1
6845,30.408145,74.043495,-1
6846,30.40378,74.027204,-1
6847,30.451291,74.031036,-1
6848,30.406087,74.017879,-1
6849,12.883832,77.664768,-1
6850,12.848369,77.659456,-1
6851,12.862047,77.64177,-1
6852,12.858932,77.655624,-1
6853,12.82507,77.660609,-1
6854,12.891257,77.695487,-1
6855,12.847225,77.675937,-1
6856,12.87231,77.651594,-1
6857,17.01931,73.327007,-1
6858,16.991909,73.323148,-1
6859,16.982916,73.311058,-1
6860,16.993484,73.313433,-1
6861,17.009627,73.314377,-1
6862,16.990268,73.344746,-1
6863,17.02702,73.298404,-1
6864,16.998184,73.290234,-1
6865,21.280723,70.259136,-1
6866,21.308299,70.264433,-1
6867,21.32516,70.241505,-1
6868,21.325985,70.25625,-1
6869,21.310415,70.261773,-1
6870,21.302235,70.246345,-1
6871,21.305123,70.269043,-1
6872,21.305457,70.247959,-1
6873,22.707329,88.347149,-1
6874,22.697825,88.358295,-1
6875,22.729875,88.376853,-1
6876,22.695217,88.345475,-1
6877,22.703828,88.344797,-1
6878,22.694624,88.314616,-1
6879,22.729863,88.323065,-1
6880,22.719636,88.360101,-1
6881,13.376016,78.030025,-1
6882,13.407759,78.056312,-1
6883,13.397118,78.016523,-1
6884,13.41453,78.069254,-1
6885,13.443094,78.0415,-1
6886,13.456442,78.047929,-1
6887,13.423034,78.062612,-1
6888,13.406051,78.093098,-1
6889,12.982273,80.144297,-1
6890,12.986612,80.168378,-1
6891,12.974691,80.14516,-1
6892,12.982011,80.115327,-1
6893,12.980197,80.150546,0
6894,12.968169,80.114617,4
6895,12.976676,80.113046,-1
6896,12.981455,80.15407,0
6897,15.766159,76.74991,-1
6898,15.750017,76.766932,-1
6899,15.768388,76.750038,-1
6900,15.766315,76.772359,-1
6901,15.790733,76.752544,-1
6902,15.744965,76.781842,-1
6903,15.811468,76.762072,-1
6904,15.780356,76.740911,-1
6905,26.375649,86.043308,-1
6906,26.362077,86.087775,-1
6907,26.323598,86.070431,-1
6908,26.37922,86.065217,-1
6909,26.358158,86.093954,-1
6910,26.337117,86.057901,-1
6911,26.339628,86.053378,-1
6912,26.345589,86.086372,-1
6913,9.995218,77.328138,-1
6914,10.035875,77.34088,-1
6915,10.020687,77.336877,-1
6916,9.996527,77.34109,-1
6917,10.001881,77.335921,-1
6918,10.013919,77.332353,-1
6919,10.014614,77.348367,-1
6920,9.988695,77.364359,-1
6921,18.600777,73.843326,-1
6922,18.558316,73.85551,-1
6923,18.532122,73.849734,-1
6924,18.576785,73.843738,-1
6925,18.573727,73.866743,-1
6926,18.537274,73.829982,-1
6927,18.543383,73.859841,-1
6928,18.552889,73.820746,-1
6929,22.978545,71.454764,-1
6930,23.014593,71.452645,-1
6931,23.014043,71.462496,-1
6932,22.984926,71.444935,-1
6933,23.006035,71.481613,-1
6934,22.979632,71.514661,-1
6935,22.960691,71.490012,-1
6936,22.991964,71.49872,-1
6937,26.615301,92.810206,-1
6938,26.655704,92.762406,-1
6939,26.652849,92.753499,-1
6940,26.598127,92.81187,-1
6941,26.588046,92.770181,-1
6942,26.653642,92.827025,-1
6943,26.63409,92.817671,-1
6944,26.639047,92.776648,-1
6945,9.508632,77.620782,-1
6946,9.503585,77.641513,-1
6947,9.513151,77.635381,-1
6948,9.518152,77.625563,-1
6949,9.520867,77.654366,-1
6950,9.533951,77.647773,-1
6951,9.495966,77.637333,-1
6952,9.515113,77.634615,-1
6953,26.053204,86.178384,-1
6954,26.056397,86.159107,-1
6955,26.074642,86.133261,-1
6956,26.032918,86.13512,-1
6957,26.034257,86.135981,-1
6958,26.063394,86.160646,-1
6959,26.047012,86.118202,-1
6960,26.042621,86.152652,-1
6961,17.589968,80.706588,-1
6962,17.64514,80.655039,-1
6963,17.607895,80.715201,-1
6964,17.603989,80.701762,-1
6965,17.604125,80.720795,-1
6966,17.604698,80.668641,-1
6967,17.602413,80.695959,-1
6968,17.600778,80.72821,-1
6969,23.661837,75.111232,-1
6970,23.645971,75.153684,-1
6971,23.628685,75.116916,-1
6972,23.651676,75.132616,-1
6973,23.664761,75.125323,-1
6974,23.651977,75.122397,-1
6975,23.624241,75.117157,-1
6976,23.619078,75.104889,-1
6977,25.482203,90.21541,-1
6978,25.519144,90.196588,-1
6979,25.530237,90.212231,-1
6980,25.499708,90.183338,-1
6981,25.526824,90.190877,-1
6982,25.533355,90.188222,-1
6983,25.464402,90.193644,-1
6984,25.498524,90.202538,-1
6985,14.142915,79.835519,-1
6986,14.156731,79.85439,-1
6987,14.128469,79.848044,-1
6988,14.179471,79.861244,-1
6989,14.154536,79.854214,-1
6990,14.181685,79.843931,-1
6991,14.172406,79.88857,-1
6992,14.147,79.904174,-1
6993,28.051686,76.115576,-1
6994,28.033356,76.069923,-1
6995,28.040491,76.146759,-1
6996,28.015795,76.149151,-1
6997,28.051341,76.112445,-1
6998,28.063758,76.089165,-1
6999,28.042848,76.133416,-1
7000,28.038026,76.137147,-1
7001,25.852457,72.220872,-1
7002,25.830723,72.241477,-1
7003,25.833315,72.266768,-1
7004,25.827435,72.251084,-1
7005,25.819412,72.235943,-1
7006,25.840807,72.267398,-1
7007,25.846374,72.207644,-1
7008,25.848939,72.26916,-1
7009,30.762088,76.646563,-1
7010,30.750827,76.623265,-1
7011,30.777985,76.628078,-1
7012,30.713695,76.630122,-1
7013,30.719377,76.6569,-1
7014,30.754546,76.657471,-1
7015,30.720881,76.61948,-1
7016,30.742074,76.624013,-1
7017,16.769487,77.14755,-1
7018,16.770937,77.109162,-1
7019,16.762178,77.114211,-1
7020,16.782133,77.14351,-1
7021,16.773375,77.163954,-1
7022,16.771922,77.116984,-1
7023,16.738214,77.13551,-1
7024,16.748702,77.129748,-1
7025,22.340451,77.098126,-1
7026,22.329731,77.097319,-1
7027,22.326759,77.101125,-1
7028,22.335216,77.102589,-1
7029,22.374719,77.106633,-1
7030,22.372317,77.131734,-1
7031,22.350009,77.104031,-1
7032,22.362278,77.103354,-1
7033,28.701319,77.665784,-1
7034,28.730005,77.646011,-1
7035,28.714149,77.626878,-1
7036,28.711865,77.650079,-1
7037,28.717767,77.646223,-1
7038,28.722478,77.666532,-1
7039,28.729516,77.691973,-1
7040,28.753542,77.68722,-1
7041,18.718224,76.374794,-1
7042,18.722962,76.405198,-1
7043,18.72755,76.37816,-1
7044,18.719767,76.361932,-1
7045,18.742756,76.393657,-1
7046,18.757744,76.380407,-1
7047,18.758463,76.385043,-1
7048,18.759706,76.398294,-1
7049,28.522845,77.10234,-1
7050,28.537376,77.106881,-1
7051,28.519734,77.058002,-1
7052,28.54601,77.099046,-1
7053,28.501745,77.08052,-1
7054,28.515947,77.08324,-1
7055,28.561535,77.078365,-1
7056,28.53276,77.101643,-1
7057,25.901677,81.988442,-1
7058,25.884537,81.987509,-1
7059,25.950624,81.984656,-1
7060,25.932747,82.005738,-1
7061,25.897112,81.9722,-1
7062,25.913889,81.990515,-1
7063,25.934219,81.996902,-1
7064,25.929806,81.991704,-1
7065,16.458649,75.136254,-1
7066,16.46811,75.068456,-1
7067,16.47266,75.119806,-1
7068,16.488101,75.145698,-1
7069,16.468187,75.122754,-1
7070,16.469504,75.142133,-1
7071,16.498695,75.094253,-1
7072,16.466154,75.110502,-1
7073,28.79137,77.033461,-1
7074,28.806021,77.033099,-1
7075,28.766384,77.015471,-1
7076,28.810229,77.009995,-1
7077,28.799769,77.017845,-1
7078,28.817702,77.025219,-1
7079,28.782855,77.024449,-1
7080,28.817469,77.046108,-1
7081,27.658147,79.887206,-1
7082,27.626318,79.94747,-1
7083,27.633086,79.956135,-1
7084,27.63004,79.937877,-1
7085,27.628997,79.936819,-1
7086,27.640184,79.940345,-1
7087,27.643934,79.927942,-1
7088,27.636123,79.970366,-1
7089,11.536893,79.302285,-1
7090,11.571698,79.321883,-1
7091,11.5139,79.313164,-1
7092,11.521606,79.306714,-1
7093,11.527032,79.338191,-1
7094,11.500677,79.325739,-1
7095,11.510412,79.335499,-1
7096,11.503978,79.341613,-1
7097,29.13226,78.242571,-1
7098,29.12981,78.249478,-1
7099,29.14264,78.260808,-1
7100,29.138091,78.29016,-1
7101,29.113811,78.287843,-1
7102,29.125589,78.271236,-1
7103,29.129566,78.236265,-1
7104,29.121914,78.285976,-1
7105,11.321687,77.735652,-1
7106,11.33265,77.709181,-1
7107,11.325889,77.700379,-1
7108,11.324614,77.697623,-1
7109,11.315359,77.693667,-1
7110,11.340302,77.709822,-1
7111,11.298675,77.697967,-1
7112,11.287515,77.70945,-1
7113,28.437605,77.700297,-1
7114,28.474565,77.708753,-1
7115,28.462189,77.696989,-1
7116,28.442252,77.719627,-1
7117,28.426601,77.703761,-1
7118,28.444362,77.718166,-1
7119,28.451964,77.730201,-1
7120,28.461852,77.697875,-1
7121,9.609447,77.962078,-1
7122,9.600268,77.969311,-1
7123,9.617612,77.966398,-1
7124,9.590692,77.955109,-1
7125,9.630329,77.960818,-1
7126,9.568854,77.940958,-1
7127,9.601815,77.945818,-1
7128,9.556839,77.939757,-1
7129,10.423819,79.29793,-1
7130,10.442155,79.312039,-1
7131,10.405345,79.311311,-1
7132,10.429551,79.305811,-1
7133,10.378532,79.32231,-1
7134,10.395618,79.342794,-1
7135,10.432762,79.314938,-1
7136,10.431121,79.312227,-1
7137,19.882145,77.556929,-1
7138,19.930318,77.549441,-1
7139,19.893395,77.561855,-1
7140,19.92597,77.601773,-1
7141,19.936038,77.583388,-1
7142,19.932947,77.590562,-1
7143,19.887356,77.603139,-1
7144,19.91499,77.574924,-1
7145,12.264179,79.657987,-1
7146,12.243448,79.635884,-1
7147,12.219472,79.633913,-1
7148,12.210185,79.640444,-1
7149,12.2448,79.661776,-1
7150,12.210465,79.6217,-1
7151,12.257049,79.659138,-1
7152,12.240132,79.6509,-1
7153,21.21942,75.301336,-1
7154,21.2639,75.315986,-1
7155,21.272286,75.311702,-1
7156,21.272019,75.321825,-1
7157,21.232925,75.359984,-1
7158,21.256455,75.242334,-1
7159,21.242507,75.315987,-1
7160,21.240537,75.323196,-1
7161,12.033869,75.331313,-1
7162,12.044839,75.374866,-1
7163,12.06374,75.397109,-1
7164,12.046816,75.337017,-1
7165,12.027538,75.306825,-1
7166,12.032491,75.380817,-1
7167,12.044845,75.348074,-1
7168,12.048226,75.355033,-1
7169,17.60022,78.07718,-1
7170,17.666925,78.107176,-1
7171,17.644681,78.119211,-1
7172,17.61881,78.064025,-1
7173,17.616382,78.063961,-1
7174,17.592935,78.118089,-1
7175,17.614849,78.087697,-1
7176,17.626528,78.06044,-1
7177,19.707807,72.781862,-1
7178,19.682591,72.760594,-1
7179,19.702132,72.754531,-1
7180,19.681528,72.760607,-1
7181,19.691877,72.745606,-1
7182,19.697431,72.768929,-1
7183,19.693389,72.776979,-1
7184,19.659969,72.733989,-1
7185,10.720479,77.550814,-1
7186,10.750572,77.495031,-1
7187,10.729114,77.569015,-1
7188,10.736844,77.550274,-1
7189,10.699389,77.55031,-1
7190,10.745894,77.5021,-1
7191,10.747245,77.50526,-1
7192,10.765466,77.527316,-1
7193,12.092417,75.212968,-1
7194,12.125204,75.188166,-1
7195,12.114143,75.234148,-1
7196,12.063652,75.194494,-1
7197,12.141303,75.19737,-1
7198,12.101202,75.220164,-1
7199,12.141327,75.234876,-1
7200,12.123307,75.192359,-1
7201,25.655516,76.698865,-1
7202,25.67068,76.71049,-1
7203,25.651874,76.704948,-1
7204,25.659966,76.687817,-1
7205,25.662343,76.70876,-1
7206,25.670754,76.701044,-1
7207,25.653807,76.698576,-1
7208,25.670357,76.710195,-1
7209,12.654118,77.186706,-1
7210,12.66326,77.242905,-1
7211,12.69057,77.224868,-1
7212,12.698224,77.204633,-1
7213,12.624159,77.208155,-1
7214,12.665844,77.176122,-1
7215,12.672409,77.218551,-1
7216,12.631344,77.21628,-1
7217,11.450505,75.714277,-1
7218,11.460291,75.684408,-1
7219,11.413861,75.699375,-1
7220,11.461256,75.667013,-1
7221,11.424332,75.68617,-1
7222,11.43095,75.652189,-1
7223,11.410579,75.695503,-1
7224,11.461155,75.661878,-1
7225,28.231319,79.552384,-1
7226,28.196552,79.485922,-1
7227,28.212974,79.565499,-1
7228,28.223977,79.54365,-1
7229,28.222065,79.508189,-1
7230,28.223955,79.561433,-1
7231,28.217308,79.555129,-1
7232,28.214143,79.514437,-1
7233,25.473373,85.961616,-1
7234,25.477297,85.976334,-1
7235,25.477639,85.957806,-1
7236,25.456044,85.984573,-1
7237,25.462354,85.960116,-1
7238,25.468314,85.937079,-1
7239,25.469698,85.972068,-1
7240,25.464525,85.964076,-1
7241,12.506576,78.213259,-1
7242,12.530953,78.203275,-1
7243,12.519041,78.194647,-1
7244,12.46476,78.18943,-1
7245,12.546924,78.233615,-1
7246,12.534647,78.195701,-1
7247,12.561156,78.237401,-1
7248,12.495197,78.220169,-1
7249,34.284782,74.452075,-1
7250,34.303974,74.438546,-1
7251,34.319854,74.473787,-1
7252,34.263647,74.440447,-1
7253,34.294079,74.441551,-1
7254,34.296962,74.477234,-1
7255,34.294984,74.466307,-1
7256,34.278726,74.475795,-1
7257,19.150728,83.40323,-1
7258,19.181071,83.414912,-1
7259,19.18593,83.395503,-1
7260,19.139865,83.392801,-1
7261,19.19045,83.399425,-1
7262,19.171626,83.420929,-1
7263,19.116472,83.416909,-1
7264,19.174993,83.407146,-1
7265,17.702511,77.599787,-1
7266,17.678157,77.590291,-1
7267,17.683768,77.638723,-1
7268,17.705934,77.604796,-1
7269,17.649108,77.624718,-1
7270,17.634867,77.600276,-1
7271,17.654752,77.593066,-1
7272,17.704005,77.614632,-1
7273,18.806011,73.40002,-1
7274,18.789639,73.381568,-1
7275,18.794252,73.317541,-1
7276,18.814045,73.328648,-1
7277,18.789792,73.344956,-1
7278,18.796486,73.344333,-1
7279,18.798369,73.3571,-1
7280,18.802238,73.346461,-1
7281,28.113426,74.617311,-1
7282,28.117797,74.600058,-1
7283,28.063927,74.601586,-1
7284,28.087791,74.631676,-1
7285,28.017359,74.655925,-1
7286,28.102546,74.624953,-1
7287,28.06454,74.585561,-1
7288,28.082143,74.630668,-1
7289,15.74118,79.278734,-1
7290,15.703633,79.30199,-1
7291,15.740377,79.257865,-1
7292,15.734369,79.286177,-1
7293,15.758693,79.265631,-1
7294,15.697188,79.320785,-1
7295,15.705807,79.241091,-1
7296,15.751558,79.251221,-1
7297,10.064777,76.312525,-1
7298,10.075646,76.31844,-1
7299,10.052229,76.336382,-1
7300,10.060345,76.319772,-1
7301,10.084136,76.299925,-1
7302,10.070781,76.273073,-1
7303,10.076592,76.350712,-1
7304,10.0518,76.29147,-1
7305,23.663518,87.702663,-1
7306,23.672207,87.702531,-1
7307,23.672166,87.690192,-1
7308,23.673071,87.725389,-1
7309,23.661599,87.679979,-1
7310,23.68637,87.705518,-1
7311,23.653681,87.675895,-1
7312,23.683507,87.702384,-1
7313,15.501695,73.812766,-1
7314,15.497083,73.807737,-1
7315,15.502203,73.828584,-1
7316,15.490414,73.826265,-1
7317,15.479793,73.831282,-1
7318,15.487472,73.815077,-1
7319,15.518261,73.806897,-1
7320,15.490236,73.832166,-1
7321,23.181866,88.587711,-1
7322,23.168368,88.56848,-1
7323,23.165143,88.567435,-1
7324,23.174139,88.533146,-1
7325,23.199452,88.585523,-1
7326,23.15352,88.555032,-1
7327,23.196896,88.565151,-1
7328,23.175612,88.601508,-1
7329,29.556285,75.455764,-1
7330,29.52323,75.490608,-1
7331,29.541416,75.47437,-1
7332,29.515638,75.463213,-1
7333,29.530488,75.40496,-1
7334,29.51829,75.438847,-1
7335,29.490619,75.491239,-1
7336,29.504436,75.455372,-1
7337,15.885832,80.478377,-1
7338,15.944293,80.463358,-1
7339,15.891649,80.500232,-1
7340,15.89881,80.444234,-1
7341,15.904508,80.506102,-1
7342,15.918126,80.474286,-1
7343,15.893311,80.48976,-1
7344,15.884525,80.459844,-1
7345,11.163145,75.790551,-1
7346,11.156895,75.805384,-1
7347,11.141472,75.78807,-1
7348,11.188764,75.811655,-1
7349,11.164293,75.796778,-1
7350,11.173372,75.785256,-1
7351,11.163924,75.778157,-1
7352,11.207158,75.814426,-1
7353,15.347506,76.174375,-1
7354,15.36472,76.146933,-1
7355,15.319958,76.193448,-1
7356,15.361902,76.175839,-1
7357,15.371799,76.135566,-1
7358,15.362842,76.162913,-1
7359,15.384719,76.170581,-1
7360,15.352533,76.156318,-1
7361,14.757119,79.071469,-1
7362,14.745826,79.052131,-1
7363,14.713506,79.041836,-1
7364,14.758365,79.043665,-1
7365,14.751529,79.010373,-1
7366,14.735121,79.073263,-1
7367,14.761399,79.103456,-1
7368,14.758636,79.054119,-1
7369,28.542309,77.54546,-1
7370,28.558157,77.552985,-1
7371,28.536276,77.552555,-1
7372,28.555428,77.560002,-1
7373,28.560948,77.567373,-1
7374,28.555424,77.551951,-1
7375,28.574696,77.54969,-1
7376,28.562244,77.539199,-1
7377,8.932253,77.333046,-1
7378,8.957784,77.297474,-1
7379,8.958365,77.31818,-1
7380,8.98181,77.35487,-1
7381,8.975318,77.291674,-1
7382,8.967223,77.313434,-1
7383,8.958824,77.317733,-1
7384,8.934941,77.276159,-1
7385,29.34308,73.909338,-1
7386,29.323885,73.91673,-1
7387,29.35579,73.882258,-1
7388,29.350851,73.885656,-1
7389,29.287349,73.908669,-1
7390,29.333251,73.885682,-1
7391,29.285146,73.906304,-1
7392,29.297149,73.910919,-1
7393,26.496566,79.501998,-1
7394,26.455584,79.504815,-1
7395,26.498248,79.504452,-1
7396,26.449625,79.490895,-1
7397,26.483243,79.539253,-1
7398,26.474439,79.492358,-1
7399,26.503823,79.519329,-1
7400,26.458745,79.519973,-1
7401,10.495641,77.548248,-1
7402,10.432272,77.501326,-1
7403,10.455025,77.511271,-1
7404,10.454597,77.530802,-1
7405,10.463171,77.547472,-1
7406,10.44127,77.540697,-1
7407,10.449301,77.499102,-1
7408,10.44874,77.515585,-1
7409,11.089123,77.390585,-1
7410,11.092446,77.391913,-1
7411,11.119626,77.375878,-1
7412,11.074526,77.362467,-1
7413,11.107509,77.388725,-1
7414,11.087677,77.386425,-1
7415,11.115282,77.362385,-1
7416,11.107343,77.398229,-1
7417,11.907765,76.960899,-1
7418,11.928164,76.933116,-1
7419,11.923177,76.926458,-1
7420,11.925748,76.90458,-1
7421,11.955111,76.953975,-1
7422,11.942486,76.952363,-1
7423,11.899123,76.939601,-1
7424,28.472892,77.334486,-1
7425,28.491328,77.327884,-1
7426,28.499455,77.302203,-1
7427,28.47733,77.334346,-1
7428,28.486497,77.313084,-1
7429,28.49225,77.347083,-1
7430,28.488191,77.311793,-1
7431,21.106984,70.081746,-1
7432,21.145957,70.09343,-1
7433,21.136378,70.071725,-1
7434,21.088611,70.110744,-1
7435,21.131966,70.114977,-1
7436,21.118319,70.110631,-1
7437,21.122247,70.12116,-1
7438,17.8613,76.938566,-1
7439,17.881057,76.956354,-1
7440,17.903158,76.943799,-1
7441,17.85348,76.920058,-1
7442,17.858726,76.930468,-1
7443,17.881709,76.926772,-1
7444,17.864187,76.948267,-1
7445,28.500047,77.231721,-1
7446,28.497487,77.276297,-1
7447,28.505487,77.265842,-1
7448,28.492719,77.280071,-1
7449,28.475591,77.280593,-1
7450,28.499988,77.322442,-1
7451,28.492967,77.324178,-1
7452,22.569472,85.818402,-1
7453,22.556154,85.808308,-1
7454,22.568048,85.793652,-1
7455,22.567342,85.796417,-1
7456,22.53,85.798617,-1
7457,22.498577,85.798922,-1
7458,22.545226,85.805149,-1
7459,9.940348,76.300379,-1
7460,9.954587,76.347888,-1
7461,9.948063,76.369754,-1
7462,9.968425,76.30807,-1
7463,9.92571,76.322504,-1
7464,9.903172,76.331059,-1
7465,9.927217,76.306822,-1
7466,23.447804,76.264109,-1
7467,23.480903,76.285248,-1
7468,23.434738,76.294669,-1
7469,23.427438,76.289368,-1
7470,23.424687,76.266967,-1
7471,23.417217,76.272305,-1
7472,23.453731,76.304223,-1
7473,11.287875,76.919286,-1
7474,11.307928,76.934002,-1
7475,11.27618,76.957701,-1
7476,11.311483,76.925975,-1
7477,11.321397,76.936905,-1
7478,11.334735,76.922217,-1
7479,11.273108,76.933021,-1
7480,30.127243,75.781022,-1
7481,30.133964,75.795405,-1
7482,30.157424,75.779947,-1
7483,30.129943,75.780088,-1
7484,30.120078,75.810735,-1
7485,30.147903,75.774117,-1
7486,30.131544,75.777393,-1
7487,19.882803,83.169195,-1
7488,19.927098,83.206248,-1
7489,19.881246,83.160723,-1
7490,19.93177,83.188725,-1
7491,19.906538,83.150507,-1
7492,19.91083,83.13016,-1
7493,19.887716,83.205535,-1
7494,28.736635,77.269153,-1
7495,28.727735,77.305834,-1
7496,28.689148,77.282643,-1
7497,28.727618,77.270851,-1
7498,28.720529,77.312545,-1
7499,28.718059,77.27598,-1
7500,28.701055,77.310508,-1
7501,16.524692,75.286998,-1
7502,16.4803,75.280805,-1
7503,16.510977,75.299973,-1
7504,16.485088,75.322405,-1
7505,16.521272,75.267419,-1
7506,16.48891,75.281762,-1
7507,16.504378,75.274857,-1
7508,19.353697,77.113611,-1
7509,19.314286,77.124382,-1
7510,19.341469,77.142747,-1
7511,19.320377,77.171271,-1
7512,19.34062,77.152677,-1
7513,19.325392,77.151113,-1
7514,19.318531,77.13575,-1
7515,28.499918,77.301334,-1
7516,28.48505,77.296285,-1
7517,28.500225,77.292615,-1
7518,28.475423,77.299302,-1
7519,28.510984,77.321992,-1
7520,28.522848,77.314775,-1
7521,28.547314,77.289764,-1
7522,9.162804,76.507987,-1
7523,9.209869,76.492204,-1
7524,9.169495,76.493091,-1
7525,9.200139,76.492,-1
7526,9.187415,76.477978,-1
7527,9.162267,76.455523,-1
7528,9.173877,76.475226,-1
7529,12.140744,78.162469,-1
7530,12.135259,78.122165,-1
7531,12.104866,78.166677,-1
7532,12.139478,78.177505,-1
7533,12.134709,78.170763,-1
7534,12.142986,78.183722,-1
7535,12.143589,78.18347,-1
7536,28.285149,79.822784,-1
7537,28.298512,79.818507,-1
7538,28.315968,79.790824,-1
7539,28.329228,79.750132,-1
7540,28.2572,79.799088,-1
7541,28.314733,79.799531,-1
7542,28.281071,79.788058,-1
7543,16.736094,81.609159,-1
7544,16.714344,81.555138,-1
7545,16.704041,81.618251,-1
7546,16.668295,81.582913,-1
7547,16.717089,81.595148,-1
7548,16.728864,81.56505,-1
7549,16.679047,81.626208,-1
7550,9.745905,77.279584,-1
7551,9.750482,77.309344,-1
7552,9.709938,77.267446,-1
7553,9.727865,77.268085,-1
7554,9.711386,77.280725,-1
7555,9.729193,77.292578,-1
7556,9.75277,77.311155,-1
7557,10.090218,77.058684,-1
7558,10.061165,77.06822,-1
7559,10.127744,77.053432,-1
7560,10.083687,77.076288,-1
7561,10.098076,77.068247,-1
7562,10.068116,77.04247,-1
7563,10.073694,77.017701,-1
7564,29.392057,77.000058,-1
7565,29.426677,77.015578,-1
7566,29.399379,76.980544,-1
7567,29.394624,76.960009,-1
7568,29.413641,77.007801,-1
7569,29.427513,77.00485,-1
7570,29.432766,76.960696,-1
7571,30.381406,76.167648,-1
7572,30.378214,76.136658,-1
7573,30.354963,76.151151,-1
7574,30.380978,76.147665,-1
7575,30.38739,76.143035,-1
7576,30.39513,76.159318,-1
7577,30.410327,76.139971,-1
7578,25.442384,86.006933,-1
7579,25.412986,86.032481,-1
7580,25.40784,86.046848,-1
7581,25.413493,86.018919,-1
7582,25.396777,86.036629,-1
7583,25.422215,86.001396,-1
7584,25.404545,86.068968,-1
7585,25.886878,85.76442,-1
7586,25.870422,85.779791,-1
7587,25.849324,85.73458,-1
7588,25.870973,85.766274,-1
7589,25.844838,85.778116,-1
7590,25.833962,85.793134,-1
7591,25.874107,85.763045,-1
7592,20.486302,77.486755,-1
7593,20.461313,77.503331,-1
7594,20.515448,77.493382,-1
7595,20.489142,77.475003,-1
7596,20.494483,77.488774,-1
7597,20.448425,77.485016,-1
7598,20.50366,77.468843,-1
7599,26.575298,85.499011,-1
7600,26.577527,85.480008,-1
7601,26.575229,85.503601,-1
7602,26.604357,85.491289,-1
7603,26.576185,85.521989,-1
7604,26.543736,85.512004,-1
7605,26.605135,85.461333,-1
7606,25.077876,73.873265,-1
7607,25.078916,73.837074,-1
7608,25.056479,73.877008,-1
7609,25.039276,73.83742,-1
7610,25.096989,73.866687,-1
7611,25.082562,73.866304,-1
7612,25.115912,73.896744,-1
7613,20.856829,76.213816,-1
7614,20.860061,76.227762,-1
7615,20.856792,76.194123,-1
7616,20.869716,76.185595,-1
7617,20.904868,76.217261,-1
7618,20.891901,76.19779,-1
7619,20.871066,76.195159,-1
7620,23.460369,73.290984,-1
7621,23.482642,73.297721,-1
7622,23.416837,73.300638,-1
7623,23.482792,73.311421,-1
7624,23.467051,73.313401,-1
7625,23.451861,73.310265,-1
7626,23.455613,73.281365,-1
7627,26.924482,70.903007,-1
7628,26.940185,70.925576,-1
7629,26.941267,70.88014,-1
7630,26.963743,70.883981,-1
7631,26.888954,70.867759,-1
7632,26.910586,70.899568,-1
7633,26.932148,70.906254,-1
7634,20.527731,76.151106,-1
7635,20.542731,76.177319,-1
7636,20.565279,76.165362,-1
7637,20.505042,76.183971,-1
7638,20.507659,76.160763,-1
7639,20.514313,76.155206,-1
7640,20.565885,76.17639,-1
7641,20.645783,85.627823,-1
7642,20.64418,85.565357,-1
7643,20.66744,85.603754,-1
7644,20.664473,85.596311,-1
7645,20.664387,85.608045,-1
7646,20.673118,85.619115,-1
7647,20.67298,85.610882,-1
7648,17.041449,74.268675,-1
7649,17.04421,74.298817,-1
7650,17.050048,74.269592,-1
7651,17.060895,74.238274,-1
7652,17.035047,74.292872,-1
7653,17.099321,74.26694,-1
7654,17.062804,74.307731,-1
7655,26.457303,84.405293,-1
7656,26.453739,84.452535,-1
7657,26.470217,84.431228,-1
7658,26.451179,84.437766,-1
7659,26.480946,84.466737,-1
7660,26.448424,84.442374,-1
7661,26.485434,84.447585,-1
7662,26.495772,90.517325,-1
7663,26.469321,90.55116,-1
7664,26.508735,90.543453,-1
7665,26.458021,90.557704,-1
7666,26.456169,90.54031,-1
7667,26.466322,90.557629,-1
7668,26.483499,90.535977,-1
7669,19.565613,74.186307,-1
7670,19.559966,74.196922,-1
7671,19.577903,74.247297,-1
7672,19.571161,74.240159,-1
7673,19.566845,74.23179,-1
7674,19.530774,74.218759,-1
7675,19.556863,74.18483,-1
7676,14.808738,75.410708,-1
7677,14.781425,75.390395,-1
7678,14.79705,75.373455,-1
7679,14.772631,75.402701,-1
7680,14.771413,75.389969,-1
7681,14.816639,75.371967,-1
7682,14.808799,75.457475,-1
7683,10.669547,79.43629,-1
7684,10.693897,79.438616,-1
7685,10.700643,79.414772,-1
7686,10.706557,79.449656,-1
7687,10.695969,79.458528,-1
7688,10.676432,79.457132,-1
7689,10.706816,79.432573,-1
7690,24.602598,76.154305,-1
7691,24.583127,76.162972,-1
7692,24.572306,76.171849,-1
7693,24.590247,76.181598,-1
7694,24.590307,76.18466,-1
7695,24.621319,76.167059,-1
7696,24.595895,76.196775,-1
7697,31.439217,74.921131,-1
7698,31.437059,74.918447,-1
7699,31.447967,74.935883,-1
7700,31.434939,74.900135,-1
7701,31.423372,74.916789,-1
7702,31.449036,74.96314,-1
7703,31.439,74.912924,-1
7704,18.097941,78.863249,-1
7705,18.087708,78.872827,-1
7706,18.085988,78.85115,-1
7707,18.131535,78.869087,-1
7708,18.110398,78.856293,-1
7709,18.104343,78.85754,-1
7710,18.085422,78.872087,-1
7711,19.031904,79.499584,-1
7712,19.047085,79.468478,-1
7713,19.067318,79.521668,-1
7714,19.05295,79.486937,-1
7715,19.066647,79.511535,-1
7716,19.023109,79.514285,-1
7717,19.022004,79.506686,-1
7718,22.116051,85.362378,-1
7719,22.095131,85.358514,-1
7720,22.088486,85.39442,-1
7721,22.084764,85.390753,-1
7722,22.111022,85.365313,-1
7723,22.078107,85.377113,-1
7724,22.142404,85.376401,-1
7725,18.807602,78.688399,-1
7726,18.814351,78.709378,-1
7727,18.816556,78.764218,-1
7728,18.817372,78.74706,-1
7729,18.829305,78.7251,-1
7730,18.802954,78.759128,-1
7731,18.823163,78.713326,-1
7732,30.117859,78.34349,-1
7733,30.100801,78.310517,-1
7734,30.104196,78.279854,-1
7735,30.112927,78.302793,-1
7736,30.11011,78.290168,-1
7737,30.091184,78.338584,-1
7738,30.098813,78.300399,-1
7739,26.757472,89.036049,-1
7740,26.682152,89.082206,-1
7741,26.712167,89.038393,-1
7742,26.691446,89.011792,-1
7743,26.718703,89.004517,-1
7744,26.690947,89.045397,-1
7745,26.711517,89.033663,-1
7746,18.968342,79.478774,-1
7747,18.980247,79.484635,-1
7748,18.931858,79.447641,-1
7749,18.967591,79.477289,-1
7750,18.963376,79.483366,-1
7751,18.984067,79.445927,-1
7752,18.944049,79.455335,-1
7753,9.174702,77.420717,-1
7754,9.141487,77.401759,-1
7755,9.174736,77.410725,-1
7756,9.186341,77.390152,-1
7757,9.147251,77.414105,-1
7758,9.163075,77.393786,-1
7759,9.161831,77.414663,-1
7760,18.791327,84.422141,-1
7761,18.775998,84.402147,-1
7762,18.78375,84.38547,-1
7763,18.779628,84.424733,-1
7764,18.79162,84.376755,-1
7765,18.789856,84.425544,-1
7766,18.792868,84.387108,-1
7767,29.143505,76.698345,-1
7768,29.168494,76.674266,-1
7769,29.172772,76.708511,-1
7770,29.151396,76.700308,-1
7771,29.171133,76.691331,-1
7772,29.147873,76.675313,-1
7773,29.188366,76.702396,-1
7774,14.407687,78.205549,-1
7775,14.451727,78.260846,-1
7776,14.447517,78.239496,-1
7777,14.447889,78.214717,-1
7778,14.384821,78.235536,-1
7779,14.401126,78.22114,-1
7780,14.392601,78.212368,-1
7781,12.75152,79.973648,-1
7782,12.682554,79.962578,-1
7783,12.709407,79.979368,-1
7784,12.705077,79.945899,-1
7785,12.672039,80.019063,-1
7786,12.691545,79.961488,-1
7787,12.712808,79.967451,-1
7788,19.832626,75.229835,-1
7789,19.865823,75.224276,-1
7790,19.877325,75.237349,-1
7791,19.828261,75.245016,-1
7792,19.833741,75.264293,-1
7793,19.832176,75.241832,-1
7794,19.853158,75.205101,-1
7795,27.693504,74.416266,-1
7796,27.614062,74.395372,-1
7797,27.655376,74.386045,-1
7798,27.653587,74.391725,-1
7799,27.650348,74.393053,-1
7800,27.660337,74.397594,-1
7801,27.690795,74.37252,-1
7802,26.121444,86.597361,-1
7803,26.15452,86.571888,-1
7804,26.105898,86.600878,-1
7805,26.15301,86.584821,-1
7806,26.133242,86.62013,-1
7807,26.11976,86.601585,-1
7808,26.12992,86.605718,-1
7809,25.399799,88.538493,-1
7810,25.402742,88.551003,-1
7811,25.381134,88.551235,-1
7812,25.429149,88.528633,-1
7813,25.427746,88.532364,-1
7814,25.393772,88.500622,-1
7815,25.410491,88.54053,-1
7816,9.350295,78.83152,-1
7817,9.372897,78.826971,-1
7818,9.386446,78.827134,-1
7819,9.355164,78.793445,-1
7820,9.366299,78.805851,-1
7821,9.378204,78.836606,-1
7822,9.357307,78.840236,-1
7823,30.773756,75.450721,-1
7824,30.800256,75.440279,-1
7825,30.759173,75.451392,-1
7826,30.811649,75.492232,-1
7827,30.808693,75.47125,-1
7828,30.790618,75.471348,-1
7829,30.796959,75.460401,-1
7830,19.833824,74.005195,-1
7831,19.818156,73.9555,-1
7832,19.849473,73.969714,-1
7833,19.842423,73.971044,-1
7834,19.818382,74.001106,-1
7835,19.848952,73.982333,-1
7836,19.859042,74.016693,-1
7837,19.861963,74.475635,-1
7838,19.881821,74.46939,-1
7839,19.884581,74.475785,-1
7840,19.867181,74.474281,-1
7841,19.873172,74.483643,-1
7842,19.919095,74.463697,-1
7843,19.849969,74.447601,-1
7844,26.43275,89.536463,-1
7845,26.4879,89.52424,-1
7846,26.473658,89.53566,-1
7847,26.461181,89.495623,-1
7848,26.520634,89.514077,-1
7849,26.447968,89.520723,-1
7850,26.482493,89.521384,-1
7851,17.249007,77.574228,-1
7852,17.20946,77.600189,-1
7853,17.198438,77.552985,-1
7854,17.263723,77.5632,-1
7855,17.228035,77.578326,-1
7856,17.248965,77.567446,-1
7857,17.270993,77.607056,-1
7858,29.307312,77.747886,-1
7859,29.298397,77.757002,-1
7860,29.271725,77.765687,-1
7861,29.266909,77.742492,-1
7862,29.268676,77.72742,-1
7863,29.296624,77.715026,-1
7864,29.256724,77.743266,-1
7865,13.084836,80.10781,-1
7866,13.027361,80.10893,-1
7867,13.073875,80.116448,-1
7868,13.059772,80.112391,-1
7869,13.072562,80.117782,-1
7870,13.068154,80.100718,-1
7871,13.102775,80.118314,-1
7872,23.871185,87.488423,-1
7873,23.878465,87.515586,-1
7874,23.860131,87.555961,-1
7875,23.905191,87.53439,-1
7876,23.94926,87.550685,-1
7877,23.918742,87.490135,-1
7878,23.906136,87.518765,-1
7879,24.162673,78.160478,-1
7880,24.141201,78.178286,-1
7881,24.173513,78.192695,-1
7882,24.188671,78.16349,-1
7883,24.169648,78.151705,-1
7884,24.187409,78.187068,-1
7885,24.163426,78.168859,-1
7886,21.508685,71.85854,-1
7887,21.534844,71.832267,-1
7888,21.534881,71.80088,-1
7889,21.525591,71.834963,-1
7890,21.525153,71.816422,-1
7891,21.517968,71.830435,-1
7892,21.545988,71.846081,-1
7893,27.205646,75.717599,-1
7894,27.177766,75.740429,-1
7895,27.164923,75.689724,-1
7896,27.191395,75.719067,-1
7897,27.153809,75.760432,-1
7898,27.160369,75.694182,-1
7899,27.152933,75.707966,-1
7900,22.487924,73.460879,-1
7901,22.509777,73.460672,-1
7902,22.510393,73.488844,-1
7903,22.497828,73.433148,-1
7904,22.509771,73.503251,-1
7905,22.479813,73.467857,-1
7906,22.503364,73.477341,-1
7907,16.940056,79.963438,-1
7908,16.97995,79.961933,-1
7909,17.031747,79.969729,-1
7910,17.024592,79.976629,-1
7911,17.015367,79.933357,-1
7912,16.960882,79.955261,-1
7913,16.980994,79.985807,-1
7914,22.744857,75.844877,-1
7915,22.749068,75.841072,-1
7916,22.738808,75.818026,-1
7917,22.735557,75.807486,-1
7918,22.752495,75.809097,-1
7919,22.740534,75.830066,-1
7920,22.722283,75.845917,-1
7921,16.468562,80.606745,-1
7922,16.475561,80.568747,-1
7923,16.490797,80.618297,-1
7924,16.462425,80.612286,-1
7925,16.502912,80.589559,-1
7926,16.502936,80.615107,-1
7927,16.46159,80.620876,-1
7928,12.486006,78.559011,-1
7929,12.498853,78.605254,-1
7930,12.534463,78.528697,-1
7931,12.494021,78.595402,-1
7932,12.487651,78.571509,-1
7933,12.511531,78.528395,-1
7934,12.488984,78.560899,-1
7935,14.500898,78.83354,-1
7936,14.484987,78.792285,-1
7937,14.467565,78.793457,-1
7938,14.458403,78.849549,-1
7939,14.507231,78.825494,-1
7940,14.477669,78.839874,-1
7941,14.48184,78.844303,-1
7942,23.060796,87.331115,-1
7943,23.027546,87.301049,-1
7944,23.066778,87.348759,-1
7945,23.086173,87.321643,-1
7946,23.064466,87.345221,-1
7947,23.066859,87.338325,-1
7948,23.095758,87.321827,-1
7949,18.785774,78.264805,-1
7950,18.794276,78.264179,-1
7951,18.785041,78.284479,-1
7952,18.770559,78.271192,-1
7953,18.772637,78.286989,-1
7954,18.814108,78.250522,-1
7955,18.832547,78.301338,-1
7956,28.764513,79.503387,-1
7957,28.777851,79.489348,-1
7958,28.764692,79.527148,-1
7959,28.785762,79.48686,-1
7960,28.772262,79.494935,-1
7961,28.759393,79.490896,-1
7962,28.776733,79.479363,-1
7963,27.863975,75.249608,-1
7964,27.818019,75.263259,-1
7965,27.8619,75.288961,-1
7966,27.84905,75.293041,-1
7967,27.847664,75.287099,-1
7968,27.812097,75.235399,-1
7969,27.866706,75.295909,-1
7970,9.962555,78.13929,-1
7971,9.966119,78.119643,-1
7972,9.930345,78.133454,-1
7973,9.963659,78.103637,-1
7974,9.963077,78.081485,-1
7975,9.972442,78.113772,-1
7976,9.978086,78.108369,-1
7977,10.657449,76.033585,-1
7978,10.621795,76.065552,-1
7979,10.645322,76.040097,-1
7980,10.65016,76.069311,-1
7981,10.601346,76.051736,-1
7982,10.66568,76.07472,-1
7983,10.675993,76.041903,-1
7984,24.430229,77.206988,-1
7985,24.433178,77.216912,-1
7986,24.438055,77.213631,-1
7987,24.411851,77.201571,-1
7988,24.445672,77.225573,-1
7989,24.427746,77.215305,-1
7990,24.472429,77.212888,-1
7991,29.737992,75.915799,-1
7992,29.707824,75.880807,-1
7993,29.725932,75.937467,-1
7994,29.724073,75.893815,-1
7995,29.71515,75.918516,-1
7996,29.711697,75.936241,-1
7997,29.707436,75.889146,-1
7998,20.166342,85.7323,-1
7999,20.162606,85.690541,-1
8000,20.15298,85.720951,-1
8001,20.168088,85.71492,-1
8002,20.16931,85.722561,-1
8003,20.159664,85.700647,-1
8004,20.152074,85.703567,-1
8005,12.67855,79.263019,-1
8006,12.657627,79.288559,-1
8007,12.66673,79.29455,-1
8008,12.64548,79.288541,-1
8009,12.666168,79.296681,-1
8010,12.655573,79.293871,-1
8011,12.672105,79.322274,-1
8012,13.461372,77.735909,-1
8013,13.418342,77.710894,-1
8014,13.436954,77.709922,-1
8015,13.440113,77.743618,-1
8016,13.430964,77.72942,-1
8017,13.427413,77.7476,-1
8018,13.439278,77.731955,-1
8019,26.00142,90.008085,-1
8020,26.040259,90.001898,-1
8021,26.02661,89.977892,-1
8022,26.024643,90.00802,-1
8023,26.025173,89.983003,-1
8024,26.012137,89.993902,-1
8025,26.017536,89.987751,-1
8026,22.380355,72.89915,-1
8027,22.396836,72.917025,-1
8028,22.391367,72.932879,-1
8029,22.414524,72.902287,-1
8030,22.44924,72.876257,-1
8031,22.421922,72.907362,-1
8032,22.402421,72.921233,-1
8033,16.252342,77.810585,-1
8034,16.246441,77.802177,-1
8035,16.227696,77.806213,-1
8036,16.229804,77.807385,-1
8037,16.260244,77.776453,-1
8038,16.210702,77.790164,-1
8039,16.240693,77.773594,-1
8040,16.488196,79.857899,-1
8041,16.502978,79.861084,-1
8042,16.492267,79.883274,-1
8043,16.507516,79.895796,-1
8044,16.499175,79.875177,-1
8045,16.474501,79.873963,-1
8046,16.467206,79.878275,-1
8047,25.137112,85.810042,-1
8048,25.147824,85.840293,-1
8049,25.163212,85.880301,-1
8050,25.126618,85.850799,-1
8051,25.165552,85.849992,-1
8052,25.132196,85.808018,-1
8053,25.148085,85.814925,-1
8054,14.611946,74.855247,-1
8055,14.605145,74.867568,-1
8056,14.616678,74.823968,-1
8057,14.606825,74.825274,-1
8058,14.647404,74.796269,-1
8059,14.633921,74.821459,-1
8060,14.623523,74.883671,-1
8061,16.411292,74.415958,-1
8062,16.400865,74.399654,-1
8063,16.397597,74.382747,-1
8064,16.384324,74.381988,-1
8065,16.3998,74.385081,-1
8066,16.404046,74.346705,-1
8067,16.397042,74.3819,-1
8068,11.89867,75.402949,-1
8069,11.863973,75.336702,-1
8070,11.845625,75.358629,-1
8071,11.859254,75.365629,-1
8072,11.899047,75.371895,-1
8073,11.872616,75.367484,-1
8074,11.877412,75.388021,-1
8075,26.647116,77.61795,-1
8076,26.596496,77.611999,-1
8077,26.658764,77.602597,-1
8078,26.634283,77.594621,-1
8079,26.645798,77.604527,-1
8080,26.622638,77.581853,-1
8081,26.622661,77.613307,-1
8082,27.562822,73.478022,-1
8083,27.548509,73.477576,-1
8084,27.541515,73.473613,-1
8085,27.547256,73.451105,-1
8086,27.531124,73.448519,-1
8087,27.567679,73.45925,-1
8088,27.56086,73.436416,-1
8089,16.101481,79.778738,-1
8090,16.055932,79.778636,-1
8091,16.070965,79.773317,-1
8092,16.072938,79.740974,-1
8093,16.038075,79.755339,-1
8094,16.04915,79.696521,-1
8095,16.036871,79.705314,-1
8096,24.225599,83.021925,-1
8097,24.213771,83.019596,-1
8098,24.21961,83.032841,-1
8099,24.209043,83.034489,-1
8100,24.226238,83.048142,-1
8101,24.241135,83.025617,-1
8102,24.230211,83.022435,-1
8103,13.304429,79.588593,-1
8104,13.329357,79.575282,-1
8105,13.327017,79.552206,-1
8106,13.350887,79.595936,-1
8107,13.299616,79.569178,-1
8108,13.328284,79.580343,-1
8109,13.327861,79.583198,-1
8110,11.365598,79.708639,-1
8111,11.450779,79.670373,-1
8112,11.407484,79.701269,-1
8113,11.391302,79.687635,-1
8114,11.394743,79.668015,-1
8115,11.398651,79.65944,-1
8116,11.42322,79.678123,-1
8117,29.998312,74.700222,-1
8118,29.953863,74.762635,-1
8119,29.957978,74.750032,-1
8120,29.908781,74.721104,-1
8121,29.960279,74.719401,-1
8122,29.939421,74.752836,-1
8123,29.94316,74.757891,-1
8124,26.977421,94.655321,-1
8125,26.973647,94.634136,-1
8126,26.986858,94.579933,-1
8127,26.987088,94.667629,-1
8128,26.989675,94.639313,-1
8129,26.976271,94.648961,-1
8130,26.966201,94.602584,-1
8131,29.586427,76.109292,-1
8132,29.601765,76.129624,-1
8133,29.608153,76.102266,-1
8134,29.567109,76.093592,-1
8135,29.618582,76.13475,-1
8136,29.625017,76.13765,-1
8137,29.632645,76.083654,-1
8138,22.49217,69.02447,-1
8139,22.487805,69.035054,-1
8140,22.504455,69.035941,-1
8141,22.49885,69.05956,-1
8142,22.482999,69.086726,-1
8143,22.484039,69.062436,-1
8144,22.441018,69.066133,-1
8145,27.128585,74.868246,-1
8146,27.165319,74.850775,-1
8147,27.138228,74.877526,-1
8148,27.147501,74.851381,-1
8149,27.144063,74.83659,-1
8150,27.121254,74.867781,-1
8151,27.132129,74.887597,-1
8152,24.633198,74.694037,-1
8153,24.588705,74.681205,-1
8154,24.621765,74.680748,-1
8155,24.620257,74.702132,-1
8156,24.610659,74.703048,-1
8157,24.627866,74.665685,-1
8158,24.61254,74.67938,-1
8159,23.935714,72.321361,-1
8160,23.889235,72.361174,-1
8161,23.920388,72.391307,-1
8162,23.9321,72.345881,-1
8163,23.903974,72.378974,-1
8164,23.942696,72.391865,-1
8165,23.94127,72.390647,-1
8166,25.826587,93.423895,-1
8167,25.874859,93.430267,-1
8168,25.849386,93.402819,-1
8169,25.841926,93.422882,-1
8170,25.83823,93.403305,-1
8171,25.857381,93.430228,-1
8172,25.862667,93.415239,-1
8173,11.591371,78.620156,-1
8174,11.617454,78.571391,-1
8175,11.611313,78.583852,-1
8176,11.576833,78.560911,-1
8177,11.580945,78.611242,-1
8178,11.577989,78.631329,-1
8179,11.589095,78.602063,-1
8180,14.697881,76.838434,-1
8181,14.71956,76.846385,-1
8182,14.67532,76.84511,-1
8183,14.699558,76.833961,-1
8184,14.674879,76.848266,-1
8185,14.716974,76.819084,-1
8186,14.713199,76.829969,-1
8187,25.587171,79.572716,-1
8188,25.578625,79.586346,-1
8189,25.59679,79.562785,-1
8190,25.618006,79.590901,-1
8191,25.599826,79.558918,-1
8192,25.589291,79.586877,-1
8193,25.599884,79.58792,-1
8194,11.1776,75.816091,-1
8195,11.213159,75.810594,-1
8196,11.189038,75.830637,-1
8197,11.20074,75.833742,-1
8198,11.198427,75.835365,-1
8199,11.214429,75.79165,-1
8200,11.177037,75.812018,-1
8201,11.535723,79.358993,-1
8202,11.481722,79.337646,-1
8203,11.525444,79.336118,-1
8204,11.534754,79.31885,-1
8205,11.528093,79.312209,-1
8206,11.479794,79.329048,-1
8207,11.499118,79.317625,-1
8208,25.440359,85.72795,-1
8209,25.44529,85.673967,-1
8210,25.49621,85.683646,-1
8211,25.472456,85.746272,-1
8212,25.450638,85.719022,-1
8213,25.499306,85.689642,-1
8214,25.450367,85.702353,-1
8215,21.540578,74.464591,-1
8216,21.555753,74.479441,-1
8217,21.532993,74.464808,-1
8218,21.536591,74.489913,-1
8219,21.567375,74.475432,-1
8220,21.535244,74.501943,-1
8221,21.540773,74.480252,-1
8222,25.8824,78.327382,-1
8223,25.883415,78.319903,-1
8224,25.906274,78.348599,-1
8225,25.879668,78.337175,-1
8226,25.86973,78.34542,-1
8227,25.865726,78.311552,-1
8228,25.857879,78.343891,-1
8229,10.585127,77.220947,-1
8230,10.608183,77.203362,-1
8231,10.629085,77.256184,-1
8232,10.621505,77.225736,-1
8233,10.568777,77.267206,-1
8234,10.625443,77.234939,-1
8235,10.605079,77.23489,-1
8236,13.25652,76.513311,-1
8237,13.229265,76.458099,-1
8238,13.265027,76.477121,-1
8239,13.244443,76.51294,-1
8240,13.270399,76.473165,-1
8241,13.275597,76.452646,-1
8242,13.269401,76.489255,-1
8243,28.057752,78.752214,-1
8244,28.061767,78.743292,-1
8245,28.03106,78.723617,-1
8246,28.07825,78.751597,-1
8247,28.078689,78.771423,-1
8248,28.076369,78.759106,-1
8249,28.073982,78.70564,-1
8250,16.370728,78.090334,-1
8251,16.359595,78.07074,-1
8252,16.355297,78.084211,-1
8253,16.383461,78.082063,-1
8254,16.396503,78.08926,-1
8255,16.36478,78.075606,-1
8256,16.35764,78.093911,-1
8257,30.662142,76.374941,-1
8258,30.634037,76.387335,-1
8259,30.633581,76.342882,-1
8260,30.630642,76.40631,-1
8261,30.645002,76.385541,-1
8262,30.643966,76.375254,-1
8263,30.6627,76.426952,-1
8264,21.119811,73.0936,-1
8265,21.120323,73.086807,-1
8266,21.108112,73.120331,-1
8267,21.146192,73.113659,-1
8268,21.149448,73.096047,-1
8269,21.115431,73.110881,-1
8270,21.12653,73.092061,-1
8271,25.391759,85.907452,-1
8272,25.374451,85.88037,-1
8273,25.408488,85.928826,-1
8274,25.410143,85.940494,-1
8275,25.393853,85.961353,-1
8276,25.356273,85.907419,-1
8277,25.382442,85.963671,-1
8278,22.880233,87.789495,-1
8279,22.875996,87.809148,-1
8280,22.842478,87.79571,-1
8281,22.915362,87.799032,-1
8282,22.907521,87.756565,-1
8283,22.849836,87.769018,-1
8284,22.900487,87.820701,-1
8285,13.034635,80.130253,-1
8286,13.058043,80.143981,-1
8287,13.084065,80.094698,-1
8288,13.073732,80.106144,-1
8289,13.02271,80.106672,-1
8290,13.051184,80.110745,-1
8291,13.034206,80.103911,-1
8292,21.619317,85.589589,-1
8293,21.649795,85.60293,-1
8294,21.636825,85.606666,-1
8295,21.648595,85.635304,-1
8296,21.616647,85.631066,-1
8297,21.657257,85.591607,-1
8298,21.642451,85.593038,-1
8299,20.096955,79.147216,-1
8300,20.069952,79.13113,-1
8301,20.087727,79.099227,-1
8302,20.079642,79.116536,-1
8303,20.083484,79.099897,-1
8304,20.123827,79.120672,-1
8305,20.100607,79.122591,-1
8306,11.752897,79.53029,-1
8307,11.78147,79.552436,-1
8308,11.788274,79.539547,-1
8309,11.753479,79.564985,-1
8310,11.771253,79.575347,-1
8311,11.780091,79.544302,-1
8312,11.798133,79.550112,-1
8313,15.933235,76.162197,-1
8314,15.955569,76.121979,-1
8315,15.935388,76.115056,-1
8316,16.000642,76.148382,-1
8317,15.953702,76.105901,-1
8318,15.988689,76.12829,-1
8319,15.94614,76.095346,-1
8320,29.471243,78.192543,-1
8321,29.494598,78.233525,-1
8322,29.520183,78.187901,-1
8323,29.526634,78.181561,-1
8324,29.485353,78.208699,-1
8325,29.487338,78.158002,-1
8326,29.517223,78.188904,-1
8327,27.567206,77.660627,-1
8328,27.571715,77.684073,-1
8329,27.593451,77.73645,-1
8330,27.59512,77.680137,-1
8331,27.581209,77.717788,-1
8332,27.590384,77.677636,-1
8333,27.558311,77.666442,-1
8334,10.264689,76.218193,-1
8335,10.246868,76.199886,-1
8336,10.259485,76.172659,-1
8337,10.214231,76.189962,-1
8338,10.25278,76.16139,-1
8339,10.254682,76.199974,-1
8340,10.254872,76.166325,-1
8341,8.634089,77.045245,-1
8342,8.58239,76.953197,-1
8343,8.567948,77.007903,-1
8344,8.591289,77.001374,-1
8345,8.602641,76.983634,-1
8346,8.562554,77.012405,-1
8347,8.597842,76.984547,-1
8348,25.86131,86.502387,-1
8349,25.844047,86.52207,-1
8350,25.853328,86.503041,-1
8351,25.889122,86.533183,-1
8352,25.887422,86.517215,-1
8353,25.858347,86.528172,-1
8354,22.954799,79.174232,-1
8355,22.944299,79.166971,-1
8356,22.959517,79.155636,-1
8357,22.966044,79.181337,-1
8358,22.968123,79.20405,-1
8359,22.958018,79.183572,-1
8360,16.072182,80.525404,-1
8361,16.092361,80.557787,-1
8362,16.062552,80.532486,-1
8363,16.098862,80.526229,-1
8364,16.076176,80.547806,-1
8365,16.050966,80.537974,-1
8366,32.385925,75.508566,-1
8367,32.349444,75.561622,-1
8368,32.37523,75.515439,-1
8369,32.362262,75.524358,-1
8370,32.400308,75.522601,-1
8371,32.334458,75.507465,-1
8372,27.261377,94.092383,-1
8373,27.232896,94.087319,-1
8374,27.254652,94.073413,-1
8375,27.229182,94.08872,-1
8376,27.272117,94.075196,-1
8377,27.224119,94.065966,-1
8378,25.326887,85.038671,-1
8379,25.368624,85.028696,-1
8380,25.390279,85.034712,-1
8381,25.357781,85.005797,-1
8382,25.382345,85.043631,-1
8383,25.346317,85.043739,-1
8384,13.063863,80.202348,-1
8385,13.08354,80.237161,-1
8386,13.075365,80.197928,-1
8387,13.055352,80.229179,-1
8388,13.091401,80.237218,-1
8389,13.09062,80.20516,-1
8390,20.772589,76.693851,-1
8391,20.777225,76.688387,-1
8392,20.777788,76.646591,-1
8393,20.81402,76.716449,-1
8394,20.801828,76.701199,-1
8395,20.8161,76.72543,-1
8396,23.079408,77.519641,-1
8397,23.088578,77.560251,-1
8398,23.071071,77.556131,-1
8399,23.046624,77.513981,-1
8400,23.096982,77.529163,-1
8401,23.072373,77.508802,-1
8402,20.655088,75.342249,-1
8403,20.639664,75.393168,-1
8404,20.672597,75.371096,-1
8405,20.650539,75.361337,-1
8406,20.67894,75.317914,-1
8407,20.623203,75.381539,-1
8408,11.437535,77.452851,-1
8409,11.437669,77.451185,-1
8410,11.46444,77.435115,-1
8411,11.472295,77.440005,-1
8412,11.490465,77.443822,-1
8413,11.47881,77.435496,-1
8414,29.807798,77.274495,-1
8415,29.766713,77.270359,-1
8416,29.792754,77.237341,-1
8417,29.801723,77.266969,-1
8418,29.790211,77.243941,-1
8419,29.793215,77.261569,-1
8420,27.121393,93.619646,-1
8421,27.083995,93.569323,-1
8422,27.10757,93.582617,-1
8423,27.084437,93.631683,-1
8424,27.105221,93.637153,-1
8425,27.109427,93.614681,-1
8426,28.531014,77.328024,-1
8427,28.533077,77.322888,-1
8428,28.524888,77.34021,-1
8429,28.478945,77.327954,-1
8430,28.502457,77.304192,-1
8431,28.492447,77.303741,-1
8432,16.421379,81.665112,-1
8433,16.426872,81.660251,-1
8434,16.43727,81.696323,-1
8435,16.464391,81.666222,-1
8436,16.413094,81.670209,-1
8437,16.389563,81.679407,-1
8438,15.414421,77.856754,-1
8439,15.397878,77.895146,-1
8440,15.37695,77.886963,-1
8441,15.374516,77.803335,-1
8442,15.389219,77.879536,-1
8443,15.384994,77.908019,-1
8444,28.635315,75.365565,-1
8445,28.649502,75.355705,-1
8446,28.648871,75.381013,-1
8447,28.600744,75.385798,-1
8448,28.644923,75.412966,-1
8449,28.636142,75.398947,-1
8450,12.84494,74.8513,-1
8451,12.783751,74.845235,-1
8452,12.80635,74.835375,-1
8453,12.780174,74.847967,-1
8454,12.793491,74.820582,-1
8455,12.801023,74.907762,-1
8456,24.690867,80.224687,-1
8457,24.673773,80.165917,-1
8458,24.751213,80.205104,-1
8459,24.729771,80.182022,-1
8460,24.714994,80.201328,-1
8461,24.702057,80.195225,-1
8462,28.061822,80.482204,-1
8463,28.065192,80.45823,-1
8464,28.08898,80.441875,-1
8465,28.098764,80.496556,-1
8466,28.093785,80.473865,-1
8467,28.084513,80.475337,-1
8468,26.402369,78.435068,-1
8469,26.40934,78.413022,-1
8470,26.429008,78.47478,-1
8471,26.463454,78.429526,-1
8472,26.398394,78.46643,-1
8473,26.435822,78.454166,-1
8474,20.085428,78.952155,-1
8475,20.078142,78.935541,-1
8476,20.069999,78.958078,-1
8477,20.077224,78.950556,-1
8478,20.080273,78.99823,-1
8479,20.007476,78.968248,-1
8480,10.784467,79.633206,-1
8481,10.777324,79.696716,-1
8482,10.782232,79.636183,-1
8483,10.780512,79.632059,-1
8484,10.727419,79.617426,-1
8485,10.798366,79.614545,-1
8486,21.73204,70.311731,-1
8487,21.743235,70.276547,-1
8488,21.743179,70.277164,-1
8489,21.737946,70.302335,-1
8490,21.719242,70.271037,-1
8491,21.700843,70.279201,-1
8492,16.808594,80.81691,-1
8493,16.824987,80.869657,-1
8494,16.764564,80.864101,-1
8495,16.804154,80.83017,-1
8496,16.799273,80.841847,-1
8497,16.765347,80.833428,-1
8498,18.78628,73.384868,-1
8499,18.748007,73.400349,-1
8500,18.745523,73.404847,-1
8501,18.742277,73.431514,-1
8502,18.769132,73.367644,-1
8503,18.770083,73.374709,-1
8504,20.847129,71.074627,-1
8505,20.802548,71.043829,-1
8506,20.813307,71.054476,-1
8507,20.837463,71.043828,-1
8508,20.784756,71.044273,-1
8509,20.823781,71.024456,-1
8510,20.292499,75.672658,-1
8511,20.313846,75.661307,-1
8512,20.262013,75.667799,-1
8513,20.336044,75.632339,-1
8514,20.335519,75.659082,-1
8515,20.292746,75.68886,-1
8516,13.780673,76.927355,-1
8517,13.715755,76.899608,-1
8518,13.75496,76.853525,-1
8519,13.735064,76.917304,-1
8520,13.738822,76.924059,-1
8521,13.724906,76.922297,-1
8522,20.372032,76.266255,-1
8523,20.335776,76.253513,-1
8524,20.379843,76.244202,-1
8525,20.35569,76.248735,-1
8526,20.314974,76.26388,-1
8527,20.36723,76.249387,-1
8528,22.437928,86.976726,-1
8529,22.460982,86.998341,-1
8530,22.436963,87.014025,-1
8531,22.442676,87.0032,-1
8532,22.456966,86.953682,-1
8533,22.458873,87.017761,-1
8534,19.29631,79.476271,-1
8535,19.345677,79.500166,-1
8536,19.348875,79.483613,-1
8537,19.334055,79.466926,-1
8538,19.322476,79.438044,-1
8539,19.367327,79.474864,-1
8540,21.755896,81.956717,-1
8541,21.740937,81.968061,-1
8542,21.768054,81.932056,-1
8543,21.702377,81.931553,-1
8544,21.717047,81.960761,-1
8545,21.779661,81.937103,-1
8546,18.756178,84.421145,-1
8547,18.786687,84.382668,-1
8548,18.788667,84.425065,-1
8549,18.765413,84.366241,-1
8550,18.786989,84.411658,-1
8551,18.755433,84.414688,-1
8552,28.703628,78.311439,-1
8553,28.74316,78.275108,-1
8554,28.728208,78.314284,-1
8555,28.737044,78.293501,-1
8556,28.742799,78.261529,-1
8557,28.708336,78.283641,-1
8558,23.420275,84.668142,-1
8559,23.441222,84.688133,-1
8560,23.462702,84.698947,-1
8561,23.383725,84.709718,-1
8562,23.409812,84.683927,-1
8563,23.478246,84.69722,-1
8564,28.383365,78.104518,-1
8565,28.39983,78.098228,-1
8566,28.405117,78.111772,-1
8567,28.386749,78.06691,-1
8568,28.381192,78.105425,-1
8569,28.408648,78.103429,-1
8570,29.309547,78.57842,-1
8571,29.378032,78.535901,-1
8572,29.333086,78.542509,-1
8573,29.323737,78.574375,-1
8574,29.318596,78.585574,-1
8575,29.356878,78.544333,-1
8576,23.811256,86.286952,-1
8577,23.757018,86.290658,-1
8578,23.80261,86.339179,-1
8579,23.772856,86.277187,-1
8580,23.77106,86.31553,-1
8581,23.809696,86.304286,-1
8582,16.487287,79.426185,-1
8583,16.502796,79.410143,-1
8584,16.471683,79.440341,-1
8585,16.450693,79.398753,-1
8586,16.471179,79.403777,-1
8587,16.447888,79.49383,-1
8588,26.684255,88.241709,-1
8589,26.719478,88.231471,-1
8590,26.685209,88.222586,-1
8591,26.685278,88.235948,-1
8592,26.689883,88.22299,-1
8593,26.655015,88.201863,-1
8594,9.190876,77.556114,-1
8595,9.168641,77.544528,-1
8596,9.18321,77.558046,-1
8597,9.139076,77.544302,-1
8598,9.164672,77.545997,-1
8599,9.183525,77.54389,-1
8600,13.141089,78.413237,-1
8601,13.190555,78.359776,-1
8602,13.175225,78.370208,-1
8603,13.20416,78.385764,-1
8604,13.158191,78.385693,-1
8605,13.176085,78.401112,-1
8606,15.221578,79.918155,-1
8607,15.204814,79.927709,-1
8608,15.215739,79.919634,-1
8609,15.241538,79.914684,-1
8610,15.239267,79.891433,-1
8611,15.174652,79.902807,-1
8612,9.403308,76.568919,-1
8613,9.369859,76.586278,-1
8614,9.383835,76.585061,-1
8615,9.385111,76.576846,-1
8616,9.388594,76.596385,-1
8617,9.383589,76.578127,-1
8618,28.6298,76.996937,-1
8619,28.623656,76.975864,-1
8620,28.612521,76.976203,-1
8621,28.594935,76.971717,-1
8622,28.596216,77.007349,-1
8623,28.614706,77.006451,-1
8624,16.061078,80.516715,-1
8625,16.084419,80.506056,-1
8626,16.044261,80.545179,-1
8627,16.08317,80.558701,-1
8628,16.045111,80.514363,-1
8629,16.056374,80.559791,-1
8630,12.167132,77.11971,-1
8631,12.168271,77.156185,-1
8632,12.148609,77.116495,-1
8633,12.181884,77.081575,-1
8634,12.153757,77.134794,-1
8635,12.162007,77.121403,-1
8636,28.706224,77.178817,-1
8637,28.715188,77.159431,-1
8638,28.776327,77.22691,-1
8639,28.736543,77.208541,-1
8640,28.754793,77.179177,-1
8641,28.753188,77.183779,-1
8642,23.797278,72.389293,-1
8643,23.807936,72.405221,-1
8644,23.815389,72.406094,-1
8645,23.798728,72.415228,-1
8646,23.816258,72.389806,-1
8647,23.797036,72.425357,-1
8648,27.140792,79.501973,-1
8649,27.136923,79.512423,-1
8650,27.127302,79.495126,-1
8651,27.174789,79.554468,-1
8652,27.133563,79.464456,-1
8653,27.151554,79.509447,-1
8654,27.975009,79.742798,-1
8655,27.940753,79.756853,-1
8656,27.938404,79.718783,-1
8657,27.951731,79.707673,-1
8658,27.950952,79.740435,-1
8659,27.96528,79.740317,-1
8660,22.868558,92.766454,-1
8661,22.890565,92.737712,-1
8662,22.902366,92.744072,-1
8663,22.888602,92.755879,-1
8664,22.895887,92.781051,-1
8665,22.896566,92.715546,-1
8666,13.063003,77.814098,-1
8667,13.053383,77.809123,-1
8668,13.082509,77.800636,-1
8669,13.084511,77.809032,-1
8670,13.074116,77.790141,-1
8671,13.051308,77.782594,-1
8672,20.94454,86.134437,-1
8673,20.938766,86.106465,-1
8674,20.961164,86.095706,-1
8675,20.974746,86.117973,-1
8676,20.961282,86.135746,-1
8677,20.904497,86.119016,-1
8678,22.13179,85.392448,-1
8679,22.10939,85.360038,-1
8680,22.109791,85.393093,-1
8681,22.059183,85.381187,-1
8682,22.103657,85.403881,-1
8683,22.108013,85.362163,-1
8684,17.050047,82.160932,-1
8685,17.043467,82.187485,-1
8686,17.064612,82.166367,-1
8687,17.045593,82.198089,-1
8688,17.051464,82.16668,-1
8689,17.051475,82.184333,-1
8690,24.875392,92.395441,-1
8691,24.887294,92.347188,-1
8692,24.853139,92.355504,-1
8693,24.876262,92.352816,-1
8694,24.85264,92.381261,-1
8695,24.893232,92.348341,-1
8696,18.604099,83.335866,-1
8697,18.609232,83.339633,-1
8698,18.584616,83.358489,-1
8699,18.573673,83.331994,-1
8700,18.566736,83.323445,-1
8701,18.565094,83.32403,-1
8702,11.776485,77.813968,-1
8703,11.812095,77.822022,-1
8704,11.792483,77.791066,-1
8705,11.785149,77.755193,-1
8706,11.777713,77.810241,-1
8707,11.782435,77.836069,-1
8708,16.394671,80.162804,-1
8709,16.411447,80.146377,-1
8710,16.3815,80.117496,-1
8711,16.372156,80.178691,-1
8712,16.385768,80.178801,-1
8713,16.389634,80.131898,-1
8714,11.065607,75.918546,-1
8715,11.086671,75.94312,-1
8716,11.035023,75.918299,-1
8717,11.053269,75.88308,-1
8718,11.041532,75.92448,-1
8719,11.079284,75.930046,-1
8720,11.001337,75.924681,-1
8721,10.997251,75.951668,-1
8722,10.998666,75.943186,-1
8723,10.981246,75.955753,-1
8724,10.975286,75.956015,-1
8725,11.01424,75.90874,-1
8726,22.687282,85.613072,-1
8727,22.674679,85.615225,-1
8728,22.66501,85.639873,-1
8729,22.666866,85.613162,-1
8730,22.685396,85.634332,-1
8731,22.672018,85.624942,-1
8732,21.655897,75.067252,-1
8733,21.677613,75.081467,-1
8734,21.716761,75.121223,-1
8735,21.675186,75.144161,-1
8736,21.668825,75.127109,-1
8737,21.674409,75.07477,-1
8738,18.725837,73.653753,-1
8739,18.776118,73.65833,-1
8740,18.727233,73.675813,-1
8741,18.717059,73.662333,-1
8742,18.733011,73.70235,-1
8743,18.754515,73.702517,-1
8744,13.968034,76.638116,-1
8745,13.898321,76.612586,-1
8746,13.925326,76.632293,-1
8747,13.966384,76.584862,-1
8748,13.950853,76.589049,-1
8749,13.968735,76.620748,-1
8750,21.176369,77.325694,-1
8751,21.171215,77.324318,-1
8752,21.159879,77.303004,-1
8753,21.171598,77.320988,-1
8754,21.175676,77.330632,-1
8755,21.19091,77.354235,-1
8756,28.562417,76.257898,-1
8757,28.60292,76.2675,-1
8758,28.58584,76.252408,-1
8759,28.575215,76.299701,-1
8760,28.588242,76.276315,-1
8761,28.605201,76.30139,-1
8762,28.020533,79.002597,-1
8763,27.988189,78.992392,-1
8764,27.975738,79.013818,-1
8765,28.002671,78.97971,-1
8766,28.032631,79.011058,-1
8767,27.963179,79.028464,-1
8768,22.604837,88.308113,-1
8769,22.587328,88.267624,-1
8770,22.598279,88.280367,-1
8771,22.599443,88.272246,-1
8772,22.582872,88.255333,-1
8773,22.586893,88.27067,-1
8774,22.176271,73.43092,-1
8775,22.181688,73.427193,-1
8776,22.194129,73.451161,-1
8777,22.165893,73.436958,-1
8778,22.157513,73.433959,-1
8779,22.137323,73.427476,-1
8780,25.437303,85.938575,-1
8781,25.507859,85.953925,-1
8782,25.480992,85.951639,-1
8783,25.474197,85.943498,-1
8784,25.50016,85.926081,-1
8785,25.502102,85.930462,-1
8786,24.421794,82.998514,-1
8787,24.47167,82.980175,-1
8788,24.396487,82.954468,-1
8789,24.434846,83.018719,-1
8790,24.466909,82.980596,-1
8791,24.410253,83.012196,-1
8792,13.146109,79.90933,-1
8793,13.141537,79.907847,-1
8794,13.141048,79.892373,-1
8795,13.139661,79.919825,-1
8796,13.168226,79.911994,-1
8797,13.142189,79.906992,-1
8798,16.837614,81.918408,-1
8799,16.87112,81.9839,-1
8800,16.863914,81.937525,-1
8801,16.869584,81.947701,-1
8802,16.838869,81.923382,-1
8803,16.857149,81.948647,-1
8804,10.882945,75.938948,-1
8805,10.946317,75.891524,-1
8806,10.926308,75.928553,-1
8807,10.942415,75.923744,-1
8808,10.925113,75.938319,-1
8809,10.92268,75.904257,-1
8810,30.974766,76.512309,-1
8811,30.957229,76.547799,-1
8812,30.962695,76.515098,-1
8813,30.998863,76.525141,-1
8814,30.952508,76.543041,-1
8815,30.979603,76.527085,-1
8816,11.186814,78.152651,-1
8817,11.237151,78.145646,-1
8818,11.223872,78.166785,-1
8819,11.220982,78.196605,-1
8820,11.20356,78.208967,-1
8821,11.208199,78.14967,-1
8822,12.934682,79.304764,-1
8823,12.901522,79.330174,-1
8824,12.881572,79.33738,-1
8825,12.870581,79.31655,-1
8826,12.911594,79.330408,-1
8827,12.865963,79.321976,-1
8828,27.701063,80.880401,-1
8829,27.6912,80.901059,-1
8830,27.726628,80.887123,-1
8831,27.683493,80.923923,-1
8832,27.716018,80.921645,-1
8833,27.713814,80.893051,-1
8834,23.098572,72.059865,-1
8835,23.116898,72.046137,-1
8836,23.1309,72.041895,-1
8837,23.144965,72.053833,-1
8838,23.117122,72.067902,-1
8839,23.112766,72.039587,-1
8840,26.305245,88.16784,-1
8841,26.270183,88.166096,-1
8842,26.256372,88.181133,-1
8843,26.262416,88.168307,-1
8844,26.275195,88.213444,-1
8845,26.26454,88.209668,-1
8846,17.3035,74.191331,-1
8847,17.307398,74.169776,-1
8848,17.309354,74.227782,-1
8849,17.272762,74.149039,-1
8850,17.294956,74.183552,-1
8851,17.27612,74.183263,-1
8852,16.744902,82.205218,-1
8853,16.723842,82.21868,-1
8854,16.722052,82.203195,-1
8855,16.685687,82.254034,-1
8856,16.740152,82.21485,-1
8857,16.708057,82.231666,-1
8858,24.494948,72.790798,-1
8859,24.469885,72.770516,-1
8860,24.502551,72.79388,-1
8861,24.525937,72.776228,-1
8862,24.488078,72.750939,-1
8863,24.480072,72.752595,-1
8864,26.983156,84.859689,-1
8865,26.970909,84.860362,-1
8866,27.025299,84.83559,-1
8867,26.986382,84.86469,-1
8868,27.02848,84.866365,-1
8869,26.98219,84.836474,-1
8870,11.074495,75.912709,-1
8871,11.059513,75.920743,-1
8872,11.041826,75.929432,-1
8873,11.046599,75.899866,-1
8874,11.041327,75.891319,-1
8875,11.046246,75.883513,-1
8876,22.019395,74.912176,-1
8877,22.017948,74.92168,-1
8878,22.070866,74.937329,-1
8879,21.981407,74.876451,-1
8880,22.030367,74.918607,-1
8881,22.05721,74.924763,-1
8882,9.599019,76.543459,-1
8883,9.629466,76.509566,-1
8884,9.569565,76.541891,-1
8885,9.577139,76.513844,-1
8886,9.576694,76.537046,-1
8887,9.598735,76.496818,-1
8888,9.481653,77.846043,-1
8889,9.510168,77.87589,-1
8890,9.466951,77.833363,-1
8891,9.483298,77.842873,-1
8892,9.491366,77.839306,-1
8893,9.501235,77.832301,-1
8894,22.479913,72.75907,-1
8895,22.462153,72.821822,-1
8896,22.454695,72.780715,-1
8897,22.478117,72.814358,-1
8898,22.458533,72.807755,-1
8899,22.481581,72.802721,-1
8900,26.118014,79.353196,-1
8901,26.160448,79.355546,-1
8902,26.155472,79.317655,-1
8903,26.131504,79.313674,-1
8904,26.151116,79.313529,-1
8905,26.147006,79.291803,-1
8906,11.341706,77.664198,-1
8907,11.348684,77.674713,-1
8908,11.353089,77.662388,-1
8909,11.366669,77.699216,-1
8910,11.364507,77.677724,-1
8911,11.375549,77.709367,-1
8912,24.265217,86.649267,-1
8913,24.294722,86.614083,-1
8914,24.276696,86.668628,-1
8915,24.292801,86.63076,-1
8916,24.286638,86.635425,-1
8917,24.288975,86.653837,-1
8918,30.371193,75.891224,-1
8919,30.363897,75.880268,-1
8920,30.407116,75.833126,-1
8921,30.375998,75.886826,-1
8922,30.346572,75.915074,-1
8923,30.371896,75.844914,-1
8924,14.312098,76.655916,-1
8925,14.315939,76.665958,-1
8926,14.325066,76.643677,-1
8927,14.359478,76.65265,-1
8928,14.344381,76.615596,-1
8929,14.312598,76.643918,-1
8930,24.16898,78.256447,-1
8931,24.146975,78.196117,-1
8932,24.190779,78.217969,-1
8933,24.198082,78.200493,-1
8934,24.146362,78.207284,-1
8935,24.166862,78.191539,-1
8936,17.529005,73.510149,-1
8937,17.526876,73.499258,-1
8938,17.552355,73.476567,-1
8939,17.508047,73.499403,-1
8940,17.552515,73.482974,-1
8941,17.516733,73.532297,-1
8942,22.613494,80.348824,-1
8943,22.588229,80.403172,-1
8944,22.63288,80.382043,-1
8945,22.623946,80.359142,-1
8946,22.577943,80.351922,-1
8947,22.552842,80.392598,-1
8948,17.889207,83.442046,-1
8949,17.882176,83.451174,-1
8950,17.871165,83.443687,-1
8951,17.889346,83.411102,-1
8952,17.873338,83.423582,-1
8953,17.899971,83.495102,-1
8954,25.643879,91.892299,-1
8955,25.631357,91.868739,-1
8956,25.598936,91.858694,-1
8957,25.604343,91.849351,-1
8958,25.647561,91.904111,-1
8959,25.622139,91.887843,-1
8960,12.97972,80.086398,-1
8961,12.975234,80.085991,-1
8962,12.976926,80.05794,-1
8963,13.004347,80.069745,-1
8964,12.985903,80.075753,-1
8965,12.988756,80.020332,-1
8966,17.090291,82.23553,-1
8967,17.129263,82.235919,-1
8968,17.093402,82.232383,-1
8969,17.109234,82.30291,-1
8970,17.125494,82.249827,-1
8971,17.168891,82.238767,-1
8972,23.926532,88.050287,-1
8973,23.978612,88.066265,-1
8974,23.937979,88.063427,-1
8975,23.953567,88.042091,-1
8976,23.940736,88.008878,-1
8977,23.940793,88.055979,-1
8978,11.619711,77.863019,-1
8979,11.567094,77.819117,-1
8980,11.58093,77.84499,-1
8981,11.605229,77.848713,-1
8982,11.568398,77.846356,-1
8983,11.591664,77.875122,-1
8984,28.752377,77.120766,-1
8985,28.764263,77.125934,-1
8986,28.812448,77.146833,-1
8987,28.795149,77.112935,-1
8988,28.744571,77.139806,-1
8989,28.766863,77.084549,-1
8990,13.373877,78.550699,-1
8991,13.353588,78.582015,-1
8992,13.354049,78.562601,-1
8993,13.374454,78.531197,-1
8994,13.365647,78.567757,-1
8995,13.342566,78.5434,-1
8996,22.727494,87.730692,-1
8997,22.664,87.735744,-1
8998,22.64127,87.7128,-1
8999,22.696404,87.726407,-1
9000,22.623037,87.745369,-1
9001,22.690265,87.746593,-1
9002,28.644437,77.251347,-1
9003,28.656772,77.277032,-1
9004,28.636171,77.315174,-1
9005,28.664589,77.257994,-1
9006,28.654138,77.285633,-1
9007,28.664894,77.263507,-1
9008,14.111393,75.056144,-1
9009,14.164972,75.00858,-1
9010,14.188397,75.005256,-1
9011,14.1836,75.022389,-1
9012,14.181331,75.033737,-1
9013,14.158631,75.000013,-1
9014,21.721351,71.968227,-1
9015,21.76009,72.017116,-1
9016,21.710191,71.962444,-1
9017,21.727079,71.966697,-1
9018,21.701847,71.942314,-1
9019,21.708071,71.954465,-1
9020,28.646898,77.026166,-1
9021,28.652813,77.023437,-1
9022,28.684309,77.030764,-1
9023,28.703351,77.016343,-1
9024,28.670615,77.019267,-1
9025,28.666735,77.039423,-1
9026,18.543518,77.589265,-1
9027,18.538148,77.569671,-1
9028,18.533903,77.572262,-1
9029,18.555185,77.565516,-1
9030,18.554357,77.555054,-1
9031,18.544265,77.58694,-1
9032,25.928398,86.813399,-1
9033,25.942763,86.78254,-1
9034,25.925619,86.803268,-1
9035,25.963472,86.80267,-1
9036,25.902094,86.796648,-1
9037,25.943444,86.802633,-1
9038,18.096475,74.611592,-1
9039,18.16315,74.578487,-1
9040,18.126428,74.549036,-1
9041,18.138317,74.571787,-1
9042,18.17114,74.557271,-1
9043,18.162091,74.588969,-1
9044,21.087849,82.112403,-1
9045,21.080003,82.068429,-1
9046,21.114381,82.080786,-1
9047,21.110411,82.091023,-1
9048,21.08464,82.101716,-1
9049,21.107708,82.04866,-1
9050,24.39415,81.895017,-1
9051,24.407357,81.886016,-1
9052,24.371216,81.85632,-1
9053,24.412836,81.868465,-1
9054,24.415424,81.893712,-1
9055,24.381636,81.858273,-1
9056,12.485078,74.995987,-1
9057,12.49463,74.999964,-1
9058,12.47531,75.028755,-1
9059,12.510469,74.989482,-1
9060,12.488477,74.986099,-1
9061,12.495233,74.996043,-1
9062,20.195231,80.008333,-1
9063,20.139766,80.032752,-1
9064,20.182279,80.007784,-1
9065,20.176208,80.012507,-1
9066,20.173253,80.014464,-1
9067,20.204641,79.989249,-1
9068,13.454856,79.569961,-1
9069,13.461375,79.537932,-1
9070,13.422169,79.551404,-1
9071,13.4557,79.554518,-1
9072,13.445471,79.523389,-1
9073,13.426079,79.56585,-1
9074,25.333897,72.609264,-1
9075,25.353141,72.627655,-1
9076,25.35008,72.63184,-1
9077,25.342669,72.607088,-1
9078,25.331806,72.598795,-1
9079,25.334213,72.610176,-1
9080,30.146309,76.173049,-1
9081,30.170371,76.2165,-1
9082,30.1462,76.183745,-1
9083,30.166116,76.20539,-1
9084,30.171125,76.221401,-1
9085,30.174973,76.171174,-1
9086,14.193527,79.18262,-1
9087,14.198319,79.163049,-1
9088,14.197794,79.136657,-1
9089,14.207472,79.148271,-1
9090,14.183406,79.187771,-1
9091,14.218615,79.171156,-1
9092,21.161313,79.029302,-1
9093,21.150205,79.014343,-1
9094,21.145376,79.006258,-1
9095,21.166213,79.012074,-1
9096,21.130655,79.00166,-1
9097,21.137682,79.050452,-1
9098,13.190877,78.780619,-1
9099,13.185393,78.746001,-1
9100,13.191795,78.726443,-1
9101,13.224749,78.756262,-1
9102,13.193313,78.718706,-1
9103,13.192901,78.733914,-1
9104,19.940272,73.801208,-1
9105,19.923868,73.853605,-1
9106,19.958662,73.812925,-1
9107,19.952241,73.804798,-1
9108,19.918087,73.858151,-1
9109,19.927623,73.820373,-1
9110,12.534965,77.449491,-1
9111,12.539313,77.395946,-1
9112,12.569525,77.417888,-1
9113,12.561068,77.445022,-1
9114,12.526198,77.409086,-1
9115,12.561727,77.443178,-1
9116,26.102196,94.275629,-1
9117,26.090873,94.283927,-1
9118,26.109652,94.298402,-1
9119,26.067727,94.269756,-1
9120,26.104254,94.28466,-1
9121,26.115767,94.27481,-1
9122,20.845261,79.332085,-1
9123,20.858071,79.321012,-1
9124,20.850745,79.356458,-1
9125,20.874175,79.331587,-1
9126,20.836755,79.266679,-1
9127,20.852544,79.298963,-1
9128,23.22155,88.31519,-1
9129,23.206745,88.363075,-1
9130,23.17796,88.338643,-1
9131,23.231378,88.365853,-1
9132,23.235272,88.335644,-1
9133,23.223248,88.370729,-1
9134,8.436901,77.02264,-1
9135,8.453668,77.033465,-1
9136,8.411663,77.023821,-1
9137,8.456304,77.042079,-1
9138,8.471429,77.000934,-1
9139,8.416445,77.02544,-1
9140,10.959511,78.073955,-1
9141,10.923243,78.106092,-1
9142,10.93451,78.075928,-1
9143,10.919869,78.101175,-1
9144,10.950513,78.090643,-1
9145,10.934611,78.078826,-1
9146,18.804706,83.443538,-1
9147,18.820961,83.432052,-1
9148,18.789206,83.447532,-1
9149,18.799925,83.42795,-1
9150,18.797886,83.414747,-1
9151,18.78317,83.451635,-1
9152,22.236278,70.857371,-1
9153,22.244241,70.784986,-1
9154,22.250235,70.841349,-1
9155,22.238848,70.785015,-1
9156,22.24388,70.830411,-1
9157,22.23513,70.822294,-1
9158,10.770839,76.377777,-1
9159,10.772348,76.393333,-1
9160,10.759288,76.388621,-1
9161,10.780232,76.395007,-1
9162,10.778223,76.346814,-1
9163,10.783429,76.36931,-1
9164,27.416266,74.551066,-1
9165,27.417748,74.584633,-1
9166,27.418627,74.571342,-1
9167,27.396477,74.580632,-1
9168,27.420982,74.586197,-1
9169,27.392325,74.588349,-1
9170,28.747948,77.058585,-1
9171,28.730456,77.066302,-1
9172,28.741051,77.090595,-1
9173,28.725508,77.082244,2
9174,28.713093,77.06878,-1
9175,28.758207,77.06014,-1
9176,17.397239,78.505972,-1
9177,17.378005,78.495147,-1
9178,17.337546,78.502549,-1
9179,17.389041,78.519603,-1
9180,17.352054,78.521636,-1
9181,17.353244,78.535353,-1
9182,25.551783,84.186043,-1
9183,25.517789,84.167723,-1
9184,25.608951,84.191719,-1
9185,25.55832,84.166083,-1
9186,25.555939,84.151273,-1
9187,25.556054,84.166957,-1
9188,11.185189,77.381275,-1
9189,11.164161,77.363541,-1
9190,11.163988,77.395878,-1
9191,11.13428,77.392353,-1
9192,11.159216,77.372536,-1
9193,11.15258,77.396122,-1
9194,16.867734,80.080665,-1
9195,16.899815,80.094414,-1
9196,16.880379,80.079338,-1
9197,16.872169,80.083751,-1
9198,16.893007,80.118735,-1
9199,16.901991,80.106208,-1
9200,24.180931,87.7639,-1
9201,24.148582,87.790958,-1
9202,24.1379,87.788921,-1
9203,24.18839,87.777263,-1
9204,24.146875,87.768484,-1
9205,24.152761,87.774467,-1
9206,17.246388,80.15021,-1
9207,17.255385,80.165407,-1
9208,17.263214,80.197446,-1
9209,17.25017,80.177777,-1
9210,17.27711,80.155653,-1
9211,17.254048,80.179518,-1
9212,26.18602,90.611919,-1
9213,26.187682,90.661032,-1
9214,26.178036,90.655693,-1
9215,26.165599,90.617246,-1
9216,26.106042,90.610777,-1
9217,26.187568,90.62334,-1
9218,17.358618,82.568022,-1
9219,17.376186,82.515536,-1
9220,17.374159,82.584595,-1
9221,17.370656,82.529415,-1
9222,17.358786,82.527886,-1
9223,17.374495,82.595409,-1
9224,27.84778,75.0437,-1
9225,27.79822,75.043599,-1
9226,27.835606,75.03078,-1
9227,27.845137,75.024713,-1
9228,27.804729,75.032724,-1
9229,27.803706,75.08381,-1
9230,16.684713,76.857756,-1
9231,16.709046,76.849054,-1
9232,16.718541,76.840219,-1
9233,16.718575,76.838284,-1
9234,16.712913,76.827281,-1
9235,16.684034,76.844964,-1
9236,17.486783,78.893803,-1
9237,17.496122,78.897153,-1
9238,17.499349,78.877148,-1
9239,17.527958,78.860849,-1
9240,17.474388,78.892312,-1
9241,17.5137,78.876241,-1
9242,12.777204,75.207313,-1
9243,12.730152,75.192197,-1
9244,12.749973,75.197309,-1
9245,12.753731,75.225617,-1
9246,12.753199,75.197426,-1
9247,12.737047,75.197217,-1
9248,12.982766,80.156685,0
9249,12.958332,80.18663,-1
9250,12.981191,80.167053,-1
9251,13.0106,80.193703,-1
9252,12.989119,80.173393,-1
9253,12.984554,80.188434,-1
9254,28.118889,73.999936,-1
9255,28.065703,73.990162,-1
9256,28.090982,74.024142,-1
9257,28.110512,74.018971,-1
9258,28.076511,73.999938,-1
9259,28.100204,74.015595,-1
9260,26.811371,82.248487,-1
9261,26.808225,82.211881,-1
9262,26.789363,82.186576,-1
9263,26.791649,82.216688,-1
9264,26.796456,82.236837,-1
9265,26.813952,82.174811,-1
9266,26.104271,83.2871,-1
9267,26.087753,83.274398,-1
9268,26.104369,83.315342,-1
9269,26.106447,83.300949,-1
9270,26.089285,83.280712,-1
9271,26.062204,83.298433,-1
9272,16.600407,81.992032,-1
9273,16.529261,82.00941,-1
9274,16.570562,82.024011,-1
9275,16.548539,82.024204,-1
9276,16.602364,82.02066,-1
9277,16.567136,81.990662,-1
9278,13.306332,76.247727,-1
9279,13.297308,76.250092,-1
9280,13.316502,76.25494,-1
9281,13.319332,76.267247,-1
9282,13.302842,76.237825,-1
9283,13.334513,76.209185,-1
9284,17.981916,74.387945,-1
9285,18.020651,74.438041,-1
9286,17.968248,74.425487,-1
9287,18.000432,74.440274,-1
9288,17.996881,74.479333,-1
9289,17.978434,74.422835,-1
9290,23.042333,76.754169,-1
9291,23.055243,76.72234,-1
9292,22.985737,76.72463,-1
9293,23.028388,76.750866,-1
9294,23.020982,76.736473,-1
9295,23.047457,76.737547,-1
9296,27.060322,80.492265,-1
9297,27.070759,80.526284,-1
9298,27.075125,80.529357,-1
9299,27.074721,80.489032,-1
9300,27.084855,80.511905,-1
9301,27.095362,80.538544,-1
9302,17.353731,77.904615,-1
9303,17.329971,77.905475,-1
9304,17.322431,77.931952,-1
9305,17.352943,77.894865,-1
9306,17.315103,77.903364,-1
9307,17.334449,77.889467,-1
9308,22.38461,88.415468,-1
9309,22.339541,88.447556,-1
9310,22.371661,88.43323,-1
9311,22.357451,88.428937,-1
9312,22.38241,88.466571,-1
9313,22.384317,88.451,-1
9314,20.527006,85.881912,-1
9315,20.544994,85.928648,-1
9316,20.483861,85.92398,-1
9317,20.517872,85.889447,-1
9318,20.522607,85.913616,-1
9319,20.577339,85.901198,-1
9320,17.085487,76.926325,-1
9321,17.137618,76.954184,-1
9322,17.143449,76.961714,-1
9323,17.092754,76.949788,-1
9324,17.133881,76.921489,-1
9325,17.115607,76.970293,-1
9326,25.234646,86.761011,-1
9327,25.221624,86.741042,-1
9328,25.239861,86.699738,-1
9329,25.262048,86.743382,-1
9330,25.255623,86.730811,-1
9331,25.261619,86.71852,-1
9332,30.013931,74.704561,-1
9333,29.978937,74.721303,-1
9334,29.930102,74.709718,-1
9335,29.968051,74.706281,-1
9336,29.959931,74.688027,-1
9337,29.956973,74.733896,-1
9338,26.011601,79.141993,-1
9339,25.99774,79.168678,-1
9340,25.983728,79.122975,-1
9341,26.004305,79.13432,-1
9342,25.968103,79.151344,-1
9343,25.997563,79.148201,-1
9344,28.65662,77.00462,-1
9345,28.629595,77.013034,-1
9346,28.618788,76.998074,-1
9347,28.616456,77.038156,-1
9348,28.616952,77.009899,-1
9349,28.63485,77.031861,-1
9350,13.983925,79.56923,-1
9351,13.982569,79.533641,-1
9352,13.996103,79.585796,-1
9353,13.982601,79.543107,-1
9354,13.996356,79.594857,-1
9355,13.967004,79.566816,-1
9356,20.392042,72.899362,-1
9357,20.387489,72.87355,-1
9358,20.420922,72.899355,-1
9359,20.417805,72.872014,-1
9360,20.416293,72.929334,-1
9361,20.412754,72.84883,-1
9362,27.477836,81.005754,-1
9363,27.485531,80.980862,-1
9364,27.499958,80.985498,-1
9365,27.522626,80.995353,-1
9366,27.530796,80.996768,-1
9367,27.517157,80.999682,-1
9368,15.638909,76.890443,-1
9369,15.603007,76.86234,-1
9370,15.624608,76.90972,-1
9371,15.63454,76.891633,-1
9372,15.610636,76.882093,-1
9373,15.643261,76.868071,-1
9374,27.84916,77.428432,-1
9375,27.779518,77.415328,-1
9376,27.767512,77.398792,-1
9377,27.804686,77.440044,-1
9378,27.787038,77.435721,-1
9379,27.801179,77.43812,-1
9380,24.113115,77.686175,-1
9381,24.128835,77.711244,-1
9382,24.093348,77.676405,-1
9383,24.088544,77.688653,-1
9384,24.136679,77.690597,-1
9385,24.113413,77.693523,-1
9386,17.729374,79.174609,-1
9387,17.75,79.150057,-1
9388,17.716161,79.14688,-1
9389,17.74692,79.193288,-1
9390,17.740789,79.12915,-1
9391,17.73802,79.186053,-1
9392,25.066949,84.400253,-1
9393,25.028768,84.371129,-1
9394,25.057752,84.411603,-1
9395,25.047939,84.394496,-1
9396,25.064206,84.44314,-1
9397,25.058586,84.41047,-1
9398,13.028633,80.174402,-1
9399,13.018582,80.139867,-1
9400,13.006843,80.156194,-1
9401,13.078628,80.189765,-1
9402,13.04299,80.195802,-1
9403,13.052493,80.17557,-1
9404,15.265613,74.603838,-1
9405,15.253917,74.603793,-1
9406,15.269956,74.616168,-1
9407,15.290875,74.588687,-1
9408,15.279288,74.614857,-1
9409,15.261476,74.613409,-1
9410,16.35279,75.272012,-1
9411,16.359462,75.268518,-1
9412,16.346038,75.257727,-1
9413,16.340394,75.278089,-1
9414,16.326336,75.276456,-1
9415,16.366135,75.285112,-1
9416,9.897744,76.690057,-1
9417,9.880457,76.736112,-1
9418,9.893151,76.739227,-1
9419,9.899457,76.72896,-1
9420,9.886614,76.727882,-1
9421,9.925184,76.730093,-1
9422,9.94202,78.857194,-1
9423,9.968246,78.809041,-1
9424,9.967006,78.815448,-1
9425,9.937578,78.860441,-1
9426,9.938859,78.836513,-1
9427,9.941078,78.807474,-1
9428,25.248466,84.665607,-1
9429,25.2571,84.652592,-1
9430,25.217034,84.658898,-1
9431,25.280403,84.662736,-1
9432,25.22661,84.659745,-1
9433,25.27507,84.679896,-1
9434,25.623856,88.366277,-1
9435,25.634892,88.32398,-1
9436,25.612765,88.347978,-1
9437,25.631731,88.36635,-1
9438,25.636857,88.345651,-1
9439,25.648786,88.341931,-1
9440,26.303035,74.725506,-1
9441,26.282749,74.73646,-1
9442,26.319199,74.736452,-1
9443,26.313048,74.751938,-1
9444,26.262684,74.765575,-1
9445,26.319516,74.741794,-1
9446,25.568188,85.051317,-1
9447,25.578643,85.034792,-1
9448,25.594002,85.050913,-1
9449,25.563676,85.070654,-1
9450,25.591492,85.050016,-1
9451,25.618701,85.062102,-1
9452,9.446635,76.514608,-1
9453,9.44096,76.522029,-1
9454,9.431252,76.509443,-1
9455,9.441386,76.537741,-1
9456,9.421591,76.497712,-1
9457,9.466981,76.543684,-1
9458,16.513718,76.763,-1
9459,16.506412,76.741158,-1
9460,16.507032,76.720462,-1
9461,16.538688,76.756378,-1
9462,16.52071,76.757969,-1
9463,16.552941,76.749859,-1
9464,22.83169,69.377481,-1
9465,22.798813,69.350527,-1
9466,22.796857,69.305949,-1
9467,22.848268,69.328976,-1
9468,22.804276,69.353053,-1
9469,22.857051,69.368309,-1
9470,22.205451,84.58607,-1
9471,22.213337,84.597796,-1
9472,22.1967,84.59386,-1
9473,22.1937,84.586786,-1
9474,22.202619,84.557549,-1
9475,22.241778,84.599043,-1
9476,20.102108,73.934253,-1
9477,20.098589,73.980322,-1
9478,20.086713,73.93738,-1
9479,20.084081,73.875775,-1
9480,20.081582,73.890612,-1
9481,20.094813,73.948104,-1
9482,12.91693,78.720011,-1
9483,12.899292,78.675213,-1
9484,12.923623,78.718697,-1
9485,12.949478,78.694309,-1
9486,12.910033,78.737257,-1
9487,12.943507,78.709883,-1
9488,23.033443,84.562048,-1
9489,23.05151,84.519318,-1
9490,23.0606,84.520005,-1
9491,23.056093,84.53902,-1
9492,23.053331,84.528357,-1
9493,23.034245,84.546473,-1
9494,29.400731,79.13922,-1
9495,29.366286,79.125498,-1
9496,29.408459,79.133691,-1
9497,29.398612,79.119893,-1
9498,29.404229,79.103837,-1
9499,29.415487,79.124307,-1
9500,10.015398,76.305331,-1
9501,10.020199,76.33899,-1
9502,10.015986,76.343063,-1
9503,10.057837,76.332871,-1
9504,10.015952,76.315173,-1
9505,10.021816,76.370989,-1
9506,23.386146,76.69511,-1
9507,23.398236,76.681189,-1
9508,23.425116,76.706368,-1
9509,23.381752,76.699263,-1
9510,23.420971,76.733049,-1
9511,23.434364,76.710555,-1
9512,9.85508,77.965005,-1
9513,9.850344,77.960114,-1
9514,9.823436,77.988502,-1
9515,9.837626,77.986321,-1
9516,9.807547,77.970081,-1
9517,9.831369,77.983401,-1
9518,13.402995,77.849537,-1
9519,13.383922,77.860666,-1
9520,13.353129,77.854786,-1
9521,13.334337,77.902373,-1
9522,13.391855,77.877044,-1
9523,13.366656,77.837081,-1
9524,24.03174,78.321092,-1
9525,24.016561,78.337915,-1
9526,24.056159,78.339857,-1
9527,24.051969,78.322238,-1
9528,24.060236,78.354592,-1
9529,24.013037,78.330715,-1
9530,25.351589,85.288815,-1
9531,25.312697,85.274996,-1
9532,25.292636,85.231717,-1
9533,25.313911,85.271953,-1
9534,25.321267,85.308521,-1
9535,25.320603,85.304791,-1
9536,30.273092,75.253181,-1
9537,30.303454,75.251984,-1
9538,30.277326,75.22626,-1
9539,30.273868,75.226626,-1
9540,30.266117,75.263835,-1
9541,30.284323,75.225014,-1
9542,25.478704,85.269943,-1
9543,25.500525,85.297866,-1
9544,25.519494,85.341437,-1
9545,25.486047,85.29649,-1
9546,25.507585,85.298647,-1
9547,25.534194,85.329175,-1
9548,27.221142,78.25094,-1
9549,27.217409,78.225397,-1
9550,27.193409,78.231963,-1
9551,27.239215,78.237426,-1
9552,27.226286,78.213677,-1
9553,27.188634,78.219947,-1
9554,11.008477,76.450659,-1
9555,10.979164,76.472287,-1
9556,10.981225,76.449049,-1
9557,10.986525,76.459771,-1
9558,10.972882,76.442603,-1
9559,11.007996,76.432003,-1
9560,18.860339,78.644329,-1
9561,18.811112,78.648196,-1
9562,18.859289,78.616853,-1
9563,18.84098,78.629143,-1
9564,18.841011,78.634487,-1
9565,18.845839,78.635658,-1
9566,30.793676,76.803316,-1
9567,30.734549,76.784544,-1
9568,30.770188,76.800665,-1
9569,30.771177,76.834578,-1
9570,30.7805,76.779129,-1
9571,30.773619,76.781654,-1
9572,15.98838,80.77383,-1
9573,16.028808,80.814575,-1
9574,16.008261,80.813173,-1
9575,16.023703,80.84141,-1
9576,16.037262,80.859386,-1
9577,16.011653,80.829079,-1
9578,12.309692,76.273329,-1
9579,12.332215,76.298001,-1
9580,12.345311,76.28532,-1
9581,12.31476,76.267486,-1
9582,12.335277,76.302731,-1
9583,12.295963,76.298884,-1
9584,12.092071,76.667619,-1
9585,12.140937,76.688113,-1
9586,12.122213,76.704058,-1
9587,12.125846,76.694173,-1
9588,12.128077,76.671814,-1
9589,12.109409,76.672053,-1
9590,26.315225,87.334673,-1
9591,26.325218,87.255014,-1
9592,26.268172,87.269488,-1
9593,26.275827,87.278749,-1
9594,26.301725,87.270264,-1
9595,26.282362,87.227938,-1
9596,28.675839,77.0579,-1
9597,28.721461,77.057347,-1
9598,28.73239,77.040173,-1
9599,28.681645,77.044632,-1
9600,28.70839,77.066346,-1
9601,28.663934,77.076581,-1
9602,18.734552,82.828094,-1
9603,18.702601,82.794636,-1
9604,18.730091,82.818978,-1
9605,18.703433,82.80804,-1
9606,18.702903,82.853462,-1
9607,18.723128,82.823695,-1
9608,28.833716,78.270869,-1
9609,28.834628,78.250688,-1
9610,28.837952,78.213911,-1
9611,28.875532,78.227562,-1
9612,28.823205,78.255853,-1
9613,28.841006,78.273584,-1
9614,11.063137,77.403642,-1
9615,11.03961,77.344564,-1
9616,11.039188,77.359745,-1
9617,11.06389,77.377178,-1
9618,11.073437,77.355431,-1
9619,11.090674,77.35055,-1
9620,19.954985,72.707448,-1
9621,19.96831,72.734045,-1
9622,19.985042,72.698557,-1
9623,19.92411,72.765193,-1
9624,19.9564,72.714874,-1
9625,19.981036,72.737045,-1
9626,11.473532,78.19674,-1
9627,11.465003,78.191886,-1
9628,11.463145,78.183206,-1
9629,11.480253,78.18121,-1
9630,11.463952,78.202788,-1
9631,11.471504,78.176557,-1
9632,18.504557,83.22161,-1
9633,18.499399,83.218888,-1
9634,18.524604,83.217165,-1
9635,18.532567,83.244493,-1
9636,18.495229,83.207088,-1
9637,18.532238,83.245876,-1
9638,25.034111,83.588521,-1
9639,25.056552,83.589697,-1
9640,25.013944,83.626414,-1
9641,25.014305,83.588377,-1
9642,25.040815,83.608737,-1
9643,25.004415,83.598991,-1
9644,27.898479,77.380603,-1
9645,27.90817,77.395511,-1
9646,27.884803,77.335371,-1
9647,27.881454,77.385869,-1
9648,27.891668,77.382374,-1
9649,27.911179,77.395443,-1
9650,17.678631,80.858873,-1
9651,17.67214,80.870483,-1
9652,17.634735,80.903349,-1
9653,17.66313,80.900697,-1
9654,17.665672,80.867217,-1
9655,17.685322,80.893732,-1
9656,28.286279,79.140546,-1
9657,28.250298,79.158209,-1
9658,28.269324,79.164372,-1
9659,28.280883,79.156514,-1
9660,28.304568,79.186617,-1
9661,28.258029,79.180171,-1
9662,9.878406,78.053401,-1
9663,9.867879,78.083299,-1
9664,9.871531,78.092852,-1
9665,9.882038,78.091537,-1
9666,9.912436,78.026852,-1
9667,9.874444,78.064283,-1
9668,24.217864,84.863481,-1
9669,24.209867,84.897717,-1
9670,24.200898,84.844337,-1
9671,24.232021,84.85386,-1
9672,24.228633,84.884174,-1
9673,25.484659,86.481442,-1
9674,25.527867,86.449779,-1
9675,25.48082,86.474187,-1
9676,25.501693,86.496058,-1
9677,25.48127,86.487239,-1
9678,29.305955,78.529771,-1
9679,29.289922,78.523972,-1
9680,29.3295,78.478951,-1
9681,29.289477,78.519145,-1
9682,29.301553,78.466682,-1
9683,22.927113,88.610762,-1
9684,22.908763,88.626931,-1
9685,22.909233,88.654264,-1
9686,22.951079,88.624861,-1
9687,22.941013,88.636969,-1
9688,27.130765,72.383529,-1
9689,27.125661,72.37767,-1
9690,27.12311,72.381961,-1
9691,27.149557,72.346798,-1
9692,27.118567,72.377413,-1
9693,18.9764,76.760495,-1
9694,18.980896,76.773247,-1
9695,18.940835,76.726817,-1
9696,18.973763,76.739777,-1
9697,19.013784,76.772008,-1
9698,29.151305,77.624064,-1
9699,29.148289,77.62111,-1
9700,29.169772,77.598816,-1
9701,29.120141,77.63601,-1
9702,29.157965,77.57074,-1
9703,29.175437,74.783674,-1
9704,29.150647,74.784825,-1
9705,29.182067,74.791095,-1
9706,29.147552,74.774501,-1
9707,29.183336,74.791302,-1
9708,20.030372,74.514944,-1
9709,20.060323,74.49653,-1
9710,20.050162,74.481081,-1
9711,20.035902,74.473769,-1
9712,20.072261,74.515935,-1
9713,19.077139,77.964518,-1
9714,19.08049,77.975651,-1
9715,19.100568,77.975985,-1
9716,19.169524,77.98569,-1
9717,19.096566,77.987531,-1
9718,10.991515,76.234694,-1
9719,10.985881,76.237594,-1
9720,10.975369,76.246432,-1
9721,10.99035,76.225158,-1
9722,10.97041,76.212054,-1
9723,22.784752,86.194529,-1
9724,22.810033,86.197722,-1
9725,22.795279,86.203097,-1
9726,22.745234,86.202777,-1
9727,22.759152,86.178764,-1
9728,11.266427,78.911877,-1
9729,11.219992,78.916997,-1
9730,11.242537,78.868466,-1
9731,11.216661,78.878269,-1
9732,11.206269,78.895119,-1
9733,22.736534,88.759921,-1
9734,22.751602,88.808694,-1
9735,22.738001,88.797893,-1
9736,22.713108,88.839048,-1
9737,22.755166,88.783667,-1
9738,11.498714,76.471705,-1
9739,11.535795,76.448552,-1
9740,11.525519,76.479488,-1
9741,11.515334,76.469545,-1
9742,11.516263,76.484382,-1
9743,10.303917,76.364421,-1
9744,10.329315,76.349681,-1
9745,10.310084,76.33078,-1
9746,10.279585,76.328925,-1
9747,10.311516,76.363559,-1
9748,27.104703,84.442292,-1
9749,27.077376,84.467249,-1
9750,27.091132,84.452871,-1
9751,27.111026,84.436163,-1
9752,27.171961,84.470212,-1
9753,17.080756,82.173193,-1
9754,17.070308,82.165056,-1
9755,17.108143,82.116933,-1
9756,17.066707,82.105669,-1
9757,17.045676,82.154521,-1
9758,19.170719,76.162223,-1
9759,19.15543,76.246134,-1
9760,19.171436,76.199412,-1
9761,19.108649,76.188185,-1
9762,19.126593,76.224877,-1
9763,18.448959,74.568344,-1
9764,18.472693,74.587608,-1
9765,18.499726,74.562267,-1
9766,18.434152,74.57743,-1
9767,18.490718,74.564112,-1
9768,23.029428,73.049621,-1
9769,23.029761,73.07414,-1
9770,23.027627,73.047746,-1
9771,23.048316,73.113099,-1
9772,23.0446,73.042282,-1
9773,27.721337,76.231209,-1
9774,27.70111,76.211449,-1
9775,27.694806,76.182143,-1
9776,27.720175,76.230716,-1
9777,27.698357,76.195011,-1
9778,20.582006,74.542553,-1
9779,20.577011,74.563397,-1
9780,20.591238,74.54651,-1
9781,20.550742,74.502827,-1
9782,20.543807,74.515006,-1
9783,15.81248,74.878591,-1
9784,15.812456,74.863363,-1
9785,15.828029,74.869959,-1
9786,15.81809,74.868403,-1
9787,15.811167,74.890849,-1
9788,23.924218,76.953348,-1
9789,23.898834,76.922711,-1
9790,23.907787,76.93301,-1
9791,23.950203,76.917467,-1
9792,23.918094,76.880181,-1
9793,25.442437,87.062643,-1
9794,25.388154,87.095821,-1
9795,25.3693,87.118094,-1
9796,25.356914,87.107693,-1
9797,25.400494,87.070439,-1
9798,16.475286,80.682877,-1
9799,16.504507,80.677136,-1
9800,16.48163,80.684279,-1
9801,16.498702,80.696286,-1
9802,16.478355,80.707131,-1
9803,18.70726,73.69387,-1
9804,18.674074,73.746706,-1
9805,18.698201,73.740901,-1
9806,18.667986,73.714401,-1
9807,18.693532,73.766775,-1
9808,22.772095,78.349047,-1
9809,22.740896,78.333,-1
9810,22.760639,78.364228,-1
9811,22.755295,78.342989,-1
9812,22.744305,78.351641,-1
9813,26.330708,90.985193,-1
9814,26.347115,91.030536,-1
9815,26.330734,91.024371,-1
9816,26.31083,91.023354,-1
9817,26.271105,90.994497,-1
9818,15.084258,77.622099,-1
9819,15.161854,77.632108,-1
9820,15.144571,77.662779,-1
9821,15.113776,77.627705,-1
9822,15.105118,77.627513,-1
9823,22.280774,87.946563,-1
9824,22.305142,87.915271,-1
9825,22.328606,87.957229,-1
9826,22.283738,87.912545,-1
9827,22.293739,87.947171,-1
9828,11.077606,75.949636,-1
9829,11.01612,75.953335,-1
9830,11.047093,76.021495,-1
9831,11.015718,75.95641,-1
9832,11.062964,75.996178,-1
9833,16.810289,74.578586,-1
9834,16.755161,74.573127,-1
9835,16.789434,74.516179,-1
9836,16.778531,74.562579,-1
9837,16.763939,74.554461,-1
9838,31.389809,76.390925,-1
9839,31.362071,76.385861,-1
9840,31.377952,76.373342,-1
9841,31.389566,76.387613,-1
9842,31.390772,76.409094,-1
9843,22.034044,71.189464,-1
9844,22.050664,71.195719,-1
9845,22.035595,71.172482,-1
9846,22.051153,71.228337,-1
9847,22.024945,71.171458,-1
9848,24.804836,87.188379,-1
9849,24.851112,87.197072,-1
9850,24.844951,87.203706,-1
9851,24.826342,87.201129,-1
9852,24.881451,87.210868,-1
9853,25.213349,84.240171,-1
9854,25.195542,84.272317,-1
9855,25.186704,84.270142,-1
9856,25.187107,84.253418,-1
9857,25.184402,84.270905,-1
9858,26.210909,78.195225,-1
9859,26.228098,78.22146,-1
9860,26.203087,78.202676,-1
9861,26.233558,78.246159,-1
9862,26.214239,78.218817,-1
9863,28.621382,76.674274,-1
9864,28.609277,76.655036,-1
9865,28.59131,76.628131,-1
9866,28.609143,76.695405,-1
9867,28.607126,76.604932,-1
9868,27.186885,84.344011,-1
9869,27.140079,84.320948,-1
9870,27.193983,84.334676,-1
9871,27.137016,84.327223,-1
9872,27.175037,84.352327,-1
9873,29.336704,78.373261,-1
9874,29.363829,78.394924,-1
9875,29.316139,78.379547,-1
9876,29.351959,78.402458,-1
9877,29.302192,78.38833,-1
9878,25.600804,85.505982,-1
9879,25.60749,85.512101,-1
9880,25.571226,85.457741,-1
9881,25.595283,85.47017,-1
9882,25.628345,85.479107,-1
9883,17.249887,74.532119,-1
9884,17.287273,74.541313,-1
9885,17.330624,74.570714,-1
9886,17.29181,74.565901,-1
9887,17.318072,74.530493,-1
9888,23.821219,85.848528,-1
9889,23.779358,85.856323,-1
9890,23.806521,85.842274,-1
9891,23.800217,85.844755,-1
9892,23.782325,85.82693,-1
9893,12.95837,80.130688,-1
9894,12.968651,80.122049,4
9895,12.970245,80.118809,4
9896,13.000988,80.143183,-1
9897,13.003931,80.089905,-1
9898,10.952579,75.923109,-1
9899,10.936192,75.926064,-1
9900,10.98585,75.874765,-1
9901,10.945454,75.918242,-1
9902,10.945626,75.927655,-1
9903,25.004362,72.280719,-1
9904,24.974249,72.283236,-1
9905,24.995312,72.284252,-1
9906,24.978279,72.278787,-1
9907,25.020761,72.246491,-1
9908,17.614897,77.976273,-1
9909,17.631873,77.923266,-1
9910,17.622856,77.964834,-1
9911,17.640403,77.953794,-1
9912,17.600126,77.95716,-1
9913,25.449699,85.541536,-1
9914,25.443466,85.530657,-1
9915,25.45726,85.541417,-1
9916,25.451325,85.510988,-1
9917,25.494648,85.511279,-1
9918,31.312201,75.607835,-1
9919,31.269736,75.604186,-1
9920,31.289717,75.62459,-1
9921,31.294809,75.633,-1
9922,31.313644,75.626413,-1
9923,16.686474,75.100111,-1
9924,16.725332,75.089487,-1
9925,16.715749,75.061693,-1
9926,16.697801,75.034187,-1
9927,16.718597,75.023024,-1
9928,21.486684,78.269681,-1
9929,21.465002,78.292237,-1
9930,21.501757,78.232262,-1
9931,21.470318,78.26148,-1
9932,21.495934,78.281656,-1
9933,22.640645,70.931202,-1
9934,22.618297,70.959511,-1
9935,22.582104,70.973093,-1
9936,22.654026,70.93691,-1
9937,22.642768,70.957615,-1
9938,24.320594,93.660648,-1
9939,24.315652,93.624601,-1
9940,24.34606,93.622434,-1
9941,24.341089,93.64239,-1
9942,24.341963,93.664022,-1
9943,23.826058,73.675898,-1
9944,23.871677,73.731516,-1
9945,23.823384,73.767154,-1
9946,23.875291,73.716134,-1
9947,23.85563,73.720728,-1
9948,21.605903,69.655193,-1
9949,21.658136,69.631436,-1
9950,21.631221,69.618158,-1
9951,21.606223,69.63906,-1
9952,21.632543,69.681518,-1
9953,24.275259,87.213332,-1
9954,24.251721,87.236673,-1
9955,24.247051,87.236781,-1
9956,24.286383,87.241057,-1
9957,24.254773,87.276599,-1
9958,22.926445,78.789573,-1
9959,22.910506,78.807671,-1
9960,22.912839,78.757873,-1
9961,22.946143,78.773405,-1
9962,22.917054,78.767983,-1
9963,29.583779,80.191521,-1
9964,29.588265,80.189978,-1
9965,29.633759,80.215781,-1
9966,29.543165,80.196009,-1
9967,29.595987,80.205589,-1
9968,25.405195,86.314988,-1
9969,25.40132,86.317639,-1
9970,25.449134,86.253688,-1
9971,25.421181,86.327629,-1
9972,25.411134,86.292441,-1
9973,25.561771,84.872378,-1
9974,25.574376,84.889026,-1
9975,25.539953,84.875853,-1
9976,25.559737,84.857629,-1
9977,25.552617,84.878338,-1
9978,28.038174,78.270767,-1
9979,28.016889,78.299433,-1
9980,28.005389,78.294836,-1
9981,28.047208,78.279978,-1
9982,28.00802,78.313897,-1
9983,12.924994,79.360036,-1
9984,12.954517,79.397813,-1
9985,12.936072,79.378538,-1
9986,12.919252,79.350721,-1
9987,12.916979,79.376944,-1
9988,18.835052,82.725745,-1
9989,18.781839,82.688171,-1
9990,18.806928,82.734033,-1
9991,18.813635,82.71841,-1
9992,18.834018,82.717836,-1
9993,19.619011,77.698972,-1
9994,19.610981,77.710767,-1
9995,19.59667,77.686082,-1
9996,19.593566,77.680182,-1
9997,19.569401,77.703347,-1
9998,9.653843,77.25915,-1
9999,9.641986,77.291275,-1
10000,9.705227,77.252774,-1
10001,9.684682,77.249848,-1
10002,9.697047,77.265578,-1
10003,11.315505,75.895815,-1
10004,11.270642,75.865382,-1
10005,11.321517,75.876214,-1
10006,11.339071,75.882393,-1
10007,11.316236,75.860484,-1
10008,13.060361,80.209591,-1
10009,13.051164,80.127355,-1
10010,13.030118,80.172432,-1
10011,13.04105,80.177637,-1
10012,13.055259,80.173954,-1
10013,10.097737,76.289283,-1
10014,10.121628,76.309134,-1
10015,10.086973,76.234653,-1
10016,10.089765,76.269652,-1
10017,10.124515,76.258554,-1
10018,21.892234,70.016571,-1
10019,21.913528,70.033116,-1
10020,21.919291,70.022821,-1
10021,21.884448,70.067651,-1
10022,21.934738,70.033636,-1
10023,10.127032,76.291377,-1
10024,10.128506,76.331327,-1
10025,10.080501,76.302673,-1
10026,10.088299,76.329347,-1
10027,10.157842,76.299779,-1
10028,9.074087,76.952782,-1
10029,8.998871,76.903253,-1
10030,9.012241,76.894885,-1
10031,9.027308,76.930603,-1
10032,9.016622,76.93098,-1
10033,8.705327,77.407001,-1
10034,8.738207,77.41259,-1
10035,8.70235,77.381937,-1
10036,8.699545,77.404843,-1
10037,8.715526,77.414124,-1
10038,8.555366,76.991339,-1
10039,8.513702,76.971886,-1
10040,8.521851,76.98191,-1
10041,8.536845,76.983557,-1
10042,8.528895,77.002227,-1
10043,26.922623,83.961031,-1
10044,26.909218,83.998996,-1
10045,26.910159,83.989646,-1
10046,26.910199,83.957984,-1
10047,26.878838,83.970373,-1
10048,26.709108,78.198495,-1
10049,26.697499,78.240422,-1
10050,26.703204,78.241541,-1
10051,26.710832,78.274066,-1
10052,26.729556,78.2035,-1
10053,9.553592,76.337757,-1
10054,9.546958,76.359932,-1
10055,9.534808,76.347995,-1
10056,9.564697,76.365163,-1
10057,9.535682,76.34223,-1
10058,11.926337,75.590025,-1
10059,11.910977,75.586771,-1
10060,11.913768,75.544664,-1
10061,11.965044,75.548322,-1
10062,11.915091,75.584767,-1
10063,14.768568,76.006404,-1
10064,14.775767,75.974892,-1
10065,14.7935,76.023739,-1
10066,14.786659,75.986647,-1
10067,14.791609,75.987326,-1
10068,20.465228,86.444144,-1
10069,20.494688,86.436905,-1
10070,20.482703,86.454254,-1
10071,20.536469,86.440945,-1
10072,20.47084,86.416447,-1
10073,28.488833,77.227628,-1
10074,28.504636,77.266812,-1
10075,28.518843,77.246859,-1
10076,28.525927,77.232143,-1
10077,28.528393,77.252791,-1
10078,11.11035,75.911138,-1
10079,11.15096,75.960878,-1
10080,11.124614,75.924634,-1
10081,11.156951,75.937042,-1
10082,11.151272,75.922872,-1
10083,19.471356,76.427414,-1
10084,19.476694,76.44574,-1
10085,19.450768,76.449722,-1
10086,19.458986,76.453146,-1
10087,19.469875,76.480594,-1
10088,18.023198,78.239674,-1
10089,18.068583,78.240117,-1
10090,18.051894,78.306833,-1
10091,18.068772,78.273311,-1
10092,18.035515,78.28336,-1
10093,17.524789,78.291661,-1
10094,17.534794,78.288692,-1
10095,17.527291,78.236087,-1
10096,17.53488,78.28542,-1
10097,17.538532,78.264027,-1
10098,28.494633,77.162253,-1
10099,28.482448,77.226194,-1
10100,28.488037,77.179466,-1
10101,28.508551,77.183601,-1
10102,28.496278,77.184065,-1
10103,21.286461,74.56964,-1
10104,21.340675,74.575463,-1
10105,21.300285,74.561001,-1
10106,21.334547,74.558171,-1
10107,21.325977,74.579791,-1
10108,20.812061,75.734621,-1
10109,20.790419,75.793719,-1
10110,20.820614,75.779832,-1
10111,20.820809,75.818814,-1
10112,20.818038,75.784303,-1
10113,21.518972,83.876816,-1
10114,21.489045,83.876504,-1
10115,21.45643,83.890579,-1
10116,21.518481,83.884266,-1
10117,21.531429,83.868278,-1
10118,13.0325,80.156207,-1
10119,13.042614,80.158314,-1
10120,13.037931,80.126372,-1
10121,13.079287,80.157337,-1
10122,13.049209,80.156795,-1
10123,11.783476,79.684174,-1
10124,11.779531,79.669905,-1
10125,11.7769,79.695986,-1
10126,11.785785,79.702479,-1
10127,11.789632,79.658584,-1
10128,22.205623,73.0762,-1
10129,22.237345,73.068671,-1
10130,22.240821,73.099262,-1
10131,22.200086,73.101182,-1
10132,22.25469,73.091708,-1
10133,22.011378,81.24866,-1
10134,21.991154,81.237068,-1
10135,21.998194,81.255071,-1
10136,21.998581,81.261719,-1
10137,22.008846,81.261596,-1
10138,28.580469,77.80066,-1
10139,28.575692,77.800329,-1
10140,28.568109,77.808682,-1
10141,28.581811,77.766086,-1
10142,28.550507,77.797313,-1
10143,21.996906,85.440405,-1
10144,21.974289,85.414755,-1
10145,21.986539,85.415742,-1
10146,22.00215,85.453668,-1
10147,22.02652,85.441539,-1
10148,29.223771,78.601773,-1
10149,29.249316,78.620575,-1
10150,29.183309,78.5837,-1
10151,29.201995,78.577878,-1
10152,29.189418,78.590073,-1
10153,20.232385,79.008632,-1
10154,20.239357,78.999433,-1
10155,20.241801,78.959668,-1
10156,20.221962,79.003615,-1
10157,20.218335,79.043959,-1
10158,15.975429,77.035976,-1
10159,16.004653,77.011163,-1
10160,15.998858,77.068314,-1
10161,15.937651,76.99713,-1
10162,15.960939,77.023474,-1
10163,26.901165,88.26539,-1
10164,26.864156,88.300855,-1
10165,26.868083,88.289186,-1
10166,26.858384,88.253013,-1
10167,26.878049,88.304952,-1
10168,29.777305,77.85923,-1
10169,29.791459,77.849012,-1
10170,29.788461,77.901076,-1
10171,29.779162,77.886008,-1
10172,29.796334,77.919229,-1
10173,11.27417,76.229799,-1
10174,11.266282,76.203985,-1
10175,11.260674,76.244697,-1
10176,11.283025,76.208417,-1
10177,11.271656,76.215904,-1
10178,27.740689,78.928672,-1
10179,27.745645,78.968927,-1
10180,27.746551,78.927197,-1
10181,27.743122,78.936962,-1
10182,27.750549,78.922415,-1
10183,27.842407,81.517515,-1
10184,27.882389,81.507655,-1
10185,27.877977,81.5056,-1
10186,27.834225,81.507356,-1
10187,27.869579,81.507419,-1
10188,20.171199,85.604632,-1
10189,20.173482,85.641524,-1
10190,20.210495,85.639225,-1
10191,20.203287,85.663002,-1
10192,20.20094,85.637364,-1
10193,25.250137,80.607115,-1
10194,25.312275,80.572777,-1
10195,25.290494,80.551699,-1
10196,25.289075,80.568295,-1
10197,25.275291,80.604666,-1
10198,25.190332,85.727282,-1
10199,25.197126,85.769193,-1
10200,25.236505,85.761862,-1
10201,25.215219,85.774014,-1
10202,25.190865,85.748198,-1
10203,26.6619,74.029525,-1
10204,26.672563,74.064537,-1
10205,26.633774,74.055794,-1
10206,26.638193,74.026925,-1
10207,26.627745,74.02133,-1
10208,14.852235,78.396437,-1
10209,14.850558,78.384181,-1
10210,14.871193,78.399838,-1
10211,14.836687,78.394853,-1
10212,14.843819,78.409675,-1
10213,24.149698,83.807407,-1
10214,24.153699,83.816841,-1
10215,24.146538,83.824798,-1
10216,24.163837,83.793726,-1
10217,24.134522,83.798831,-1
10218,31.132307,76.106249,-1
10219,31.081871,76.116772,-1
10220,31.129785,76.088302,-1
10221,31.109548,76.114891,-1
10222,31.140661,76.128753,-1
10223,21.683763,69.747392,-1
10224,21.673633,69.741626,-1
10225,21.697614,69.721564,-1
10226,21.711104,69.742515,-1
10227,21.717931,69.781837,-1
10228,24.852699,86.916118,-1
10229,24.870176,86.939566,-1
10230,24.878503,86.926273,-1
10231,24.876221,86.896137,-1
10232,24.876674,86.889634,-1
10233,24.654351,94.002748,-1
10234,24.642162,94.009022,-1
10235,24.635057,93.986527,-1
10236,24.629362,94.031006,-1
10237,24.66503,94.005937,-1
10238,27.276233,81.127023,-1
10239,27.28169,81.142169,-1
10240,27.28379,81.114886,-1
10241,27.286698,81.156114,-1
10242,27.313907,81.097727,-1
10243,8.787208,78.136366,-1
10244,8.81423,78.109436,-1
10245,8.791637,78.093268,-1
10246,8.814702,78.09763,-1
10247,8.80793,78.110356,-1
10248,24.618578,87.886269,-1
10249,24.632812,87.840232,-1
10250,24.656357,87.820507,-1
10251,24.628971,87.860976,-1
10252,24.647874,87.83915,-1
10253,9.70336,76.346253,-1
10254,9.69085,76.33328,-1
10255,9.686242,76.344165,-1
10256,9.69139,76.333338,-1
10257,9.701503,76.328513,-1
10258,13.903799,79.911314,-1
10259,13.891014,79.894662,-1
10260,13.918807,79.927353,-1
10261,13.897898,79.893875,-1
10262,13.877568,79.89448,-1
10263,17.128777,78.202052,-1
10264,17.045927,78.220126,-1
10265,17.074447,78.207197,-1
10266,17.080061,78.183118,-1
10267,17.075725,78.22622,-1
10268,30.270281,75.230075,-1
10269,30.256297,75.224899,-1
10270,30.219251,75.250692,-1
10271,30.250316,75.258427,-1
10272,30.265058,75.231313,-1
10273,11.953822,75.35726,-1
10274,11.911646,75.305388,-1
10275,11.917242,75.31497,-1
10276,11.885015,75.35561,-1
10277,11.907818,75.376636,-1
10278,23.752446,86.809246,-1
10279,23.749008,86.787382,-1
10280,23.76159,86.79729,-1
10281,23.725263,86.752027,-1
10282,23.730186,86.762613,-1
10283,11.384597,76.763019,-1
10284,11.355202,76.811935,-1
10285,11.381641,76.787482,-1
10286,11.334945,76.80337,-1
10287,11.328989,76.80629,-1
10288,21.580582,78.510266,-1
10289,21.61093,78.563617,-1
10290,21.586915,78.534222,-1
10291,21.573103,78.539397,-1
10292,21.609043,78.496324,-1
10293,9.680855,76.358015,-1
10294,9.675566,76.333907,-1
10295,9.704072,76.321872,-1
10296,9.701749,76.312588,-1
10297,9.671776,76.369712,-1
10298,11.019128,76.07839,-1
10299,10.993295,76.066704,-1
10300,11.061797,76.076013,-1
10301,11.026032,76.069253,-1
10302,11.018901,76.083726,-1
10303,30.220381,74.658098,-1
10304,30.225076,74.635576,-1
10305,30.173884,74.666878,-1
10306,30.233024,74.643944,-1
10307,30.236286,74.629866,-1
10308,12.937672,80.171711,-1
10309,12.897271,80.197437,-1
10310,12.914614,80.221233,-1
10311,12.933513,80.172799,-1
10312,12.909575,80.210692,-1
10313,15.872701,78.265653,-1
10314,15.870081,78.274478,-1
10315,15.850702,78.27996,-1
10316,15.869036,78.31446,-1
10317,15.864715,78.291933,-1
10318,26.758542,83.073903,-1
10319,26.766694,83.072336,-1
10320,26.766322,83.057806,-1
10321,26.781807,83.052819,-1
10322,26.798696,83.048496,-1
10323,23.879843,86.891627,-1
10324,23.842662,86.9103,-1
10325,23.824459,86.920865,-1
10326,23.897163,86.893463,-1
10327,23.826512,86.901135,-1
10328,23.651231,86.413456,-1
10329,23.653811,86.434667,-1
10330,23.662369,86.444383,-1
10331,23.664361,86.41228,-1
10332,23.622354,86.400622,-1
10333,22.033676,82.652884,-1
10334,22.042779,82.653788,-1
10335,22.030316,82.622635,-1
10336,22.037452,82.652616,-1
10337,22.045595,82.623783,-1
10338,20.179074,76.570721,-1
10339,20.149716,76.555514,-1
10340,20.129547,76.550468,-1
10341,20.134982,76.546294,-1
10342,20.146027,76.568444,-1
10343,23.185802,81.551479,-1
10344,23.177752,81.578292,-1
10345,23.176721,81.539403,-1
10346,23.195116,81.528768,-1
10347,23.185426,81.548123,-1
10348,22.127783,84.03063,-1
10349,22.119367,84.054105,-1
10350,22.121835,84.033888,-1
10351,22.135636,84.023615,-1
10352,22.143792,84.053245,-1
10353,27.4659,77.34997,-1
10354,27.500674,77.304862,-1
10355,27.464347,77.344362,-1
10356,27.431775,77.333166,-1
10357,27.447752,77.316606,-1
10358,21.351395,79.73442,-1
10359,21.379736,79.707894,-1
10360,21.412969,79.73841,-1
10361,21.37764,79.750599,-1
10362,21.388806,79.715116,-1
10363,9.294637,79.324702,-1
10364,9.270383,79.33372,-1
10365,9.255238,79.319604,-1
10366,9.274725,79.302363,-1
10367,9.24982,79.2856,-1
10368,13.008632,78.182805,-1
10369,12.984143,78.182186,-1
10370,12.948938,78.183747,-1
10371,13.022908,78.182868,-1
10372,13.015379,78.142845,-1
10373,28.96524,78.95685,-1
10374,28.980068,78.959841,-1
10375,28.976157,78.918508,-1
10376,29.01867,78.927797,-1
10377,28.944367,78.94734,-1
10378,12.901254,79.256223,-1
10379,12.895422,79.279281,-1
10380,12.94021,79.238169,-1
10381,12.941366,79.292003,-1
10382,12.93242,79.293154,-1
10383,13.190051,79.621078,-1
10384,13.179865,79.653854,-1
10385,13.21328,79.608449,-1
10386,13.170715,79.625746,-1
10387,13.195428,79.616332,-1
10388,20.061372,77.717579,-1
10389,20.141948,77.720075,-1
10390,20.135108,77.710653,-1
10391,20.102864,77.705741,-1
10392,20.114484,77.692966,-1
10393,9.946134,76.291434,-1
10394,9.938657,76.339515,-1
10395,9.913275,76.301917,-1
10396,9.947498,76.33574,-1
10397,9.920241,76.333493,-1
10398,27.019133,76.548022,-1
10399,27.057326,76.541891,-1
10400,27.023058,76.588688,-1
10401,27.035538,76.570552,-1
10402,27.064297,76.565381,-1
10403,16.938521,81.797878,-1
10404,16.951883,81.75708,-1
10405,16.947045,81.814592,-1
10406,16.930804,81.779651,-1
10407,16.92274,81.81234,-1
10408,20.65178,76.776447,-1
10409,20.672088,76.720339,-1
10410,20.66269,76.761292,-1
10411,20.650877,76.766911,-1
10412,20.67399,76.790438,-1
10413,11.498353,76.322925,-1
10414,11.46412,76.334523,-1
10415,11.496221,76.362746,-1
10416,11.522437,76.354005,-1
10417,11.483295,76.358951,-1
10418,17.523791,78.57323,-1
10419,17.553909,78.574581,-1
10420,17.500329,78.58255,-1
10421,17.495748,78.561874,-1
10422,17.486412,78.59435,-1
10423,17.76592,77.101583,-1
10424,17.780987,77.145141,-1
10425,17.784037,77.138885,-1
10426,17.77224,77.130315,-1
10427,17.751702,77.11045,-1
10428,23.200078,88.103585,-1
10429,23.160338,88.101713,-1
10430,23.208066,88.12028,-1
10431,23.155345,88.106233,-1
10432,23.180151,88.088451,-1
10433,20.863818,76.459895,-1
10434,20.832726,76.503778,-1
10435,20.835763,76.457006,-1
10436,20.838889,76.479516,-1
10437,20.794598,76.453243,-1
10438,8.977547,76.630589,-1
10439,8.924738,76.683252,-1
10440,8.911465,76.604958,-1
10441,8.970654,76.613731,-1
10442,8.916883,76.678255,-1
10443,20.833234,85.073522,-1
10444,20.845612,85.105797,-1
10445,20.82216,85.078956,-1
10446,20.856359,85.080886,-1
10447,20.877287,85.073595,-1
10448,11.00678,76.029089,-1
10449,11.004921,75.98305,-1
10450,10.984064,75.998624,-1
10451,11.033687,76.03442,-1
10452,10.992968,76.025322,-1
10453,28.767625,77.15023,-1
10454,28.749678,77.112641,-1
10455,28.789941,77.12796,-1
10456,28.747508,77.119347,-1
10457,28.742375,77.152008,-1
10458,20.618001,81.072285,-1
10459,20.560845,81.090109,-1
10460,20.586687,81.027752,-1
10461,20.578123,81.066593,-1
10462,20.592792,81.064642,-1
10463,26.138672,79.753685,-1
10464,26.11294,79.732727,-1
10465,26.093048,79.725224,-1
10466,26.071284,79.706812,-1
10467,26.138927,79.731725,-1
10468,19.650638,76.711869,-1
10469,19.597574,76.690106,-1
10470,19.612454,76.694235,-1
10471,19.618672,76.707824,-1
10472,19.627928,76.667336,-1
10473,20.386111,72.820183,-1
10474,20.401793,72.847402,-1
10475,20.452683,72.815647,-1
10476,20.386967,72.803031,-1
10477,20.427107,72.82209,-1
10478,25.280759,83.038095,-1
10479,25.246198,82.991119,-1
10480,25.254703,83.05384,-1
10481,25.256546,82.985667,-1
10482,25.262365,83.038831,-1
10483,12.723846,77.66166,-1
10484,12.712728,77.659228,-1
10485,12.732413,77.730776,-1
10486,12.71603,77.686192,-1
10487,12.711769,77.734036,-1
10488,13.642569,79.445714,-1
10489,13.664206,79.417181,-1
10490,13.711162,79.400318,-1
10491,13.663894,79.461346,-1
10492,13.644327,79.438131,-1
10493,16.870982,81.698036,-1
10494,16.910746,81.665671,-1
10495,16.912013,81.635847,-1
10496,16.890147,81.678789,-1
10497,16.877931,81.685219,-1
10498,23.329797,77.759258,-1
10499,23.302019,77.776965,-1
10500,23.340324,77.795161,-1
10501,23.372496,77.793171,-1
10502,23.331776,77.797519,-1
10503,12.812355,80.077316,-1
10504,12.819262,80.085955,-1
10505,12.881385,80.022811,-1
10506,12.85077,80.043794,-1
10507,12.859717,80.093633,-1
10508,21.016551,75.868507,-1
10509,21.019227,75.929572,-1
10510,20.986977,75.910275,-1
10511,21.054962,75.939901,-1
10512,21.026166,75.908493,-1
10513,23.469251,80.102324,-1
10514,23.516521,80.088335,-1
10515,23.494395,80.103207,-1
10516,23.460536,80.115828,-1
10517,23.478859,80.127433,-1
10518,28.224522,75.668654,-1
10519,28.269658,75.634674,-1
10520,28.226432,75.669531,-1
10521,28.220478,75.629217,-1
10522,28.225846,75.616845,-1
10523,18.737877,76.929091,-1
10524,18.703866,76.969588,-1
10525,18.693398,76.9557,-1
10526,18.694084,76.93403,-1
10527,18.697951,76.917513,-1
10528,11.216493,75.82831,-1
10529,11.194882,75.850906,-1
10530,11.201137,75.806089,-1
10531,11.287284,75.823527,-1
10532,11.236468,75.827176,-1
10533,22.881222,88.732539,-1
10534,22.875804,88.778855,-1
10535,22.877654,88.780332,-1
10536,22.89345,88.777791,-1
10537,22.869222,88.729587,-1
10538,9.935015,78.117021,-1
10539,9.92425,78.179419,-1
10540,9.899335,78.136815,-1
10541,9.961351,78.191608,-1
10542,9.928912,78.170671,-1
10543,13.002454,80.193585,-1
10544,13.025425,80.196262,-1
10545,12.997563,80.201497,-1
10546,13.003622,80.21203,-1
10547,13.025201,80.166284,-1
10548,17.60429,80.34686,-1
10549,17.615991,80.336018,-1
10550,17.59862,80.344094,-1
10551,17.563733,80.328208,-1
10552,17.614049,80.323569,-1
10553,25.172734,93.008834,-1
10554,25.142893,93.006297,-1
10555,25.16547,92.975536,-1
10556,25.156644,92.981232,-1
10557,25.169342,93.017152,-1
10558,17.225383,81.630161,-1
10559,17.216513,81.644971,-1
10560,17.260198,81.632755,-1
10561,17.252947,81.657196,-1
10562,17.249096,81.694362,-1
10563,16.282284,81.285117,-1
10564,16.288637,81.258422,-1
10565,16.31022,81.235431,-1
10566,16.282797,81.268589,-1
10567,16.286531,81.271514,-1
10568,17.417766,78.577496,-1
10569,17.39298,78.564814,-1
10570,17.422925,78.578026,-1
10571,17.408176,78.550755,-1
10572,17.411854,78.585099,-1
10573,16.828168,82.027817,-1
10574,16.837634,82.006442,-1
10575,16.862271,82.045542,-1
10576,16.842131,82.010439,-1
10577,16.840796,82.036608,-1
10578,9.523724,76.534141,-1
10579,9.551132,76.529727,-1
10580,9.519765,76.548965,-1
10581,9.522935,76.521237,-1
10582,9.523956,76.527379,-1
10583,10.7501,76.286756,-1
10584,10.753017,76.257865,-1
10585,10.762785,76.284204,-1
10586,10.757593,76.296695,-1
10587,10.760476,76.237105,-1
10588,12.958726,80.214396,-1
10589,12.904029,80.216335,-1
10590,12.969696,80.237738,-1
10591,12.942404,80.224071,-1
10592,12.943183,80.216324,-1
10593,29.297673,77.254994,-1
10594,29.303489,77.253314,-1
10595,29.309001,77.263548,-1
10596,29.358968,77.277042,-1
10597,29.312824,77.238445,-1
10598,29.34487,75.915699,-1
10599,29.378846,75.904291,-1
10600,29.382927,75.926531,-1
10601,29.368381,75.886122,-1
10602,29.362003,75.929679,-1
10603,28.660113,77.050639,-1
10604,28.629599,77.05962,-1
10605,28.654805,77.078368,-1
10606,28.657186,77.065969,-1
10607,28.660331,77.051269,-1
10608,22.069873,72.812853,-1
10609,22.032088,72.790948,-1
10610,22.045028,72.805453,-1
10611,22.058025,72.814556,-1
10612,22.070765,72.805,-1
10613,8.708199,76.709585,-1
10614,8.730393,76.737231,-1
10615,8.736914,76.703938,-1
10616,8.787099,76.739034,-1
10617,8.704434,76.714928,-1
10618,21.270506,78.56805,-1
10619,21.264194,78.607802,-1
10620,21.317165,78.578301,-1
10621,21.287104,78.625569,-1
10622,21.274494,78.568171,-1
10623,22.81191,86.183947,-1
10624,22.851532,86.185483,-1
10625,22.823259,86.178114,-1
10626,22.849297,86.19393,-1
10627,22.861726,86.222302,-1
10628,23.949867,87.666429,-1
10629,23.938698,87.662288,-1
10630,23.94084,87.63923,-1
10631,23.918041,87.691998,-1
10632,23.948279,87.685216,-1
10633,10.100152,76.339757,-1
10634,10.050503,76.360203,-1
10635,10.123235,76.349711,-1
10636,10.08658,76.341677,-1
10637,10.077764,76.331668,-1
10638,12.97844,80.275527,-1
10639,12.975173,80.240892,-1
10640,12.953281,80.259057,-1
10641,12.959862,80.253824,-1
10642,12.947725,80.220985,-1
10643,28.723129,77.194991,-1
10644,28.739605,77.194444,-1
10645,28.76272,77.165343,-1
10646,28.746325,77.196132,-1
10647,28.704426,77.190547,-1
10648,28.755632,77.269928,-1
10649,28.68905,77.293435,-1
10650,28.729364,77.270842,-1
10651,28.705613,77.281837,-1
10652,28.732681,77.27976,-1
10653,25.29473,86.053293,-1
10654,25.292566,86.023785,-1
10655,25.300026,86.038045,-1
10656,25.271017,86.049836,-1
10657,25.260729,86.057446,-1
10658,25.944785,73.672926,-1
10659,25.9125,73.626602,-1
10660,25.919453,73.639936,-1
10661,25.943917,73.670033,-1
10662,25.922796,73.689558,-1
10663,27.069858,88.475375,-1
10664,27.049116,88.503238,-1
10665,27.062814,88.496397,-1
10666,27.071732,88.470181,-1
10667,27.06481,88.469065,-1
10668,10.131289,77.520843,-1
10669,10.0782,77.556595,-1
10670,10.097672,77.56026,-1
10671,10.12285,77.537245,-1
10672,10.113307,77.543698,-1
10673,22.631799,84.528425,-1
10674,22.577793,84.483644,-1
10675,22.607696,84.515104,-1
10676,22.616205,84.530282,-1
10677,22.612168,84.471088,-1
10678,24.250587,83.921448,-1
10679,24.272324,83.93659,-1
10680,24.239172,83.908805,-1
10681,24.264324,83.929498,-1
10682,24.242715,83.918051,-1
10683,10.128353,76.234161,-1
10684,10.135699,76.244034,-1
10685,10.105164,76.258698,-1
10686,10.131123,76.232367,-1
10687,10.100408,76.246236,-1
10688,26.72289,85.277305,-1
10689,26.712686,85.251871,-1
10690,26.752997,85.295693,-1
10691,26.732759,85.272793,-1
10692,26.755304,85.269788,-1
10693,13.231854,92.984925,-1
10694,13.272897,93.02722,-1
10695,13.297056,92.992925,-1
10696,13.220287,93.010233,-1
10697,13.271171,93.011736,-1
10698,19.850794,75.220397,-1
10699,19.861612,75.186659,-1
10700,19.86068,75.219022,-1
10701,19.850192,75.201398,-1
10702,19.869962,75.193724,-1
10703,29.413811,76.910055,-1
10704,29.387345,76.946471,-1
10705,29.420569,76.995736,-1
10706,29.449394,76.977059,-1
10707,29.376108,76.935254,-1
10708,11.334621,75.787402,-1
10709,11.336545,75.786845,-1
10710,11.320192,75.810405,-1
10711,11.324247,75.840132,-1
10712,11.318739,75.827582,-1
10713,17.610514,80.001989,-1
10714,17.603983,80.007823,-1
10715,17.620577,79.987616,-1
10716,17.613558,80.008943,-1
10717,17.593278,79.978113,-1
10718,9.59278,76.50877,-1
10719,9.625615,76.569913,-1
10720,9.609006,76.545399,-1
10721,9.610631,76.53962,-1
10722,9.625776,76.524037,-1
10723,20.980346,78.23506,-1
10724,21.015643,78.243363,-1
10725,20.995485,78.219644,-1
10726,21.00998,78.225181,-1
10727,21.008217,78.25122,-1
10728,22.178405,78.742968,-1
10729,22.165894,78.732796,-1
10730,22.207757,78.768153,-1
10731,22.195246,78.746935,-1
10732,22.203424,78.769162,-1
10733,9.819085,78.481625,-1
10734,9.853765,78.460207,-1
10735,9.857262,78.495726,-1
10736,9.831021,78.490472,-1
10737,9.830278,78.491207,-1
10738,22.567308,71.822939,-1
10739,22.585963,71.7922,-1
10740,22.589159,71.843899,-1
10741,22.550466,71.81817,-1
10742,22.582705,71.821516,-1
10743,8.972675,76.568259,-1
10744,8.992798,76.551907,-1
10745,8.978446,76.563266,-1
10746,8.964101,76.556411,-1
10747,8.998581,76.540084,-1
10748,23.154627,72.805536,-1
10749,23.151879,72.819688,-1
10750,23.168369,72.810343,-1
10751,23.163566,72.849869,-1
10752,23.190969,72.832843,-1
10753,30.157262,76.870823,-1
10754,30.161218,76.843346,-1
10755,30.153637,76.875259,-1
10756,30.175622,76.860979,-1
10757,30.172317,76.900128,-1
10758,29.296694,78.825056,-1
10759,29.267975,78.813218,-1
10760,29.260232,78.83435,-1
10761,29.256253,78.840269,-1
10762,29.3237,78.857504,-1
10763,22.584415,71.205797,-1
10764,22.569586,71.252184,-1
10765,22.563383,71.196021,-1
10766,22.566804,71.203976,-1
10767,22.605843,71.209788,-1
10768,22.790111,72.379884,-1
10769,22.780752,72.382444,-1
10770,22.842845,72.335467,-1
10771,22.843598,72.365403,-1
10772,22.782037,72.34387,-1
10773,28.860889,77.252402,-1
10774,28.872215,77.311583,-1
10775,28.881265,77.249932,-1
10776,28.855792,77.270157,-1
10777,28.877321,77.306114,-1
10778,18.413175,79.868771,-1
10779,18.440632,79.863668,-1
10780,18.436618,79.855388,-1
10781,18.4004,79.842476,-1
10782,18.415192,79.83268,-1
10783,26.146996,89.452519,-1
10784,26.107127,89.482836,-1
10785,26.159555,89.469942,-1
10786,26.131636,89.464558,-1
10787,26.121486,89.461766,-1
10788,17.575895,76.574741,-1
10789,17.560205,76.565225,-1
10790,17.597751,76.560083,-1
10791,17.545849,76.565249,-1
10792,17.545826,76.583654,-1
10793,9.865053,76.304258,-1
10794,9.890601,76.279822,-1
10795,9.849503,76.31645,-1
10796,9.863126,76.262739,-1
10797,9.907278,76.307235,-1
10798,29.400905,79.452925,-1
10799,29.405017,79.421882,-1
10800,29.408828,79.456602,-1
10801,29.383442,79.455531,-1
10802,29.386312,79.443402,-1
10803,23.822773,73.036549,-1
10804,23.851615,72.994247,-1
10805,23.796156,73.001647,-1
10806,23.86048,72.99977,-1
10807,23.840414,72.994299,-1
10808,9.848932,77.380387,-1
10809,9.842382,77.382046,-1
10810,9.816047,77.388715,-1
10811,9.839753,77.366085,-1
10812,9.868476,77.386511,-1
10813,24.449863,75.809103,-1
10814,24.412655,75.849979,-1
10815,24.401791,75.870122,-1
10816,24.442899,75.854306,-1
10817,24.411722,75.820157,-1
10818,19.692701,78.502137,-1
10819,19.651696,78.522349,-1
10820,19.654569,78.504795,-1
10821,19.677014,78.499473,-1
10822,19.658005,78.548909,-1
10823,27.701612,78.393814,-1
10824,27.735722,78.359893,-1
10825,27.702454,78.366456,-1
10826,27.709476,78.369777,-1
10827,27.672061,78.35525,-1
10828,10.997319,77.293468,-1
10829,11.016595,77.29396,-1
10830,10.983363,77.294615,-1
10831,10.96117,77.315725,-1
10832,11.022111,77.291951,-1
10833,18.432599,83.68036,-1
10834,18.444136,83.657436,-1
10835,18.425512,83.689163,-1
10836,18.482439,83.664919,-1
10837,18.444977,83.655735,-1
10838,20.847906,86.329414,-1
10839,20.854302,86.321232,-1
10840,20.853426,86.386524,-1
10841,20.82592,86.335315,-1
10842,20.868094,86.347821,-1
10843,26.351438,77.813154,-1
10844,26.335099,77.768883,-1
10845,26.341393,77.787699,-1
10846,26.309926,77.809778,-1
10847,26.345112,77.804058,-1
10848,22.290935,88.670213,-1
10849,22.292669,88.675148,-1
10850,22.344297,88.664093,-1
10851,22.352002,88.692789,-1
10852,22.314141,88.634198,-1
10853,27.546483,80.748122,-1
10854,27.520506,80.74698,-1
10855,27.532087,80.775621,-1
10856,27.540021,80.739075,-1
10857,27.52912,80.738561,-1
10858,23.982065,74.770807,-1
10859,24.027055,74.798855,-1
10860,24.03661,74.769229,-1
10861,23.998124,74.770588,-1
10862,24.017085,74.798007,-1
10863,26.644703,85.20121,-1
10864,26.676108,85.145659,-1
10865,26.685071,85.191064,-1
10866,26.668253,85.169249,-1
10867,26.68249,85.134902,-1
10868,20.293307,75.139979,-1
10869,20.227279,75.137943,-1
10870,20.238135,75.10651,-1
10871,20.265485,75.143647,-1
10872,20.265758,75.183654,-1
10873,24.926259,73.844564,-1
10874,24.898997,73.855359,-1
10875,24.943309,73.780233,-1
10876,24.922779,73.829167,-1
10877,24.943074,73.810304,-1
10878,11.08058,75.968898,-1
10879,11.066374,75.941342,-1
10880,11.092266,75.94555,-1
10881,11.080497,75.920927,-1
10882,11.030938,75.914971,-1
10883,26.517468,93.963368,-1
10884,26.529362,93.958225,-1
10885,26.525485,93.943317,-1
10886,26.542667,93.918175,-1
10887,26.523559,93.985312,-1
10888,25.991964,75.137239,-1
10889,25.95218,75.122829,-1
10890,25.973245,75.163637,-1
10891,26.005467,75.138587,-1
10892,25.951971,75.118357,-1
10893,26.35687,84.595497,-1
10894,26.392595,84.615541,-1
10895,26.391109,84.604811,-1
10896,26.386362,84.581971,-1
10897,26.393244,84.569717,-1
10898,11.706289,75.545004,-1
10899,11.715822,75.521903,-1
10900,11.695982,75.53391,-1
10901,11.689294,75.520271,-1
10902,11.711896,75.521466,-1
10903,22.182937,88.149799,-1
10904,22.22911,88.194507,-1
10905,22.162929,88.204196,-1
10906,22.193992,88.225045,-1
10907,22.210346,88.183191,-1
10908,11.33433,77.737116,-1
10909,11.333796,77.697811,-1
10910,11.339956,77.724419,-1
10911,11.347593,77.682914,-1
10912,11.387375,77.720868,-1
10913,28.988601,77.208186,-1
10914,28.935592,77.20847,-1
10915,28.954149,77.162798,-1
10916,28.952703,77.232951,-1
10917,28.936946,77.222091,-1
10918,25.200282,85.720775,-1
10919,25.232677,85.758626,-1
10920,25.237123,85.72006,-1
10921,25.205185,85.706931,-1
10922,25.211539,85.747878,-1
10923,16.774051,77.467821,-1
10924,16.727935,77.515255,-1
10925,16.784756,77.48081,-1
10926,16.732213,77.48108,-1
10927,16.754516,77.506059,-1
10928,22.212835,69.676458,-1
10929,22.212298,69.635563,-1
10930,22.180646,69.647074,-1
10931,22.231059,69.662923,-1
10932,22.223014,69.6844,-1
10933,26.178114,73.703714,-1
10934,26.188813,73.737145,-1
10935,26.190783,73.693792,-1
10936,26.18632,73.65939,-1
10937,26.17011,73.705331,-1
10938,8.901105,76.664015,-1
10939,8.870513,76.651035,-1
10940,8.893086,76.651354,-1
10941,8.882278,76.646045,-1
10942,8.875645,76.656188,-1
10943,25.003827,85.430151,-1
10944,25.011195,85.425023,-1
10945,25.03981,85.426318,-1
10946,25.028523,85.417314,-1
10947,25.040089,85.420246,-1
10948,8.528397,76.950443,-1
10949,8.556078,76.957222,-1
10950,8.55528,76.968459,-1
10951,8.593824,76.99841,-1
10952,8.549931,76.949965,-1
10953,19.473529,75.411209,-1
10954,19.476556,75.415984,-1
10955,19.462329,75.38752,-1
10956,19.496996,75.428198,-1
10957,19.49421,75.42426,-1
10958,20.788178,70.68746,-1
10959,20.79299,70.708,-1
10960,20.790516,70.715108,-1
10961,20.834117,70.721179,-1
10962,20.801606,70.694349,-1
10963,13.664201,78.959995,-1
10964,13.649717,78.941075,-1
10965,13.625203,78.942216,-1
10966,13.664507,78.953867,-1
10967,13.658748,79.009261,-1
10968,10.766765,76.623398,-1
10969,10.717993,76.624493,-1
10970,10.763392,76.624173,-1
10971,10.746128,76.657574,-1
10972,10.779017,76.598592,-1
10973,24.628132,75.951336,-1
10974,24.612711,75.922275,-1
10975,24.646849,75.941618,-1
10976,24.635067,75.945723,-1
10977,24.63115,75.937818,-1
10978,19.899653,74.766556,-1
10979,19.939877,74.717012,-1
10980,19.899189,74.738059,-1
10981,19.919368,74.740731,-1
10982,19.928385,74.701547,-1
10983,11.074456,75.970792,-1
10984,11.089181,75.971305,-1
10985,11.075827,76.006721,-1
10986,11.063845,75.967601,-1
10987,11.098535,76.013803,-1
10988,15.772179,75.133609,-1
10989,15.741523,75.112286,-1
10990,15.755055,75.107903,-1
10991,15.774339,75.111336,-1
10992,15.769027,75.122104,-1
10993,16.86944,80.070591,-1
10994,16.92151,80.074523,-1
10995,16.891647,80.094248,-1
10996,16.888931,80.065283,-1
10997,16.903106,80.098633,-1
10998,18.6237,79.338785,-1
10999,18.615073,79.39094,-1
11000,18.623518,79.361588,-1
11001,18.618243,79.401097,-1
11002,18.631998,79.373263,-1
11003,26.586975,89.023365,-1
11004,26.629479,88.99711,-1
11005,26.585878,88.969568,-1
11006,26.576475,89.033739,-1
11007,26.595112,88.979532,-1
11008,10.790049,75.969157,-1
11009,10.852304,75.968708,-1
11010,10.845669,75.948162,-1
11011,10.840738,75.927079,-1
11012,10.854354,75.964612,-1
11013,18.72897,73.854956,-1
11014,18.745263,73.855861,-1
11015,18.7532,73.834263,-1
11016,18.739058,73.913471,-1
11017,18.731535,73.866228,-1
11018,26.747854,79.232268,-1
11019,26.739301,79.216645,-1
11020,26.774073,79.228464,-1
11021,26.78419,79.234302,-1
11022,26.774975,79.227736,-1
11023,31.279065,74.8612,-1
11024,31.275979,74.839136,-1
11025,31.314403,74.848591,-1
11026,31.310198,74.8442,-1
11027,31.247149,74.860082,-1
11028,12.582417,78.570681,-1
11029,12.54825,78.56065,-1
11030,12.588214,78.556036,-1
11031,12.582464,78.590569,-1
11032,12.581092,78.590929,-1
11033,20.364494,78.098655,-1
11034,20.378842,78.11687,-1
11035,20.351652,78.113378,-1
11036,20.387559,78.109802,-1
11037,20.42566,78.108195,-1
11038,20.946004,85.220468,-1
11039,20.95437,85.232731,-1
11040,20.976484,85.225044,-1
11041,20.944442,85.21389,-1
11042,20.90788,85.212518,-1
11043,11.839658,75.446258,-1
11044,11.854061,75.428248,-1
11045,11.811431,75.436157,-1
11046,11.850954,75.43564,-1
11047,11.813656,75.414818,-1
11048,8.465841,76.980991,-1
11049,8.413015,76.988335,-1
11050,8.440955,77.01633,-1
11051,8.422894,76.989868,-1
11052,8.426699,76.999719,-1
11053,10.113207,79.00224,-1
11054,10.192845,78.988934,-1
11055,10.146352,78.995356,-1
11056,10.175539,78.985959,-1
11057,10.18668,79.027004,-1
11058,8.332757,77.07973,-1
11059,8.38896,77.070889,-1
11060,8.421344,77.071909,-1
11061,8.384862,77.056066,-1
11062,8.396013,77.094642,-1
11063,11.347164,75.780941,-1
11064,11.374341,75.751905,-1
11065,11.389166,75.770608,-1
11066,11.374128,75.79501,-1
11067,11.36821,75.825704,-1
11068,24.55026,84.792499,-1
11069,24.544017,84.823208,-1
11070,24.595819,84.763752,-1
11071,24.551874,84.810184,-1
11072,24.558099,84.81764,-1
11073,29.084483,75.183789,-1
11074,29.078415,75.208646,-1
11075,29.135514,75.180068,-1
11076,29.138465,75.182979,-1
11077,29.098627,75.175749,-1
11078,24.753129,86.398571,-1
11079,24.757097,86.411447,-1
11080,24.786178,86.391079,-1
11081,24.756533,86.374434,-1
11082,24.743279,86.377954,-1
11083,22.613695,86.473253,-1
11084,22.609574,86.483354,-1
11085,22.580658,86.476131,-1
11086,22.582684,86.467322,-1
11087,22.544462,86.437404,-1
11088,24.364274,92.17217,-1
11089,24.332938,92.163997,-1
11090,24.369586,92.168254,-1
11091,24.399152,92.153568,-1
11092,24.345443,92.17995,-1
11093,8.572444,78.108875,-1
11094,8.540314,78.102172,-1
11095,8.570687,78.140873,-1
11096,8.589522,78.108492,-1
11097,8.54493,78.092981,-1
11098,25.058578,79.411385,-1
11099,25.023804,79.451131,-1
11100,25.083432,79.42978,-1
11101,25.072747,79.479263,-1
11102,25.09762,79.394597,-1
11103,14.977496,75.299821,-1
11104,14.990395,75.333233,-1
11105,14.989906,75.32171,-1
11106,14.972991,75.324188,-1
11107,14.983113,75.331314,-1
11108,21.994845,82.586036,-1
11109,22.027263,82.591814,-1
11110,22.002174,82.584634,-1
11111,22.035061,82.512979,-1
11112,22.037462,82.587073,-1
11113,11.007772,75.926141,-1
11114,10.981971,75.939738,-1
11115,11.000994,75.930171,-1
11116,10.984593,75.94568,-1
11117,10.982978,75.893774,-1
11118,10.601931,78.418806,-1
11119,10.614565,78.39418,-1
11120,10.622362,78.408271,-1
11121,10.61046,78.423827,-1
11122,10.578479,78.43474,-1
11123,11.151808,77.34734,-1
11124,11.162531,77.34637,-1
11125,11.12583,77.351719,-1
11126,11.147029,77.354299,-1
11127,11.180867,77.302072,-1
11128,11.724802,78.943586,-1
11129,11.782312,78.942187,-1
11130,11.742861,78.983783,-1
11131,11.747565,78.963631,-1
11132,11.77192,78.936581,-1
11133,8.467223,77.090042,-1
11134,8.537466,77.053702,-1
11135,8.521169,77.099868,-1
11136,8.504757,77.090061,-1
11137,8.509449,77.13911,-1
11138,9.67282,76.582658,-1
11139,9.667944,76.559786,-1
11140,9.640226,76.547005,-1
11141,9.656691,76.541658,-1
11142,9.663655,76.577494,-1
11143,26.149096,80.18276,-1
11144,26.156945,80.160428,-1
11145,26.115809,80.1686,-1
11146,26.182483,80.191788,-1
11147,26.14392,80.169838,-1
11148,12.921938,76.429186,-1
11149,12.896838,76.398097,-1
11150,12.920984,76.365656,-1
11151,12.892878,76.375963,-1
11152,12.863041,76.387451,-1
11153,16.602997,81.356604,-1
11154,16.58057,81.401578,-1
11155,16.567356,81.368296,-1
11156,16.574149,81.349458,-1
11157,16.56545,81.400506,-1
11158,17.025312,81.701159,-1
11159,17.004078,81.720184,-1
11160,17.034351,81.672447,-1
11161,17.001317,81.731295,-1
11162,17.023189,81.727124,-1
11163,10.929629,77.711299,-1
11164,10.923173,77.711069,-1
11165,10.943782,77.694219,-1
11166,10.97754,77.720436,-1
11167,10.920354,77.694009,-1
11168,26.255835,77.406919,-1
11169,26.210255,77.409628,-1
11170,26.249827,77.400049,-1
11171,26.262544,77.406195,-1
11172,26.21289,77.380916,-1
11173,18.026923,77.254771,-1
11174,18.045643,77.190981,-1
11175,18.067061,77.21232,-1
11176,18.045887,77.196318,-1
11177,18.063088,77.200307,-1
11178,10.889586,76.072814,-1
11179,10.880838,76.044839,-1
11180,10.884711,76.026759,-1
11181,10.883214,76.080476,-1
11182,10.872227,76.057335,-1
11183,20.701849,77.377422,-1
11184,20.769917,77.335355,-1
11185,20.71294,77.374653,-1
11186,20.749452,77.381733,-1
11187,20.722323,77.328422,-1
11188,11.678317,75.583459,-1
11189,11.708076,75.592553,-1
11190,11.728953,75.586772,-1
11191,11.668868,75.602586,-1
11192,11.725919,75.574251,-1
11193,30.905352,77.143577,-1
11194,30.915198,77.119028,-1
11195,30.913473,77.100797,-1
11196,30.932338,77.112454,-1
11197,30.888965,77.1139,-1
11198,11.673734,75.646969,-1
11199,11.683146,75.654734,-1
11200,11.710406,75.671277,-1
11201,11.666499,75.685502,-1
11202,11.652103,75.632884,-1
11203,27.116008,79.767569,-1
11204,27.11721,79.745895,-1
11205,27.107592,79.709531,-1
11206,27.111551,79.707039,-1
11207,27.101771,79.754967,-1
11208,24.275664,80.767354,-1
11209,24.289292,80.765774,-1
11210,24.246118,80.786996,-1
11211,24.26085,80.75243,-1
11212,24.284962,80.751112,-1
11213,12.891161,75.029012,-1
11214,12.873137,75.023526,-1
11215,12.837095,75.074773,-1
11216,12.890763,75.013911,-1
11217,12.900263,75.039447,-1
11218,11.381082,77.751354,-1
11219,11.386117,77.774265,-1
11220,11.349491,77.780143,-1
11221,11.344994,77.770267,-1
11222,11.340397,77.784783,-1
11223,15.590383,73.832754,-1
11224,15.580739,73.806952,-1
11225,15.601224,73.766162,-1
11226,15.609061,73.778192,-1
11227,15.577743,73.788209,-1
11228,22.596738,88.906975,-1
11229,22.647339,88.932702,-1
11230,22.60018,88.933919,-1
11231,22.581203,88.8743,-1
11232,22.589753,88.935199,-1
11233,17.548145,76.205708,-1
11234,17.547955,76.252511,-1
11235,17.525439,76.206503,-1
11236,17.49841,76.229917,-1
11237,17.530356,76.193256,-1
11238,25.619728,84.896715,-1
11239,25.657632,84.885043,-1
11240,25.645118,84.867165,-1
11241,25.667536,84.870255,-1
11242,25.632518,84.855553,-1
11243,12.995503,77.927899,-1
11244,12.990637,77.978533,-1
11245,12.993125,77.992018,-1
11246,12.983085,77.941373,-1
11247,13.008536,77.953089,-1
11248,25.639798,86.228927,-1
11249,25.629208,86.257837,-1
11250,25.594867,86.246089,-1
11251,25.606,86.241334,-1
11252,25.595455,86.265516,-1
11253,8.84698,76.668465,-1
11254,8.829988,76.668882,-1
11255,8.822004,76.643852,-1
11256,8.844118,76.594432,-1
11257,8.819442,76.652405,-1
11258,8.83123,78.122294,-1
11259,8.812922,78.143716,-1
11260,8.80754,78.136698,-1
11261,8.856346,78.143282,-1
11262,8.843331,78.116563,-1
11263,10.072313,78.345103,-1
11264,10.040296,78.30782,-1
11265,10.035898,78.369645,-1
11266,9.997885,78.368334,-1
11267,10.03787,78.348609,-1
11268,26.723377,89.379278,-1
11269,26.735475,89.329446,-1
11270,26.745819,89.354539,-1
11271,26.728349,89.342463,-1
11272,17.230413,80.864682,-1
11273,17.251645,80.871554,-1
11274,17.215477,80.869512,-1
11275,17.236778,80.889883,-1
11276,28.486884,80.129585,-1
11277,28.495386,80.16416,-1
11278,28.5055,80.139126,-1
11279,28.52818,80.14349,-1
11280,17.883159,75.055361,-1
11281,17.886841,74.986953,-1
11282,17.950424,75.036016,-1
11283,17.868066,75.003468,-1
11284,27.167503,82.931396,-1
11285,27.168062,82.894646,-1
11286,27.15906,82.941569,-1
11287,27.190626,82.921128,-1
11288,11.00235,76.879405,-1
11289,11.037095,76.872068,-1
11290,11.014222,76.882621,-1
11291,11.005656,76.894299,-1
11292,28.883888,79.249588,-1
11293,28.905866,79.283922,-1
11294,28.901154,79.214525,-1
11295,28.898321,79.319935,-1
11296,29.210804,78.85564,-1
11297,29.159352,78.855902,-1
11298,29.200652,78.891883,-1
11299,29.175682,78.8577,-1
11300,18.447272,83.904187,-1
11301,18.400637,83.936292,-1
11302,18.400847,83.852819,-1
11303,18.403418,83.88247,-1
11304,21.110522,73.389224,-1
11305,21.14215,73.378372,-1
11306,21.107873,73.386774,-1
11307,21.121336,73.410926,-1
11308,11.431808,77.671989,-1
11309,11.461039,77.655846,-1
11310,11.419225,77.699209,-1
11311,11.4572,77.685551,-1
11312,29.256721,76.998977,-1
11313,29.223692,77.017358,-1
11314,29.25753,77.011413,-1
11315,29.251972,77.025408,-1
11316,12.134775,78.130411,-1
11317,12.102229,78.156458,-1
11318,12.131855,78.151754,-1
11319,12.132536,78.141156,-1
11320,26.680626,78.368495,-1
11321,26.680917,78.404473,-1
11322,26.659628,78.36368,-1
11323,26.657327,78.394725,-1
11324,10.107325,76.298825,-1
11325,10.069427,76.308326,-1
11326,10.085145,76.318622,-1
11327,10.097278,76.303652,-1
11328,11.069192,77.019541,-1
11329,11.077537,76.985881,-1
11330,11.066662,77.029279,-1
11331,11.065123,77.010784,-1
11332,21.193319,86.108869,-1
11333,21.240831,86.133917,-1
11334,21.210158,86.12378,-1
11335,21.258748,86.115449,-1
11336,22.700071,72.968937,-1
11337,22.668213,72.975989,-1
11338,22.695793,72.959953,-1
11339,22.665384,72.939518,-1
11340,23.848543,71.614231,-1
11341,23.799376,71.611988,-1
11342,23.790235,71.587176,-1
11343,23.878267,71.63159,-1
11344,24.191204,88.277262,-1
11345,24.192123,88.23355,-1
11346,24.192688,88.255599,-1
11347,24.192329,88.285197,-1
11348,9.860675,76.330966,-1
11349,9.89665,76.401133,-1
11350,9.914614,76.365473,-1
11351,9.911722,76.398709,-1
11352,23.320052,70.359836,-1
11353,23.303111,70.377835,-1
11354,23.262919,70.355742,-1
11355,23.292871,70.365765,-1
11356,30.588713,74.294336,-1
11357,30.607902,74.3109,-1
11358,30.595895,74.261691,-1
11359,30.622168,74.243288,-1
11360,11.532098,79.597704,-1
11361,11.535922,79.605429,-1
11362,11.551198,79.579394,-1
11363,11.557367,79.580413,-1
11364,17.169284,77.275526,-1
11365,17.191681,77.310347,-1
11366,17.162711,77.309268,-1
11367,17.187486,77.29049,-1
11368,22.972705,73.34884,-1
11369,22.947628,73.331971,-1
11370,22.911638,73.359751,-1
11371,22.96166,73.363742,-1
11372,15.412266,76.59334,-1
11373,15.423482,76.627214,-1
11374,15.398568,76.580453,-1
11375,15.410152,76.589101,-1
11376,23.797064,85.970028,-1
11377,23.759408,85.97118,-1
11378,23.775706,85.951858,-1
11379,23.744071,85.962527,-1
11380,8.925118,76.578577,-1
11381,8.913983,76.585253,-1
11382,8.898757,76.612853,-1
11383,8.939266,76.563815,-1
11384,26.412613,87.266197,-1
11385,26.403848,87.259122,-1
11386,26.408576,87.241757,-1
11387,26.399065,87.257179,-1
11388,12.754099,77.816658,-1
11389,12.751253,77.794843,-1
11390,12.748079,77.792275,-1
11391,12.734938,77.820455,-1
11392,24.883016,72.860216,-1
11393,24.869245,72.856746,-1
11394,24.879492,72.828822,-1
11395,24.888113,72.874544,-1
11396,9.871104,76.319905,-1
11397,9.883051,76.317901,-1
11398,9.891511,76.307448,-1
11399,9.855898,76.338756,-1
11400,11.054235,76.00002,-1
11401,11.00493,76.010647,-1
11402,11.030365,76.038389,-1
11403,11.019691,76.041613,-1
11404,26.11023,83.545759,-1
11405,26.098584,83.540338,-1
11406,26.077508,83.520635,-1
11407,26.033985,83.512276,-1
11408,25.152946,73.122279,-1
11409,25.164284,73.102293,-1
11410,25.168497,73.064956,-1
11411,25.150027,73.08673,-1
11412,29.996345,76.610749,-1
11413,29.954373,76.592362,-1
11414,29.998528,76.540203,-1
11415,29.93868,76.582402,-1
11416,10.570296,76.069838,-1
11417,10.586273,76.056749,-1
11418,10.628808,76.033562,-1
11419,10.571313,76.016411,-1
11420,29.174687,78.363642,-1
11421,29.15698,78.42541,-1
11422,29.153743,78.366651,-1
11423,29.148848,78.403217,-1
11424,25.771719,84.641534,-1
11425,25.817306,84.624066,-1
11426,25.815402,84.646878,-1
11427,25.803397,84.625936,-1
11428,15.44355,78.176368,-1
11429,15.427638,78.13044,-1
11430,15.47561,78.150388,-1
11431,15.429048,78.120518,-1
11432,21.800296,83.848368,-1
11433,21.804074,83.827621,-1
11434,21.79851,83.848962,-1
11435,21.856258,83.864015,-1
11436,30.029776,76.31988,-1
11437,30.009669,76.348284,-1
11438,30.045284,76.348769,-1
11439,30.045277,76.346912,-1
11440,8.835354,76.656896,-1
11441,8.772998,76.678298,-1
11442,8.808173,76.672356,-1
11443,8.792474,76.666372,-1
11444,10.781053,78.825897,-1
11445,10.771149,78.819985,-1
11446,10.741799,78.833593,-1
11447,10.760162,78.837594,-1
11448,22.229929,68.97341,-1
11449,22.237781,68.97508,-1
11450,22.23027,68.976309,-1
11451,22.264662,68.945851,-1
11452,10.048949,76.636349,-1
11453,10.104769,76.650868,-1
11454,10.032392,76.616712,-1
11455,10.076337,76.611413,-1
11456,12.984559,79.166084,-1
11457,12.944971,79.122909,-1
11458,12.980559,79.152601,-1
11459,12.972217,79.143874,-1
11460,12.520813,92.927466,-1
11461,12.488438,92.902516,-1
11462,12.498988,92.906187,-1
11463,12.481492,92.897364,-1
11464,26.744633,84.764506,-1
11465,26.768688,84.704951,-1
11466,26.785964,84.727626,-1
11467,26.737445,84.718584,-1
11468,19.366068,74.655427,-1
11469,19.430676,74.634254,-1
11470,19.416765,74.667518,-1
11471,19.416234,74.668838,-1
11472,22.202926,76.061246,-1
11473,22.139405,76.038887,-1
11474,22.199572,76.0605,-1
11475,22.184294,76.058744,-1
11476,16.631725,80.51724,-1
11477,16.625236,80.572312,-1
11478,16.608107,80.548963,-1
11479,16.60561,80.544538,-1
11480,15.792653,80.337004,-1
11481,15.803057,80.280301,-1
11482,15.751785,80.283641,-1
11483,15.769525,80.31738,-1
11484,29.790266,74.504103,-1
11485,29.783282,74.498915,-1
11486,29.785195,74.501955,-1
11487,29.78803,74.461594,-1
11488,27.470596,78.280037,-1
11489,27.472945,78.333916,-1
11490,27.520837,78.315842,-1
11491,27.469239,78.328039,-1
11492,9.541708,76.519265,-1
11493,9.545767,76.490567,-1
11494,9.525692,76.492685,-1
11495,9.569201,76.521822,-1
11496,28.42056,80.572271,-1
11497,28.433046,80.58326,-1
11498,28.426092,80.572844,-1
11499,28.427065,80.571524,-1
11500,26.876725,77.243591,-1
11501,26.885256,77.285473,-1
11502,26.906422,77.290479,-1
11503,26.888789,77.300559,-1
11504,21.033802,71.466828,-1
11505,21.030235,71.457646,-1
11506,21.035273,71.425714,-1
11507,21.079189,71.412075,-1
11508,24.710274,85.008926,-1
11509,24.673807,84.987205,-1
11510,24.718595,85.00431,-1
11511,24.744128,84.967903,-1
11512,26.220243,73.060171,-1
11513,26.197029,73.032025,-1
11514,26.180834,73.055353,-1
11515,26.178909,73.065384,-1
11516,8.299411,77.096454,-1
11517,8.303634,77.112222,-1
11518,8.308793,77.123973,-1
11519,8.286402,77.09666,-1
11520,9.235236,78.770453,-1
11521,9.262449,78.794882,-1
11522,9.237717,78.74187,-1
11523,9.260722,78.784572,-1
11524,21.257919,81.518287,-1
11525,21.259413,81.483779,-1
11526,21.222698,81.544123,-1
11527,21.266758,81.539373,-1
11528,16.4155,74.566716,-1
11529,16.411017,74.597162,-1
11530,16.448222,74.560341,-1
11531,16.43393,74.595813,-1
11532,27.815675,76.622751,-1
11533,27.773234,76.643236,-1
11534,27.825031,76.627306,-1
11535,27.80921,76.666139,-1
11536,9.260753,76.81417,-1
11537,9.25715,76.787999,-1
11538,9.269426,76.778654,-1
11539,9.2555,76.794108,-1
11540,11.598161,75.595849,-1
11541,11.668537,75.576187,-1
11542,11.654835,75.597377,-1
11543,11.62382,75.606076,-1
11544,16.787649,80.275255,-1
11545,16.762709,80.29227,-1
11546,16.746503,80.294768,-1
11547,16.759914,80.280032,-1
11548,17.209815,75.93767,-1
11549,17.175173,75.968528,-1
11550,17.197547,75.983073,-1
11551,17.195556,75.936488,-1
11552,28.603063,77.323626,-1
11553,28.638745,77.322136,-1
11554,28.590639,77.3149,-1
11555,28.632025,77.324109,-1
11556,21.113525,78.965831,-1
11557,21.111277,78.954638,-1
11558,21.100154,78.973236,-1
11559,21.102312,78.99317,-1
11560,16.706638,74.418809,-1
11561,16.667207,74.414822,-1
11562,16.690736,74.435708,-1
11563,16.693809,74.417701,-1
11564,12.373208,77.051794,-1
11565,12.368927,77.047432,-1
11566,12.361734,77.070812,-1
11567,12.378987,77.050208,-1
11568,13.667474,80.001745,-1
11569,13.712866,80.024095,-1
11570,13.718992,80.055541,-1
11571,13.698741,80.024369,-1
11572,27.683959,77.270681,-1
11573,27.669122,77.244287,-1
11574,27.671172,77.286328,-1
11575,27.662969,77.283169,-1
11576,10.543412,76.040461,-1
11577,10.528509,76.035258,-1
11578,10.520943,76.042938,-1
11579,10.543424,76.068028,-1
11580,25.541927,91.956514,-1
11581,25.537867,91.936681,-1
11582,25.539315,91.921536,-1
11583,25.545343,91.931316,-1
11584,26.286508,87.282277,-1
11585,26.299751,87.289241,-1
11586,26.329737,87.303241,-1
11587,26.346267,87.310479,-1
11588,17.027389,76.988802,-1
11589,17.030131,76.976409,-1
11590,17.091509,76.975302,-1
11591,17.042716,76.977318,-1
11592,13.641211,79.476506,-1
11593,13.661171,79.465543,-1
11594,13.629358,79.514857,-1
11595,13.605851,79.463914,-1
11596,13.607265,77.520138,-1
11597,13.606736,77.537084,-1
11598,13.569511,77.509902,-1
11599,13.656531,77.544209,-1
11600,17.052616,74.629676,-1
11601,17.010652,74.609462,-1
11602,17.008478,74.588033,-1
11603,17.053911,74.580926,-1
11604,23.708967,76.042829,-1
11605,23.6909,76.001083,-1
11606,23.696492,76.034954,-1
11607,23.737037,76.025706,-1
11608,12.962613,80.157858,-1
11609,12.872389,80.160136,-1
11610,12.901482,80.14201,-1
11611,12.903093,80.208537,-1
11612,28.586983,77.278676,-1
11613,28.606772,77.276051,-1
11614,28.599605,77.262612,-1
11615,28.592241,77.253873,-1
11616,28.246718,78.237406,-1
11617,28.241388,78.270503,-1
11618,28.240786,78.240514,-1
11619,28.20031,78.293966,-1
11620,24.670931,83.090144,-1
11621,24.680144,83.040775,-1
11622,24.684064,83.073414,-1
11623,24.697628,83.090876,-1
11624,18.752468,73.086072,-1
11625,18.712635,73.073857,-1
11626,18.724878,73.08745,-1
11627,18.731976,73.105971,-1
11628,13.759025,75.827471,-1
11629,13.720664,75.836982,-1
11630,13.668874,75.821771,-1
11631,13.730917,75.82909,-1
11632,25.677447,80.128356,-1
11633,25.675118,80.096619,-1
11634,25.706698,80.121296,-1
11635,25.662526,80.104451,-1
11636,11.516513,77.23597,-1
11637,11.500136,77.229685,-1
11638,11.495243,77.255055,-1
11639,11.481989,77.227834,-1
11640,29.542054,76.978188,-1
11641,29.49554,76.988613,-1
11642,29.50173,76.993731,-1
11643,29.567302,76.970905,-1
11644,12.683278,79.502127,-1
11645,12.689185,79.555164,-1
11646,12.612353,79.545433,-1
11647,12.65579,79.55818,-1
11648,25.707357,85.148723,-1
11649,25.64554,85.14708,-1
11650,25.679995,85.171784,-1
11651,25.694793,85.176191,-1
11652,26.391669,75.908435,-1
11653,26.375238,75.907054,-1
11654,26.355001,75.933887,-1
11655,26.374691,75.902117,-1
11656,25.391039,86.654995,-1
11657,25.397581,86.667526,-1
11658,25.423896,86.681596,-1
11659,25.425036,86.6423,-1
11660,26.232119,90.222697,-1
11661,26.226596,90.220006,-1
11662,26.230676,90.264913,-1
11663,26.215912,90.229899,-1
11664,28.620881,76.944562,-1
11665,28.598124,77.020677,-1
11666,28.586796,77.002268,-1
11667,28.648386,77.000952,-1
11668,20.60478,74.192341,-1
11669,20.618119,74.201524,-1
11670,20.614322,74.184473,-1
11671,20.601079,74.216798,-1
11672,24.945882,75.571827,-1
11673,24.90145,75.606665,-1
11674,24.909032,75.603948,-1
11675,24.925251,75.613673,-1
11676,29.456467,74.656145,-1
11677,29.445576,74.669352,-1
11678,29.437835,74.639561,-1
11679,29.457288,74.677035,-1
11680,21.077249,79.001105,-1
11681,21.108398,78.972345,-1
11682,21.078311,78.916597,-1
11683,21.086989,78.985895,-1
11684,20.861495,75.119872,-1
11685,20.871052,75.136808,-1
11686,20.843547,75.127924,-1
11687,20.883877,75.161508,-1
11688,19.248233,76.456214,-1
11689,19.258836,76.423559,-1
11690,19.305783,76.425047,-1
11691,19.243469,76.43321,-1
11692,23.002662,72.450649,-1
11693,23.065648,72.453207,-1
11694,23.059687,72.473038,-1
11695,23.043081,72.462063,-1
11696,11.161965,77.335973,-1
11697,11.163437,77.361992,-1
11698,11.220439,77.356907,-1
11699,11.144012,77.34529,-1
11700,8.847477,76.689107,-1
11701,8.865593,76.655085,-1
11702,8.859735,76.672022,-1
11703,8.916838,76.689366,-1
11704,24.519369,76.190731,-1
11705,24.558313,76.146193,-1
11706,24.528609,76.170133,-1
11707,24.530453,76.211474,-1
11708,30.961072,74.99451,-1
11709,30.963844,74.977179,-1
11710,30.965546,75.01645,-1
11711,30.969153,74.98201,-1
11712,34.166727,77.58189,-1
11713,34.142706,77.586746,-1
11714,34.190759,77.604671,-1
11715,34.171999,77.585415,-1
11716,20.262467,81.495539,-1
11717,20.290472,81.520591,-1
11718,20.28641,81.472363,-1
11719,20.281975,81.474694,-1
11720,23.566213,76.424902,-1
11721,23.562439,76.500719,-1
11722,23.555717,76.488101,-1
11723,23.559388,76.465391,-1
11724,15.077728,76.54246,-1
11725,15.098932,76.532728,-1
11726,15.083215,76.548865,-1
11727,15.130051,76.517867,-1
11728,26.909063,80.175638,-1
11729,26.863173,80.221871,-1
11730,26.896185,80.171925,-1
11731,26.861492,80.196693,-1
11732,15.399254,79.527316,-1
11733,15.425035,79.474427,-1
11734,15.418597,79.520396,-1
11735,15.387528,79.51704,-1
11736,30.418097,74.886745,-1
11737,30.442459,74.867487,-1
11738,30.439943,74.889303,-1
11739,30.44373,74.858934,-1
11740,21.218276,80.770185,-1
11741,21.201705,80.769924,-1
11742,21.153303,80.758436,-1
11743,21.190816,80.726207,-1
11744,20.446752,84.224567,-1
11745,20.479618,84.225441,-1
11746,20.494163,84.228742,-1
11747,20.495508,84.209414,-1
11748,8.472437,76.999374,-1
11749,8.498459,77.028927,-1
11750,8.509651,77.017621,-1
11751,8.482828,77.033345,-1
11752,8.715882,76.837401,-1
11753,8.681541,76.798214,-1
11754,8.687135,76.814755,-1
11755,8.713747,76.773593,-1
11756,12.90787,80.107825,-1
11757,12.899964,80.067596,-1
11758,12.930041,80.064256,-1
11759,12.941874,80.063391,-1
11760,21.381775,78.033034,-1
11761,21.376138,78.021352,-1
11762,21.343671,78.045178,-1
11763,21.356884,78.011117,-1
11764,29.456807,74.085372,-1
11765,29.455063,74.099952,-1
11766,29.468603,74.073455,-1
11767,29.453202,74.119298,-1
11768,13.128647,77.416487,-1
11769,13.099739,77.368608,-1
11770,13.107342,77.416144,-1
11771,13.100782,77.393145,-1
11772,16.899933,76.237135,-1
11773,16.923467,76.221813,-1
11774,16.888813,76.209164,-1
11775,16.933208,76.250774,-1
11776,8.719134,76.721939,-1
11777,8.680886,76.690916,-1
11778,8.740092,76.704929,-1
11779,8.73371,76.706826,-1
11780,20.669098,75.198744,-1
11781,20.64852,75.217402,-1
11782,20.706412,75.233328,-1
11783,20.693,75.239463,-1
11784,29.679945,75.580439,-1
11785,29.673851,75.609208,-1
11786,29.646204,75.601148,-1
11787,29.675764,75.566767,-1
11788,18.828451,74.38482,-1
11789,18.804717,74.370977,-1
11790,18.839173,74.397179,-1
11791,18.831013,74.404754,-1
11792,16.966505,74.421565,-1
11793,16.923581,74.395575,-1
11794,16.899962,74.40302,-1
11795,16.977677,74.437071,-1
11796,25.871847,85.175547,-1
11797,25.873218,85.173658,-1
11798,25.857426,85.141081,-1
11799,25.896779,85.161909,-1
11800,13.11733,80.052185,-1
11801,13.096084,79.985415,-1
11802,13.101471,80.030992,-1
11803,13.12647,80.00741,-1
11804,34.44337,74.673896,-1
11805,34.399817,74.651797,-1
11806,34.424034,74.662196,-1
11807,34.395896,74.625168,-1
11808,28.671408,77.29722,-1
11809,28.686367,77.318144,-1
11810,28.662068,77.313358,-1
11811,28.699406,77.279682,-1
11812,22.468469,88.170543,-1
11813,22.490754,88.157889,-1
11814,22.463965,88.151484,-1
11815,22.443703,88.133387,-1
11816,28.788448,78.082008,-1
11817,28.787047,78.069315,-1
11818,28.798673,78.100082,-1
11819,28.751628,78.076149,-1
11820,26.248353,87.820056,-1
11821,26.239079,87.821213,-1
11822,26.269441,87.817364,-1
11823,26.307982,87.802907,-1
11824,31.121503,75.473403,-1
11825,31.133767,75.462073,-1
11826,31.127558,75.465452,-1
11827,31.154898,75.469246,-1
11828,23.130329,73.619503,-1
11829,23.105261,73.651383,-1
11830,23.130172,73.629297,-1
11831,23.140904,73.604405,-1
11832,11.230029,75.90399,-1
11833,11.242415,75.933744,-1
11834,11.195635,75.887331,-1
11835,11.195585,75.912238,-1
11836,25.99211,92.842824,-1
11837,25.979417,92.862836,-1
11838,25.983048,92.828637,-1
11839,26.00144,92.8658,-1
11840,26.442269,82.557552,-1
11841,26.39989,82.531051,-1
11842,26.446397,82.510878,-1
11843,26.427216,82.545761,-1
11844,26.392728,73.532008,-1
11845,26.397398,73.551303,-1
11846,26.379676,73.499977,-1
11847,26.385688,73.549935,-1
11848,25.89176,92.947341,-1
11849,25.939081,92.932548,-1
11850,25.924844,92.925913,-1
11851,25.948117,92.969693,-1
11852,26.284902,94.85004,-1
11853,26.257807,94.84054,-1
11854,26.214665,94.814713,-1
11855,26.28883,94.821461,-1
11856,16.397265,80.839978,-1
11857,16.378687,80.849218,-1
11858,16.34508,80.818698,-1
11859,16.348519,80.85248,-1
11860,15.12996,75.473336,-1
11861,15.123043,75.479646,-1
11862,15.129431,75.463564,-1
11863,15.150561,75.474322,-1
11864,14.441174,74.43903,-1
11865,14.450374,74.4019,-1
11866,14.428092,74.417493,-1
11867,14.42586,74.46405,-1
11868,21.139519,75.678217,-1
11869,21.167619,75.680275,-1
11870,21.127551,75.693063,-1
11871,21.170339,75.68374,-1
11872,21.511061,81.813575,-1
11873,21.548171,81.747116,-1
11874,21.54242,81.771687,-1
11875,21.555788,81.795753,-1
11876,13.21565,80.30596,-1
11877,13.232831,80.33918,-1
11878,13.240048,80.276597,-1
11879,13.207591,80.337165,-1
11880,11.024325,76.070186,-1
11881,11.038341,76.087924,-1
11882,11.054373,76.096024,-1
11883,11.017787,76.09044,-1
11884,28.238601,77.0706,-1
11885,28.232511,77.063695,-1
11886,28.281907,77.069936,-1
11887,28.246499,77.037247,-1
11888,20.611867,86.525232,-1
11889,20.560279,86.555044,-1
11890,20.586693,86.572386,-1
11891,20.581575,86.541956,-1
11892,10.192253,77.526406,-1
11893,10.204846,77.493403,-1
11894,10.246094,77.457441,-1
11895,10.228243,77.516852,-1
11896,19.122463,84.681734,-1
11897,19.114988,84.683457,-1
11898,19.112,84.702834,-1
11899,19.151433,84.670887,-1
11900,20.907128,77.320487,-1
11901,20.938026,77.306691,-1
11902,20.884232,77.329778,-1
11903,20.901844,77.321316,-1
11904,25.102969,82.893877,-1
11905,25.088638,82.887558,-1
11906,25.133918,82.901615,-1
11907,25.14179,82.887001,-1
11908,17.520393,78.305597,-1
11909,17.501207,78.356015,-1
11910,17.517119,78.325152,-1
11911,17.533753,78.307178,-1
11912,22.070999,81.677342,-1
11913,22.098793,81.661232,-1
11914,22.070812,81.694216,-1
11915,22.126567,81.710195,-1
11916,23.034346,75.361407,-1
11917,23.037561,75.37083,-1
11918,23.069748,75.384246,-1
11919,23.042096,75.360262,-1
11920,19.154545,77.033145,-1
11921,19.195766,77.035296,-1
11922,19.186098,77.018004,-1
11923,19.185973,77.029388,-1
11924,23.132049,85.263029,-1
11925,23.094203,85.277352,-1
11926,23.056222,85.295173,-1
11927,23.044314,85.298145,-1
11928,15.718107,75.394841,-1
11929,15.740413,75.393277,-1
11930,15.726824,75.403384,-1
11931,15.711755,75.407813,-1
11932,11.003792,75.989853,-1
11933,10.993534,75.968295,-1
11934,10.972082,75.968407,-1
11935,11.024442,76.014368,-1
11936,27.738951,75.784779,-1
11937,27.734174,75.792177,-1
11938,27.789146,75.746819,-1
11939,27.740575,75.769616,-1
11940,8.508274,77.048536,-1
11941,8.551244,77.083082,-1
11942,8.532206,77.031737,-1
11943,8.534333,77.036725,-1
11944,18.096038,76.769042,-1
11945,18.111545,76.755218,-1
11946,18.140647,76.753085,-1
11947,18.108025,76.762853,-1
11948,27.070351,93.695714,-1
11949,27.119439,93.668128,-1
11950,27.110956,93.740099,-1
11951,27.091641,93.681722,-1
11952,19.802239,72.782177,-1
11953,19.77341,72.785358,-1
11954,19.759212,72.728593,-1
11955,19.817505,72.747072,-1
11956,18.227521,76.500674,-1
11957,18.264445,76.536063,-1
11958,18.269857,76.490328,-1
11959,18.246805,76.470797,-1
11960,27.423275,78.035868,-1
11961,27.448252,78.040251,-1
11962,27.422242,78.044557,-1
11963,27.399733,78.051031,-1
11964,26.033453,80.589763,-1
11965,26.035477,80.587121,-1
11966,26.045122,80.566753,-1
11967,26.00363,80.565704,-1
11968,16.401065,75.108951,-1
11969,16.386425,75.104338,-1
11970,16.412873,75.146688,-1
11971,16.39733,75.118869,-1
11972,22.600237,75.841315,-1
11973,22.627048,75.796446,-1
11974,22.611202,75.806198,-1
11975,22.637387,75.813265,-1
11976,26.302389,75.353546,-1
11977,26.312158,75.397628,-1
11978,26.265841,75.324298,-1
11979,26.264216,75.372471,-1
11980,17.966625,73.878871,-1
11981,17.958529,73.891734,-1
11982,17.936973,73.903533,-1
11983,17.948629,73.870322,-1
11984,20.618805,79.851855,-1
11985,20.586353,79.847144,-1
11986,20.627848,79.885871,-1
11987,20.620883,79.87266,-1
11988,14.302756,75.40392,-1
11989,14.277228,75.34049,-1
11990,14.251418,75.36424,-1
11991,14.246952,75.331813,-1
11992,19.77433,74.499453,-1
11993,19.802543,74.473647,-1
11994,19.806802,74.480275,-1
11995,19.784694,74.494495,-1
11996,11.079388,75.835207,-1
11997,11.089929,75.860683,-1
11998,11.06695,75.870102,-1
11999,11.028529,75.881089,-1
12000,8.421742,77.029131,-1
12001,8.382864,77.004778,-1
12002,8.386896,77.015628,-1
12003,8.419737,76.981432,-1
12004,11.194827,75.873378,-1
12005,11.179271,75.881007,-1
12006,11.197482,75.892162,-1
12007,11.184757,75.864144,-1
12008,26.349871,94.567458,-1
12009,26.337364,94.495175,-1
12010,26.317632,94.511655,-1
12011,26.310579,94.491146,-1
12012,30.7857,76.902762,-1
12013,30.773689,76.928988,-1
12014,30.825889,76.932455,-1
12015,30.784185,76.881175,-1
12016,12.023599,75.220316,-1
12017,12.012781,75.210729,-1
12018,12.069223,75.242922,-1
12019,12.057672,75.239856,-1
12020,19.584438,76.201382,-1
12021,19.574439,76.20984,-1
12022,19.615681,76.210388,-1
12023,19.577908,76.216783,-1
12024,28.622644,76.994625,-1
12025,28.606425,76.9754,-1
12026,28.571499,76.955392,-1
12027,28.598855,76.989178,-1
12028,10.903353,75.94038,-1
12029,10.872209,75.886425,-1
12030,10.90584,75.93231,-1
12031,10.884938,75.898914,-1
12032,12.478562,76.391022,-1
12033,12.444833,76.40444,-1
12034,12.44755,76.380956,-1
12035,12.47092,76.41131,-1
12036,22.76953,74.56332,-1
12037,22.781793,74.562069,-1
12038,22.773027,74.602867,-1
12039,22.782709,74.563528,-1
12040,12.969592,80.190231,-1
12041,12.963137,80.196621,-1
12042,12.965928,80.177121,-1
12043,12.945389,80.249476,-1
12044,28.742764,77.031912,-1
12045,28.746843,77.02644,-1
12046,28.738613,77.02757,-1
12047,28.764815,77.034369,-1
12048,21.549595,71.594997,-1
12049,21.545805,71.584902,-1
12050,21.549989,71.574447,-1
12051,21.575792,71.579319,-1
12052,27.857815,79.211714,-1
12053,27.878896,79.147615,-1
12054,27.871321,79.18274,-1
12055,27.920406,79.216476,-1
12056,27.836883,74.345621,-1
12057,27.806528,74.313868,-1
12058,27.851176,74.332756,-1
12059,27.855598,74.31366,-1
12060,26.184917,78.957193,-1
12061,26.206377,78.960862,-1
12062,26.214771,78.961208,-1
12063,26.230744,78.930302,-1
12064,8.718627,77.459889,-1
12065,8.673695,77.455099,-1
12066,8.713094,77.432958,-1
12067,8.713277,77.469619,-1
12068,25.114395,85.235681,-1
12069,25.112506,85.200396,-1
12070,25.126509,85.202206,-1
12071,25.099418,85.184277,-1
12072,10.336474,76.132304,-1
12073,10.312773,76.123219,-1
12074,10.34794,76.148011,-1
12075,10.34313,76.111587,-1
12076,17.606777,78.478786,-1
12077,17.664501,78.475234,-1
12078,17.643471,78.494857,-1
12079,17.600068,78.465895,-1
12080,29.142984,77.00897,-1
12081,29.117147,77.004271,-1
12082,29.133271,77.029785,-1
12083,29.112814,77.017577,-1
12084,12.867947,80.283599,-1
12085,12.899247,80.221018,-1
12086,12.86311,80.250352,-1
12087,12.908874,80.201708,-1
12088,14.515314,79.998736,-1
12089,14.506708,79.967035,-1
12090,14.496353,80.007409,-1
12091,14.493093,79.971989,-1
12092,18.008979,76.052045,-1
12093,18.001712,76.056794,-1
12094,18.018433,76.0897,-1
12095,18.017138,76.082923,-1
12096,26.50527,90.990091,-1
12097,26.517555,90.940291,-1
12098,26.544852,90.985037,-1
12099,26.484511,91.006929,-1
12100,14.920808,77.251378,-1
12101,14.927103,77.228317,-1
12102,14.967177,77.248521,-1
12103,14.955101,77.256606,-1
12104,25.231948,78.456874,-1
12105,25.202212,78.476637,-1
12106,25.202131,78.45383,-1
12107,25.24247,78.494739,-1
12108,24.790308,84.665949,-1
12109,24.798664,84.620115,-1
12110,24.792193,84.645412,-1
12111,24.812485,84.647436,-1
12112,17.827196,76.586816,-1
12113,17.824026,76.630953,-1
12114,17.833205,76.628761,-1
12115,17.833634,76.640779,-1
12116,19.702352,73.569948,-1
12117,19.702184,73.538875,-1
12118,19.654397,73.535403,-1
12119,19.674408,73.577414,-1
12120,11.250834,75.909625,-1
12121,11.258122,75.889539,-1
12122,11.262969,75.899235,-1
12123,11.268923,75.912134,-1
12124,29.308193,77.459044,-1
12125,29.264671,77.447308,-1
12126,29.285375,77.468005,-1
12127,29.273615,77.460293,-1
12128,16.146327,76.485744,-1
12129,16.163861,76.517411,-1
12130,16.173722,76.535168,-1
12131,16.177386,76.548365,-1
12132,21.838929,73.511759,-1
12133,21.866378,73.48939,-1
12134,21.864611,73.478952,-1
12135,21.847987,73.502133,-1
12136,21.003256,75.269956,-1
12137,21.018826,75.287694,-1
12138,20.997575,75.266457,-1
12139,20.973561,75.295205,-1
12140,22.818709,72.723133,-1
12141,22.820696,72.758775,-1
12142,22.800572,72.756969,-1
12143,22.81533,72.769605,-1
12144,22.510466,72.891489,-1
12145,22.53784,72.926766,-1
12146,22.538887,72.937017,-1
12147,22.557793,72.915171,-1
12148,8.970918,77.433188,-1
12149,8.977047,77.430797,-1
12150,8.995513,77.415432,-1
12151,8.992077,77.391515,-1
12152,13.162755,80.251528,-1
12153,13.183978,80.265337,-1
12154,13.17706,80.264233,-1
12155,13.161489,80.276199,-1
12156,25.006766,85.592257,-1
12157,24.988083,85.651924,-1
12158,25.020152,85.602864,-1
12159,25.005316,85.63753,-1
12160,20.744967,78.31087,-1
12161,20.733155,78.345959,-1
12162,20.727344,78.307117,-1
12163,20.729382,78.303984,-1
12164,9.978834,77.765205,-1
12165,9.930958,77.7793,-1
12166,9.965273,77.788784,-1
12167,9.975598,77.759777,-1
12168,11.894745,75.396528,-1
12169,11.917194,75.356698,-1
12170,11.886152,75.360012,-1
12171,11.886681,75.386955,-1
12172,8.946444,76.615281,-1
12173,8.911888,76.626166,-1
12174,8.965964,76.622785,-1
12175,8.969272,76.639478,-1
12176,11.247764,76.938341,-1
12177,11.244377,76.972231,-1
12178,11.224338,76.943874,-1
12179,11.279812,76.937264,-1
12180,15.387861,78.929902,-1
12181,15.330317,78.927106,-1
12182,15.356484,78.900593,-1
12183,15.411332,78.920535,-1
12184,15.866808,78.596144,-1
12185,15.872924,78.567245,-1
12186,15.909796,78.585355,-1
12187,15.880742,78.607297,-1
12188,11.93315,75.32735,-1
12189,11.954072,75.326961,-1
12190,11.970903,75.323038,-1
12191,11.944525,75.329476,-1
12192,23.57584,72.728069,-1
12193,23.604612,72.748547,-1
12194,23.566747,72.783919,-1
12195,23.577506,72.746699,-1
12196,29.258412,74.379842,-1
12197,29.252531,74.401051,-1
12198,29.253705,74.430912,-1
12199,29.28482,74.405339,-1
12200,23.797495,87.363743,-1
12201,23.806019,87.374833,-1
12202,23.801192,87.339369,-1
12203,23.793594,87.414633,-1
12204,11.097813,77.186506,-1
12205,11.136269,77.196436,-1
12206,11.115401,77.163108,-1
12207,11.100874,77.170434,-1
12208,27.700169,79.639893,-1
12209,27.734653,79.639609,-1
12210,27.731818,79.638293,-1
12211,27.723526,79.636104,-1
12212,10.762665,75.950578,-1
12213,10.730376,75.948209,-1
12214,10.730059,75.933802,-1
12215,10.710222,75.960848,-1
12216,13.287607,79.522478,-1
12217,13.32587,79.48754,-1
12218,13.249315,79.465052,-1
12219,13.275287,79.461867,-1
12220,28.571357,79.022104,-1
12221,28.545344,79.010704,-1
12222,28.573619,78.986653,-1
12223,28.576569,79.023715,-1
12224,11.130605,75.938293,-1
12225,11.096317,75.935379,-1
12226,11.156998,75.937521,-1
12227,11.098654,75.924099,-1
12228,22.218419,86.206403,-1
12229,22.235822,86.20449,-1
12230,22.272434,86.150135,-1
12231,22.27618,86.167597,-1
12232,11.229492,79.754531,-1
12233,11.221902,79.737934,-1
12234,11.216768,79.704151,-1
12235,11.237432,79.750888,-1
12236,28.927357,79.527002,-1
12237,28.881764,79.541481,-1
12238,28.906361,79.515665,-1
12239,28.885061,79.52302,-1
12240,13.292236,77.818738,-1
12241,13.280636,77.813659,-1
12242,13.262587,77.807832,-1
12243,13.302699,77.809546,-1
12244,12.836817,77.676271,-1
12245,12.799093,77.665659,-1
12246,12.816936,77.70065,-1
12247,12.844287,77.670576,-1
12248,11.396229,75.718684,-1
12249,11.402804,75.719452,-1
12250,11.401183,75.728816,-1
12251,11.411066,75.728195,-1
12252,9.652736,76.798997,-1
12253,9.699531,76.808078,-1
12254,9.666909,76.765678,-1
12255,9.666846,76.756993,-1
12256,15.967911,75.315383,-1
12257,15.940805,75.265762,-1
12258,15.935281,75.283388,-1
12259,15.902642,75.319408,-1
12260,23.73647,86.407714,-1
12261,23.743155,86.389554,-1
12262,23.720733,86.378486,-1
12263,23.752646,86.38737,-1
12264,29.386302,76.675727,-1
12265,29.413923,76.671765,-1
12266,29.375494,76.658285,-1
12267,29.411051,76.651024,-1
12268,17.605728,78.391209,-1
12269,17.550677,78.325187,-1
12270,17.563813,78.363059,-1
12271,17.555433,78.35192,-1
12272,23.005978,78.244737,-1
12273,22.996618,78.260571,-1
12274,23.006274,78.239358,-1
12275,23.008259,78.202856,-1
12276,11.712534,75.571056,-1
12277,11.694851,75.565325,-1
12278,11.704092,75.593648,-1
12279,11.677428,75.608683,-1
12280,28.267428,78.045984,-1
12281,28.251551,78.035415,-1
12282,28.26577,78.007302,-1
12283,28.27435,78.017883,-1
12284,16.271608,74.506807,-1
12285,16.263744,74.499213,-1
12286,16.229564,74.511348,-1
12287,16.226818,74.507186,-1
12288,18.891747,73.29427,-1
12289,18.965418,73.330466,-1
12290,18.934513,73.323651,-1
12291,18.940487,73.324815,-1
12292,25.467755,85.527235,-1
12293,25.476364,85.543944,-1
12294,25.419376,85.507013,-1
12295,25.471411,85.540651,-1
12296,21.490689,70.954086,-1
12297,21.479646,70.96973,-1
12298,21.512761,70.933646,-1
12299,21.484488,70.956667,-1
12300,11.610162,75.611519,-1
12301,11.638229,75.675193,-1
12302,11.63006,75.62523,-1
12303,11.63696,75.618037,-1
12304,9.582954,76.521796,-1
12305,9.586802,76.52473,-1
12306,9.611091,76.495554,-1
12307,9.573243,76.489625,-1
12308,10.174772,76.409858,-1
12309,10.214904,76.381458,-1
12310,10.165466,76.38742,-1
12311,10.220952,76.385053,-1
12312,11.932185,79.769817,-1
12313,11.882718,79.739114,-1
12314,11.904627,79.801616,-1
12315,11.94305,79.76144,-1
12316,13.326366,74.792143,-1
12317,13.333343,74.780299,-1
12318,13.360452,74.801875,-1
12319,13.340709,74.76912,-1
12320,26.539817,76.326521,-1
12321,26.522058,76.296238,-1
12322,26.540704,76.334547,-1
12323,26.586297,76.351484,-1
12324,23.466799,75.636029,-1
12325,23.48934,75.670138,-1
12326,23.514452,75.664096,-1
12327,23.453221,75.666441,-1
12328,20.556794,74.524716,-1
12329,20.532985,74.479986,-1
12330,20.548929,74.510493,-1
12331,20.556121,74.491889,-1
12332,17.428824,75.194677,-1
12333,17.442833,75.168727,-1
12334,17.442295,75.18104,-1
12335,17.44224,75.177078,-1
12336,10.354129,79.852627,-1
12337,10.369467,79.813068,-1
12338,10.360337,79.831369,-1
12339,10.377285,79.878668,-1
12340,11.350055,75.835846,-1
12341,11.335903,75.813938,-1
12342,11.311414,75.839943,-1
12343,11.321853,75.845752,-1
12344,16.373034,76.127802,-1
12345,16.339596,76.116179,-1
12346,16.327555,76.143132,-1
12347,16.333759,76.115005,-1
12348,21.17862,73.74423,-1
12349,21.138473,73.75859,-1
12350,21.159062,73.823136,-1
12351,21.163497,73.785413,-1
12352,23.43695,75.278531,-1
12353,23.415216,75.287475,-1
12354,23.424582,75.275206,-1
12355,23.432083,75.269505,-1
12356,16.458143,80.63799,-1
12357,16.482993,80.672038,-1
12358,16.490351,80.668512,-1
12359,16.51018,80.659558,-1
12360,22.056741,80.692957,-1
12361,22.041673,80.696713,-1
12362,22.074069,80.717857,-1
12363,22.049505,80.72895,-1
12364,20.3265,72.944843,-1
12365,20.355265,72.925502,-1
12366,20.341121,72.919888,-1
12367,20.338109,72.918678,-1
12368,12.995991,77.0692,-1
12369,13.031605,76.993397,-1
12370,13.016112,77.026936,-1
12371,13.031169,76.975095,-1
12372,13.553996,75.997889,-1
12373,13.55929,75.992501,-1
12374,13.564998,76.003882,-1
12375,13.544002,75.973304,-1
12376,11.126988,75.872799,-1
12377,11.124917,75.900695,-1
12378,11.140163,75.868554,-1
12379,11.162644,75.871683,-1
12380,25.978075,80.147868,-1
12381,25.981487,80.132351,-1
12382,25.97398,80.134364,-1
12383,25.982259,80.111679,-1
12384,26.420889,90.282203,-1
12385,26.393664,90.28363,-1
12386,26.375723,90.275553,-1
12387,26.381238,90.266751,-1
12388,19.988128,76.80229,-1
12389,19.96233,76.801917,-1
12390,19.962966,76.785568,-1
12391,19.966554,76.785115,-1
12392,30.843319,76.940562,-1
12393,30.844838,76.940763,-1
12394,30.837698,76.956572,-1
12395,30.839076,76.942569,-1
12396,28.534148,79.609746,-1
12397,28.553119,79.622368,-1
12398,28.577551,79.609709,-1
12399,28.553188,79.623647,-1
12400,16.58458,74.312149,-1
12401,16.581925,74.302139,-1
12402,16.609561,74.313351,-1
12403,16.578155,74.301474,-1
12404,8.332803,77.159023,-1
12405,8.331527,77.146428,-1
12406,8.367048,77.170861,-1
12407,8.36988,77.152771,-1
12408,20.316698,83.15089,-1
12409,20.295431,83.165275,-1
12410,20.238972,83.177709,-1
12411,20.278779,83.165716,-1
12412,23.60652,78.371309,-1
12413,23.622188,78.365231,-1
12414,23.59965,78.328235,-1
12415,23.597899,78.313026,-1
12416,13.36619,79.77914,-1
12417,13.35735,79.819559,-1
12418,13.391081,79.78785,-1
12419,13.360191,79.795491,-1
12420,18.757519,75.295732,-1
12421,18.765541,75.33442,-1
12422,18.791137,75.310253,-1
12423,18.747939,75.352308,-1
12424,27.170179,81.229398,-1
12425,27.177216,81.19569,-1
12426,27.236679,81.237714,-1
12427,27.193078,81.237439,-1
12428,8.935631,76.688814,-1
12429,8.927987,76.676275,-1
12430,8.934716,76.682469,-1
12431,8.94211,76.69291,-1
12432,11.25672,79.377489,-1
12433,11.221168,79.338991,-1
12434,11.217657,79.374747,-1
12435,11.208773,79.372235,-1
12436,11.093411,76.922724,-1
12437,11.080618,76.971779,-1
12438,11.097742,76.95621,-1
12439,11.059977,76.976947,-1
12440,10.747321,76.053421,-1
12441,10.73457,76.049992,-1
12442,10.708601,76.053351,-1
12443,10.764741,76.037608,-1
12444,27.405596,75.954327,-1
12445,27.37277,75.966644,-1
12446,27.396167,75.975423,-1
12447,27.375343,75.952361,-1
12448,11.903974,75.421627,-1
12449,11.847019,75.414903,-1
12450,11.871344,75.443969,-1
12451,11.909434,75.430286,-1
12452,16.094191,75.768303,-1
12453,16.037027,75.800465,-1
12454,16.064369,75.766415,-1
12455,16.039063,75.792753,-1
12456,10.080737,76.536681,-1
12457,10.03628,76.562062,-1
12458,10.054726,76.560194,-1
12459,10.044084,76.554297,-1
12460,25.294557,84.409629,-1
12461,25.347119,84.394809,-1
12462,25.324752,84.408446,-1
12463,25.316387,84.40277,-1
12464,23.494091,87.734431,-1
12465,23.489189,87.736622,-1
12466,23.478203,87.765124,-1
12467,23.510807,87.722323,-1
12468,22.703827,73.10086,-1
12469,22.671414,73.09487,-1
12470,22.692815,73.098144,-1
12471,22.706471,73.10891,-1
12472,17.691746,82.606251,-1
12473,17.673676,82.569159,-1
12474,17.654485,82.600162,-1
12475,17.688469,82.612186,-1
12476,28.369074,78.599522,-1
12477,28.408351,78.626826,-1
12478,28.406086,78.681194,-1
12479,28.413389,78.606662,-1
12480,18.885434,77.867641,-1
12481,18.864349,77.853896,-1
12482,18.931146,77.835623,-1
12483,18.893848,77.844581,-1
12484,11.749816,75.542105,-1
12485,11.733063,75.57471,-1
12486,11.700943,75.566988,-1
12487,11.741647,75.559018,-1
12488,18.472753,78.894293,-1
12489,18.44698,78.854941,-1
12490,18.451118,78.836604,-1
12491,18.489673,78.877739,-1
12492,25.268432,87.231786,-1
12493,25.28663,87.21037,-1
12494,25.213963,87.185524,-1
12495,25.269466,87.22584,-1
12496,21.127672,86.701181,-1
12497,21.121785,86.713791,-1
12498,21.111829,86.724661,-1
12499,21.13881,86.739942,-1
12500,26.902982,78.152955,-1
12501,26.868984,78.161557,-1
12502,26.887283,78.158804,-1
12503,26.90083,78.212101,-1
12504,24.673737,92.563898,-1
12505,24.708664,92.570249,-1
12506,24.701462,92.586837,-1
12507,24.679749,92.548852,-1
12508,20.242544,86.209824,-1
12509,20.254734,86.188194,-1
12510,20.246641,86.176511,-1
12511,20.258621,86.147683,-1
12512,19.246654,75.752588,-1
12513,19.304497,75.760329,-1
12514,19.267007,75.738944,-1
12515,19.243257,75.773433,-1
12516,12.435143,75.719126,-1
12517,12.423021,75.753989,-1
12518,12.408223,75.734973,-1
12519,12.432575,75.722142,-1
12520,26.023695,83.556334,-1
12521,26.011299,83.615611,-1
12522,25.996204,83.559399,-1
12523,25.98217,83.583981,-1
12524,29.553361,77.411549,-1
12525,29.59021,77.438295,-1
12526,29.582118,77.433591,-1
12527,29.611557,77.427189,-1
12528,29.750975,76.575309,-1
12529,29.781826,76.588937,-1
12530,29.763904,76.548019,-1
12531,29.740965,76.584471,-1
12532,18.545315,74.016003,-1
12533,18.53579,73.991401,-1
12534,18.568765,74.027972,-1
12535,18.604089,73.986376,-1
12536,22.423665,84.763802,-1
12537,22.422626,84.756827,-1
12538,22.37765,84.760196,-1
12539,22.425151,84.795491,-1
12540,26.618286,75.935995,-1
12541,26.628809,75.910655,-1
12542,26.606336,75.949977,-1
12543,26.60399,75.962436,-1
12544,15.738666,79.700975,-1
12545,15.761216,79.705363,-1
12546,15.795544,79.678309,-1
12547,15.749455,79.631155,-1
12548,26.833058,81.330578,-1
12549,26.854029,81.324957,-1
12550,26.844015,81.336367,-1
12551,26.810228,81.314079,-1
12552,21.557452,86.893022,-1
12553,21.578285,86.87555,-1
12554,21.521474,86.874078,-1
12555,21.524552,86.872102,-1
12556,10.164675,76.237213,-1
12557,10.22457,76.22555,-1
12558,10.164487,76.261251,-1
12559,10.19184,76.245101,-1
12560,20.306706,73.020653,-1
12561,20.281807,73.0078,-1
12562,20.280819,73.018513,-1
12563,20.242997,73.014779,-1
12564,29.170631,73.193663,-1
12565,29.215598,73.183304,-1
12566,29.198147,73.219447,-1
12567,29.203509,73.196385,-1
12568,22.283604,69.584623,-1
12569,22.333163,69.587298,-1
12570,22.321222,69.623923,-1
12571,22.290338,69.567956,-1
12572,11.652052,77.980087,-1
12573,11.639347,77.995205,-1
12574,11.627267,78.000829,-1
12575,11.633865,77.98506,-1
12576,21.461504,72.950467,-1
12577,21.477767,72.923768,-1
12578,21.460851,72.972415,-1
12579,21.48308,72.923137,-1
12580,16.565109,75.960088,-1
12581,16.573678,75.982583,-1
12582,16.584926,75.976255,-1
12583,16.588137,75.951014,-1
12584,25.647239,83.726126,-1
12585,25.623898,83.730399,-1
12586,25.592927,83.756897,-1
12587,25.638651,83.730597,-1
12588,23.699756,86.676279,-1
12589,23.682792,86.64989,-1
12590,23.626069,86.666371,-1
12591,23.662338,86.697346,-1
12592,28.438038,77.144737,-1
12593,28.470439,77.147676,-1
12594,28.46835,77.127811,-1
12595,28.448032,77.132534,-1
12596,23.526952,80.828212,-1
12597,23.519291,80.830906,-1
12598,23.517918,80.875959,-1
12599,23.533166,80.802682,-1
12600,24.682919,78.131521,-1
12601,24.703749,78.116081,-1
12602,24.71785,78.142713,-1
12603,24.716277,78.123439,-1
12604,12.352392,75.067885,-1
12605,12.346902,75.115923,-1
12606,12.374006,75.096415,-1
12607,12.314892,75.128267,-1
12608,23.221599,82.21878,-1
12609,23.225073,82.21866,-1
12610,23.20942,82.198254,-1
12611,23.186581,82.207655,-1
12612,28.19759,74.952977,-1
12613,28.122974,74.995653,-1
12614,28.178824,74.993771,-1
12615,28.187262,74.978691,-1
12616,28.306595,74.290465,-1
12617,28.302381,74.296375,-1
12618,28.320724,74.238932,-1
12619,28.321303,74.277242,-1
12620,11.077922,77.003255,-1
12621,11.069216,77.003508,-1
12622,11.072601,76.979889,-1
12623,11.079343,77.008006,-1
12624,19.237787,77.680645,-1
12625,19.19458,77.696723,-1
12626,19.228697,77.693664,-1
12627,19.237323,77.622756,-1
12628,23.663221,85.313454,-1
12629,23.68865,85.315338,-1
12630,23.671723,85.318999,-1
12631,23.658167,85.282276,-1
12632,24.720223,71.79201,-1
12633,24.746225,71.729506,-1
12634,24.764099,71.762941,-1
12635,24.745798,71.766668,-1
12636,11.974653,79.767367,-1
12637,11.935106,79.76253,-1
12638,11.946768,79.812814,-1
12639,11.935596,79.744645,-1
12640,27.568345,79.364805,-1
12641,27.554203,79.358221,-1
12642,27.558326,79.332479,-1
12643,27.534021,79.344956,-1
12644,26.323361,78.074278,-1
12645,26.350726,78.095864,-1
12646,26.331525,78.104459,-1
12647,26.343539,78.106139,-1
12648,22.04333,82.604469,-1
12649,22.024014,82.589804,-1
12650,22.030752,82.57233,-1
12651,22.003051,82.587911,-1
12652,21.870549,87.519481,-1
12653,21.934643,87.537606,-1
12654,21.8904,87.516767,-1
12655,21.916118,87.522534,-1
12656,25.719244,86.966467,-1
12657,25.706201,86.977917,-1
12658,25.71969,86.982421,-1
12659,25.741435,86.955081,-1
12660,22.505974,86.467277,-1
12661,22.524375,86.442971,-1
12662,22.473748,86.437946,-1
12663,22.488955,86.455819,-1
12664,23.524369,91.48552,-1
12665,23.552233,91.46452,-1
12666,23.496915,91.451124,-1
12667,23.524709,91.477842,-1
12668,25.79023,85.035004,-1
12669,25.766781,85.03507,-1
12670,25.730864,85.016859,-1
12671,25.746454,84.973407,-1
12672,23.553168,93.372018,-1
12673,23.559122,93.378806,-1
12674,23.52127,93.34802,-1
12675,23.528622,93.382632,-1
12676,23.750054,79.132562,-1
12677,23.788199,79.090241,-1
12678,23.806197,79.160148,-1
12679,23.775208,79.154132,-1
12680,10.041676,76.470148,-1
12681,10.090338,76.459482,-1
12682,10.051566,76.4731,-1
12683,10.07746,76.47413,-1
12684,32.306429,75.715217,-1
12685,32.250801,75.678008,-1
12686,32.279407,75.743903,-1
12687,32.28374,75.688589,-1
12688,10.734988,79.160883,-1
12689,10.752298,79.162155,-1
12690,10.767648,79.136192,-1
12691,10.727438,79.130669,-1
12692,23.260141,82.158034,-1
12693,23.245623,82.116625,-1
12694,23.235677,82.135676,-1
12695,23.269353,82.100803,-1
12696,19.945102,79.117719,-1
12697,19.8982,79.096659,-1
12698,19.929249,79.086523,-1
12699,19.982109,79.103987,-1
12700,28.718931,75.037075,-1
12701,28.637936,75.022955,-1
12702,28.689953,75.007965,-1
12703,28.672266,74.98103,-1
12704,21.454473,76.402314,-1
12705,21.422281,76.396134,-1
12706,21.464628,76.41699,-1
12707,21.426132,76.384085,-1
12708,16.733966,78.153403,-1
12709,16.786485,78.101972,-1
12710,16.757915,78.174896,-1
12711,16.763852,78.169024,-1
12712,27.427769,83.442756,-1
12713,27.434126,83.388741,-1
12714,27.407613,83.375204,-1
12715,27.415861,83.423337,-1
12716,17.395711,78.575485,-1
12717,17.419753,78.62087,-1
12718,17.378847,78.578866,-1
12719,17.379497,78.602401,-1
12720,24.864223,85.439754,-1
12721,24.842061,85.395756,-1
12722,24.796232,85.408293,-1
12723,24.846794,85.45113,-1
12724,17.221067,78.380988,-1
12725,17.258937,78.407465,-1
12726,17.260111,78.418707,-1
12727,17.240913,78.410007,-1
12728,22.553717,72.882486,-1
12729,22.525717,72.863106,-1
12730,22.545471,72.895234,-1
12731,22.511252,72.868548,-1
12732,14.663588,78.587435,-1
12733,14.617547,78.523977,-1
12734,14.627924,78.513779,-1
12735,14.636492,78.546138,-1
12736,10.751321,75.972725,-1
12737,10.822647,76.025442,-1
12738,10.766492,76.038394,-1
12739,10.755233,76.009074,-1
12740,17.949749,80.855144,-1
12741,17.931389,80.8347,-1
12742,17.933351,80.810295,-1
12743,17.937982,80.838463,-1
12744,21.26022,86.697065,-1
12745,21.275507,86.692897,-1
12746,21.277953,86.65913,-1
12747,21.277833,86.69755,-1
12748,11.45505,75.770594,-1
12749,11.457246,75.774454,-1
12750,11.447881,75.7669,-1
12751,11.46742,75.692547,-1
12752,21.39907,78.917457,-1
12753,21.354553,78.906924,-1
12754,21.371505,78.930014,-1
12755,21.371023,78.922201,-1
12756,8.752213,78.110649,-1
12757,8.703414,78.128175,-1
12758,8.76677,78.12548,-1
12759,8.76078,78.151847,-1
12760,19.307786,76.473608,-1
12761,19.302648,76.492226,-1
12762,19.297057,76.464473,-1
12763,19.301448,76.473184,-1
12764,22.37057,71.942506,-1
12765,22.419063,72.010713,-1
12766,22.382212,72.002148,-1
12767,22.37817,72.007509,-1
12768,12.745242,77.775325,-1
12769,12.755598,77.769303,-1
12770,12.772278,77.784465,-1
12771,12.759265,77.805354,-1
12772,24.142002,79.594825,-1
12773,24.159697,79.594819,-1
12774,24.129784,79.616628,-1
12775,24.105188,79.613767,-1
12776,25.454347,84.439737,-1
12777,25.461732,84.458058,-1
12778,25.490285,84.401662,-1
12779,25.47156,84.405762,-1
12780,29.583146,79.658499,-1
12781,29.612844,79.67138,-1
12782,29.610698,79.694563,-1
12783,29.572782,79.671086,-1
12784,11.160667,78.599067,-1
12785,11.133308,78.594811,-1
12786,11.147852,78.568844,-1
12787,11.165732,78.620893,-1
12788,18.897701,79.451624,-1
12789,18.933672,79.478674,-1
12790,18.903791,79.451757,-1
12791,18.939203,79.425667,-1
12792,25.140527,76.28821,-1
12793,25.119896,76.303188,-1
12794,25.175213,76.292147,-1
12795,25.184617,76.313793,-1
12796,15.720017,75.989208,-1
12797,15.776238,75.960808,-1
12798,15.749011,75.951891,-1
12799,15.712956,75.962145,-1
12800,23.695844,77.09503,-1
12801,23.71967,77.091787,-1
12802,23.690387,77.112042,-1
12803,23.696292,77.141171,-1
12804,14.557155,77.105198,-1
12805,14.569167,77.147837,-1
12806,14.554874,77.066974,-1
12807,14.586428,77.116988,-1
12808,10.702832,76.748292,-1
12809,10.697535,76.75714,-1
12810,10.67876,76.763661,-1
12811,10.712198,76.77275,-1
12812,23.233525,69.710157,-1
12813,23.22242,69.685134,-1
12814,23.248038,69.679969,-1
12815,23.238647,69.695847,-1
12816,24.687643,76.860125,-1
12817,24.668267,76.815006,-1
12818,24.67576,76.837118,-1
12819,24.688664,76.836343,-1
12820,9.675472,78.477033,-1
12821,9.681708,78.472026,-1
12822,9.656079,78.452145,-1
12823,9.679932,78.488335,-1
12824,8.463149,78.117081,-1
12825,8.485167,78.102047,-1
12826,8.527475,78.163583,-1
12827,8.504112,78.119133,-1
12828,28.299374,78.915959,-1
12829,28.340479,78.916714,-1
12830,28.335371,78.913821,-1
12831,28.276975,78.911085,-1
12832,10.992718,77.548049,-1
12833,11.025689,77.56648,-1
12834,11.025952,77.611686,-1
12835,11.041538,77.542931,-1
12836,9.553985,76.345,-1
12837,9.522416,76.40193,-1
12838,9.559769,76.349018,-1
12839,9.559134,76.347678,-1
12840,24.486119,94.002395,-1
12841,24.500033,93.982417,-1
12842,24.496195,94.001712,-1
12843,24.501434,93.979692,-1
12844,11.170855,78.592203,-1
12845,11.143854,78.603507,-1
12846,11.142594,78.588223,-1
12847,11.13965,78.569505,-1
12848,25.914429,74.666057,-1
12849,25.907815,74.666189,-1
12850,25.940097,74.631718,-1
12851,25.97331,74.658875,-1
12852,11.137488,75.838364,-1
12853,11.204444,75.881274,-1
12854,11.147329,75.857732,-1
12855,11.176115,75.872647,-1
12856,22.223797,75.486113,-1
12857,22.245694,75.488565,-1
12858,22.248533,75.462669,-1
12859,22.207788,75.470123,-1
12860,26.485089,77.98525,-1
12861,26.499111,77.99834,-1
12862,26.462806,77.998567,-1
12863,26.469529,78.025587,-1
12864,14.096476,77.303331,-1
12865,14.093622,77.321054,-1
12866,14.086594,77.298451,-1
12867,14.100556,77.288919,-1
12868,11.122881,75.884576,-1
12869,11.118741,75.871605,-1
12870,11.162719,75.877278,-1
12871,11.128937,75.862756,-1
12872,23.014766,71.202818,-1
12873,23.001293,71.151893,-1
12874,23.00768,71.135267,-1
12875,23.032298,71.159214,-1
12876,17.333337,78.50578,-1
12877,17.316035,78.521179,-1
12878,17.344961,78.542489,-1
12879,17.351943,78.535916,-1
12880,25.421614,83.552813,-1
12881,25.413704,83.564016,-1
12882,25.407982,83.565401,-1
12883,25.397069,83.578078,-1
12884,14.0061,74.537597,-1
12885,13.993696,74.567617,-1
12886,13.962156,74.552041,-1
12887,13.972401,74.542828,-1
12888,17.25656,74.192019,-1
12889,17.226155,74.202687,-1
12890,17.272646,74.176417,-1
12891,17.253167,74.187847,-1
12892,25.085673,84.990055,-1
12893,25.070205,84.974511,-1
12894,25.090506,84.954386,-1
12895,25.061612,84.970943,-1
12896,28.644963,77.016591,-1
12897,28.687905,77.072111,-1
12898,28.650213,77.001367,-1
12899,28.664719,77.02576,-1
12900,23.77556,85.936732,-1
12901,23.787588,85.928358,-1
12902,23.766174,85.938358,-1
12903,23.776663,85.957291,-1
12904,25.891345,83.878827,-1
12905,25.858985,83.827418,-1
12906,25.857312,83.891041,-1
12907,25.874998,83.847401,-1
12908,17.187022,80.872267,-1
12909,17.204004,80.834359,-1
12910,17.199228,80.825264,-1
12911,17.2412,80.837243,-1
12912,9.351486,77.941295,-1
12913,9.357696,77.891541,-1
12914,9.363038,77.89934,-1
12915,9.334024,77.918756,-1
12916,30.06946,75.228395,-1
12917,30.092406,75.240935,-1
12918,30.066098,75.23246,-1
12919,30.092201,75.272196,-1
12920,22.79464,86.281829,-1
12921,22.76632,86.245803,-1
12922,22.746977,86.218129,-1
12923,22.74672,86.262753,-1
12924,18.32006,74.039786,-1
12925,18.306902,74.017726,-1
12926,18.34546,74.050936,-1
12927,18.339276,74.071324,-1
12928,8.478563,77.041594,-1
12929,8.477368,77.042057,-1
12930,8.468063,77.002754,-1
12931,8.4943,77.034347,-1
12932,23.222296,81.985355,-1
12933,23.208293,82.05295,-1
12934,23.230882,82.016981,-1
12935,23.190347,81.976829,-1
12936,11.95828,79.852023,-1
12937,11.99233,79.859708,-1
12938,11.936488,79.836973,-1
12939,11.989197,79.829951,-1
12940,19.772445,72.773647,-1
12941,19.776943,72.740766,-1
12942,19.795261,72.720577,-1
12943,19.785174,72.762496,-1
12944,16.457723,76.321051,-1
12945,16.4244,76.342784,-1
12946,16.452419,76.305611,-1
12947,16.476344,76.306072,-1
12948,13.15389,80.215795,-1
12949,13.154673,80.215404,-1
12950,13.153296,80.206997,-1
12951,13.174462,80.217471,-1
12952,11.566722,76.070166,-1
12953,11.618952,76.089426,-1
12954,11.648258,76.042527,-1
12955,11.623206,76.08153,-1
12956,19.596338,75.784275,-1
12957,19.609969,75.771707,-1
12958,19.636973,75.792969,-1
12959,19.638918,75.816874,-1
12960,23.773994,86.32999,-1
12961,23.761358,86.314546,-1
12962,23.784887,86.317835,-1
12963,23.772739,86.36573,-1
12964,23.840972,78.36939,-1
12965,23.767512,78.364114,-1
12966,23.755097,78.378174,-1
12967,23.777425,78.401544,-1
12968,12.508882,79.574693,-1
12969,12.472304,79.615607,-1
12970,12.514945,79.616974,-1
12971,12.497995,79.59392,-1
12972,11.172023,77.311342,-1
12973,11.156791,77.320811,-1
12974,11.16951,77.333117,-1
12975,11.157227,77.295751,-1
12976,9.671394,76.369173,-1
12977,9.650548,76.401456,-1
12978,9.662147,76.40513,-1
12979,9.641683,76.406196,-1
12980,10.148538,76.209708,-1
12981,10.153961,76.241425,-1
12982,10.140432,76.255677,-1
12983,10.178271,76.196083,-1
12984,23.88865,86.1657,-1
12985,23.900655,86.180115,-1
12986,23.869952,86.12385,-1
12987,23.839561,86.150822,-1
12988,10.096552,76.263754,-1
12989,10.085605,76.292071,-1
12990,10.082676,76.269776,-1
12991,10.070154,76.274033,-1
12992,14.46551,78.80989,-1
12993,14.449246,78.829651,-1
12994,14.450219,78.774809,-1
12995,14.470139,78.786966,-1
12996,26.316769,82.684806,-1
12997,26.318384,82.741271,-1
12998,26.297687,82.733989,-1
12999,26.268377,82.747587,-1
13000,25.133351,86.551017,-1
13001,25.107974,86.561924,-1
13002,25.118195,86.551382,-1
13003,25.084329,86.540502,-1
13004,27.46945,75.613361,-1
13005,27.478871,75.578443,-1
13006,27.503332,75.595045,-1
13007,27.466676,75.637489,-1
13008,25.745295,93.156959,-1
13009,25.761638,93.145698,-1
13010,25.783916,93.188447,-1
13011,25.759574,93.173066,-1
13012,30.675063,75.835107,-1
13013,30.675535,75.851248,-1
13014,30.6802,75.867285,-1
13015,30.695746,75.847843,-1
13016,17.133938,77.090983,-1
13017,17.1358,77.085892,-1
13018,17.104603,77.062752,-1
13019,17.142673,77.082952,-1
13020,26.268668,86.283438,-1
13021,26.279648,86.269122,-1
13022,26.262019,86.283173,-1
13023,26.234329,86.281086,-1
13024,18.84604,79.466035,-1
13025,18.843189,79.44034,-1
13026,18.837924,79.458405,-1
13027,18.882955,79.448068,-1
13028,10.97478,77.006302,-1
13029,11.00226,77.043947,-1
13030,10.9953,77.042682,-1
13031,11.006295,77.027293,-1
13032,16.685539,74.243986,-1
13033,16.679949,74.309391,-1
13034,16.710138,74.270024,-1
13035,16.691071,74.295464,-1
13036,26.804203,75.538281,-1
13037,26.826258,75.576455,-1
13038,26.829523,75.531124,-1
13039,26.798724,75.555172,-1
13040,10.946436,75.934708,-1
13041,10.964037,75.97037,-1
13042,10.956774,75.915961,-1
13043,10.972611,75.934407,-1
13044,12.874709,79.135772,-1
13045,12.931679,79.114776,-1
13046,12.897536,79.107098,-1
13047,12.890812,79.151305,-1
13048,13.073124,79.179096,-1
13049,13.103222,79.182017,-1
13050,13.128615,79.193434,-1
13051,13.118012,79.154727,-1
13052,25.721019,86.055371,-1
13053,25.803941,86.028498,-1
13054,25.746402,86.043743,-1
13055,25.776512,86.009211,-1
13056,15.605759,79.605052,-1
13057,15.595101,79.551957,-1
13058,15.602543,79.609193,-1
13059,15.551996,79.597368,-1
13060,18.641095,74.704906,-1
13061,18.612706,74.690086,-1
13062,18.608694,74.715617,-1
13063,18.609903,74.721514,-1
13064,11.98046,75.376071,-1
13065,11.952077,75.334799,-1
13066,12.001053,75.368865,-1
13067,11.977354,75.320648,-1
13068,10.010497,78.139272,-1
13069,9.982574,78.155326,-1
13070,9.966936,78.148962,-1
13071,9.955226,78.130133,-1
13072,19.99903,78.547472,-1
13073,20.024769,78.557494,-1
13074,19.999635,78.572167,-1
13075,20.028848,78.547298,-1
13076,25.558729,89.868738,-1
13077,25.528598,89.830781,-1
13078,25.509229,89.857642,-1
13079,25.546515,89.841099,-1
13080,11.754569,75.495835,-1
13081,11.777153,75.511954,-1
13082,11.798602,75.543713,-1
13083,11.805887,75.550288,-1
13084,20.935338,75.364018,-1
13085,20.895451,75.322286,-1
13086,20.919973,75.309954,-1
13087,20.928344,75.32681,-1
13088,10.347829,79.391256,-1
13089,10.347891,79.407445,-1
13090,10.350038,79.376714,-1
13091,10.329919,79.402182,-1
13092,30.848919,76.572085,-1
13093,30.845137,76.563415,-1
13094,30.852521,76.597192,-1
13095,30.80891,76.583459,-1
13096,26.770825,80.532972,-1
13097,26.783904,80.509916,-1
13098,26.774835,80.531164,-1
13099,26.764312,80.563352,-1
13100,13.314585,80.201327,-1
13101,13.355826,80.209088,-1
13102,13.301671,80.176436,-1
13103,13.388256,80.199511,-1
13104,27.02577,78.137145,-1
13105,26.98238,78.146695,-1
13106,26.987421,78.15222,-1
13107,27.035066,78.1285,-1
13108,18.377382,81.893627,-1
13109,18.330889,81.910574,-1
13110,18.363132,81.921355,-1
13111,18.36587,81.879527,-1
13112,19.44732,74.628307,-1
13113,19.469245,74.593946,-1
13114,19.465242,74.61352,-1
13115,19.451254,74.611697,-1
13116,20.334458,77.338446,-1
13117,20.301727,77.352989,-1
13118,20.344281,77.352892,-1
13119,20.292798,77.313411,-1
13120,17.930337,79.927279,-1
13121,17.920501,79.900567,-1
13122,17.923981,79.859379,-1
13123,17.912476,79.889867,-1
13124,23.61925,77.45863,-1
13125,23.645461,77.419617,-1
13126,23.619304,77.421877,-1
13127,23.658558,77.417922,-1
13128,15.912135,75.679531,-1
13129,15.892836,75.693286,-1
13130,15.918999,75.712,-1
13131,15.915776,75.689331,-1
13132,22.835614,82.193682,-1
13133,22.817091,82.221077,-1
13134,22.860671,82.180526,-1
13135,22.848116,82.187639,-1
13136,24.046663,78.976036,-1
13137,24.055509,78.957331,-1
13138,24.041197,78.99685,-1
13139,24.040562,78.991801,-1
13140,19.587705,81.638593,-1
13141,19.58639,81.678079,-1
13142,19.582544,81.665891,-1
13143,19.600123,81.656201,-1
13144,8.484612,77.588654,-1
13145,8.512988,77.54671,-1
13146,8.485838,77.579275,-1
13147,8.521837,77.586643,-1
13148,10.840635,76.651751,-1
13149,10.81604,76.640686,-1
13150,10.818268,76.632908,-1
13151,10.839575,76.628785,-1
13152,9.917271,78.106435,-1
13153,9.950861,78.050011,-1
13154,9.939066,78.105799,-1
13155,9.944369,78.050914,-1
13156,26.471676,83.657841,-1
13157,26.433368,83.645305,-1
13158,26.438691,83.63761,-1
13159,26.453183,83.577009,-1
13160,13.089604,79.439691,-1
13161,13.110839,79.419257,-1
13162,13.128704,79.398902,-1
13163,13.119589,79.430099,-1
13164,21.488839,70.151271,-1
13165,21.490309,70.160076,-1
13166,21.482154,70.131773,-1
13167,21.485476,70.128637,-1
13168,25.131966,87.000997,-1
13169,25.128655,86.951961,-1
13170,25.173852,86.966884,-1
13171,25.100371,86.983573,-1
13172,20.047449,76.033844,-1
13173,19.984994,76.036558,-1
13174,20.03566,76.036882,-1
13175,19.997764,76.028886,-1
13176,11.754122,75.488908,-1
13177,11.764505,75.469007,-1
13178,11.760334,75.452197,-1
13179,11.742777,75.470623,-1
13180,12.530794,79.898469,-1
13181,12.527116,79.914547,-1
13182,12.479628,79.931883,-1
13183,12.498382,79.894376,-1
13184,8.672528,76.797316,-1
13185,8.698577,76.837102,-1
13186,8.673679,76.797149,-1
13187,8.662777,76.800016,-1
13188,32.228818,76.316954,-1
13189,32.191494,76.297151,-1
13190,32.207475,76.31037,-1
13191,32.271705,76.347373,-1
13192,16.253894,81.123495,-1
13193,16.259075,81.121048,-1
13194,16.24794,81.098889,-1
13195,16.240256,81.135882,-1
13196,18.678708,76.054734,-1
13197,18.704124,76.033693,-1
13198,18.705943,76.106242,-1
13199,18.733436,76.106206,-1
13200,12.966936,80.121644,4
13201,12.962283,80.103742,-1
13202,12.917177,80.149739,-1
13203,12.953327,80.157748,-1
13204,23.870226,71.797094,-1
13205,23.890001,71.772235,-1
13206,23.883007,71.706753,-1
13207,23.873358,71.76212,-1
13208,10.478709,76.054486,-1
13209,10.498717,76.090185,-1
13210,10.489238,76.084551,-1
13211,10.455331,76.090821,-1
13212,10.866659,76.075972,-1
13213,10.865097,76.08845,-1
13214,10.853922,76.109552,-1
13215,10.870766,76.054986,-1
13216,13.065935,74.976971,-1
13217,13.040032,75.006028,-1
13218,13.075877,74.994582,-1
13219,13.066958,74.985696,-1
13220,10.729645,77.878406,-1
13221,10.741993,77.881783,-1
13222,10.698043,77.88504,-1
13223,10.689163,77.870028,-1
13224,10.019715,76.257546,-1
13225,10.064193,76.306413,-1
13226,10.064204,76.297249,-1
13227,10.04079,76.274284,-1
13228,27.171892,83.560781,-1
13229,27.158327,83.546152,-1
13230,27.169925,83.537915,-1
13231,27.146361,83.548848,-1
13232,17.496605,78.607712,-1
13233,17.454457,78.616496,-1
13234,17.484047,78.620628,-1
13235,17.532311,78.633118,-1
13236,22.942368,87.996108,-1
13237,22.896433,88.02947,-1
13238,22.935604,88.020579,-1
13239,22.890701,88.040945,-1
13240,22.045754,82.134189,-1
13241,22.081473,82.138609,-1
13242,22.085213,82.122452,-1
13243,22.057356,82.093523,-1
13244,28.723222,77.130064,-1
13245,28.761564,77.141604,-1
13246,28.794266,77.138836,-1
13247,28.745972,77.187933,-1
13248,13.631152,74.6796,-1
13249,13.619476,74.67078,-1
13250,13.620011,74.715902,-1
13251,13.629718,74.70415,-1
13252,18.846057,72.920604,-1
13253,18.882188,72.940648,-1
13254,18.884777,72.879375,-1
13255,18.869514,72.939125,-1
13256,25.860373,87.509602,-1
13257,25.85866,87.529203,-1
13258,25.847171,87.557655,-1
13259,25.848158,87.526681,-1
13260,22.018921,73.106178,-1
13261,22.035079,73.115738,-1
13262,22.039288,73.107522,-1
13263,22.040908,73.147941,-1
13264,10.007699,76.572611,-1
13265,9.923438,76.559314,-1
13266,9.970581,76.580419,-1
13267,9.971094,76.583867,-1
13268,22.262566,75.083372,-1
13269,22.234142,75.077301,-1
13270,22.265153,75.081608,-1
13271,22.200512,75.107431,-1
13272,27.665131,80.192863,-1
13273,27.614252,80.187949,-1
13274,27.619069,80.243702,-1
13275,27.595505,80.171929,-1
13276,10.881867,76.937969,-1
13277,10.922112,76.951902,-1
13278,10.911692,76.964058,-1
13279,10.902417,76.975102,-1
13280,23.191431,81.587434,-1
13281,23.193355,81.607886,-1
13282,23.189175,81.568223,-1
13283,23.228732,81.546287,-1
13284,23.421363,72.639677,-1
13285,23.444585,72.672373,-1
13286,23.420268,72.688069,-1
13287,23.438649,72.618652,-1
13288,28.208541,76.814568,-1
13289,28.226873,76.796941,-1
13290,28.171674,76.818062,-1
13291,28.220096,76.808333,-1
13292,22.937391,72.524093,-1
13293,22.985569,72.53362,-1
13294,23.001548,72.505444,-1
13295,22.974135,72.505283,-1
13296,25.885239,87.222012,-1
13297,25.871459,87.194283,-1
13298,25.903973,87.225667,-1
13299,25.898714,87.208367,-1
13300,23.674802,79.039787,-1
13301,23.635967,79.063374,-1
13302,23.628934,79.048664,-1
13303,23.634053,79.10169,-1
13304,27.699845,75.487884,-1
13305,27.708859,75.454744,-1
13306,27.738445,75.470459,-1
13307,27.713112,75.488148,-1
13308,11.690671,77.970426,-1
13309,11.679273,77.989343,-1
13310,11.667647,77.965346,-1
13311,11.652998,77.975354,-1
13312,21.929181,78.10602,-1
13313,21.957895,78.126777,-1
13314,21.920409,78.133211,-1
13315,21.944457,78.1288,-1
13316,11.984324,79.216569,-1
13317,11.946166,79.215826,-1
13318,12.005728,79.186221,-1
13319,11.949726,79.198729,-1
13320,10.94626,78.443331,-1
13321,10.941361,78.412837,-1
13322,10.946479,78.443781,-1
13323,10.940472,78.414976,-1
13324,21.48868,83.876945,-1
13325,21.522715,83.845836,-1
13326,21.531569,83.883071,-1
13327,21.521746,83.848963,-1
13328,27.971249,77.869586,-1
13329,27.987881,77.852764,-1
13330,27.929078,77.793251,-1
13331,27.92482,77.848388,-1
13332,24.616375,85.509255,-1
13333,24.649134,85.550657,-1
13334,24.655611,85.526226,-1
13335,24.642248,85.477056,-1
13336,14.640557,77.539052,-1
13337,14.634547,77.535688,-1
13338,14.67782,77.574951,-1
13339,14.616582,77.560796,-1
13340,11.179651,75.916044,-1
13341,11.188099,75.908883,-1
13342,11.174423,75.928169,-1
13343,11.175379,75.908457,-1
13344,22.420277,77.476691,-1
13345,22.451126,77.475614,-1
13346,22.444502,77.461373,-1
13347,22.497668,77.464512,-1
13348,10.490546,77.713673,-1
13349,10.491118,77.758079,-1
13350,10.476322,77.715195,-1
13351,10.484523,77.76301,-1
13352,27.083863,77.686764,-1
13353,27.09762,77.678902,-1
13354,27.072489,77.63983,-1
13355,27.093134,77.614679,-1
13356,11.725578,75.560706,-1
13357,11.664849,75.589616,-1
13358,11.661249,75.55089,-1
13359,11.706666,75.558101,-1
13360,14.66224,75.496298,-1
13361,14.701086,75.451655,-1
13362,14.694566,75.46565,-1
13363,14.711521,75.512046,-1
13364,10.887143,76.284294,-1
13365,10.89137,76.300294,-1
13366,10.852985,76.283982,-1
13367,26.709355,89.129855,-1
13368,26.674478,89.137092,-1
13369,26.65145,89.124887,-1
13370,21.735353,78.266255,-1
13371,21.794518,78.251801,-1
13372,21.788476,78.277201,-1
13373,12.7655,76.272362,-1
13374,12.799343,76.225897,-1
13375,12.782038,76.24871,-1
13376,21.384238,72.042004,-1
13377,21.327366,72.036471,-1
13378,21.363731,72.049724,-1
13379,25.977141,84.836233,-1
13380,26.013152,84.856586,-1
13381,25.934594,84.879676,-1
13382,22.945746,79.069131,-1
13383,22.912886,79.079756,-1
13384,22.938646,79.0739,-1
13385,30.93851,76.794104,-1
13386,30.937748,76.784005,-1
13387,30.97568,76.793064,-1
13388,27.234845,79.157997,-1
13389,27.233889,79.178224,-1
13390,27.281281,79.16503,-1
13391,8.297895,77.602329,-1
13392,8.319247,77.563168,-1
13393,8.306431,77.540101,-1
13394,11.293666,75.936993,-1
13395,11.314034,75.928687,-1
13396,11.310512,75.974937,-1
13397,21.987478,71.59524,-1
13398,21.970783,71.568576,-1
13399,21.947635,71.550679,-1
13400,31.931879,75.622057,-1
13401,31.940428,75.617867,-1
13402,31.968318,75.580645,-1
13403,27.248647,75.180659,-1
13404,27.252839,75.15645,-1
13405,27.257128,75.202136,-1
13406,11.89982,79.798187,-1
13407,11.892484,79.812823,-1
13408,11.893012,79.798233,-1
13409,10.156838,76.254147,-1
13410,10.182961,76.258817,-1
13411,10.153538,76.245584,-1
13412,8.989393,76.805351,-1
13413,9.000804,76.770203,-1
13414,9.067462,76.780436,-1
13415,11.270636,75.929917,-1
13416,11.244779,75.912177,-1
13417,11.253503,75.897662,-1
13418,28.357998,75.605948,-1
13419,28.383578,75.605431,-1
13420,28.372436,75.593805,-1
13421,16.690798,78.931829,-1
13422,16.731641,78.953175,-1
13423,16.728213,78.935572,-1
13424,24.008792,76.754545,-1
13425,24.002249,76.726994,-1
13426,24.016008,76.725915,-1
13427,8.846741,76.674076,-1
13428,8.865652,76.676897,-1
13429,8.864339,76.695324,-1
13430,10.183747,76.383702,-1
13431,10.122006,76.390056,-1
13432,10.128936,76.426496,-1
13433,19.784554,79.37815,-1
13434,19.763431,79.327083,-1
13435,19.788434,79.401515,-1
13436,28.601827,78.80062,-1
13437,28.654426,78.788514,-1
13438,28.630448,78.827509,-1
13439,9.978637,76.570937,-1
13440,10.002394,76.559596,-1
13441,9.976448,76.597921,-1
13442,9.172205,76.752584,-1
13443,9.171161,76.731756,-1
13444,9.165332,76.738529,-1
13445,20.916487,74.731554,-1
13446,20.89579,74.760864,-1
13447,20.895983,74.786851,-1
13448,9.539102,76.535411,-1
13449,9.534626,76.538483,-1
13450,9.567847,76.535462,-1
13451,29.487075,73.433377,-1
13452,29.541033,73.44986,-1
13453,29.498329,73.457565,-1
13454,28.024918,79.673619,-1
13455,28.065188,79.703434,-1
13456,28.017926,79.667033,-1
13457,8.578135,76.99259,-1
13458,8.58235,76.981506,-1
13459,8.546517,76.990751,-1
13460,11.84399,75.56767,-1
13461,11.783565,75.560367,-1
13462,11.84276,75.572868,-1
13463,19.012499,74.76359,-1
13464,18.994413,74.710208,-1
13465,19.031758,74.699618,-1
13466,26.539615,85.070133,-1
13467,26.53176,85.041214,-1
13468,26.578881,85.03391,-1
13469,24.533981,72.018682,-1
13470,24.502307,72.00112,-1
13471,24.500117,72.015842,-1
13472,10.157516,76.365351,-1
13473,10.152895,76.374628,-1
13474,10.164448,76.36055,-1
13475,25.671214,76.191953,-1
13476,25.68661,76.173136,-1
13477,25.697585,76.172621,-1
13478,9.616355,76.292277,-1
13479,9.556475,76.353914,-1
13480,9.601596,76.319716,-1
13481,27.875001,76.314552,-1
13482,27.896946,76.272229,-1
13483,27.931377,76.278267,-1
13484,13.147333,80.127307,-1
13485,13.105525,80.136093,-1
13486,13.117458,80.146474,-1
13487,25.951325,94.515676,-1
13488,26.003921,94.530469,-1
13489,25.986849,94.525675,-1
13490,33.418962,74.315106,-1
13491,33.368211,74.309836,-1
13492,33.371301,74.3206,-1
13493,11.492402,77.863483,-1
13494,11.465511,77.837393,-1
13495,11.462248,77.844378,-1
13496,19.232556,73.197133,-1
13497,19.282943,73.169291,-1
13498,19.247206,73.157144,-1
13499,26.549893,88.815551,-1
13500,26.551766,88.830702,-1
13501,26.544241,88.865202,-1
13502,8.896546,76.691442,-1
13503,8.915458,76.726025,-1
13504,8.873608,76.689909,-1
13505,8.805352,76.716151,-1
13506,8.803309,76.738261,-1
13507,8.800342,76.734405,-1
13508,16.461508,78.305918,-1
13509,16.490922,78.336177,-1
13510,16.478631,78.320212,-1
13511,23.700388,74.049687,-1
13512,23.702174,74.045356,-1
13513,23.648614,74.022116,-1
13514,16.5593,80.508861,-1
13515,16.597417,80.497205,-1
13516,16.565191,80.561883,-1
13517,8.340834,77.584913,-1
13518,8.401692,77.631787,-1
13519,8.405262,77.626229,-1
13520,23.978387,86.791449,-1
13521,23.966463,86.839751,-1
13522,23.95553,86.805841,-1
13523,24.048133,73.022533,-1
13524,24.027447,73.046093,-1
13525,23.987667,73.068241,-1
13526,12.612155,80.079023,-1
13527,12.618913,80.04587,-1
13528,12.654355,80.051704,-1
13529,11.361184,75.755379,-1
13530,11.331699,75.753126,-1
13531,11.344593,75.778582,-1
13532,18.586307,83.758653,-1
13533,18.612152,83.768137,-1
13534,18.591229,83.77039,-1
13535,12.068439,75.254549,-1
13536,12.071126,75.266578,-1
13537,12.072012,75.215736,-1
13538,21.298148,71.032221,-1
13539,21.325318,71.052425,-1
13540,21.353874,71.023531,-1
13541,10.432449,76.277186,-1
13542,10.431722,76.247006,-1
13543,10.450957,76.28719,-1
13544,10.130484,76.484531,-1
13545,10.133026,76.464275,-1
13546,10.105228,76.470629,-1
13547,10.160874,76.255515,-1
13548,10.230426,76.193069,-1
13549,10.17541,76.246772,-1
13550,28.072957,77.557026,-1
13551,28.130222,77.553997,-1
13552,28.121376,77.55779,-1
13553,20.983572,81.842545,-1
13554,20.994184,81.844066,-1
13555,20.942384,81.83988,-1
13556,21.486409,72.919409,-1
13557,21.464705,72.945914,-1
13558,21.448443,72.964964,-1
13559,20.489593,77.840457,-1
13560,20.483849,77.887592,-1
13561,20.492567,77.869153,-1
13562,25.633278,74.929625,-1
13563,25.619697,74.949679,-1
13564,25.635983,74.901577,-1
13565,9.599119,76.557858,-1
13566,9.596616,76.577702,-1
13567,9.60152,76.572167,-1
13568,24.52101,84.028002,-1
13569,24.545363,84.023683,-1
13570,24.556897,83.94447,-1
13571,27.705561,75.50477,-1
13572,27.726666,75.4752,-1
13573,27.747695,75.480105,-1
13574,31.577268,75.016147,-1
13575,31.583321,75.010586,-1
13576,31.54833,75.002107,-1
13577,28.929756,78.224897,-1
13578,28.939588,78.205776,-1
13579,28.92883,78.248335,-1
13580,10.337539,76.197227,-1
13581,10.316862,76.18365,-1
13582,10.324971,76.188792,-1
13583,27.166333,75.371754,-1
13584,27.115719,75.353139,-1
13585,27.161529,75.328422,-1
13586,9.900601,76.320643,-1
13587,9.913781,76.29829,-1
13588,9.927217,76.302607,-1
13589,27.191583,73.694251,-1
13590,27.162055,73.625238,-1
13591,27.148682,73.623425,-1
13592,26.249956,92.343105,-1
13593,26.229395,92.3576,-1
13594,26.257041,92.359435,-1
13595,13.672337,77.205857,-1
13596,13.647898,77.202727,-1
13597,13.699759,77.216935,-1
13598,11.073328,75.996859,-1
13599,11.045706,75.992144,-1
13600,11.076623,75.999126,-1
13601,28.34012,78.730035,-1
13602,28.317946,78.696395,-1
13603,28.353337,78.693896,-1
13604,11.15164,79.032054,-1
13605,11.160871,79.117614,-1
13606,11.16481,79.074856,-1
13607,9.000245,76.524065,-1
13608,9.010495,76.488116,-1
13609,8.986323,76.524012,-1
13610,28.241575,76.153814,-1
13611,28.279969,76.142256,-1
13612,28.315738,76.158513,-1
13613,16.329813,74.944884,-1
13614,16.343565,74.970343,-1
13615,16.309316,74.941997,-1
13616,17.13387,79.422063,-1
13617,17.200528,79.417559,-1
13618,17.163284,79.452875,-1
13619,12.864202,80.097432,-1
13620,12.823568,80.154394,-1
13621,12.88476,80.071444,-1
13622,19.259863,72.795401,-1
13623,19.24673,72.764385,-1
13624,19.212831,72.731349,-1
13625,9.792064,77.322559,-1
13626,9.792153,77.340082,-1
13627,9.803571,77.302632,-1
13628,27.58914,75.527126,-1
13629,27.612521,75.476072,-1
13630,27.613194,75.505416,-1
13631,27.073474,78.699137,-1
13632,27.041202,78.718977,-1
13633,27.05678,78.675487,-1
13634,17.846576,82.914659,-1
13635,17.846254,82.921441,-1
13636,17.810299,82.933225,-1
13637,19.678441,82.221902,-1
13638,19.699237,82.188239,-1
13639,19.661555,82.235234,-1
13640,16.645239,74.441942,-1
13641,16.61038,74.430395,-1
13642,16.602199,74.405672,-1
13643,29.011303,79.067792,-1
13644,29.054073,79.026975,-1
13645,29.018863,79.065231,-1
13646,16.370088,76.918959,-1
13647,16.426306,76.914286,-1
13648,16.424124,76.900258,-1
13649,27.282984,75.967173,-1
13650,27.286885,75.919617,-1
13651,27.307873,75.973131,-1
13652,30.539946,77.301812,-1
13653,30.539263,77.296807,-1
13654,30.527378,77.314769,-1
13655,30.005527,77.101443,-1
13656,29.976759,77.06165,-1
13657,29.980788,77.063832,-1
13658,30.842614,75.900898,-1
13659,30.849528,75.881659,-1
13660,30.862962,75.856658,-1
13661,19.099913,83.827449,-1
13662,19.083033,83.804212,-1
13663,19.089157,83.816392,-1
13664,11.192001,77.284646,-1
13665,11.211432,77.219912,-1
13666,11.186591,77.302627,-1
13667,11.447492,76.871365,-1
13668,11.431091,76.837352,-1
13669,11.448626,76.850107,-1
13670,22.416995,69.874625,-1
13671,22.454077,69.859482,-1
13672,22.426074,69.852158,-1
13673,29.366025,76.951951,-1
13674,29.367391,76.947662,-1
13675,29.390019,76.969967,-1
13676,11.138947,75.970121,-1
13677,11.142155,75.98762,-1
13678,11.14162,75.962474,-1
13679,20.651362,79.97693,-1
13680,20.64145,79.952536,-1
13681,20.633961,79.984567,-1
13682,25.758522,86.051138,-1
13683,25.758777,86.021754,-1
13684,25.748479,85.994505,-1
13685,12.582089,77.053735,-1
13686,12.604786,77.000139,-1
13687,12.559622,77.023818,-1
13688,25.542918,91.274978,-1
13689,25.517411,91.24494,-1
13690,25.514372,91.245449,-1
13691,30.639769,75.620247,-1
13692,30.606721,75.602357,-1
13693,30.672702,75.610264,-1
13694,25.633398,85.013018,-1
13695,25.636022,85.035827,-1
13696,25.667701,85.032184,-1
13697,23.121386,74.145867,-1
13698,23.119262,74.167383,-1
13699,23.101142,74.180814,-1
13700,25.475859,78.123899,-1
13701,25.440945,78.157211,-1
13702,25.477021,78.151521,-1
13703,25.879046,86.947866,-1
13704,25.902521,86.994938,-1
13705,25.872511,87.026317,-1
13706,27.884455,78.736359,-1
13707,27.910902,78.7691,-1
13708,27.875604,78.757073,-1
13709,18.73131,77.394561,-1
13710,18.674145,77.347574,-1
13711,18.681279,77.381923,-1
13712,9.916099,78.132139,-1
13713,9.920647,78.202866,-1
13714,9.895782,78.175,-1
13715,18.656296,73.919806,-1
13716,18.692041,73.924068,-1
13717,18.651467,73.888449,-1
13718,10.811194,76.224753,-1
13719,10.746809,76.224403,-1
13720,10.784115,76.2083,-1
13721,18.625772,84.246377,-1
13722,18.604665,84.273251,-1
13723,18.609409,84.241794,-1
13724,27.331922,95.28907,-1
13725,27.323132,95.275322,-1
13726,27.354418,95.324652,-1
13727,27.32079,95.272135,-1
13728,27.355157,95.33498,-1
13729,27.332198,95.295952,-1
13730,11.077248,77.297203,-1
13731,11.012835,77.298325,-1
13732,11.056099,77.293917,-1
13733,10.797486,76.685277,-1
13734,10.802603,76.655395,-1
13735,10.778618,76.669368,-1
13736,11.413001,77.757797,-1
13737,11.401302,77.676225,-1
13738,11.414818,77.701435,-1
13739,26.266488,85.167263,-1
13740,26.255769,85.159376,-1
13741,26.256518,85.17179,-1
13742,8.842844,77.542903,-1
13743,8.850643,77.480774,-1
13744,8.873708,77.497972,-1
13745,15.81768,79.936839,-1
13746,15.817579,80.001576,-1
13747,15.7974,79.946924,-1
13748,21.734778,81.51669,-1
13749,21.695942,81.484617,-1
13750,21.714817,81.513467,-1
13751,28.62722,79.179665,-1
13752,28.574294,79.187195,-1
13753,28.594859,79.180592,-1
13754,27.411034,74.914078,-1
13755,27.447629,74.921764,-1
13756,27.348179,74.942861,-1
13757,22.306766,74.361306,-1
13758,22.309085,74.336204,-1
13759,22.316092,74.358931,-1
13760,20.521021,72.916519,-1
13761,20.499396,72.950072,-1
13762,20.518333,72.92566,-1
13763,19.599692,78.176872,-1
13764,19.640172,78.168722,-1
13765,19.62912,78.217513,-1
13766,23.18,81.950382,-1
13767,23.172427,81.942584,-1
13768,23.198106,81.960948,-1
13769,24.437025,88.243802,-1
13770,24.424985,88.195711,-1
13771,24.433735,88.30321,-1
13772,27.33684,82.418527,-1
13773,27.332995,82.410189,-1
13774,27.293972,82.424872,-1
13775,23.28085,82.579252,-1
13776,23.257928,82.567262,-1
13777,23.285922,82.52846,-1
13778,25.430974,92.196678,-1
13779,25.449989,92.210979,-1
13780,25.450988,92.230625,-1
13781,9.136559,76.535019,-1
13782,9.197411,76.488294,-1
13783,9.175499,76.530793,-1
13784,23.574177,70.665946,-1
13785,23.550398,70.642087,-1
13786,23.576338,70.655544,-1
13787,32.691123,74.853785,-1
13788,32.707505,74.854482,-1
13789,32.689778,74.872631,-1
13790,18.373202,77.913409,-1
13791,18.40624,77.878728,-1
13792,18.386882,77.866175,-1
13793,13.788682,76.271642,-1
13794,13.820459,76.25439,-1
13795,13.788064,76.300719,-1
13796,16.960878,82.241351,-1
13797,16.915645,82.270877,-1
13798,16.946877,82.220993,-1
13799,13.274629,80.269282,-1
13800,13.274999,80.258264,-1
13801,13.272405,80.25042,-1
13802,23.273746,87.428773,-1
13803,23.307225,87.414544,-1
13804,23.283803,87.379719,-1
13805,22.205319,74.743982,-1
13806,22.231481,74.768307,-1
13807,22.188294,74.766082,-1
13808,21.092791,72.846536,-1
13809,21.038891,72.858166,-1
13810,21.065712,72.880447,-1
13811,22.238835,70.386664,-1
13812,22.190489,70.374788,-1
13813,22.218076,70.375413,-1
13814,22.870268,84.160508,-1
13815,22.887044,84.157648,-1
13816,22.883897,84.118306,-1
13817,9.25994,76.548928,-1
13818,9.270115,76.549006,-1
13819,9.26313,76.571079,-1
13820,28.974197,78.252202,-1
13821,28.952871,78.278301,-1
13822,28.958597,78.263312,-1
13823,21.070541,76.556141,-1
13824,21.056261,76.525849,-1
13825,21.040814,76.544812,-1
13826,9.737268,76.364937,-1
13827,9.782127,76.338531,-1
13828,9.723672,76.367881,-1
13829,32.3111,75.608829,-1
13830,32.310291,75.612996,-1
13831,32.296274,75.635241,-1
13832,15.416357,75.414819,-1
13833,15.440133,75.421669,-1
13834,15.410537,75.419796,-1
13835,9.864619,76.500296,-1
13836,9.84586,76.488579,-1
13837,9.848843,76.503013,-1
13838,34.226357,74.744495,-1
13839,34.215746,74.767997,-1
13840,34.20821,74.738653,-1
13841,8.614917,76.929402,-1
13842,8.572281,76.933315,-1
13843,8.639454,76.914067,-1
13844,31.69284,76.936868,-1
13845,31.67502,76.978582,-1
13846,31.717982,76.884396,-1
13847,11.391471,75.763525,-1
13848,11.396602,75.755296,-1
13849,11.388065,75.734538,-1
13850,14.976416,75.208429,-1
13851,14.982936,75.215146,-1
13852,14.96551,75.228997,-1
13853,23.100173,88.270232,-1
13854,23.059199,88.248563,-1
13855,23.07082,88.290541,-1
13856,33.738786,74.094723,-1
13857,33.769161,74.058472,-1
13858,33.774337,74.074852,-1
13859,12.270525,79.983567,-1
13860,12.249405,79.977188,-1
13861,12.272871,80.002649,-1
13862,14.754108,75.140699,-1
13863,14.717707,75.13334,-1
13864,14.809208,75.150884,-1
13865,21.748265,73.018337,-1
13866,21.721693,73.051994,-1
13867,21.722969,73.048345,-1
13868,12.509258,79.128252,-1
13869,12.542364,79.094895,-1
13870,12.533692,79.126388,-1
13871,26.509381,85.263514,-1
13872,26.49253,85.30528,-1
13873,26.511494,85.327882,-1
13874,10.095722,76.493563,-1
13875,10.128307,76.495004,-1
13876,10.139086,76.474859,-1
13877,11.860712,76.70905,-1
13878,11.801504,76.681866,-1
13879,11.774101,76.67292,-1
13880,21.071412,72.882803,-1
13881,21.089992,72.898813,-1
13882,21.063154,72.879861,-1
13883,17.42403,73.727919,-1
13884,17.380621,73.728006,-1
13885,17.389762,73.772599,-1
13886,23.038402,79.505051,-1
13887,23.054794,79.470568,-1
13888,23.057769,79.473612,-1
13889,16.663443,78.452227,-1
13890,16.663016,78.482675,-1
13891,16.672845,78.464381,-1
13892,25.094543,73.07102,-1
13893,25.1442,73.092331,-1
13894,25.120501,73.089787,-1
13895,13.228084,77.704291,-1
13896,13.285622,77.704531,-1
13897,13.226265,77.681708,-1
13898,24.373683,77.422259,-1
13899,24.377301,77.444876,-1
13900,24.366115,77.422017,-1
13901,15.04728,75.944604,-1
13902,15.025814,75.925823,-1
13903,14.998904,75.943172,-1
13904,29.932679,76.030041,-1
13905,29.970525,76.077372,-1
13906,29.939493,76.073007,-1
13907,24.404503,71.587742,-1
13908,24.391245,71.627281,-1
13909,24.401381,71.635338,-1
13910,23.293194,79.98719,-1
13911,23.322428,80.005417,-1
13912,23.284967,79.972216,-1
13913,28.691683,77.50376,-1
13914,28.707184,77.508587,-1
13915,28.690531,77.522343,-1
13916,10.939929,78.435261,-1
13917,10.943038,78.422338,-1
13918,10.924412,78.43847,-1
13919,11.006204,77.11803,-1
13920,11.027426,77.117503,-1
13921,11.022682,77.146669,-1
13922,26.442405,91.591845,-1
13923,26.43437,91.623341,-1
13924,26.447688,91.631853,-1
13925,24.897323,78.138899,-1
13926,24.917506,78.149935,-1
13927,24.899106,78.154998,-1
13928,20.222734,72.739772,-1
13929,20.191126,72.772769,-1
13930,20.20083,72.743817,-1
13931,26.448734,91.443621,-1
13932,26.404831,91.436849,-1
13933,26.424378,91.465463,-1
13934,11.884436,75.375486,-1
13935,11.896481,75.390577,-1
13936,11.872959,75.374377,-1
13937,10.7649,76.120903,-1
13938,10.814051,76.133019,-1
13939,10.78578,76.145301,-1
13940,23.740086,72.644316,-1
13941,23.782796,72.648573,-1
13942,23.746488,72.637075,-1
13943,26.847331,78.915057,-1
13944,26.887349,78.920836,-1
13945,26.905714,78.904839,-1
13946,29.413523,78.66308,-1
13947,29.419149,78.680595,-1
13948,29.384701,78.670591,-1
13949,19.674553,74.986015,-1
13950,19.681025,75.023654,-1
13951,19.692503,75.007045,-1
13952,30.271131,74.974594,-1
13953,30.231018,74.999877,-1
13954,30.236172,74.995951,-1
13955,30.29676,78.104036,-1
13956,30.315235,78.077561,-1
13957,30.307845,78.103408,-1
13958,13.164866,80.216569,-1
13959,13.174222,80.255208,-1
13960,13.153079,80.246569,-1
13961,30.385618,78.477098,-1
13962,30.372204,78.44443,-1
13963,30.375935,78.446944,-1
13964,12.994985,77.22875,-1
13965,12.958256,77.238227,-1
13966,12.988127,77.220613,-1
13967,11.262701,75.894664,-1
13968,11.274281,75.866668,-1
13969,11.281127,75.891566,-1
13970,17.554083,78.343566,-1
13971,17.502807,78.359646,-1
13972,17.512515,78.330623,-1
13973,18.085244,73.426525,-1
13974,18.108102,73.412422,-1
13975,18.107014,73.414717,-1
13976,9.820554,76.296914,-1
13977,9.856171,76.318218,-1
13978,9.796307,76.273993,-1
13979,22.583023,88.235594,-1
13980,22.570697,88.230126,-1
13981,22.537523,88.202279,-1
13982,21.76126,80.089176,-1
13983,21.786116,80.075955,-1
13984,21.761073,80.085856,-1
13985,23.915681,88.234297,-1
13986,23.909255,88.301392,-1
13987,23.94065,88.261199,-1
13988,17.351001,78.546557,-1
13989,17.349843,78.512024,-1
13990,17.334558,78.509448,-1
13991,21.653277,78.758962,-1
13992,21.620129,78.758985,-1
13993,21.660028,78.809092,-1
13994,10.186527,76.194277,-1
13995,10.167148,76.219409,-1
13996,10.181095,76.170644,-1
13997,9.556819,76.354816,-1
13998,9.515795,76.339233,-1
13999,9.522438,76.272618,-1
14000,19.507191,77.640662,-1
14001,19.503424,77.651225,-1
14002,19.49461,77.650721,-1
14003,23.737291,86.116385,-1
14004,23.730183,86.119912,-1
14005,23.754639,86.092253,-1
14006,28.054588,74.454196,-1
14007,28.020222,74.490435,-1
14008,28.042786,74.46868,-1
14009,23.715772,76.744235,-1
14010,23.66947,76.721769,-1
14011,23.700739,76.742023,-1
14012,25.18096,73.463122,-1
14013,25.205342,73.522713,-1
14014,25.202538,73.440459,-1
14015,29.275667,77.942499,-1
14016,29.270977,77.956822,-1
14017,29.309674,77.985383,-1
14018,8.627136,76.795764,-1
14019,8.655107,76.810857,-1
14020,8.66398,76.785843,-1
14021,12.929211,80.183353,-1
14022,12.984085,80.199845,-1
14023,12.935275,80.201503,-1
14024,11.477171,75.847507,-1
14025,11.453653,75.824605,-1
14026,11.467908,75.809989,-1
14027,29.833893,74.962488,-1
14028,29.819197,74.995595,-1
14029,29.820944,74.966377,-1
14030,21.138952,72.973795,-1
14031,21.131447,72.98146,-1
14032,21.162089,72.961464,-1
14033,22.615782,88.344522,-1
14034,22.642755,88.359943,-1
14035,22.632559,88.310372,-1
14036,11.41737,75.805513,-1
14037,11.402134,75.826201,-1
14038,11.426454,75.829691,-1
14039,25.092109,84.103831,-1
14040,25.092347,84.108,-1
14041,25.067762,84.101026,-1
14042,11.302036,79.561775,-1
14043,11.256894,79.524694,-1
14044,11.273065,79.579144,-1
14045,9.976929,77.614995,-1
14046,10.012871,77.590499,-1
14047,10.018888,77.606926,-1
14048,19.035608,73.952304,-1
14049,19.040943,73.958247,-1
14050,19.072022,73.994339,-1
14051,8.573788,78.059669,-1
14052,8.568243,78.100474,-1
14053,8.56359,78.119259,-1
14054,17.520919,82.865328,-1
14055,17.543278,82.854998,-1
14056,17.561258,82.807418,-1
14057,8.865516,76.719706,-1
14058,8.868086,76.717875,-1
14059,8.878809,76.730954,-1
14060,25.566983,91.875673,-1
14061,25.589414,91.883591,-1
14062,25.533006,91.904289,-1
14063,25.874328,74.673447,-1
14064,25.926464,74.680885,-1
14065,25.87985,74.649026,-1
14066,19.189196,75.16979,-1
14067,19.200052,75.151319,-1
14068,19.168799,75.158372,-1
14069,28.664607,78.754465,-1
14070,28.660281,78.749693,-1
14071,28.71548,78.787904,-1
14072,25.102223,94.365866,-1
14073,25.129652,94.350845,-1
14074,25.122583,94.363057,-1
14075,16.256958,74.361163,-1
14076,16.2108,74.344904,-1
14077,16.2331,74.359641,-1
14078,27.150747,79.988963,-1
14079,27.182852,80.01334,-1
14080,27.184326,80.043331,-1
14081,28.494952,77.316472,-1
14082,28.530708,77.269925,-1
14083,28.543521,77.322294,-1
14084,20.880783,71.343717,-1
14085,20.889286,71.367136,-1
14086,20.879886,71.385002,-1
14087,22.331933,82.616165,-1
14088,22.286403,82.602049,-1
14089,22.313992,82.613916,-1
14090,26.78978,79.537533,-1
14091,26.81369,79.536877,-1
14092,26.805638,79.504578,-1
14093,10.452108,77.546671,-1
14094,10.462573,77.550675,-1
14095,10.423762,77.5314,-1
14096,8.590481,76.941584,-1
14097,8.609597,76.957943,-1
14098,8.589645,76.941717,-1
14099,29.499864,76.601531,-1
14100,29.524644,76.61059,-1
14101,29.51331,76.62701,-1
14102,10.117431,76.495986,-1
14103,10.095149,76.461237,-1
14104,10.132534,76.528854,-1
14105,26.949715,84.550169,-1
14106,26.954094,84.506746,-1
14107,26.907332,84.536297,-1
14108,17.181565,76.346321,-1
14109,17.185965,76.37966,-1
14110,17.225221,76.353233,-1
14111,22.648845,86.091594,-1
14112,22.655856,86.083182,-1
14113,22.616669,86.013512,-1
14114,11.520225,75.61289,-1
14115,11.496744,75.591733,-1
14116,11.519933,75.612665,-1
14117,12.254776,79.40489,-1
14118,12.221646,79.424786,-1
14119,12.270906,79.430885,-1
14120,21.236545,76.024908,-1
14121,21.303751,76.046996,-1
14122,21.238809,76.055993,-1
14123,13.777308,77.800262,-1
14124,13.774071,77.782215,-1
14125,13.763089,77.780438,-1
14126,29.747291,78.511384,-1
14127,29.726125,78.542319,-1
14128,29.784929,78.508464,-1
14129,17.375226,82.544673,-1
14130,17.352381,82.56844,-1
14131,17.359546,82.586299,-1
14132,26.442789,87.052448,-1
14133,26.431537,87.036507,-1
14134,26.463694,87.008464,-1
14135,10.00557,76.22777,-1
14136,10.031245,76.227034,-1
14137,10.044862,76.226526,-1
14138,9.685286,76.593172,-1
14139,9.669006,76.563013,-1
14140,9.650797,76.513667,-1
14141,23.762252,84.528368,-1
14142,23.745369,84.499203,-1
14143,23.735418,84.490151,-1
14144,12.306249,78.761705,-1
14145,12.281566,78.791069,-1
14146,12.300843,78.757893,-1
14147,27.239138,76.634084,-1
14148,27.223897,76.615915,-1
14149,27.239073,76.654446,-1
14150,9.268856,76.433568,-1
14151,9.264741,76.432531,-1
14152,9.288937,76.444555,-1
14153,27.268337,95.64751,-1
14154,27.2816,95.666343,-1
14155,27.284054,95.691019,-1
14156,9.085989,76.537284,-1
14157,9.092587,76.563729,-1
14158,9.097049,76.556972,-1
14159,32.563401,75.07481,-1
14160,32.55291,75.100936,-1
14161,32.516228,75.086689,-1
14162,25.163974,78.743286,-1
14163,25.236519,78.726501,-1
14164,25.21087,78.709956,-1
14165,17.754101,83.222277,-1
14166,17.776869,83.189567,-1
14167,17.753077,83.217442,-1
14168,10.09904,77.968879,-1
14169,10.118758,77.95424,-1
14170,10.079344,77.962547,-1
14171,8.965572,77.28056,-1
14172,8.985328,77.223528,-1
14173,8.937227,77.282771,-1
14174,11.6876,75.631432,-1
14175,11.706384,75.6262,-1
14176,11.695161,75.640934,-1
14177,25.880026,87.19825,-1
14178,25.918314,87.222458,-1
14179,25.883042,87.182185,-1
14180,13.333054,78.230102,-1
14181,13.336856,78.193392,-1
14182,13.392247,78.236549,-1
14183,12.935502,80.265494,-1
14184,12.971621,80.204779,-1
14185,12.956286,80.252745,-1
14186,19.723371,79.168959,-1
14187,19.741496,79.179603,-1
14188,19.748519,79.140678,-1
14189,18.302842,73.235584,-1
14190,18.306691,73.247155,-1
14191,18.312944,73.267117,-1
14192,10.042469,76.238917,-1
14193,10.076457,76.277503,-1
14194,10.024861,76.263131,-1
14195,28.843351,79.215823,-1
14196,28.784791,79.224622,-1
14197,28.804404,79.208822,-1
14198,10.653699,76.533766,-1
14199,10.67827,76.526466,-1
14200,10.651505,76.531742,-1
14201,25.549027,84.443007,-1
14202,25.5439,84.450252,-1
14203,25.611875,84.417869,-1
14204,9.147533,76.535693,-1
14205,9.179451,76.496764,-1
14206,9.121545,76.534053,-1
14207,31.494041,75.499998,-1
14208,31.432818,75.512215,-1
14209,31.427478,75.544988,-1
14210,15.874599,78.018782,-1
14211,15.83604,78.043637,-1
14212,15.857816,78.016647,-1
14213,27.007846,78.948458,-1
14214,27.00374,78.961638,-1
14215,26.997448,78.929905,-1
14216,26.13059,83.97723,-1
14217,26.236517,83.976776,-1
14218,26.207021,83.954294,-1
14219,14.943672,76.381577,-1
14220,14.890991,76.367765,-1
14221,14.906758,76.407243,-1
14222,27.520877,79.142759,-1
14223,27.493186,79.169862,-1
14224,27.490283,79.175187,-1
14225,21.65955,82.187453,-1
14226,21.657013,82.15475,-1
14227,21.660419,82.134325,-1
14228,25.32791,87.616587,-1
14229,25.333785,87.630873,-1
14230,25.316069,87.663567,-1
14231,10.545794,76.94973,-1
14232,10.510983,76.992359,-1
14233,10.561463,77.014462,-1
14234,21.178028,75.85149,-1
14235,21.192704,75.851987,-1
14236,21.126929,75.885522,-1
14237,24.490694,75.160243,-1
14238,24.45762,75.106331,-1
14239,24.482768,75.167293,-1
14240,10.041973,78.733101,-1
14241,10.028557,78.759949,-1
14242,10.012008,78.739606,-1
14243,21.169058,73.560636,-1
14244,21.130397,73.532129,-1
14245,21.187299,73.57681,-1
14246,30.168807,78.772933,-1
14247,30.150799,78.763228,-1
14248,30.135524,78.800268,-1
14249,26.038592,82.675618,-1
14250,26.086203,82.675409,-1
14251,26.041231,82.691407,-1
14252,22.577755,70.406248,-1
14253,22.572832,70.390972,-1
14254,22.590724,70.384491,-1
14255,11.945167,78.430467,-1
14256,11.926487,78.384242,-1
14257,11.942488,78.408783,-1
14258,22.253793,76.01456,-1
14259,22.270435,76.033357,-1
14260,22.243093,76.026991,-1
14261,24.700289,81.871293,-1
14262,24.645808,81.868495,-1
14263,24.657974,81.899863,-1
14264,30.385343,76.861166,-1
14265,30.402228,76.886482,-1
14266,30.340701,76.859997,-1
14267,27.21186,77.211313,-1
14268,27.207449,77.209774,-1
14269,27.197398,77.198091,-1
14270,16.495199,75.045768,-1
14271,16.502277,75.011756,-1
14272,16.503797,75.036233,-1
14273,8.708749,77.462967,-1
14274,8.679285,77.454454,-1
14275,8.68109,77.475266,-1
14276,21.583045,74.198603,-1
14277,21.548861,74.233126,-1
14278,21.575955,74.248234,-1
14279,11.096153,77.315498,-1
14280,11.085773,77.296387,-1
14281,11.093722,77.311383,-1
14282,26.710282,95.063234,-1
14283,26.708892,95.073415,-1
14284,26.730235,95.074093,-1
14285,27.878916,80.808731,-1
14286,27.928459,80.792969,-1
14287,27.938084,80.795581,-1
14288,28.141558,78.911273,-1
14289,28.127116,78.926712,-1
14290,28.120708,78.927934,-1
14291,30.571357,76.82789,-1
14292,30.590071,76.854265,-1
14293,30.583153,76.828716,-1
14294,11.638659,75.668534,-1
14295,11.618047,75.660354,-1
14296,11.634525,75.656971,-1
14297,22.041903,75.031218,-1
14298,22.061823,75.059231,-1
14299,22.01846,75.031397,-1
14300,14.819148,76.220308,-1
14301,14.839932,76.209979,-1
14302,14.778538,76.211866,-1
14303,10.298017,77.90589,-1
14304,10.268454,77.9301,-1
14305,10.302038,77.926663,-1
14306,18.389276,84.019228,-1
14307,18.388712,84.045142,-1
14308,18.422755,84.045583,-1
14309,10.801633,76.212473,-1
14310,10.777619,76.241532,-1
14311,10.809624,76.223217,-1
14312,29.802286,77.456694,-1
14313,29.793181,77.456248,-1
14314,29.808922,77.449553,-1
14315,26.374076,84.339874,-1
14316,26.387443,84.334427,-1
14317,26.391785,84.28753,-1
14318,24.469147,76.558528,-1
14319,24.39088,76.594159,-1
14320,24.410148,76.57066,-1
14321,12.518146,74.968588,-1
14322,12.50888,74.977043,-1
14323,12.518361,74.986265,-1
14324,15.503978,76.810434,-1
14325,15.534896,76.877663,-1
14326,15.55127,76.894656,-1
14327,24.405143,78.075753,-1
14328,24.393665,78.088624,-1
14329,24.389596,78.122076,-1
14330,29.911587,75.551729,-1
14331,29.929518,75.55924,-1
14332,29.910474,75.570743,-1
14333,9.884343,78.130325,-1
14334,9.909173,78.161963,-1
14335,9.920379,78.158933,-1
14336,27.382376,75.571731,-1
14337,27.343563,75.575626,-1
14338,27.405014,75.592801,-1
14339,20.831691,70.45514,-1
14340,20.869622,70.486591,-1
14341,20.879651,70.493932,-1
14342,17.703261,74.037497,-1
14343,17.683428,74.017077,-1
14344,17.675335,74.018368,-1
14345,26.872604,75.245901,-1
14346,26.86916,75.225304,-1
14347,26.879579,75.24024,-1
14348,13.662264,79.477337,-1
14349,13.632673,79.497735,-1
14350,13.625039,79.497381,-1
14351,26.835466,76.059379,-1
14352,26.844095,76.012734,-1
14353,26.831703,76.038303,-1
14354,19.349618,73.044205,-1
14355,19.335045,73.079024,-1
14356,19.289977,73.031767,-1
14357,11.103856,77.400118,-1
14358,11.130145,77.390333,-1
14359,11.09729,77.389527,-1
14360,26.56307,84.677736,-1
14361,26.553064,84.701342,-1
14362,26.519394,84.657309,-1
14363,19.208949,73.845634,-1
14364,19.201016,73.872602,-1
14365,19.199771,73.884585,-1
14366,26.366043,85.123266,-1
14367,26.328425,85.096413,-1
14368,26.387422,85.069066,-1
14369,8.770107,76.694553,-1
14370,8.767704,76.688198,-1
14371,8.76894,76.68671,-1
14372,26.474067,92.006346,-1
14373,26.443838,92.035314,-1
14374,26.403298,92.031377,-1
14375,11.451077,75.787505,-1
14376,11.496361,75.752093,-1
14377,11.513484,75.771898,-1
14378,12.666972,76.518797,-1
14379,12.71817,76.492947,-1
14380,12.679668,76.498787,-1
14381,29.813547,76.936447,-1
14382,29.799087,76.926323,-1
14383,29.826681,76.877612,-1
14384,10.891896,78.714765,-1
14385,10.918973,78.700283,-1
14386,10.900057,78.725984,-1
14387,11.144675,76.961231,-1
14388,11.122909,76.967784,-1
14389,11.151763,76.970372,-1
14390,11.222752,75.851315,-1
14391,11.250286,75.887967,-1
14392,11.299346,75.86965,-1
14393,22.579086,73.490931,-1
14394,22.602112,73.489808,-1
14395,22.594684,73.469013,-1
14396,22.192209,88.428036,-1
14397,22.181561,88.431731,-1
14398,22.156831,88.394908,-1
14399,26.291245,77.615845,-1
14400,26.298717,77.606026,-1
14401,26.295197,77.604808,-1
14402,18.2887,83.574377,-1
14403,18.295032,83.587235,-1
14404,18.326815,83.561612,-1
14405,11.573263,75.635458,-1
14406,11.579277,75.612272,-1
14407,11.535931,75.610444,-1
14408,21.909477,70.045978,-1
14409,21.945692,70.047291,-1
14410,21.909657,70.021093,-1
14411,25.819459,93.792157,-1
14412,25.813964,93.798438,-1
14413,25.815646,93.776828,-1
14414,9.066256,76.605183,-1
14415,9.082374,76.562736,-1
14416,9.070632,76.577903,-1
14417,24.287512,87.814533,-1
14418,24.314022,87.813167,-1
14419,24.283903,87.816566,-1
14420,21.262075,81.38248,-1
14421,21.264397,81.372554,-1
14422,21.256674,81.357929,-1
14423,10.814719,76.034188,-1
14424,10.813527,76.008015,-1
14425,10.827511,76.014141,-1
14426,9.598571,76.374571,-1
14427,9.637528,76.367561,-1
14428,9.605761,76.385255,-1
14429,10.94962,75.95234,-1
14430,10.958315,75.952058,-1
14431,10.91908,75.936101,-1
14432,9.914921,76.401616,-1
14433,9.918794,76.39059,-1
14434,9.904255,76.391318,-1
14435,14.563868,74.338982,-1
14436,14.540886,74.323545,-1
14437,14.558717,74.292182,-1
14438,29.129261,75.706149,-1
14439,29.140719,75.70038,-1
14440,29.114242,75.672203,-1
14441,18.59456,74.078415,-1
14442,18.65238,74.068028,-1
14443,18.686802,74.029346,-1
14444,23.032956,70.249461,-1
14445,23.01907,70.217186,-1
14446,23.034153,70.220291,-1
14447,11.766733,75.515053,-1
14448,11.778701,75.51547,-1
14449,11.751214,75.534474,-1
14450,13.206887,74.973973,-1
14451,13.21522,75.007461,-1
14452,13.212612,74.996826,-1
14453,20.27925,77.775968,-1
14454,20.327466,77.756443,-1
14455,20.30674,77.755121,-1
14456,22.303415,74.027007,-1
14457,22.335707,74.025784,-1
14458,22.307656,73.997864,-1
14459,16.028686,80.947729,-1
14460,16.025629,80.929473,-1
14461,16.015551,80.913825,-1
14462,30.462458,78.091871,-1
14463,30.45953,78.066203,-1
14464,30.456105,78.065095,-1
14465,10.854301,76.032231,-1
14466,10.825934,76.018803,-1
14467,10.842862,76.018633,-1
14468,21.788906,87.217462,-1
14469,21.832979,87.221269,-1
14470,21.824438,87.212747,-1
14471,26.264823,81.548607,-1
14472,26.28986,81.527558,-1
14473,26.259106,81.57913,-1
14474,18.595986,76.049463,-1
14475,18.579819,76.038203,-1
14476,18.558602,76.048348,-1
14477,28.038445,80.127082,-1
14478,28.07357,80.097688,-1
14479,28.085884,80.100771,-1
14480,11.035167,77.123093,-1
14481,11.021495,77.059063,-1
14482,11.035251,77.015813,-1
14483,17.056222,76.769989,-1
14484,17.003815,76.803886,-1
14485,17.008491,76.803559,-1
14486,11.862546,77.932218,-1
14487,11.884634,77.915992,-1
14488,11.79308,77.977978,-1
14489,25.079399,85.443481,-1
14490,25.062381,85.422467,-1
14491,25.080658,85.411633,-1
14492,24.865448,80.007401,-1
14493,24.865895,79.929135,-1
14494,24.867481,79.920121,-1
14495,27.579617,94.759632,-1
14496,27.583025,94.700372,-1
14497,27.61085,94.720411,-1
14498,22.749578,73.150583,-1
14499,22.729352,73.178714,-1
14500,22.7115,73.1253,-1
14501,16.842808,74.313794,-1
14502,16.83495,74.304086,-1
14503,16.818684,74.341042,-1
14504,23.375443,79.031243,-1
14505,23.382148,79.030972,-1
14506,23.411282,78.99685,-1
14507,31.18875,75.599276,-1
14508,31.173551,75.616619,-1
14509,31.186988,75.644733,-1
14510,10.382512,77.999831,-1
14511,10.392631,77.974871,-1
14512,10.345458,78.006957,-1
14513,8.98412,76.619639,-1
14514,8.956426,76.6337,-1
14515,8.981146,76.656417,-1
14516,28.023359,95.294538,-1
14517,28.085459,95.346732,-1
14518,28.0895,95.33124,-1
14519,22.744832,72.695817,-1
14520,22.747944,72.677516,-1
14521,22.737062,72.669454,-1
14522,27.46157,77.088865,-1
14523,27.418361,77.115262,-1
14524,27.394208,77.105442,-1
14525,9.397259,77.807912,-1
14526,9.424735,77.812979,-1
14527,9.411925,77.820644,-1
14528,15.327118,76.505263,-1
14529,15.290347,76.464384,-1
14530,15.307321,76.498363,-1
14531,16.488201,80.704234,-1
14532,16.477492,80.677604,-1
14533,16.49305,80.696482,-1
14534,11.502382,79.769134,-1
14535,11.491374,79.751686,-1
14536,11.464265,79.763036,-1
14537,11.065385,77.287604,-1
14538,11.062839,77.28294,-1
14539,11.100373,77.320423,-1
14540,9.997314,76.299291,-1
14541,10.018315,76.386778,-1
14542,9.989131,76.331263,-1
14543,29.301496,75.474334,-1
14544,29.31521,75.476726,-1
14545,29.260656,75.42813,-1
14546,18.121558,75.016038,-1
14547,18.095299,75.011284,-1
14548,18.071266,75.001128,-1
14549,10.434635,76.112244,-1
14550,10.458479,76.117014,-1
14551,10.444221,76.093666,-1
14552,27.136932,81.699638,-1
14553,27.131699,81.70914,-1
14554,27.105497,81.713523,-1
14555,27.001963,83.133105,-1
14556,26.962236,83.117041,-1
14557,26.971803,83.130076,-1
14558,25.550884,84.776929,-1
14559,25.599043,84.798627,-1
14560,25.554451,84.800708,-1
14561,12.056142,78.504435,-1
14562,12.064519,78.487039,-1
14563,12.051366,78.493956,-1
14564,12.309492,76.856865,-1
14565,12.339372,76.905294,-1
14566,12.3119,76.879103,-1
14567,20.046727,79.655757,-1
14568,20.071314,79.703796,-1
14569,20.072362,79.673525,-1
14570,10.166464,76.724388,-1
14571,10.121576,76.754697,-1
14572,10.138053,76.755453,-1
14573,8.949411,76.601614,-1
14574,8.987508,76.595153,-1
14575,8.967751,76.63277,-1
14576,30.815791,76.019239,-1
14577,30.796015,76.001146,-1
14578,30.780853,76.018852,-1
14579,10.727429,79.527816,-1
14580,10.720549,79.519647,-1
14581,10.717374,79.486689,-1
14582,22.605827,76.923515,-1
14583,22.586796,76.913315,-1
14584,22.64614,76.856824,-1
14585,12.264325,75.084278,-1
14586,12.250735,75.120018,-1
14587,12.230918,75.146384,-1
14588,8.356975,77.244697,-1
14589,8.368776,77.235883,-1
14590,8.436992,77.166191,-1
14591,8.711749,76.768577,-1
14592,8.686397,76.773903,-1
14593,8.655996,76.753342,-1
14594,22.792049,86.242924,-1
14595,22.75907,86.232162,-1
14596,22.772144,86.216495,-1
14597,20.329946,74.221194,-1
14598,20.351151,74.240704,-1
14599,20.319995,74.233553,-1
14600,31.498797,76.897903,-1
14601,31.543306,76.911393,-1
14602,31.548433,76.897555,-1
14603,9.074129,76.513148,-1
14604,9.113427,76.564231,-1
14605,9.127909,76.540915,-1
14606,25.063131,86.87381,-1
14607,25.041792,86.93643,-1
14608,25.039864,86.911397,-1
14609,21.634668,73.018973,-1
14610,21.653512,73.005392,-1
14611,21.665908,72.997128,-1
14612,15.318352,78.252834,-1
14613,15.307671,78.25704,-1
14614,15.289131,78.263228,-1
14615,28.349273,78.257865,-1
14616,28.374519,78.247706,-1
14617,28.328896,78.269206,-1
14618,29.612097,77.430573,-1
14619,29.610012,77.419886,-1
14620,29.613022,77.446077,-1
14621,17.695289,77.165737,-1
14622,17.708012,77.222175,-1
14623,17.690357,77.234338,-1
14624,21.850571,71.319393,-1
14625,21.862341,71.285763,-1
14626,21.800717,71.311402,-1
14627,27.515126,79.46189,-1
14628,27.476295,79.445911,-1
14629,27.537989,79.432649,-1
14630,28.841926,77.921291,-1
14631,28.871498,77.942788,-1
14632,28.89774,77.925405,-1
14633,10.239502,76.285835,-1
14634,10.265797,76.339372,-1
14635,10.278175,76.321958,-1
14636,25.682025,82.423832,-1
14637,25.691782,82.421897,-1
14638,25.701535,82.441883,-1
14639,30.691926,75.094645,-1
14640,30.660247,75.104213,-1
14641,30.671192,75.10114,-1
14642,25.711473,78.769437,-1
14643,25.740572,78.743486,-1
14644,25.795426,78.733945,-1
14645,11.925938,75.325799,-1
14646,11.920136,75.369742,-1
14647,11.906535,75.314451,-1
14648,12.57196,79.742738,-1
14649,12.602315,79.757145,-1
14650,12.640716,79.741985,-1
14651,31.81691,75.657224,-1
14652,31.81096,75.648288,-1
14653,31.815229,75.669632,-1
14654,25.589699,79.141186,-1
14655,25.563732,79.194306,-1
14656,25.629088,79.204081,-1
14657,30.484179,77.597859,-1
14658,30.436739,77.625373,-1
14659,30.421679,77.627133,-1
14660,21.385442,79.917938,-1
14661,21.375876,79.940616,-1
14662,21.376193,79.914899,-1
14663,18.895515,73.890734,-1
14664,18.858902,73.876899,-1
14665,18.881762,73.874449,-1
14666,11.781864,77.822265,-1
14667,11.816392,77.83954,-1
14668,11.804903,77.833908,-1
14669,28.692643,77.036956,-1
14670,28.692215,77.046587,-1
14671,28.680158,77.052934,-1
14672,26.042796,89.960052,-1
14673,26.091891,89.924655,-1
14674,26.090264,89.933286,-1
14675,29.49464,74.864445,-1
14676,29.494079,74.842911,-1
14677,29.526282,74.841991,-1
14678,13.0444,80.12831,-1
14679,13.008248,80.152384,-1
14680,13.031514,80.177512,-1
14681,11.356971,75.94948,-1
14682,11.337603,75.988343,-1
14683,11.31743,75.977502,-1
14684,22.480109,92.980659,-1
14685,22.491246,92.974441,-1
14686,22.480894,93.005721,-1
14687,11.648241,78.855548,-1
14688,11.608942,78.867348,-1
14689,11.680133,78.903353,-1
14690,9.699536,76.382195,-1
14691,9.696792,76.313889,-1
14692,9.740816,76.349263,-1
14693,25.013559,83.01654,-1
14694,24.982933,83.047363,-1
14695,25.035343,83.042198,-1
14696,17.460908,81.829241,-1
14697,17.420903,81.743794,-1
14698,17.421157,81.802469,-1
14699,25.343415,76.490274,-1
14700,25.332197,76.512744,-1
14701,25.301828,76.523367,-1
14702,12.423537,76.652867,-1
14703,12.413587,76.67791,-1
14704,12.413137,76.67025,-1
14705,26.222963,85.293947,-1
14706,26.212532,85.312039,-1
14707,26.205155,85.283279,-1
14708,28.879886,76.901472,-1
14709,28.872545,76.898379,-1
14710,28.885612,76.898678,-1
14711,15.390326,79.501935,-1
14712,15.394711,79.498097,-1
14713,15.383921,79.519295,-1
14714,9.300058,76.604447,-1
14715,9.336551,76.609492,-1
14716,9.327498,76.61419,-1
14717,22.716686,78.188777,-1
14718,22.678808,78.218178,-1
14719,22.672602,78.205875,-1
14720,25.245433,83.237289,-1
14721,25.2736,83.250115,-1
14722,25.271736,83.278453,-1
14723,11.145613,78.026444,-1
14724,11.103667,77.977764,-1
14725,11.093315,78.044948,-1
14726,11.196109,77.954262,-1
14727,11.198223,77.955334,-1
14728,11.166046,77.985837,-1
14729,25.503169,84.968155,-1
14730,25.507068,84.960683,-1
14731,25.482375,84.942579,-1
14732,27.239177,79.933226,-1
14733,27.269469,79.960244,-1
14734,27.271615,79.962488,-1
14735,16.609987,74.66317,-1
14736,16.615736,74.708763,-1
14737,16.643687,74.71432,-1
14738,33.463874,76.883353,-1
14739,33.476321,76.892006,-1
14740,33.446076,76.891185,-1
14741,10.318107,77.134911,-1
14742,10.29459,77.181324,-1
14743,10.282254,77.12784,-1
14744,24.236328,92.675787,-1
14745,24.212887,92.689527,-1
14746,24.225768,92.68394,-1
14747,24.593637,72.715654,-1
14748,24.603561,72.722272,-1
14749,24.615966,72.723959,-1
14750,29.898687,74.140167,-1
14751,29.913375,74.181761,-1
14752,29.953126,74.174708,-1
14753,27.060603,74.666933,-1
14754,27.008086,74.67998,-1
14755,27.022097,74.711411,-1
14756,10.774286,76.715617,-1
14757,10.792943,76.671135,-1
14758,10.796533,76.673526,-1
14759,17.858703,78.687002,-1
14760,17.830819,78.688214,-1
14761,17.86063,78.668331,-1
14762,11.543007,76.445137,-1
14763,11.546358,76.460772,-1
14764,11.54785,76.426851,-1
14765,25.705131,81.473094,-1
14766,25.695457,81.549048,-1
14767,25.709451,81.519409,-1
14768,12.918788,75.805075,-1
14769,12.948908,75.785781,-1
14770,12.906288,75.810854,-1
14771,11.25953,77.576073,-1
14772,11.280869,77.592108,-1
14773,11.296527,77.58436,-1
14774,15.231557,75.899274,-1
14775,15.214224,75.898447,-1
14776,15.210606,75.874608,-1
14777,30.901675,76.182101,-1
14778,30.967003,76.238641,-1
14779,30.927919,76.175933,-1
14780,22.452549,80.114668,-1
14781,22.490145,80.115811,-1
14782,22.440534,80.110211,-1
14783,23.334194,76.035769,-1
14784,23.336167,76.03767,-1
14785,23.310545,76.055004,-1
14786,24.767558,93.991207,-1
14787,24.715391,93.961376,-1
14788,24.690279,93.978137,-1
14789,29.055016,78.60272,-1
14790,29.04508,78.630732,-1
14791,29.057099,78.653781,-1
14792,25.422275,79.746149,-1
14793,25.388102,79.802182,-1
14794,25.404646,79.689879,-1
14795,15.760735,76.198205,-1
14796,15.762261,76.161951,-1
14797,15.748323,76.215388,-1
14798,23.624738,84.986238,-1
14799,23.694246,85.020476,-1
14800,23.661076,85.037903,-1
14801,10.998683,77.044477,-1
14802,11.003714,77.021957,-1
14803,10.976444,77.045927,-1
14804,12.941236,79.948986,-1
14805,12.979728,79.947838,-1
14806,12.969816,79.969869,-1
14807,10.847381,76.128829,-1
14808,10.883852,76.133803,-1
14809,10.832946,76.118447,-1
14810,27.028556,76.959755,-1
14811,27.050172,76.942966,-1
14812,26.996581,76.910134,-1
14813,18.842743,77.217067,-1
14814,18.857465,77.156017,-1
14815,18.886269,77.170592,-1
14816,13.604766,79.40326,-1
14817,13.607816,79.411057,-1
14818,13.617368,79.403393,-1
14819,25.306368,73.251459,-1
14820,25.27751,73.222861,-1
14821,25.244407,73.255208,-1
14822,19.717283,73.646106,-1
14823,19.694628,73.627694,-1
14824,19.681939,73.622297,-1
14825,26.782997,80.356681,-1
14826,26.742351,80.324625,-1
14827,26.729288,80.337036,-1
14828,11.347255,77.731103,-1
14829,11.405635,77.70609,-1
14830,11.387732,77.696665,-1
14831,10.894651,76.010497,-1
14832,10.862654,75.971253,-1
14833,10.858239,76.009743,-1
14834,21.573977,73.008152,-1
14835,21.59487,73.016131,-1
14836,21.634519,73.043731,-1
14837,19.686278,77.277406,-1
14838,19.701724,77.323438,-1
14839,19.686278,77.2996,-1
14840,25.416521,80.006908,-1
14841,25.402657,79.988885,-1
14842,25.41575,79.989525,-1
14843,9.616668,78.631606,-1
14844,9.65113,78.646776,-1
14845,9.606759,78.605171,-1
14846,31.908534,75.881478,-1
14847,31.935669,75.865324,-1
14848,31.961113,75.92122,-1
14849,27.758615,76.937439,-1
14850,27.768798,76.94144,-1
14851,27.833445,76.960424,-1
14852,27.925517,76.889007,-1
14853,27.940081,76.849913,-1
14854,27.928387,76.843726,-1
14855,27.878385,77.207925,-1
14856,27.875471,77.189078,-1
14857,27.866673,77.218932,-1
14858,11.419671,77.718802,-1
14859,11.411233,77.672052,-1
14860,11.425846,77.697074,-1
14861,17.703486,74.184824,-1
14862,17.72198,74.160503,-1
14863,17.705363,74.146968,-1
14864,31.024046,75.767727,-1
14865,31.046251,75.785218,-1
14866,30.979482,75.823052,-1
14867,13.448199,79.10354,-1
14868,13.437811,79.10568,-1
14869,13.465994,79.131739,-1
14870,19.46227,84.758283,-1
14871,19.488916,84.717207,-1
14872,19.447239,84.696789,-1
14873,22.180754,78.457103,-1
14874,22.167888,78.468945,-1
14875,22.176609,78.503412,-1
14876,8.289354,77.162551,-1
14877,8.248757,77.115836,-1
14878,8.229265,77.109972,-1
14879,17.774435,78.072752,-1
14880,17.809383,78.077984,-1
14881,17.824222,78.102825,-1
14882,24.150118,75.615349,-1
14883,24.185261,75.632099,-1
14884,24.19374,75.62746,-1
14885,22.302459,82.131296,-1
14886,22.259259,82.181994,-1
14887,22.297518,82.1856,-1
14888,24.473461,85.590478,-1
14889,24.477436,85.576297,-1
14890,24.473813,85.590307,-1
14891,25.33479,75.934497,-1
14892,25.273576,75.961077,-1
14893,25.294638,75.923343,-1
14894,15.552719,75.326692,-1
14895,15.577046,75.335374,-1
14896,15.520981,75.36332,-1
14897,21.710972,72.99317,-1
14898,21.719461,72.98767,-1
14899,21.741076,72.980323,-1
14900,25.491276,90.611568,-1
14901,25.496587,90.645437,-1
14902,25.468451,90.63348,-1
14903,33.822445,75.111784,-1
14904,33.802839,75.095176,-1
14905,33.827637,75.09744,-1
14906,13.967133,77.795691,-1
14907,13.987336,77.763235,-1
14908,13.999195,77.781832,-1
14909,28.024626,79.403701,-1
14910,28.033964,79.416537,-1
14911,28.026606,79.39365,-1
14912,9.807384,78.225385,-1
14913,9.802814,78.246534,-1
14914,9.852107,78.214887,-1
14915,24.034675,81.386394,-1
14916,24.017264,81.37806,-1
14917,24.031501,81.368535,-1
14918,11.225878,75.825728,-1
14919,11.260296,75.837977,-1
14920,11.235308,75.872577,-1
14921,27.904096,78.403773,-1
14922,27.909722,78.39942,-1
14923,27.931013,78.384367,-1
14924,21.12028,79.157738,-1
14925,21.071172,79.12002,-1
14926,21.071923,79.125101,-1
14927,24.812356,73.036131,-1
14928,24.796883,73.029277,-1
14929,24.828444,73.070527,-1
14930,17.457355,78.11013,-1
14931,17.482025,78.138407,-1
14932,17.432058,78.142917,-1
14933,29.103893,78.604865,-1
14934,29.145381,78.584878,-1
14935,29.128803,78.620638,-1
14936,29.398234,77.003823,-1
14937,29.396093,77.02663,-1
14938,29.404691,77.020489,-1
14939,27.827519,79.779277,-1
14940,27.834019,79.760338,-1
14941,27.816037,79.812022,-1
14942,20.238479,75.745667,-1
14943,20.261951,75.780592,-1
14944,20.27047,75.770673,-1
14945,22.158706,75.597923,-1
14946,22.139122,75.602244,-1
14947,22.160244,75.615466,-1
14948,10.550816,79.607494,-1
14949,10.531422,79.633478,-1
14950,10.544508,79.648392,-1
14951,12.993392,80.177683,-1
14952,12.986527,80.158791,0
14953,12.949453,80.15814,-1
14954,13.445164,76.588572,-1
14955,13.443322,76.617416,-1
14956,13.42669,76.600365,-1
14957,26.078417,84.546239,-1
14958,26.135274,84.527581,-1
14959,26.145544,84.480695,-1
14960,9.04088,76.530011,-1
14961,9.017931,76.528946,-1
14962,9.08064,76.550551,-1
14963,25.108902,75.948434,-1
14964,25.150608,75.968215,-1
14965,25.109598,75.96225,-1
14966,12.53778,77.782926,-1
14967,12.519728,77.801618,-1
14968,12.508637,77.765332,-1
14969,11.741592,75.655075,-1
14970,11.698875,75.624057,-1
14971,11.706955,75.616465,-1
14972,24.578443,93.898875,-1
14973,24.61636,93.890282,-1
14974,24.62386,93.871906,-1
14975,15.339072,74.769258,-1
14976,15.346827,74.729907,-1
14977,15.311966,74.803281,-1
14978,11.064118,77.024814,-1
14979,11.066316,76.985463,-1
14980,11.092405,77.010097,-1
14981,23.850407,78.804219,-1
14982,23.871493,78.786595,-1
14983,23.87117,78.788146,-1
14984,28.937819,79.725015,-1
14985,28.948539,79.727253,-1
14986,28.903187,79.712873,-1
14987,20.314532,74.663432,-1
14988,20.300474,74.642084,-1
14989,20.293547,74.630552,-1
14990,23.733221,86.744911,-1
14991,23.734346,86.784009,-1
14992,23.746766,86.766307,-1
14993,20.5518,73.199783,-1
14994,20.512777,73.135502,-1
14995,20.538019,73.177921,-1
14996,26.054612,84.063397,-1
14997,26.05732,84.027483,-1
14998,26.03617,84.033898,-1
14999,26.039344,83.349988,-1
15000,26.06278,83.374932,-1
15001,26.020895,83.408176,-1
15002,16.080377,78.837199,-1
15003,16.043675,78.845851,-1
15004,16.085378,78.848411,-1
15005,24.170201,85.924341,-1
15006,24.197069,85.915992,-1
15007,24.185433,85.874067,-1
15008,18.934205,77.099559,-1
15009,18.889701,77.138968,-1
15010,18.967569,77.160407,-1
15011,17.635646,74.812983,-1
15012,17.619363,74.779783,-1
15013,17.662605,74.782514,-1
15014,23.742352,75.539176,-1
15015,23.746847,75.578492,-1
15016,23.759861,75.547383,-1
15017,17.021717,82.221307,-1
15018,17.012497,82.259028,-1
15019,16.994575,82.183043,-1
15020,10.12314,76.288758,-1
15021,10.126543,76.350935,-1
15022,10.136158,76.384447,-1
15023,29.14765,78.021768,-1
15024,29.158878,78.006554,-1
15025,29.182936,77.997706,-1
15026,10.892338,77.055391,-1
15027,10.892692,77.072464,-1
15028,10.910772,77.034943,-1
15029,12.800976,74.833682,-1
15030,12.834106,74.87246,-1
15031,12.780903,74.880486,-1
15032,8.356879,77.251028,-1
15033,8.359074,77.188218,-1
15034,8.365865,77.21741,-1
15035,10.810018,78.722774,-1
15036,10.813014,78.77063,-1
15037,10.850825,78.729295,-1
15038,30.80663,76.480103,-1
15039,30.76366,76.525865,-1
15040,30.804395,76.517821,-1
15041,20.708818,70.961228,-1
15042,20.683119,70.987182,-1
15043,20.70995,70.992732,-1
15044,24.599101,84.10895,-1
15045,24.615006,84.11713,-1
15046,24.587484,84.118367,-1
15047,32.157448,75.485117,-1
15048,32.152152,75.480139,-1
15049,32.094277,75.439737,-1
15050,12.944599,92.897559,-1
15051,12.910203,92.934779,-1
15052,12.921136,92.886569,-1
15053,13.046891,80.126766,-1
15054,12.994194,80.127863,-1
15055,13.030894,80.155333,-1
15056,29.148219,79.094322,-1
15057,29.132722,79.09898,-1
15058,29.181153,79.083066,-1
15059,11.296225,77.561665,-1
15060,11.29785,77.610014,-1
15061,11.31679,77.577527,-1
15062,25.654918,85.869587,-1
15063,25.661805,85.840181,-1
15064,25.673562,85.832401,-1
15065,23.85646,78.778053,-1
15066,23.842021,78.790341,-1
15067,23.87522,78.797117,-1
15068,15.900531,73.794989,-1
15069,15.893731,73.832254,-1
15070,15.901907,73.822329,-1
15071,30.199439,75.682024,-1
15072,30.185661,75.678625,-1
15073,30.207201,75.684923,-1
15074,10.998064,76.876094,-1
15075,11.004214,76.88437,-1
15076,10.997066,76.944799,-1
15077,25.021523,84.287154,-1
15078,25.06555,84.321317,-1
15079,25.041845,84.332048,-1
15080,13.162012,80.189321,-1
15081,13.193697,80.20593,-1
15082,13.193801,80.186938,-1
15083,25.809433,84.350899,-1
15084,25.852597,84.347816,-1
15085,25.852696,84.357188,-1
15086,28.448626,79.300447,-1
15087,28.454004,79.260309,-1
15088,28.461718,79.305236,-1
15089,16.554197,74.521007,-1
15090,16.593239,74.53617,-1
15091,16.594282,74.507682,-1
15092,22.710188,86.239324,-1
15093,22.743279,86.240409,-1
15094,22.763147,86.229286,-1
15095,22.684362,77.276266,-1
15096,22.67091,77.244707,-1
15097,22.66118,77.308836,-1
15098,10.03054,76.227879,-1
15099,10.067861,76.242686,-1
15100,10.038736,76.201735,-1
15101,10.88408,78.831731,-1
15102,10.931537,78.824623,-1
15103,10.86995,78.827681,-1
15104,11.688882,79.284293,-1
15105,11.668655,79.285951,-1
15106,11.645174,79.250153,-1
15107,25.935686,81.708912,-1
15108,25.954246,81.697964,-1
15109,25.938028,81.698676,-1
15110,28.554579,77.130953,-1
15111,28.534388,77.097462,-1
15112,28.53595,77.12595,-1
15113,25.366515,78.838186,-1
15114,25.308099,78.804074,-1
15115,25.360976,78.80087,-1
15116,9.931508,76.285494,-1
15117,9.944472,76.266775,-1
15118,9.939142,76.241745,-1
15119,11.800595,75.459266,-1
15120,11.810186,75.436291,-1
15121,11.76185,75.417087,-1
15122,10.095509,76.363144,-1
15123,10.095348,76.367549,-1
15124,10.082863,76.38238,-1
15125,8.315097,77.861008,-1
15126,8.337443,77.85997,-1
15127,8.357055,77.854301,-1
15128,9.646491,76.384133,-1
15129,9.666539,76.354241,-1
15130,9.679936,76.338511,-1
15131,9.816195,76.354738,-1
15132,9.776697,76.339013,-1
15133,9.846296,76.371802,-1
15134,20.76165,78.565089,-1
15135,20.783887,78.567898,-1
15136,20.757608,78.57048,-1
15137,10.236055,78.209378,-1
15138,10.229881,78.223272,-1
15139,10.266184,78.232155,-1
15140,8.308014,77.230349,-1
15141,8.287124,77.247833,-1
15142,8.287107,77.246236,-1
15143,16.633212,81.732389,-1
15144,16.607263,81.749901,-1
15145,16.65449,81.739226,-1
15146,20.732861,81.198608,-1
15147,20.741509,81.218366,-1
15148,20.719558,81.222679,-1
15149,26.654952,94.329425,-1
15150,26.665472,94.295574,-1
15151,26.625038,94.344188,-1
15152,31.864983,75.370557,-1
15153,31.852359,75.385367,-1
15154,31.82967,75.375599,-1
15155,8.280898,77.158041,-1
15156,8.297923,77.201957,-1
15157,8.254652,77.178781,-1
15158,23.426496,72.859776,-1
15159,23.447552,72.845354,-1
15160,23.423776,72.817941,-1
15161,33.651202,75.015981,-1
15162,33.649878,75.023003,-1
15163,33.604007,75.0224,-1
15164,18.820069,79.785124,-1
15165,18.845361,79.803064,-1
15166,18.880837,79.811222,-1
15167,17.048753,81.77932,-1
15168,17.060977,81.777728,-1
15169,17.012474,81.743198,-1
15170,26.221171,84.149447,-1
15171,26.182594,84.165606,-1
15172,26.194523,84.182192,-1
15173,26.003016,75.48312,-1
15174,26.021047,75.515574,-1
15175,26.020078,75.515258,-1
15176,26.940514,71.906835,-1
15177,26.913674,71.864915,-1
15178,26.938437,71.876351,-1
15179,27.329363,77.366993,-1
15180,27.308118,77.349342,-1
15181,27.29583,77.380424,-1
15182,8.527841,76.92835,-1
15183,8.557818,76.865484,-1
15184,8.544528,76.916915,-1
15185,22.546868,88.150451,-1
15186,22.575835,88.141406,-1
15187,22.547337,88.154835,-1
15188,19.168895,77.511713,-1
15189,19.168564,77.477291,-1
15190,19.142458,77.496234,-1
15191,23.33329,82.510943,-1
15192,23.315949,82.51804,-1
15193,23.32516,82.533657,-1
15194,26.578205,79.778211,-1
15195,26.551778,79.742667,-1
15196,26.53756,79.722293,-1
15197,23.283371,72.666481,-1
15198,23.265601,72.669817,-1
15199,23.228469,72.695183,-1
15200,13.344367,74.685702,-1
15201,13.330273,74.722986,-1
15202,13.339364,74.700563,-1
15203,13.603177,75.958579,-1
15204,13.609079,75.997463,-1
15205,13.623126,75.965075,-1
15206,25.442725,74.538388,-1
15207,25.424997,74.596144,-1
15208,25.446648,74.549956,-1
15209,28.747678,79.287298,-1
15210,28.732167,79.312554,-1
15211,28.714867,79.315336,-1
15212,26.992149,73.955963,-1
15213,27.000978,73.962082,-1
15214,26.980971,73.953596,-1
15215,9.161065,76.482603,-1
15216,9.172834,76.526661,-1
15217,9.194541,76.48905,-1
15218,12.810414,79.705482,-1
15219,12.793103,79.69335,-1
15220,12.806675,79.709094,-1
15221,20.816312,79.611612,-1
15222,20.765924,79.608863,-1
15223,20.819972,79.654373,-1
15224,28.379858,76.925432,-1
15225,28.379228,76.922983,-1
15226,28.395386,76.901514,-1
15227,26.235791,87.025177,-1
15228,26.211001,87.013339,-1
15229,26.238137,86.995777,-1
15230,11.701689,75.577156,-1
15231,11.709005,75.634529,-1
15232,11.719067,75.635419,-1
15233,31.698103,75.658792,-1
15234,31.665985,75.630525,-1
15235,31.686401,75.608699,-1
15236,20.014113,76.528111,-1
15237,19.963573,76.538167,-1
15238,20.006517,76.503779,-1
15239,11.03732,78.018604,-1
15240,11.073461,78.038709,-1
15241,11.040502,78.049115,-1
15242,21.403532,79.287436,-1
15243,21.381669,79.290084,-1
15244,21.376708,79.351685,-1
15245,22.066519,88.096619,-1
15246,22.121082,88.128304,-1
15247,22.11196,88.082505,-1
15248,12.930698,80.27272,-1
15249,12.893711,80.23495,-1
15250,12.912501,80.270041,-1
15251,28.065211,75.129153,-1
15252,28.034031,75.155835,-1
15253,28.023403,75.180077,-1
15254,25.038461,79.739834,-1
15255,25.044486,79.725672,-1
15256,25.021693,79.715343,-1
15257,20.576803,75.607484,-1
15258,20.59622,75.629475,-1
15259,20.603047,75.619257,-1
15260,28.802055,76.416535,-1
15261,28.829627,76.38027,-1
15262,28.867421,76.401832,-1
15263,25.232684,80.925584,-1
15264,25.185069,80.944859,-1
15265,25.200546,80.949237,-1
15266,15.682294,75.744476,-1
15267,15.728734,75.71866,-1
15268,15.73071,75.757804,-1
15269,13.098989,79.983588,-1
15270,13.113505,79.946605,-1
15271,13.082931,79.95426,-1
15272,9.996117,78.144728,-1
15273,9.932991,78.171325,-1
15274,9.957757,78.133617,-1
15275,27.213538,79.291229,-1
15276,27.211856,79.301998,-1
15277,27.217294,79.293793,-1
15278,10.101255,76.419131,-1
15279,10.123002,76.439933,-1
15280,10.109793,76.475224,-1
15281,22.611917,73.123179,-1
15282,22.662572,73.103175,-1
15283,22.615705,73.112896,-1
15284,30.286145,75.351447,-1
15285,30.314356,75.348923,-1
15286,30.271081,75.324833,-1
15287,9.720979,76.399091,-1
15288,9.772159,76.416383,-1
15289,9.750307,76.403415,-1
15290,11.358788,76.733389,-1
15291,11.354801,76.750123,-1
15292,11.335646,76.757474,-1
15293,28.265437,75.073473,-1
15294,28.264625,75.092454,-1
15295,28.210855,75.098438,-1
15296,8.17366,77.260185,-1
15297,8.195269,77.24118,-1
15298,8.1625,77.245477,-1
15299,26.342855,84.94847,-1
15300,26.282902,84.918786,-1
15301,26.277237,84.943209,-1
15302,18.389404,75.211389,-1
15303,18.425713,75.199474,-1
15304,18.383264,75.156422,-1
15305,11.06823,79.843694,-1
15306,11.016433,79.840359,-1
15307,11.040424,79.853442,-1
15308,12.324955,76.611654,-1
15309,12.355516,76.578339,-1
15310,12.330468,76.599877,-1
15311,9.938711,76.397082,-1
15312,9.930736,76.382919,-1
15313,9.947372,76.371254,-1
15314,10.782282,78.75222,-1
15315,10.779178,78.744387,-1
15316,10.804802,78.784061,-1
15317,16.657109,74.88771,-1
15318,16.623005,74.830588,-1
15319,16.620445,74.825123,-1
15320,26.146506,78.776622,-1
15321,26.193348,78.781027,-1
15322,26.180318,78.811511,-1
15323,18.107322,75.384824,-1
15324,18.113465,75.425339,-1
15325,18.075548,75.407836,-1
15326,12.677154,77.803857,-1
15327,12.703471,77.779135,-1
15328,12.687422,77.784866,-1
15329,25.833388,83.023114,-1
15330,25.796682,82.999976,-1
15331,25.764795,83.013616,-1
15332,19.683601,84.819311,-1
15333,19.684451,84.809702,-1
15334,19.709576,84.795118,-1
15335,8.582665,76.900127,-1
15336,8.605398,76.881095,-1
15337,8.621936,76.941684,-1
15338,29.896931,77.326004,-1
15339,29.898983,77.285949,-1
15340,29.922948,77.329544,-1
15341,11.584165,78.582941,-1
15342,11.591822,78.599199,-1
15343,11.574097,78.603218,-1
15344,28.118967,77.333725,-1
15345,28.133827,77.35055,-1
15346,28.151768,77.331868,-1
15347,12.89783,78.971487,-1
15348,12.894046,78.952755,-1
15349,12.892214,78.969467,-1
15350,19.362162,79.323611,-1
15351,19.371401,79.267046,-1
15352,19.375566,79.288813,-1
15353,19.791408,75.515024,-1
15354,19.744708,75.551979,-1
15355,19.761231,75.521712,-1
15356,25.868056,78.585415,-1
15357,25.924894,78.55556,-1
15358,25.906751,78.57251,-1
15359,9.379246,77.44739,-1
15360,9.344557,77.42613,-1
15361,9.343497,77.431677,-1
15362,11.784867,78.852946,-1
15363,11.797073,78.775118,-1
15364,11.76595,78.845345,-1
15365,11.885553,75.472588,-1
15366,11.916353,75.478464,-1
15367,11.898333,75.476789,-1
15368,12.133804,75.206926,-1
15369,12.132095,75.157772,-1
15370,12.098012,75.196964,-1
15371,16.223525,74.58373,-1
15372,16.209875,74.577214,-1
15373,16.213416,74.581388,-1
15374,26.874057,76.802753,-1
15375,26.926745,76.808137,-1
15376,26.918414,76.838541,-1
15377,33.573733,75.256578,-1
15378,33.570899,75.219998,-1
15379,33.577,75.256248,-1
15380,28.757257,77.066933,-1
15381,28.760481,77.041575,-1
15382,28.755332,77.108517,-1
15383,13.557846,79.42733,-1
15384,13.578387,79.481775,-1
15385,13.606815,79.434281,-1
15386,21.219866,79.224628,-1
15387,21.258171,79.238384,-1
15388,21.237058,79.244261,-1
15389,14.764836,78.587095,-1
15390,14.810215,78.560337,-1
15391,14.779699,78.539559,-1
15392,10.125662,77.732362,-1
15393,10.129781,77.736072,-1
15394,10.138937,77.758188,-1
15395,20.948784,86.447698,-1
15396,20.85907,86.475952,-1
15397,20.930415,86.467771,-1
15398,25.535355,83.178951,-1
15399,25.561539,83.238475,-1
15400,25.545392,83.232137,-1
15401,11.385697,79.128824,-1
15402,11.416832,79.120864,-1
15403,11.388207,79.089736,-1
15404,25.60112,82.103173,-1
15405,25.528424,82.057096,-1
15406,25.546502,82.081063,-1
15407,10.024162,76.438279,-1
15408,10.0151,76.419568,-1
15409,10.024478,76.430679,-1
15410,28.757493,77.228195,-1
15411,28.770168,77.201372,-1
15412,28.694309,77.230076,-1
15413,21.77592,85.988637,-1
15414,21.782147,85.98302,-1
15415,21.768007,85.920317,-1
15416,26.190779,73.037211,-1
15417,26.18505,73.042061,-1
15418,26.223007,73.03011,-1
15419,23.134348,86.219905,-1
15420,23.104793,86.216998,-1
15421,23.094202,86.239537,-1
15422,8.240444,77.498431,-1
15423,8.257881,77.516122,-1
15424,8.23849,77.522475,-1
15425,22.971572,77.580309,-1
15426,23.007152,77.575059,-1
15427,22.995884,77.58569,-1
15428,23.573989,85.658455,-1
15429,23.601044,85.665455,-1
15430,23.549341,85.655939,-1
15431,30.470284,77.129468,-1
15432,30.43302,77.137834,-1
15433,30.452871,77.151512,-1
15434,26.86601,75.196286,-1
15435,26.901055,75.191449,-1
15436,26.889402,75.153678,-1
15437,8.613112,76.826716,-1
15438,8.645662,76.803765,-1
15439,8.635923,76.811977,-1
15440,24.799453,74.112682,-1
15441,24.809766,74.095482,-1
15442,24.825097,74.096742,-1
15443,23.559441,86.708411,-1
15444,23.528378,86.682118,-1
15445,23.509233,86.671088,-1
15446,11.01627,75.862183,-1
15447,10.984298,75.868297,-1
15448,11.005651,75.850553,-1
15449,22.118074,75.651601,-1
15450,22.106181,75.610601,-1
15451,22.142931,75.607246,-1
15452,21.702853,71.353295,-1
15453,21.707295,71.410278,-1
15454,21.6895,71.388439,-1
15455,23.764122,86.135412,-1
15456,23.770533,86.161561,-1
15457,23.762335,86.181776,-1
15458,22.18663,76.881491,-1
15459,22.171457,76.873764,-1
15460,22.16763,76.851072,-1
15461,16.023217,76.459712,-1
15462,16.047074,76.440489,-1
15463,15.998886,76.429832,-1
15464,15.258391,74.109222,-1
15465,15.24885,74.10027,-1
15466,15.323008,74.105816,-1
15467,21.05791,70.214516,-1
15468,21.067288,70.237957,-1
15469,21.064495,70.21906,-1
15470,16.932609,80.369907,-1
15471,16.925191,80.363718,-1
15472,16.956623,80.376425,-1
15473,12.544857,78.190156,-1
15474,12.510746,78.204071,-1
15475,12.504653,78.186677,-1
15476,21.96977,82.432271,-1
15477,21.995876,82.418536,-1
15478,21.985224,82.382637,-1
15479,27.236209,78.20663,-1
15480,27.206798,78.200364,-1
15481,27.2512,78.227975,-1
15482,22.474359,82.553866,-1
15483,22.505314,82.53981,-1
15484,22.507168,82.578983,-1
15485,15.408913,73.996613,-1
15486,15.393913,74.052034,-1
15487,15.420766,74.010814,-1
15488,20.399765,78.114189,-1
15489,20.350064,78.091627,-1
15490,20.389358,78.123018,-1
15491,15.590542,79.095031,-1
15492,15.556031,79.11569,-1
15493,15.589166,79.093414,-1
15494,26.305117,89.213623,-1
15495,26.370287,89.219856,-1
15496,26.378749,89.17384,-1
15497,26.197936,73.955939,-1
15498,26.171497,73.916446,-1
15499,26.219339,73.927579,-1
15500,28.233397,76.953725,-1
15501,28.194639,76.923949,-1
15502,28.234024,76.9501,-1
15503,29.938099,75.786512,-1
15504,29.937844,75.831902,-1
15505,29.931357,75.807403,-1
15506,22.197995,78.587631,-1
15507,22.217974,78.637288,-1
15508,22.252021,78.593014,-1
15509,10.022271,77.947454,-1
15510,10.000948,77.94771,-1
15511,10.034173,77.945299,-1
15512,24.577926,80.566397,-1
15513,24.589736,80.601464,-1
15514,24.567824,80.581843,-1
15515,21.418235,80.979257,-1
15516,21.389109,80.977464,-1
15517,21.408905,81.000712,-1
15518,15.203769,76.631608,-1
15519,15.222148,76.687169,-1
15520,15.235937,76.671232,-1
15521,11.066375,75.84091,-1
15522,11.028884,75.866669,-1
15523,11.099004,75.868636,-1
15524,26.1999,79.821248,-1
15525,26.225264,79.836372,-1
15526,26.224653,79.863315,-1
15527,29.946069,74.959041,-1
15528,29.964221,74.996699,-1
15529,29.91367,74.969465,-1
15530,28.628461,78.682,-1
15531,28.68478,78.638238,-1
15532,28.665505,78.642842,-1
15533,14.93093,75.247641,-1
15534,14.902249,75.262211,-1
15535,14.924085,75.274867,-1
15536,17.692304,74.013933,-1
15537,17.688625,73.978714,-1
15538,17.668683,73.970021,-1
15539,27.115308,76.548728,-1
15540,27.119474,76.556821,-1
15541,27.163354,76.602815,-1
15542,25.03218,87.856984,-1
15543,25.071566,87.831755,-1
15544,25.012411,87.830374,-1
15545,24.701396,93.801726,-1
15546,24.657988,93.842657,-1
15547,24.683807,93.829075,-1
15548,25.437272,84.850422,-1
15549,25.430327,84.860795,-1
15550,25.444264,84.881542,-1
15551,27.528863,82.38867,-1
15552,27.554996,82.437903,-1
15553,27.514161,82.469724,-1
15554,13.179782,75.875536,-1
15555,13.190451,75.844562,-1
15556,13.159853,75.86147,-1
15557,30.842568,76.034704,-1
15558,30.818176,75.965998,-1
15559,30.831462,76.002042,-1
15560,30.114751,77.27452,-1
15561,30.16837,77.228856,-1
15562,30.135343,77.250301,-1
15563,8.091912,77.545852,-1
15564,8.099115,77.559475,-1
15565,8.09908,77.550493,-1
15566,10.965559,78.114638,-1
15567,10.930268,78.100242,-1
15568,10.972559,78.109101,-1
15569,28.204646,78.381555,-1
15570,28.200727,78.381098,-1
15571,28.195189,78.388821,-1
15572,24.315907,92.035257,-1
15573,24.340535,92.002738,-1
15574,24.311389,91.991289,-1
15575,8.433532,77.258479,-1
15576,8.415625,77.23201,-1
15577,8.37553,77.239177,-1
15578,21.551376,84.750923,-1
15579,21.538981,84.717564,-1
15580,21.504883,84.75495,-1
15581,23.404395,85.244309,-1
15582,23.434147,85.222294,-1
15583,23.482052,85.236591,-1
15584,9.988809,76.390508,-1
15585,9.997706,76.420071,-1
15586,9.9693,76.386769,-1
15587,16.679068,74.570692,-1
15588,16.67924,74.602252,-1
15589,16.652916,74.595415,-1
15590,22.392365,77.228227,-1
15591,22.363597,77.214893,-1
15592,22.353128,77.258531,-1
15593,16.620035,74.214179,-1
15594,16.627639,74.208508,-1
15595,16.707407,74.228604,-1
15596,19.718611,74.434351,-1
15597,19.721781,74.492867,-1
15598,19.712299,74.469817,-1
15599,23.373385,81.040575,-1
15600,23.378631,81.055384,-1
15601,23.371531,81.063015,-1
15602,30.250895,76.059653,-1
15603,30.251106,76.06676,-1
15604,30.278409,75.993962,-1
15605,24.636378,76.044011,-1
15606,24.635287,76.033545,-1
15607,24.649001,76.057622,-1
15608,11.736622,75.586287,-1
15609,11.754098,75.535737,-1
15610,11.744682,75.587734,-1
15611,9.085556,76.542386,-1
15612,9.060164,76.529209,-1
15613,9.081423,76.525859,-1
15614,14.647331,74.273682,-1
15615,14.671966,74.298531,-1
15616,14.684144,74.300394,-1
15617,25.604708,82.636423,-1
15618,25.590488,82.594875,-1
15619,25.583045,82.617273,-1
15620,8.932261,77.422521,-1
15621,8.920446,77.445666,-1
15622,8.914679,77.408253,-1
15623,16.500325,80.680414,-1
15624,16.554079,80.638947,-1
15625,16.480384,80.683488,-1
15626,26.451757,80.793713,-1
15627,26.455278,80.801945,-1
15628,26.465911,80.768282,-1
15629,8.71855,78.073935,-1
15630,8.753043,78.088546,-1
15631,8.755895,78.089264,-1
15632,19.655628,78.528344,-1
15633,19.692563,78.478678,-1
15634,19.675692,78.505622,-1
15635,34.09086,74.86663,-1
15636,34.06046,74.851466,-1
15637,34.084418,74.8253,-1
15638,22.089753,82.179886,-1
15639,22.085383,82.209071,-1
15640,22.071127,82.186808,-1
15641,27.784391,78.830389,-1
15642,27.784138,78.842465,-1
15643,27.795281,78.833296,-1
15644,20.869362,85.813898,-1
15645,20.879277,85.841472,-1
15646,20.838952,85.843982,-1
15647,10.174739,77.818936,-1
15648,10.182495,77.846675,-1
15649,10.17143,77.824484,-1
15650,27.281788,80.842943,-1
15651,27.284024,80.844193,-1
15652,27.250819,80.811268,-1
15653,12.896761,79.152332,-1
15654,12.824377,79.143789,-1
15655,12.921493,79.147344,-1
15656,23.475304,86.660197,-1
15657,23.543867,86.708595,-1
15658,23.489377,86.692094,-1
15659,27.28078,79.447487,-1
15660,27.327033,79.442685,-1
15661,27.302664,79.462349,-1
15662,17.693026,80.858572,-1
15663,17.709631,80.86628,-1
15664,17.686877,80.845655,-1
15665,21.933419,69.747543,-1
15666,21.914187,69.790065,-1
15667,21.931415,69.783482,-1
15668,13.487882,75.111279,-1
15669,13.48312,75.098394,-1
15670,13.509906,75.073637,-1
15671,19.703816,81.263973,-1
15672,19.722533,81.220938,-1
15673,19.713042,81.207478,-1
15674,11.450432,78.268864,-1
15675,11.452217,78.29889,-1
15676,11.425353,78.24407,-1
15677,27.035398,75.027727,-1
15678,27.007447,75.008491,-1
15679,27.028544,74.987318,-1
15680,10.320467,79.181905,-1
15681,10.31869,79.196838,-1
15682,10.303299,79.194559,-1
15683,23.725229,85.881177,-1
15684,23.792178,85.910449,-1
15685,23.757921,85.869397,-1
15686,22.872801,72.993426,-1
15687,22.877509,73.013385,-1
15688,22.886856,73.031639,-1
15689,25.645141,72.417807,-1
15690,25.669711,72.425869,-1
15691,25.626752,72.424452,-1
15692,25.780197,75.37424,-1
15693,25.760924,75.383751,-1
15694,25.753051,75.362674,-1
15695,11.26695,76.032365,-1
15696,11.262405,75.988203,-1
15697,11.242975,76.020594,-1
15698,9.746348,76.665929,-1
15699,9.724481,76.672233,-1
15700,9.70725,76.712838,-1
15701,21.983553,76.703063,-1
15702,21.971799,76.672365,-1
15703,21.956419,76.714296,-1
15704,12.188056,79.959161,-1
15705,12.23976,79.905475,-1
15706,12.183069,79.919806,-1
15707,19.346583,84.995572,-1
15708,19.32721,84.973683,-1
15709,19.361825,85.015072,-1
15710,27.702911,81.921363,-1
15711,27.707001,81.94691,-1
15712,27.715431,81.94623,-1
15713,25.160309,80.014161,-1
15714,25.135515,79.999789,-1
15715,25.096365,80.006235,-1
15716,13.081056,80.153834,-1
15717,13.080167,80.145292,-1
15718,13.102695,80.146972,-1
15719,12.746883,78.333204,-1
15720,12.750503,78.359533,-1
15721,12.761826,78.342862,-1
15722,27.04243,78.295089,-1
15723,27.004976,78.314789,-1
15724,27.011954,78.254916,-1
15725,11.470991,79.659359,-1
15726,11.427534,79.629679,-1
15727,11.432888,79.679749,-1
15728,22.043278,82.905203,-1
15729,22.033585,82.96766,-1
15730,21.989591,83.021997,-1
15731,11.136944,75.80084,-1
15732,11.180087,75.818264,-1
15733,11.154736,75.811802,-1
15734,11.50501,76.490959,-1
15735,11.499871,76.509009,-1
15736,11.516821,76.482145,-1
15737,15.395516,73.904335,-1
15738,15.372298,73.927979,-1
15739,15.397064,73.90354,-1
15740,12.962877,80.162396,-1
15741,12.978318,80.169293,-1
15742,12.999648,80.152727,-1
15743,24.060254,71.605634,-1
15744,24.07691,71.62213,-1
15745,24.062876,71.592423,-1
15746,23.324092,80.982124,-1
15747,23.378945,80.9459,-1
15748,23.351982,80.93994,-1
15749,30.235751,75.639447,-1
15750,30.191702,75.619729,-1
15751,30.218143,75.721551,-1
15752,19.584763,74.176065,-1
15753,19.626617,74.174743,-1
15754,19.628631,74.199937,-1
15755,24.217931,76.998055,-1
15756,24.17203,76.978123,-1
15757,24.164318,77.019408,-1
15758,22.759499,87.549323,-1
15759,22.72988,87.498472,-1
15760,22.711729,87.521016,-1
15761,24.92242,76.302223,-1
15762,24.930723,76.263177,-1
15763,24.958672,76.279392,-1
15764,23.906371,72.612772,-1
15765,23.881753,72.612242,-1
15766,23.89433,72.643984,-1
15767,24.781248,87.893522,-1
15768,24.790207,87.880624,-1
15769,24.792427,87.846232,-1
15770,9.998232,76.297762,-1
15771,9.991127,76.258951,-1
15772,9.991799,76.249045,-1
15773,17.504383,75.463733,-1
15774,17.524197,75.434823,-1
15775,17.509814,75.454009,-1
15776,11.559664,75.634375,-1
15777,11.564721,75.645889,-1
15778,11.561156,75.638243,-1
15779,20.503664,82.919735,-1
15780,20.50925,82.943426,-1
15781,20.450409,82.907463,-1
15782,21.126505,72.946199,-1
15783,21.117696,72.963806,-1
15784,21.152398,72.990973,-1
15785,26.525482,86.153018,-1
15786,26.595421,86.109008,-1
15787,26.587333,86.123849,-1
15788,34.533632,74.222841,-1
15789,34.547685,74.263507,-1
15790,34.504484,74.254669,-1
15791,20.97405,74.326676,-1
15792,21.012486,74.298775,-1
15793,20.990677,74.341626,-1
15794,20.784102,78.134435,-1
15795,20.779937,78.138165,-1
15796,20.774491,78.139355,-1
15797,20.381107,78.137778,-1
15798,20.413295,78.126407,-1
15799,20.392645,78.124661,-1
15800,27.978212,73.530574,-1
15801,27.960722,73.586928,-1
15802,27.964789,73.561565,-1
15803,21.507866,78.309976,-1
15804,21.53368,78.264302,-1
15805,21.514453,78.273551,-1
15806,20.45815,76.947339,-1
15807,20.447004,76.935959,-1
15808,20.455568,76.943465,-1
15809,27.395667,95.615475,-1
15810,27.39804,95.613834,-1
15811,27.379001,95.607196,-1
15812,24.026134,76.363782,-1
15813,24.03787,76.329762,-1
15814,24.044237,76.361347,-1
15815,9.050026,76.587738,-1
15816,9.058886,76.544693,-1
15817,9.050877,76.55923,-1
15818,10.414571,79.507922,-1
15819,10.441273,79.498775,-1
15820,10.372289,79.495947,-1
15821,27.557754,95.559102,-1
15822,27.568627,95.534639,-1
15823,27.558942,95.558265,-1
15824,34.025908,74.916244,-1
15825,34.034943,74.924319,-1
15826,33.988997,74.914326,-1
15827,11.922597,75.46715,-1
15828,11.90059,75.465749,-1
15829,11.937322,75.449739,-1
15830,28.320698,75.7333,-1
15831,28.298604,75.767192,-1
15832,28.290099,75.727241,-1
15833,8.438729,77.242479,-1
15834,8.414175,77.266316,-1
15835,8.409767,77.263238,-1
15836,28.86136,77.118231,-1
15837,28.875497,77.088842,-1
15838,28.886189,77.118446,-1
15839,31.050459,76.251309,-1
15840,31.044878,76.342693,-1
15841,31.058375,76.279187,-1
15842,26.486318,74.540607,-1
15843,26.478749,74.554555,-1
15844,26.479961,74.573111,-1
15845,33.148968,75.535446,-1
15846,33.169122,75.561708,-1
15847,33.157058,75.540261,-1
15848,29.831341,73.450825,-1
15849,29.877785,73.455417,-1
15850,29.855072,73.469512,-1
15851,25.779326,78.883657,-1
15852,25.83709,78.906664,-1
15853,25.856089,78.899549,-1
15854,29.445664,77.377846,-1
15855,29.478387,77.333378,-1
15856,29.463838,77.325126,-1
15857,26.67718,92.478273,-1
15858,26.718187,92.473195,-1
15859,26.687576,92.4905,-1
15860,25.201698,75.099327,-1
15861,25.19683,75.033145,-1
15862,25.214841,75.096797,-1
15863,30.225744,77.02039,-1
15864,30.191562,77.016369,-1
15865,30.222753,77.046536,-1
15866,11.457246,78.452892,-1
15867,11.445662,78.507133,-1
15868,11.429076,78.504597,-1
15869,32.567372,76.109206,-1
15870,32.560307,76.165154,-1
15871,32.560978,76.080713,-1
15872,28.543628,77.136579,-1
15873,28.523339,77.162761,-1
15874,28.530337,77.156758,-1
15875,21.247862,79.046618,-1
15876,21.258382,79.066338,-1
15877,21.25846,79.101832,-1
15878,25.860412,84.208671,-1
15879,25.869797,84.162586,-1
15880,25.891313,84.236483,-1
15881,16.081725,78.879173,-1
15882,16.063601,78.849907,-1
15883,16.057717,78.873987,-1
15884,18.683023,81.273148,-1
15885,18.681361,81.294058,-1
15886,18.679968,81.300076,-1
15887,19.597567,84.678284,-1
15888,19.612709,84.6704,-1
15889,19.592071,84.624784,-1
15890,10.632864,76.021209,-1
15891,10.613363,76.043314,-1
15892,10.569255,76.004575,-1
15893,30.487621,76.798084,-1
15894,30.488808,76.776351,-1
15895,30.516871,76.820294,-1
15896,13.033366,80.192743,-1
15897,13.064341,80.181845,-1
15898,13.065895,80.200677,-1
15899,22.427456,71.20729,-1
15900,22.384787,71.204561,-1
15901,22.411026,71.207487,-1
15902,9.225132,77.430029,-1
15903,9.23245,77.439269,-1
15904,9.255883,77.38732,-1
15905,23.717256,85.538106,-1
15906,23.709192,85.491242,-1
15907,23.733032,85.521349,-1
15908,8.272602,77.279142,-1
15909,8.244138,77.352676,-1
15910,8.250608,77.324156,-1
15911,29.465066,78.106516,-1
15912,29.507939,78.091427,-1
15913,29.509318,78.110819,-1
15914,9.414596,76.603032,-1
15915,9.395006,76.570317,-1
15916,9.417287,76.593607,-1
15917,12.949131,78.887637,-1
15918,12.922715,78.889741,-1
15919,12.915932,78.859196,-1
15920,26.477928,78.611867,-1
15921,26.516856,78.612802,-1
15922,26.504408,78.569141,-1
15923,22.528442,70.055404,-1
15924,22.48995,70.017377,-1
15925,22.484025,70.044944,-1
15926,24.991321,84.832056,-1
15927,24.915378,84.838816,-1
15928,24.955175,84.830656,-1
15929,22.940647,81.064175,-1
15930,22.938578,81.051943,-1
15931,22.938989,81.112787,-1
15932,14.072779,75.948649,-1
15933,14.011323,75.936652,-1
15934,14.029223,75.944981,-1
15935,8.323113,77.199061,-1
15936,8.30987,77.190082,-1
15937,8.366794,77.190587,-1
15938,9.776448,76.303106,-1
15939,9.830058,76.297383,-1
15940,9.798295,76.310456,-1
15941,20.152392,78.312878,-1
15942,20.160712,78.330469,-1
15943,20.159882,78.306392,-1
15944,10.880629,75.978844,-1
15945,10.899106,76.002216,-1
15946,10.91358,75.993965,-1
15947,27.73925,77.498194,-1
15948,27.704578,77.518626,-1
15949,27.735512,77.519312,-1
15950,30.247286,76.4752,-1
15951,30.278463,76.458954,-1
15952,30.287988,76.457946,-1
15953,8.153402,77.267127,-1
15954,8.218275,77.250714,-1
15955,8.219785,77.268697,-1
15956,11.623798,75.649018,-1
15957,11.609931,75.668362,-1
15958,11.61784,75.659155,-1
15959,23.302439,92.824261,-1
15960,23.301325,92.884686,-1
15961,23.291297,92.860814,-1
15962,12.517036,80.149237,-1
15963,12.501889,80.160293,-1
15964,12.498379,80.15323,-1
15965,21.034371,76.862736,-1
15966,21.020157,76.801238,-1
15967,21.036538,76.83417,-1
15968,21.478073,78.553245,-1
15969,21.456387,78.531375,-1
15970,21.444043,78.5192,-1
15971,31.840914,74.777413,-1
15972,31.843041,74.752734,-1
15973,31.83953,74.782086,-1
15974,11.577091,77.574728,-1
15975,11.546857,77.555859,-1
15976,11.578613,77.590401,-1
15977,23.701867,91.241847,-1
15978,23.637321,91.300446,-1
15979,23.671996,91.276749,-1
15980,22.566336,88.167324,-1
15981,22.575937,88.18984,-1
15982,22.597072,88.203099,-1
15983,21.032746,70.541394,-1
15984,21.066139,70.568766,-1
15985,21.050005,70.538929,-1
15986,23.152548,85.605105,-1
15987,23.134235,85.6111,-1
15988,23.155896,85.572419,-1
15989,23.856915,91.624147,-1
15990,23.834248,91.61745,-1
15991,23.830571,91.65975,-1
15992,22.686858,73.8982,-1
15993,22.715599,73.915366,-1
15994,22.692617,73.923622,-1
15995,23.905437,79.161956,-1
15996,23.881881,79.194618,-1
15997,23.849206,79.225214,-1
15998,27.14612,77.781271,-1
15999,27.129923,77.791993,-1
16000,27.134123,77.793928,-1
16001,20.669627,83.115586,-1
16002,20.695249,83.145317,-1
16003,20.690353,83.156454,-1
16004,24.534719,75.749745,-1
16005,24.490071,75.738261,-1
16006,24.526147,75.749432,-1
16007,10.311277,76.173349,-1
16008,10.284543,76.097888,-1
16009,10.366307,76.149392,-1
16010,22.369071,73.002442,-1
16011,22.36957,72.987991,-1
16012,22.37831,73.026809,-1
16013,20.851077,72.867933,-1
16014,20.854295,72.925859,-1
16015,20.8316,72.929331,-1
16016,23.354327,88.647635,-1
16017,23.340266,88.595342,-1
16018,23.355471,88.657264,-1
16019,28.242028,78.453148,-1
16020,28.214203,78.440131,-1
16021,28.211059,78.453768,-1
16022,12.278741,78.08913,-1
16023,12.293786,78.052122,-1
16024,12.295378,78.046235,-1
16025,20.741716,78.56609,-1
16026,20.746603,78.59335,-1
16027,20.747694,78.619458,-1
16028,11.900726,75.439636,-1
16029,11.834618,75.442267,-1
16030,11.886293,75.441799,-1
16031,21.969637,75.154295,-1
16032,21.906254,75.120684,-1
16033,21.931506,75.110489,-1
16034,13.204412,80.159627,-1
16035,13.189726,80.190074,-1
16036,13.182388,80.187467,-1
16037,8.315175,77.259483,-1
16038,8.308294,77.220224,-1
16039,8.290051,77.240895,-1
16040,13.919832,79.910729,-1
16041,13.904025,79.897915,-1
16042,13.906877,79.909039,-1
16043,28.481634,79.111139,-1
16044,28.500238,79.062506,-1
16045,28.494133,79.11882,-1
16046,31.460317,75.697042,-1
16047,31.459856,75.724159,-1
16048,31.430788,75.724756,-1
16049,23.013967,75.229924,-1
16050,23.028219,75.225422,-1
16051,23.007033,75.224539,-1
16052,31.187648,75.988776,-1
16053,31.180661,75.994386,-1
16054,31.186454,75.993407,-1
16055,28.332968,76.765971,-1
16056,28.319012,76.80102,-1
16057,28.339545,76.758189,-1
16058,17.468794,77.438749,-1
16059,17.480255,77.354276,-1
16060,17.443701,77.433698,-1
16061,16.079084,76.079091,-1
16062,16.0962,76.105708,-1
16063,16.061586,76.0542,-1
16064,9.787556,76.322892,-1
16065,9.795112,76.351067,-1
16066,9.765897,76.323253,-1
16067,23.203097,82.125888,-1
16068,23.180542,82.118855,-1
16069,23.195053,82.106374,-1
16070,24.895033,74.341349,-1
16071,24.930273,74.337367,-1
16072,24.891883,74.293636,-1
16073,11.90129,79.490812,-1
16074,11.928284,79.533762,-1
16075,11.921787,79.503054,-1
16076,21.205573,83.595599,-1
16077,21.210847,83.589827,-1
16078,21.227296,83.604131,-1
16079,26.631582,78.523754,-1
16080,26.585327,78.543802,-1
16081,26.620481,78.522696,-1
16082,24.984857,75.019577,-1
16083,25.01742,75.006824,-1
16084,24.964546,75.031239,-1
16085,22.540138,92.92366,-1
16086,22.556692,92.892019,-1
16087,22.51272,92.92428,-1
16088,26.301493,73.139992,-1
16089,26.326753,73.118256,-1
16090,26.304904,73.06153,-1
16091,26.443265,92.484422,-1
16092,26.45582,92.459917,-1
16093,26.47655,92.497642,-1
16094,9.034955,77.273967,-1
16095,9.041084,77.306508,-1
16096,9.025669,77.25875,-1
16097,30.273417,77.999233,-1
16098,30.29086,78.036679,-1
16099,30.254525,78.05083,-1
16100,20.819495,83.927107,-1
16101,20.838707,83.92726,-1
16102,20.850377,83.921067,-1
16103,16.544077,81.226651,-1
16104,16.588925,81.232714,-1
16105,16.567621,81.18141,-1
16106,32.920291,74.744811,-1
16107,32.864396,74.728558,-1
16108,32.913526,74.737492,-1
16109,18.621448,72.83114,-1
16110,18.6586,72.884244,-1
16111,18.662704,72.872905,-1
16112,25.402628,76.060667,-1
16113,25.391227,76.076287,-1
16114,25.371327,76.079478,-1
16115,9.21008,76.452748,-1
16116,9.20682,76.393295,-1
16117,9.211497,76.452819,-1
16118,24.884858,85.514551,-1
16119,24.862052,85.492143,-1
16120,24.893816,85.533395,-1
16121,28.773637,77.146115,-1
16122,28.811069,77.11289,-1
16123,28.799353,77.100031,-1
16124,16.429562,78.603878,-1
16125,16.43351,78.644731,-1
16126,16.398547,78.621829,-1
16127,22.810721,86.283597,-1
16128,22.766945,86.229381,-1
16129,22.794754,86.261804,-1
16130,10.670417,76.666487,-1
16131,10.702724,76.636964,-1
16132,10.691906,76.682591,-1
16133,11.019537,77.217238,-1
16134,11.043184,77.198303,-1
16135,11.044833,77.216007,-1
16136,26.41456,85.049882,-1
16137,26.395875,85.070185,-1
16138,26.406551,85.026086,-1
16139,28.216378,94.817618,-1
16140,28.238067,94.842469,-1
16141,28.214421,94.834679,-1
16142,19.908445,84.590169,-1
16143,19.93588,84.57609,-1
16144,19.929975,84.578961,-1
16145,23.956492,73.027591,-1
16146,23.956449,73.036879,-1
16147,23.973549,73.041907,-1
16148,12.859079,77.691874,-1
16149,12.8721,77.6582,-1
16150,12.864682,77.670272,-1
16151,10.542759,77.395232,-1
16152,10.559568,77.324094,-1
16153,10.554224,77.346181,-1
16154,16.873364,77.3949,-1
16155,16.850631,77.391183,-1
16156,16.891419,77.361885,-1
16157,31.957539,75.328046,-1
16158,31.964651,75.310857,-1
16159,31.952877,75.294149,-1
16160,11.850304,75.531435,-1
16161,11.897671,75.559268,-1
16162,11.877107,75.486345,-1
16163,28.704259,77.294052,-1
16164,28.768447,77.270653,-1
16165,28.741836,77.281097,-1
16166,29.958464,75.098458,-1
16167,29.969892,75.084095,-1
16168,30.021789,75.080565,-1
16169,25.608703,75.289872,-1
16170,25.617401,75.269533,-1
16171,25.655621,75.281197,-1
16172,21.163751,75.880334,-1
16173,21.148639,75.870239,-1
16174,21.13905,75.875907,-1
16175,10.174959,76.193814,-1
16176,10.156842,76.180458,-1
16177,10.129448,76.213024,-1
16178,27.413404,76.238308,-1
16179,27.428468,76.205576,-1
16180,27.425048,76.195088,-1
16181,26.447264,85.376933,-1
16182,26.436464,85.407693,-1
16183,26.434908,85.440885,-1
16184,28.757058,76.777229,-1
16185,28.7929,76.772481,-1
16186,28.759694,76.764146,-1
16187,19.396767,73.263504,-1
16188,19.382025,73.255882,-1
16189,19.408201,73.272965,-1
16190,33.294172,75.740919,-1
16191,33.316016,75.759542,-1
16192,33.310999,75.735433,-1
16193,12.765138,77.789276,-1
16194,12.782738,77.780785,-1
16195,12.781247,77.764098,-1
16196,27.183037,77.74142,-1
16197,27.162959,77.773928,-1
16198,27.164202,77.767363,-1
16199,31.349304,74.685073,-1
16200,31.34675,74.713869,-1
16201,31.342965,74.687654,-1
16202,26.275692,83.495354,-1
16203,26.267621,83.519569,-1
16204,26.253003,83.496577,-1
16205,28.483059,77.361939,-1
16206,28.434241,77.328956,-1
16207,28.436304,77.311534,-1
16208,24.62193,79.48456,-1
16209,24.636986,79.473054,-1
16210,24.625063,79.477784,-1
16211,18.148103,83.472261,-1
16212,18.177244,83.447391,-1
16213,18.136935,83.455674,-1
16214,28.961808,76.30573,-1
16215,28.988086,76.291456,-1
16216,28.976801,76.310948,-1
16217,25.971212,84.156726,-1
16218,25.993553,84.173237,-1
16219,26.008749,84.148413,-1
16220,14.969107,74.726618,-1
16221,15.002653,74.697889,-1
16222,14.962381,74.704185,-1
16223,11.896585,75.544528,-1
16224,11.942884,75.539096,-1
16225,11.883501,75.559314,-1
16226,31.684683,74.922013,-1
16227,31.655856,74.85594,-1
16228,31.674417,74.878957,-1
16229,20.807216,84.306182,-1
16230,20.88009,84.334091,-1
16231,20.827276,84.294539,-1
16232,26.163101,73.993131,-1
16233,26.152213,73.982975,-1
16234,26.137056,74.017256,-1
16235,26.354203,89.644327,-1
16236,26.332403,89.668603,-1
16237,26.321592,89.66499,-1
16238,16.71947,74.44852,-1
16239,16.711253,74.443792,-1
16240,16.708456,74.441656,-1
16241,28.320561,76.750538,-1
16242,28.319747,76.804412,-1
16243,28.306126,76.782354,-1
16244,18.809746,76.117312,-1
16245,18.800167,76.090201,-1
16246,18.82534,76.088424,-1
16247,12.081227,75.335714,-1
16248,12.046852,75.35643,-1
16249,12.06754,75.33517,-1
16250,12.470472,76.68144,-1
16251,12.507749,76.675359,-1
16252,12.475863,76.689306,-1
16253,21.323185,81.380266,-1
16254,21.343864,81.422695,-1
16255,21.370835,81.424943,-1
16256,26.077517,74.990243,-1
16257,26.024699,75.018586,-1
16258,26.065804,75.008518,-1
16259,26.261798,75.109767,-1
16260,26.235302,75.141928,-1
16261,26.246361,75.126355,-1
16262,10.253659,76.174938,-1
16263,10.241341,76.168153,-1
16264,10.272444,76.187654,-1
16265,29.354141,78.230997,-1
16266,29.349756,78.202759,-1
16267,29.337843,78.224127,-1
16268,10.594814,76.246058,-1
16269,10.590012,76.240601,-1
16270,10.604082,76.234495,-1
16271,22.844303,69.722581,-1
16272,22.833472,69.72326,-1
16273,22.811483,69.748136,-1
16274,13.851248,74.623305,-1
16275,13.846814,74.618614,-1
16276,13.84855,74.679699,-1
16277,26.263954,90.459401,-1
16278,26.298754,90.478904,-1
16279,26.268839,90.47278,-1
16280,11.640548,78.125802,-1
16281,11.645325,78.11689,-1
16282,11.608363,78.124192,-1
16283,28.969383,76.042769,-1
16284,28.937117,76.006256,-1
16285,28.913644,76.035724,-1
16286,30.694848,76.394602,-1
16287,30.690466,76.419094,-1
16288,30.679023,76.381254,-1
16289,11.356297,77.71469,-1
16290,11.303049,77.74481,-1
16291,11.349298,77.750517,-1
16292,20.660984,77.039234,-1
16293,20.713253,77.005572,-1
16294,20.678523,77.009385,-1
16295,11.38837,76.787835,-1
16296,11.382165,76.777658,-1
16297,11.354453,76.792067,-1
16298,23.705865,71.879146,-1
16299,23.668173,71.922501,-1
16300,23.688161,71.921175,-1
16301,32.785049,74.786265,-1
16302,32.80252,74.774309,-1
16303,32.814415,74.777095,-1
16304,9.394871,77.468865,-1
16305,9.391849,77.500716,-1
16306,9.348641,77.476143,-1
16307,14.11011,77.589799,-1
16308,14.082568,77.579016,-1
16309,14.081684,77.587767,-1
16310,19.782882,75.222164,-1
16311,19.796254,75.195033,-1
16312,19.80211,75.241947,-1
16313,12.969865,80.2459,-1
16314,12.962793,80.254225,-1
16315,12.959054,80.267882,-1
16316,30.24545,78.779677,-1
16317,30.215213,78.763091,-1
16318,30.226237,78.768042,-1
16319,26.536748,84.086145,-1
16320,26.547682,84.061731,-1
16321,26.564458,84.114601,-1
16322,23.194418,82.868651,-1
16323,23.222562,82.868675,-1
16324,23.200216,82.855802,-1
16325,26.294513,86.58492,-1
16326,26.297616,86.588203,-1
16327,26.321176,86.586165,-1
16328,12.960549,79.314642,-1
16329,12.955874,79.329184,-1
16330,12.937954,79.312655,-1
16331,22.917115,73.828045,-1
16332,22.900643,73.809777,-1
16333,22.941386,73.836913,-1
16334,11.799023,75.567373,-1
16335,11.766256,75.55147,-1
16336,11.791306,75.56443,-1
16337,23.387787,79.72822,-1
16338,23.382005,79.712243,-1
16339,23.421852,79.751883,-1
16340,26.26827,78.660346,-1
16341,26.286313,78.681647,-1
16342,26.281259,78.66034,-1
16343,10.79575,76.739133,-1
16344,10.780869,76.755775,-1
16345,10.850259,76.752337,-1
16346,25.687082,81.922263,-1
16347,25.695729,81.949755,-1
16348,25.714989,81.923826,-1
16349,11.040864,76.97093,-1
16350,11.088198,76.978659,-1
16351,11.038224,76.963854,-1
16352,26.511972,89.203813,-1
16353,26.534957,89.1876,-1
16354,26.487864,89.21884,-1
16355,10.60186,77.033988,-1
16356,10.677148,76.996177,-1
16357,10.648624,77.010007,-1
16358,28.033738,81.103806,-1
16359,28.001402,81.096494,-1
16360,28.007052,81.138605,-1
16361,26.91917,77.841132,-1
16362,26.9317,77.815632,-1
16363,26.931596,77.843234,-1
16364,23.250604,76.18553,-1
16365,23.247826,76.177607,-1
16366,23.258938,76.150321,-1
16367,11.222925,77.10013,-1
16368,11.221283,77.116137,-1
16369,11.267187,77.091265,-1
16370,33.836803,74.896771,-1
16371,33.91736,74.899949,-1
16372,33.868103,74.897918,-1
16373,11.342913,76.975751,-1
16374,11.296876,77.002633,-1
16375,11.358138,76.993923,-1
16376,18.78821,79.52684,-1
16377,18.802319,79.488659,-1
16378,18.787134,79.506433,-1
16379,26.706039,93.961876,-1
16380,26.699181,93.945606,-1
16381,26.700537,93.969863,-1
16382,9.264847,76.486722,-1
16383,9.227131,76.498592,-1
16384,9.235054,76.509948,-1
16385,24.088107,91.646348,-1
16386,24.114734,91.593075,-1
16387,24.051513,91.581891,-1
16388,27.474035,77.45791,-1
16389,27.490297,77.45142,-1
16390,27.484891,77.490647,-1
16391,21.327569,83.003581,-1
16392,21.355842,83.006015,-1
16393,21.316025,82.979614,-1
16394,9.997411,78.066974,-1
16395,9.974625,78.065242,-1
16396,9.967534,78.062899,-1
16397,23.659353,85.005848,-1
16398,23.629276,84.991144,-1
16399,23.656609,84.984906,-1
16400,27.574156,77.786179,-1
16401,27.563589,77.77962,-1
16402,27.562392,77.775874,-1
16403,15.125939,79.431478,-1
16404,15.107834,79.405476,-1
16405,19.133588,72.893759,-1
16406,19.132857,72.880301,-1
16407,25.787536,75.199489,-1
16408,25.788436,75.182294,-1
16409,23.239988,91.462895,-1
16410,23.286723,91.484904,-1
16411,22.132788,81.881914,-1
16412,22.123341,81.874897,-1
16413,12.593012,75.381541,-1
16414,12.567778,75.38193,-1
16415,27.036088,77.069573,-1
16416,27.037067,77.04262,-1
16417,17.530202,80.587781,-1
16418,17.527614,80.632828,-1
16419,29.526289,77.572263,-1
16420,29.530983,77.597061,-1
16421,27.143819,83.790916,-1
16422,27.170134,83.761611,-1
16423,26.486544,87.018266,-1
16424,26.489894,87.000562,-1
16425,9.187281,76.49926,-1
16426,9.201544,76.444799,-1
16427,30.264114,75.54938,-1
16428,30.293286,75.568024,-1
16429,13.899136,79.875827,-1
16430,13.920662,79.868966,-1
16431,20.304903,72.865552,-1
16432,20.294902,72.850223,-1
16433,8.390247,77.059086,-1
16434,8.316672,77.052208,-1
16435,23.120942,81.698735,-1
16436,23.076562,81.694236,-1
16437,24.512483,93.786371,-1
16438,24.481311,93.769779,-1
16439,12.819056,79.769617,-1
16440,12.816513,79.761097,-1
16441,25.173815,73.297335,-1
16442,25.208519,73.296169,-1
16443,26.001786,93.799198,-1
16444,26.03051,93.795035,-1
16445,29.640435,79.435976,-1
16446,29.648346,79.418181,-1
16447,23.650643,85.419749,-1
16448,23.632745,85.434055,-1
16449,22.588641,72.96032,-1
16450,22.63056,72.933165,-1
16451,18.254435,77.432677,-1
16452,18.258369,77.4081,-1
16453,8.852554,78.107112,-1
16454,8.831524,78.114203,-1
16455,31.953351,77.081887,-1
16456,31.99105,77.100265,-1
16457,12.957045,79.118306,-1
16458,12.983994,79.132123,-1
16459,12.463855,79.355141,-1
16460,12.474504,79.340307,-1
16461,11.761248,75.601408,-1
16462,11.788872,75.618009,-1
16463,27.02502,95.035634,-1
16464,27.040881,95.006601,-1
16465,28.675271,79.49097,-1
16466,28.633613,79.444089,-1
16467,25.198651,77.57367,-1
16468,25.214642,77.600247,-1
16469,10.944911,78.072751,-1
16470,10.949614,78.060877,-1
16471,21.934345,69.46764,-1
16472,21.94055,69.477856,-1
16473,20.768576,77.958454,-1
16474,20.801351,77.98279,-1
16475,11.710662,78.22037,-1
16476,11.714484,78.160751,-1
16477,9.191274,76.565927,-1
16478,9.169122,76.579344,-1
16479,17.438092,78.671742,-1
16480,17.438584,78.637796,-1
16481,20.74499,78.615234,-1
16482,20.707979,78.58037,-1
16483,11.274294,78.240464,-1
16484,11.280566,78.271838,-1
16485,27.845154,74.425903,-1
16486,27.796189,74.454137,-1
16487,8.439833,78.054908,-1
16488,8.431252,78.028308,-1
16489,13.099717,80.075093,-1
16490,13.088551,80.041227,-1
16491,16.037006,75.516903,-1
16492,16.025778,75.535726,-1
16493,8.284727,77.288882,-1
16494,8.339532,77.302123,-1
16495,21.237068,76.219947,-1
16496,21.196749,76.194441,-1
16497,29.476649,77.274839,-1
16498,29.491398,77.230138,-1
16499,24.338328,77.025243,-1
16500,24.353013,77.039486,-1
16501,22.866272,72.583397,-1
16502,22.846231,72.573309,-1
16503,8.708731,77.530012,-1
16504,8.699864,77.525664,-1
16505,11.758728,75.584502,-1
16506,11.77774,75.578198,-1
16507,30.842123,76.20536,-1
16508,30.867534,76.184605,-1
16509,19.860587,82.937726,-1
16510,19.828982,82.91802,-1
16511,20.871825,85.147346,-1
16512,20.81529,85.186218,-1
16513,23.024239,78.070757,-1
16514,23.058817,78.121454,-1
16515,23.829389,91.239175,-1
16516,23.780481,91.276834,-1
16517,25.90331,90.623368,-1
16518,25.898186,90.644771,-1
16519,21.239222,78.890212,-1
16520,21.199291,78.91811,-1
16521,28.673954,76.961178,-1
16522,28.664276,76.924506,-1
16523,29.123652,77.784148,-1
16524,29.134148,77.748913,-1
16525,17.248275,78.276137,-1
16526,17.279451,78.263785,-1
16527,34.173299,74.549954,-1
16528,34.167584,74.58333,-1
16529,8.26649,77.278317,-1
16530,8.287382,77.320293,-1
16531,21.118056,82.387588,-1
16532,21.024389,82.344268,-1
16533,21.320666,70.758068,-1
16534,21.365697,70.702837,-1
16535,26.91956,78.388394,-1
16536,26.882165,78.371655,-1
16537,11.405437,79.240673,-1
16538,11.381559,79.220115,-1
16539,25.760679,75.852514,-1
16540,25.771023,75.878588,-1
16541,14.759746,78.558832,-1
16542,14.705023,78.527019,-1
16543,29.308524,77.866289,-1
16544,29.349329,77.829433,-1
16545,23.200366,73.90145,-1
16546,23.189498,73.891168,-1
16547,28.701214,79.539251,-1
16548,28.705068,79.509278,-1
16549,21.830502,70.244278,-1
16550,21.837844,70.210649,-1
16551,23.177991,88.543767,-1
16552,23.192494,88.573299,-1
16553,8.326038,77.142069,-1
16554,8.30421,77.168445,-1
16555,16.540089,80.80069,-1
16556,16.509228,80.788856,-1
16557,24.331094,80.963386,-1
16558,24.320249,81.002048,-1
16559,22.549801,72.727521,-1
16560,22.519274,72.697284,-1
16561,22.803845,88.221414,-1
16562,22.799998,88.209203,-1
16563,15.241236,80.034076,-1
16564,15.233165,79.991412,-1
16565,10.689925,75.982601,-1
16566,10.647382,75.991045,-1
16567,16.198361,74.742833,-1
16568,16.168958,74.757767,-1
16569,25.667871,77.910811,-1
16570,25.660841,77.942986,-1
16571,26.979087,77.180854,-1
16572,26.982364,77.127961,-1
16573,28.225774,79.041368,-1
16574,28.221219,79.029858,-1
16575,21.870294,88.188923,-1
16576,21.864259,88.206185,-1
16577,25.030634,93.48139,-1
16578,25.0315,93.485935,-1
16579,18.127731,74.617471,-1
16580,18.16517,74.597152,-1
16581,27.654206,80.51387,-1
16582,27.649186,80.451755,-1
16583,24.066036,80.608088,-1
16584,24.062224,80.602285,-1
16585,26.842169,80.110887,-1
16586,26.844953,80.056519,-1
16587,13.664069,79.477794,-1
16588,13.690007,79.491193,-1
16589,28.65906,77.041584,-1
16590,28.6311,77.033306,-1
16591,15.628602,74.511465,-1
16592,15.636288,74.471126,-1
16593,9.968908,78.158767,-1
16594,9.950752,78.082967,-1
16595,20.03511,86.021408,-1
16596,20.068285,86.021856,-1
16597,23.222334,81.526706,-1
16598,23.217707,81.514633,-1
16599,20.669499,78.497229,-1
16600,20.639508,78.483236,-1
16601,10.128916,77.679082,-1
16602,10.128626,77.659938,-1
16603,31.707549,76.52766,-1
16604,31.648375,76.517229,-1
16605,29.770795,78.079722,-1
16606,29.744569,78.061211,-1
16607,8.65445,76.761966,-1
16608,8.701388,76.773009,-1
16609,12.028442,75.300222,-1
16610,12.045227,75.314271,-1
16611,10.171674,77.929896,-1
16612,10.144328,77.916284,-1
16613,20.21036,83.201848,-1
16614,20.226024,83.239441,-1
16615,29.166917,77.166318,-1
16616,29.178179,77.187314,-1
16617,29.652917,75.247347,-1
16618,29.688277,75.255625,-1
16619,13.057417,80.159003,-1
16620,13.054915,80.174973,-1
16621,14.468626,75.369994,-1
16622,14.471375,75.396538,-1
16623,11.838122,75.531892,-1
16624,11.812892,75.547501,-1
16625,22.941907,73.605923,-1
16626,22.980489,73.64124,-1
16627,25.459574,82.420285,-1
16628,25.432833,82.463209,-1
16629,28.493534,77.132962,-1
16630,28.504787,77.158369,-1
16631,10.720371,75.985423,-1
16632,10.694384,75.986152,-1
16633,26.719286,93.160128,-1
16634,26.716129,93.129829,-1
16635,28.898092,75.604728,-1
16636,28.934502,75.62856,-1
16637,14.32446,74.42934,-1
16638,14.2886,74.416793,-1
16639,12.887351,80.243547,-1
16640,12.956425,80.199159,-1
16641,17.592919,79.670721,-1
16642,17.604871,79.668704,-1
16643,28.716886,77.288788,-1
16644,28.715127,77.234336,-1
16645,25.819624,78.087006,-1
16646,25.818749,78.078126,-1
16647,8.168114,77.279493,-1
16648,8.19748,77.317528,-1
16649,17.241734,78.88534,-1
16650,17.288152,78.895164,-1
16651,21.190558,81.961646,-1
16652,21.241433,81.972514,-1
16653,30.941529,75.23612,-1
16654,30.922929,75.20234,-1
16655,18.59331,81.237375,-1
16656,18.638523,81.26224,-1
16657,16.38063,77.950299,-1
16658,16.43078,77.949743,-1
16659,23.455682,79.796523,-1
16660,23.434991,79.791794,-1
16661,22.82305,87.357199,-1
16662,22.873151,87.304389,-1
16663,9.27599,76.455069,-1
16664,9.231081,76.475506,-1
16665,20.050045,77.346537,-1
16666,20.059442,77.37377,-1
16667,28.967645,77.91672,-1
16668,28.973464,77.95563,-1
16669,8.349164,77.277289,-1
16670,8.310882,77.259217,-1
16671,26.337488,84.873103,-1
16672,26.371075,84.862188,-1
16673,18.135256,73.828327,-1
16674,18.130198,73.811857,-1
16675,11.875742,75.448033,-1
16676,11.811178,75.43958,-1
16677,25.344363,79.626989,-1
16678,25.364203,79.653654,-1
16679,20.893324,82.491692,-1
16680,20.917636,82.524748,-1
16681,11.342205,77.16769,-1
16682,11.332346,77.171676,-1
16683,12.056869,75.223214,-1
16684,12.08531,75.245947,-1
16685,21.95891,83.079551,-1
16686,21.978019,83.081769,-1
16687,27.292333,95.317119,-1
16688,27.305339,95.342936,-1
16689,24.031427,76.567651,-1
16690,24.037147,76.580422,-1
16691,15.281617,75.501216,-1
16692,15.288748,75.509729,-1
16693,30.167525,77.262268,-1
16694,30.130025,77.26055,-1
16695,13.998068,77.611303,-1
16696,14.008153,77.586997,-1
16697,18.271157,83.537475,-1
16698,18.279487,83.527519,-1
16699,13.399619,80.092917,-1
16700,13.408419,80.138823,-1
16701,25.318978,84.265639,-1
16702,25.294324,84.242001,-1
16703,10.155233,76.393775,-1
16704,10.152355,76.388893,-1
16705,18.983788,73.955564,-1
16706,19.012107,73.945815,-1
16707,29.378545,77.517548,-1
16708,29.331014,77.519027,-1
16709,27.727519,78.598356,-1
16710,27.756659,78.558901,-1
16711,14.940399,75.064322,-1
16712,14.98303,75.044569,-1
16713,21.486577,79.685694,-1
16714,21.43342,79.689624,-1
16715,28.402374,77.222464,-1
16716,28.436472,77.209333,-1
16717,16.064359,73.455662,-1
16718,16.046565,73.428457,-1
16719,28.142551,78.062817,-1
16720,28.168786,78.069539,-1
16721,24.049494,77.420675,-1
16722,24.052481,77.41979,-1
16723,10.455421,77.937449,-1
16724,10.430894,77.944081,-1
16725,24.633193,76.702348,-1
16726,24.624203,76.693925,-1
16727,26.372075,79.93768,-1
16728,26.403388,79.931889,-1
16729,23.79721,86.822006,-1
16730,23.773701,86.823844,-1
16731,20.385144,72.949338,-1
16732,20.416988,72.951117,-1
16733,25.277245,79.067444,-1
16734,25.261906,79.047267,-1
16735,11.47131,78.056247,-1
16736,11.475287,78.049599,-1
16737,22.753604,86.230261,-1
16738,22.737805,86.222238,-1
16739,20.144737,72.797408,-1
16740,20.16966,72.767765,-1
16741,21.270247,77.724591,-1
16742,21.189263,77.789289,-1
16743,18.923392,84.570992,-1
16744,18.931199,84.56742,-1
16745,25.236951,74.26305,-1
16746,25.226154,74.247445,-1
16747,20.337454,72.904704,-1
16748,20.347814,72.906734,-1
16749,30.556185,76.73216,-1
16750,30.545089,76.702182,-1
16751,18.26403,75.464817,-1
16752,18.217352,75.460785,-1
16753,29.12104,76.422042,-1
16754,29.15236,76.405798,-1
16755,11.061728,76.905876,-1
16756,11.118866,76.925158,-1
16757,11.724909,79.733065,-1
16758,11.748112,79.763656,-1
16759,21.98909,72.916939,-1
16760,21.950444,72.89906,-1
16761,26.861996,92.687509,-1
16762,26.835798,92.639025,-1
16763,29.690844,77.433281,-1
16764,29.718383,77.432774,-1
16765,16.467636,74.762808,-1
16766,16.437041,74.780744,-1
16767,15.229355,75.248581,-1
16768,15.281866,75.253371,-1
16769,19.259111,73.39541,-1
16770,19.250693,73.39233,-1
16771,8.281926,77.30429,-1
16772,8.225334,77.316336,-1
16773,18.016296,74.192452,-1
16774,18.029067,74.181297,-1
16775,31.443561,76.241353,-1
16776,31.469253,76.259086,-1
16777,22.677871,75.910068,-1
16778,22.661093,75.891263,-1
16779,29.284442,78.266272,-1
16780,29.284393,78.307957,-1
16781,22.99839,88.003854,-1
16782,22.960014,88.015477,-1
16783,21.258134,73.30355,-1
16784,21.251631,73.298793,-1
16785,21.852234,71.911207,-1
16786,21.886039,71.880744,-1
16787,30.323563,76.916844,-1
16788,30.292046,76.866012,-1
16789,29.662646,76.262287,-1
16790,29.676108,76.273238,-1
16791,12.06094,75.427322,-1
16792,12.025727,75.455241,-1
16793,21.390994,72.917449,-1
16794,21.393388,72.9273,-1
16795,9.48999,77.643147,-1
16796,9.502577,77.555546,-1
16797,11.866085,75.541814,-1
16798,11.857906,75.53887,-1
16799,23.304865,78.436952,-1
16800,23.337734,78.447117,-1
16801,11.738473,79.068227,-1
16802,11.728713,79.094862,-1
16803,26.522822,92.112057,-1
16804,26.51642,92.150318,-1
16805,8.225909,77.272054,-1
16806,8.188679,77.221116,-1
16807,9.548207,78.07395,-1
16808,9.574102,78.128168,-1
16809,17.091266,80.614993,-1
16810,17.125889,80.607714,-1
16811,22.676095,86.330582,-1
16812,22.646157,86.355387,-1
16813,18.458476,75.667488,-1
16814,18.451541,75.639654,-1
16815,30.485547,75.351693,-1
16816,30.48598,75.308605,-1
16817,19.988963,79.329984,-1
16818,20.01948,79.301973,-1
16819,19.204138,83.409736,-1
16820,19.250743,83.420348,-1
16821,29.192079,77.805313,-1
16822,29.19246,77.834072,-1
16823,22.717271,75.789984,-1
16824,22.692154,75.784176,-1
16825,25.307319,79.288472,-1
16826,25.268679,79.367847,-1
16827,24.461661,75.460171,-1
16828,24.450241,75.440346,-1
16829,17.848805,78.051133,-1
16830,17.855589,78.056105,-1
16831,21.398362,72.165432,-1
16832,21.406212,72.198073,-1
16833,23.585295,85.458851,-1
16834,23.610338,85.464044,-1
16835,27.770729,73.321383,-1
16836,27.808531,73.322263,-1
16837,12.265974,78.555792,-1
16838,12.284959,78.536824,-1
16839,21.245696,79.106367,-1
16840,21.289418,79.158132,-1
16841,27.94643,75.235169,-1
16842,27.957869,75.205063,-1
16843,22.567521,73.244093,-1
16844,22.55574,73.253036,-1
16845,9.771825,78.980553,-1
16846,9.764697,79.017702,-1
16847,11.990235,75.297707,-1
16848,12.004517,75.296176,-1
16849,11.119945,77.954754,-1
16850,11.09817,77.977323,-1
16851,29.730299,73.649971,-1
16852,29.674419,73.620054,-1
16853,13.330658,76.954614,-1
16854,13.305432,76.929446,-1
16855,24.375962,80.799164,-1
16856,24.407092,80.798233,-1
16857,25.478362,76.638255,-1
16858,25.503806,76.642472,-1
16859,20.38112,72.884878,-1
16860,20.366383,72.889099,-1
16861,27.17595,95.325218,-1
16862,27.227447,95.323677,-1
16863,19.066176,73.346958,-1
16864,19.015132,73.312542,-1
16865,22.017672,82.167774,-1
16866,22.046397,82.177406,-1
16867,9.253313,79.11999,-1
16868,9.282082,79.159892,-1
16869,28.166495,94.81451,-1
16870,28.124794,94.772949,-1
16871,22.29029,82.016741,-1
16872,22.299298,82.042718,-1
16873,17.774349,76.464429,-1
16874,17.81803,76.440165,-1
16875,28.777654,77.198452,-1
16876,28.771592,77.170135,-1
16877,24.393364,74.726278,-1
16878,24.380896,74.686413,-1
16879,10.057951,76.457017,-1
16880,10.067172,76.429339,-1
16881,27.370383,93.059567,-1
16882,27.382388,93.047231,-1
16883,22.500927,88.15971,-1
16884,22.469016,88.191927,-1
16885,24.357139,83.841013,-1
16886,24.30087,83.825827,-1
16887,26.426189,88.133034,-1
16888,26.417212,88.117658,-1
16889,17.838183,76.274705,-1
16890,17.833442,76.299687,-1
16891,22.817294,73.22878,-1
16892,22.767043,73.210992,-1
16893,24.561351,79.312379,-1
16894,24.529553,79.280119,-1
16895,26.824346,80.791659,-1
16896,26.854893,80.732858,-1
16897,8.695431,77.596437,-1
16898,8.661425,77.581377,-1
16899,12.659545,78.749271,-1
16900,12.592356,78.730872,-1
16901,13.06029,80.248205,-1
16902,13.080895,80.236891,-1
16903,22.828021,87.613987,-1
16904,22.794413,87.614744,-1
16905,12.322231,76.615918,-1
16906,12.353336,76.555312,-1
16907,26.413305,90.981738,-1
16908,26.447059,90.978376,-1
16909,25.975616,78.884546,-1
16910,26.009178,78.856468,-1
16911,23.343838,72.928841,-1
16912,23.324808,72.959651,-1
16913,8.340268,77.205137,-1
16914,8.346049,77.141578,-1
16915,9.166009,77.862892,-1
16916,9.140363,77.873333,-1
16917,26.29868,86.504278,-1
16918,26.261291,86.493869,-1
16919,12.253001,79.030969,-1
16920,12.292135,79.053437,-1
16921,23.02003,78.510223,-1
16922,23.107579,78.556657,-1
16923,30.138794,77.623518,-1
16924,30.168932,77.589449,-1
16925,12.125476,75.165757,-1
16926,12.16161,75.182701,-1
16927,28.007844,75.745925,-1
16928,28.025562,75.783693,-1
16929,29.385661,76.971076,-1
16930,29.375175,76.9794,-1
16931,19.786774,72.715156,-1
16932,19.859631,72.709697,-1
16933,9.671454,78.088877,-1
16934,9.672763,78.087206,-1
16935,23.393315,78.211885,-1
16936,23.407041,78.235981,-1
16937,27.929404,96.122078,-1
16938,27.937466,96.126869,-1
16939,27.882294,78.282043,-1
16940,27.865483,78.264136,-1
16941,22.729953,81.872505,-1
16942,22.759642,81.871527,-1
16943,10.204787,78.417845,-1
16944,10.150053,78.390847,-1
16945,11.552492,75.625548,-1
16946,11.559175,75.629005,-1
16947,29.830391,75.896955,-1
16948,29.83174,75.902617,-1
16949,10.552111,76.891252,-1
16950,10.625731,76.957935,-1
16951,25.175736,78.192122,-1
16952,25.181494,78.192348,-1
16953,28.661602,77.060075,-1
16954,28.694261,77.024387,-1
16955,12.588322,74.964509,-1
16956,12.580026,74.949704,-1
16957,15.771513,74.479319,-1
16958,15.758725,74.49696,-1
16959,10.413292,76.250371,-1
16960,10.429722,76.266813,-1
16961,8.410233,77.608719,-1
16962,8.437053,77.58347,-1
16963,23.968192,71.838084,-1
16964,23.976251,71.833476,-1
16965,23.351207,85.994554,-1
16966,23.390031,85.97044,-1
16967,19.903463,75.287604,-1
16968,19.873778,75.335788,-1
16969,31.868742,74.983428,-1
16970,31.853767,74.920171,-1
16971,11.686653,75.660258,-1
16972,11.646786,75.715388,-1
16973,10.364822,76.141083,-1
16974,10.355388,76.191929,-1
16975,10.428365,78.124603,-1
16976,10.436702,78.128738,-1
16977,13.672574,79.366206,-1
16978,13.651152,79.353918,-1
16979,11.851907,75.508824,-1
16980,11.837412,75.489334,-1
16981,31.528846,75.642161,-1
16982,31.514272,75.661236,-1
16983,12.980559,76.133896,-1
16984,13.033655,76.101845,-1
16985,16.102189,80.781518,-1
16986,16.131893,80.793788,-1
16987,23.649407,91.33471,-1
16988,23.624512,91.349341,-1
16989,8.284335,77.213022,-1
16990,8.311239,77.264861,-1
16991,26.50666,77.42408,-1
16992,26.53979,77.387658,-1
16993,22.188671,87.975833,-1
16994,22.225023,87.96127,-1
16995,22.584795,88.225358,-1
16996,22.596142,88.207964,-1
16997,16.759623,78.11432,-1
16998,16.750778,78.139515,-1
16999,22.158435,85.54604,-1
17000,22.179957,85.534722,-1
17001,22.185468,72.082044,-1
17002,22.229613,72.052537,-1
17003,28.533768,78.699315,-1
17004,28.512428,78.695403,-1
17005,9.875935,76.317321,-1
17006,9.844865,76.364665,-1
17007,29.833402,76.905756,-1
17008,29.842951,76.924935,-1
17009,14.091711,74.490938,-1
17010,14.086521,74.486513,-1
17011,17.931443,74.780258,-1
17012,17.946238,74.715362,-1
17013,14.241736,75.653917,-1
17014,14.242241,75.628942,-1
17015,26.56804,94.180868,-1
17016,26.608313,94.139988,-1
17017,25.822697,72.599645,-1
17018,25.787604,72.574086,-1
17019,28.510418,77.176546,-1
17020,28.521635,77.200039,-1
17021,10.687959,76.677613,-1
17022,10.694201,76.692922,-1
17023,23.259871,73.201219,-1
17024,23.211916,73.234133,-1
17025,22.609659,72.930505,-1
17026,22.581378,72.938509,-1
17027,14.319626,79.795853,-1
17028,14.344481,79.816315,-1
17029,24.518091,74.159322,-1
17030,24.492137,74.166519,-1
17031,15.761227,74.473402,-1
17032,15.812261,74.494743,-1
17033,10.333021,78.14233,-1
17034,10.319274,78.165107,-1
17035,25.333622,82.209012,-1
17036,25.392492,82.177314,-1
17037,12.776364,77.847122,-1
17038,12.778193,77.898146,-1
17039,11.122491,76.95482,-1
17040,11.108415,76.955177,-1
17041,10.331616,77.983006,-1
17042,10.345012,77.969007,-1
17043,26.084249,82.955472,-1
17044,26.03628,82.91373,-1
17045,33.899854,75.137892,-1
17046,33.915144,75.143669,-1
17047,21.555714,73.996625,-1
17048,21.532321,74.043867,-1
17049,30.039437,75.499477,-1
17050,30.041566,75.559288,-1
17051,10.405176,78.027531,-1
17052,10.359495,78.010111,-1
17053,10.732398,77.584979,-1
17054,10.803682,77.582073,-1
17055,10.966457,76.911455,-1
17056,10.996561,76.946331,-1
17057,16.356927,75.63078,-1
17058,16.321586,75.612921,-1
17059,12.830746,76.779129,-1
17060,12.840926,76.734961,-1
17061,25.621396,84.429844,-1
17062,25.593181,84.381797,-1
17063,21.67375,71.5368,-1
17064,21.717173,71.519454,-1
17065,10.502965,76.095793,-1
17066,10.461677,76.1013,-1
17067,24.351047,72.83892,-1
17068,24.36578,72.859712,-1
17069,22.677164,76.769457,-1
17070,22.656518,76.717186,-1
17071,26.120581,92.194567,-1
17072,26.105515,92.195562,-1
17073,23.184233,71.799496,-1
17074,23.212269,71.809346,-1
17075,22.804538,72.912852,-1
17076,22.845262,72.941731,-1
17077,10.388326,77.992927,-1
17078,10.405871,77.979601,-1
17079,26.639172,73.710982,-1
17080,26.689292,73.742288,-1
17081,11.129294,77.247253,-1
17082,11.104401,77.285534,-1
17083,11.644963,78.493438,-1
17084,11.667051,78.501108,-1
17085,24.654251,73.718635,-1
17086,24.629959,73.730519,-1
17087,8.294737,77.339194,-1
17088,8.255471,77.312459,-1
17089,19.723547,85.228316,-1
17090,19.734287,85.19213,-1
17091,27.327978,76.986114,-1
17092,27.286509,77.003084,-1
17093,17.597468,74.216505,-1
17094,17.5952,74.182137,-1
17095,10.856397,78.522872,-1
17096,10.879193,78.533328,-1
17097,21.037948,83.047972,-1
17098,21.021063,83.065582,-1
17099,20.103903,85.880999,-1
17100,20.121429,85.840664,-1
17101,10.238343,76.344442,-1
17102,10.289317,76.347687,-1
17103,12.79601,75.091217,-1
17104,12.771263,75.081635,-1
17105,15.264622,75.600755,-1
17106,15.228264,75.592541,-1
17107,25.512937,73.913796,-1
17108,25.470926,73.923946,-1
17109,23.007139,79.88301,-1
17110,23.02197,79.866207,-1
17111,27.168627,81.496985,-1
17112,27.168017,81.536467,-1
17113,27.323062,83.720807,-1
17114,27.343989,83.746576,-1
17115,23.408494,85.31236,-1
17116,23.42621,85.338876,-1
17117,11.660436,78.388638,-1
17118,11.659767,78.389526,-1
17119,33.657783,75.213493,-1
17120,33.690005,75.225742,-1
17121,10.93634,79.270566,-1
17122,10.913302,79.280057,-1
17123,26.038062,73.999369,-1
17124,26.019937,74.006391,-1
17125,16.877422,74.213277,-1
17126,16.876102,74.196906,-1
17127,29.156951,78.523222,-1
17128,29.187782,78.451053,-1
17129,20.375302,85.525173,-1
17130,20.378579,85.545633,-1
17131,9.388557,77.516791,-1
17132,9.378007,77.506907,-1
17133,26.206324,91.709538,-1
17134,26.222105,91.731969,-1
17135,26.440786,85.174675,-1
17136,26.440054,85.146931,-1
17137,24.990408,79.05683,-1
17138,25.013145,79.059251,-1
17139,19.754277,85.172825,-1
17140,19.805302,85.214721,-1
17141,25.044296,79.238166,-1
17142,25.024131,79.204958,-1
17143,29.897395,77.037869,-1
17144,29.886603,77.065506,-1
17145,22.026814,82.098418,-1
17146,22.006084,82.122456,-1
17147,12.161679,77.926554,-1
17148,12.13447,77.929967,-1
17149,10.214092,76.295085,-1
17150,10.226842,76.276963,-1
17151,8.106407,77.386271,-1
17152,8.132412,77.405287,-1
17153,22.838415,75.515431,-1
17154,22.89306,75.548579,-1
17155,27.081027,73.809911,-1
17156,27.048019,73.820159,-1
17157,16.488988,80.684199,-1
17158,16.485549,80.710932,-1
17159,28.745696,77.014797,-1
17160,28.702377,77.013167,-1
17161,15.538286,73.71317,-1
17162,15.55602,73.746716,-1
17163,25.371716,81.491766,-1
17164,25.372446,81.484021,-1
17165,29.673804,76.752521,-1
17166,29.689418,76.740408,-1
17167,11.736658,75.582113,-1
17168,11.752535,75.557583,-1
17169,25.294161,73.933703,-1
17170,25.251121,73.939058,-1
17171,29.860185,75.705217,-1
17172,29.866538,75.676866,-1
17173,10.478682,76.269874,-1
17174,10.481263,76.28406,-1
17175,19.571485,84.77729,-1
17176,19.594243,84.745994,-1
17177,22.733132,76.302091,-1
17178,22.767157,76.287975,-1
17179,28.352744,77.068877,-1
17180,28.296476,77.050758,-1
17181,15.581387,75.76078,-1
17182,15.583016,75.855297,-1
17183,23.788821,85.971766,-1
17184,23.780276,85.933895,-1
17185,23.196964,82.156502,-1
17186,23.18527,82.162885,-1
17187,26.700157,88.337575,-1
17188,26.687086,88.317555,-1
17189,26.948966,79.672333,-1
17190,26.919875,79.672534,-1
17191,20.157392,74.220676,-1
17192,20.139935,74.267794,-1
17193,10.567619,77.260928,-1
17194,10.582008,77.262264,-1
17195,10.634772,75.995475,-1
17196,10.662733,75.986075,-1
17197,16.32103,80.242703,-1
17198,16.313354,80.25177,-1
17199,21.098536,79.109022,-1
17200,21.101325,79.099556,-1
17201,8.250843,77.222424,-1
17202,8.202456,77.17074,-1
17203,20.960202,72.869758,-1
17204,20.949493,72.905586,-1
17205,23.306871,72.743924,-1
17206,23.317832,72.785931,-1
17207,10.403958,77.479558,-1
17208,10.488482,77.522765,-1
17209,20.53611,85.64076,-1
17210,20.527058,85.659453,-1
17211,22.561883,79.575766,-1
17212,22.598399,79.602336,-1
17213,25.334905,72.998908,-1
17214,25.305069,73.029204,-1
17215,30.878633,74.927758,-1
17216,30.897084,74.936648,-1
17217,13.106576,74.800691,-1
17218,13.052246,74.789355,-1
17219,8.266731,77.26579,-1
17220,8.27928,77.285361,-1
17221,21.062073,80.926621,-1
17222,21.074058,80.9238,-1
17223,8.352455,77.310208,-1
17224,8.362718,77.272893,-1
17225,22.1087,82.247242,-1
17226,22.115166,82.231292,-1
17227,21.4579,86.770566,-1
17228,21.441457,86.777844,-1
17229,11.12085,77.373447,-1
17230,11.110903,77.367749,-1
17231,10.898042,78.688871,-1
17232,10.897022,78.745628,-1
17233,14.506386,76.32816,-1
17234,14.508911,76.339814,-1
17235,16.120743,74.222805,-1
17236,16.110756,74.206514,-1
17237,11.200444,77.313524,-1
17238,11.162104,77.333337,-1
17239,12.158269,75.8308,-1
17240,12.178247,75.819866,-1
17241,29.19975,76.14161,-1
17242,29.206952,76.157014,-1
17243,11.426168,77.690134,-1
17244,11.448099,77.650267,-1
17245,20.203349,85.102129,-1
17246,20.142859,85.127625,-1
17247,11.861395,75.476784,-1
17248,11.841209,75.470198,-1
17249,26.131852,83.913482,-1
17250,26.13483,83.928178,-1
17251,15.427689,74.728308,-1
17252,15.467795,74.743255,-1
17253,10.605403,76.933024,-1
17254,10.628815,76.911777,-1
17255,30.715361,74.413846,-1
17256,30.722331,74.391979,-1
17257,26.680909,91.911989,-1
17258,26.674315,91.958409,-1
17259,21.349912,70.441832,-1
17260,21.327442,70.455841,-1
17261,15.508205,73.823622,-1
17262,15.433126,73.859048,-1
17263,24.600408,74.814215,-1
17264,24.620022,74.852457,-1
17265,30.755148,78.448702,-1
17266,30.740098,78.455073,-1
17267,24.390619,87.081868,-1
17268,24.403502,87.068481,-1
17269,22.642972,74.929375,-1
17270,22.70583,74.95045,-1
17271,10.466465,78.131266,-1
17272,10.450121,78.193093,-1
17273,11.977148,75.420403,-1
17274,11.967745,75.41975,-1
17275,8.75546,77.782475,-1
17276,8.761316,77.740359,-1
17277,11.853259,75.457907,-1
17278,11.851044,75.432556,-1
17279,16.379567,77.356341,-1
17280,16.362612,77.338034,-1
17281,21.248055,72.825549,-1
17282,21.228845,72.849751,-1
17283,21.401654,71.097058,-1
17284,21.410983,71.15927,-1
17285,28.549907,77.102506,-1
17286,28.539773,77.082476,-1
17287,9.335649,76.503428,-1
17288,9.322487,76.477588,-1
17289,12.867652,80.050987,-1
17290,12.871076,80.060767,-1
17291,25.898207,91.867643,-1
17292,25.935577,91.895647,-1
17293,22.614269,88.23498,-1
17294,22.59623,88.23139,-1
17295,26.775126,75.183201,-1
17296,26.826669,75.215239,-1
17297,9.707978,76.35471,-1
17298,9.667457,76.366146,-1
17299,24.995872,81.609106,-1
17300,24.996027,81.629147,-1
17301,12.782944,77.606662,-1
17302,12.794322,77.608813,-1
17303,20.128945,85.090174,-1
17304,20.151495,85.145419,-1
17305,28.577062,77.149017,-1
17306,28.564736,77.166329,-1
17307,11.558787,75.727033,-1
17308,11.594,75.75699,-1
17309,26.874616,82.143911,-1
17310,26.852729,82.11105,-1
17311,26.770014,83.147172,-1
17312,26.747428,83.126784,-1
17313,11.923953,75.425977,-1
17314,11.876023,75.425858,-1
17315,10.793266,76.216038,-1
17316,10.818108,76.214447,-1
17317,15.58166,73.956081,-1
17318,15.604363,73.972214,-1
17319,16.985815,81.812274,-1
17320,16.959766,81.815646,-1
17321,8.321409,77.265983,-1
17322,8.28618,77.253032,-1
17323,26.035347,77.375775,-1
17324,26.056699,77.395645,-1
17325,31.219388,76.177711,-1
17326,31.244811,76.171202,-1
17327,30.093171,75.994398,-1
17328,30.049506,75.984233,-1
17329,22.354344,71.726862,-1
17330,22.350229,71.747408,-1
17331,23.771023,91.28126,-1
17332,23.820961,91.32101,-1
17333,25.534366,81.34666,-1
17334,25.516798,81.3308,-1
17335,26.267039,78.999496,-1
17336,26.280699,79.015671,-1
17337,28.08087,75.814703,-1
17338,28.049965,75.810779,-1
17339,27.487525,95.463078,-1
17340,27.503669,95.425272,-1
17341,15.193286,74.968793,-1
17342,15.202245,74.992906,-1
17343,11.781252,75.52477,-1
17344,11.761382,75.526936,-1
17345,29.102658,80.117214,-1
17346,29.060527,80.113098,-1
17347,26.688273,73.92018,-1
17348,26.765819,73.91965,-1
17349,22.337485,73.144736,-1
17350,22.38719,73.163934,-1
17351,17.70437,73.407078,-1
17352,17.69365,73.395524,-1
17353,31.208227,75.18522,-1
17354,31.18849,75.183309,-1
17355,21.6328,69.97996,-1
17356,21.573,69.98028,-1
17357,25.375542,72.767773,-1
17358,25.334556,72.745183,-1
17359,14.353697,75.261492,-1
17360,14.398581,75.246921,-1
17361,9.432784,77.78575,-1
17362,9.414645,77.795466,-1
17363,12.90013,80.082655,-1
17364,12.892448,80.080486,-1
17365,24.231717,94.287753,-1
17366,24.237935,94.295654,-1
17367,10.133161,76.439038,-1
17368,10.127252,76.476194,-1
17369,16.119375,80.936415,-1
17370,16.111484,80.913475,-1
17371,19.902491,86.11283,-1
17372,19.87408,86.074852,-1
17373,20.82116,73.014976,-1
17374,20.809656,73.00563,-1
17375,8.14336,77.396062,-1
17376,8.159433,77.381044,-1
17377,11.819132,75.475764,-1
17378,11.811765,75.423339,-1
17379,29.45839,76.179655,-1
17380,29.472544,76.17858,-1
17381,12.770639,76.008307,-1
17382,12.766306,76.093447,-1
17383,20.932296,85.531572,-1
17384,20.923013,85.542154,-1
17385,22.745225,77.696253,-1
17386,22.761577,77.677117,-1
17387,11.817201,75.46999,-1
17388,11.799168,75.464974,-1
17389,12.542035,78.55175,-1
17390,12.533672,78.572784,-1
17391,10.740584,78.763063,-1
17392,10.721225,78.77014,-1
17393,9.62513,77.621332,-1
17394,9.626431,77.639934,-1
17395,11.150893,77.778229,-1
17396,11.127353,77.79722,-1
17397,28.040994,76.564422,-1
17398,28.05942,76.553971,-1
17399,24.77954,82.09006,-1
17400,24.786632,82.091113,-1
17401,10.374175,76.205993,-1
17402,10.3741,76.219502,-1
17403,10.74945,79.068187,-1
17404,10.714619,79.03892,-1
17405,22.567667,88.014996,-1
17406,22.581532,87.99881,-1
17407,19.651282,73.124494,-1
17408,19.628863,73.156972,-1
17409,21.252309,73.248147,-1
17410,21.210638,73.233366,-1
17411,11.926867,79.560269,-1
17412,11.929208,79.58206,-1
17413,21.663069,69.570773,-1
17414,21.673577,69.612275,-1
17415,22.669543,77.933642,-1
17416,22.706123,77.936863,-1
17417,22.089416,76.712404,-1
17418,22.074417,76.767216,-1
17419,21.661823,72.995909,-1
17420,21.675205,73.057132,-1
17421,28.755247,76.578244,-1
17422,28.67024,76.570799,-1
17423,28.445519,77.172982,-1
17424,28.432227,77.16233,-1
17425,18.84946,72.941573,-1
17426,18.871232,72.95248,-1
17427,9.021944,77.386553,-1
17428,8.962547,77.411939,-1
17429,12.877121,79.07904,-1
17430,12.887322,79.146438,-1
17431,8.228352,77.248964,-1
17432,8.254897,77.235504,-1
17433,23.803466,76.240201,-1
17434,23.851932,76.228941,-1
17435,12.308029,76.073072,-1
17436,12.349154,76.101779,-1
17437,25.567507,85.042987,-1
17438,25.531241,85.062251,-1
17439,26.58074,79.46544,-1
17440,26.587336,79.445084,-1
17441,21.61717,73.032901,-1
17442,21.627484,73.024108,-1
17443,28.245049,78.373231,-1
17444,28.245398,78.39833,-1
17445,11.802222,77.818308,-1
17446,11.842236,77.830808,-1
17447,24.875095,80.210897,-1
17448,24.893852,80.262003,-1
17449,22.120812,80.521278,-1
17450,22.08122,80.565779,-1
17451,26.874708,80.71453,-1
17452,26.923831,80.703063,-1
17453,25.428572,81.906489,-1
17454,25.428953,81.882348,-1
17455,22.768759,70.831636,-1
17456,22.812574,70.843403,-1
17457,10.753518,76.785116,-1
17458,10.73843,76.768082,-1
17459,8.700059,77.565716,-1
17460,8.660222,77.605276,-1
17461,15.163034,73.963115,-1
17462,15.141615,74.034701,-1
17463,22.527555,83.462975,-1
17464,22.56413,83.497643,-1
17465,25.747122,74.307511,-1
17466,25.730238,74.302756,-1
17467,20.182506,83.907147,-1
17468,20.166507,83.946778,-1
17469,22.29902,73.404544,-1
17470,22.282091,73.380552,-1
17471,8.547966,78.015036,-1
17472,8.545327,77.951563,-1
17473,24.710623,93.894706,-1
17474,24.699903,93.933011,-1
17475,23.749671,91.310493,-1
17476,23.748969,91.261381,-1
17477,11.309372,79.561356,-1
17478,11.26162,79.558702,-1
17479,24.14768,74.055938,-1
17480,24.125788,74.053046,-1
17481,22.983739,76.376131,-1
17482,22.977464,76.327482,-1
17483,11.466086,77.646373,-1
17484,11.433069,77.658808,-1
17485,12.792579,74.874337,-1
17486,12.773091,74.881147,-1
17487,22.601481,88.420044,-1
17488,22.64844,88.430048,-1
17489,22.17914,78.765534,-1
17490,22.19259,78.726558,-1
17491,25.852932,94.786084,-1
17492,25.884228,94.796278,-1
17493,22.960378,86.839835,-1
17494,22.964082,86.86371,-1
17495,31.116664,75.812757,-1
17496,31.155262,75.750315,-1
17497,10.542664,77.225543,-1
17498,10.58545,77.235237,-1
17499,19.945692,76.136812,-1
17500,19.971828,76.178499,-1
17501,23.954744,76.07082,-1
17502,23.98425,76.123113,-1
17503,25.571463,81.490229,-1
17504,25.569032,81.4976,-1
17505,10.349938,76.116722,-1
17506,10.375124,76.12401,-1
17507,28.71333,77.016394,-1
17508,28.738499,77.025291,-1
17509,21.670518,77.656509,-1
17510,21.677037,77.595838,-1
17511,16.285782,73.68628,-1
17512,16.267632,73.713861,-1
17513,17.272903,81.875672,-1
17514,17.270995,81.845673,-1
17515,20.997039,83.082505,-1
17516,20.996599,83.029579,-1
17517,15.424995,74.006196,-1
17518,15.436419,74.048267,-1
17519,11.343756,77.321953,-1
17520,11.380353,77.335827,-1
17521,19.30905,84.797231,-1
17522,19.32695,84.800341,-1
17523,12.537484,78.368655,-1
17524,12.52549,78.3664,-1
17525,22.158216,75.363874,-1
17526,22.173082,75.364356,-1
17527,33.725229,74.796431,-1
17528,33.710419,74.840428,-1
17529,30.847111,75.654872,-1
17530,30.856421,75.683234,-1
17531,10.625971,76.993152,-1
17532,10.641788,76.949323,-1
17533,21.042975,75.807099,-1
17534,21.078742,75.785577,-1
17535,27.208807,83.899565,-1
17536,27.207089,83.875953,-1
17537,34.550645,76.120541,-1
17538,34.57986,76.119706,-1
17539,24.505434,86.64877,-1
17540,24.502511,86.633767,-1
17541,19.184348,82.334386,-1
17542,19.182159,82.337102,-1
17543,28.700489,76.96885,-1
17544,28.68931,76.988021,-1
17545,22.463096,86.729715,-1
17546,22.493935,86.739208,-1
17547,24.326161,79.129743,-1
17548,24.323884,79.122698,-1
17549,10.051536,76.22201,-1
17550,10.095728,76.250438,-1
17551,11.380334,79.73879,-1
17552,11.410255,79.728783,-1
17553,23.915126,91.845644,-1
17554,23.940382,91.853716,-1
17555,8.331415,77.269479,-1
17556,8.408521,77.2776,-1
17557,31.216872,76.492043,-1
17558,31.227322,76.49306,-1
17559,11.770375,78.062014,-1
17560,11.734015,78.026565,-1
17561,16.217431,76.658249,-1
17562,16.179062,76.680153,-1
17563,11.158872,77.608912,-1
17564,11.146627,77.571456,-1
17565,10.477068,79.385697,-1
17566,10.515612,79.401446,-1
17567,23.668551,87.191984,-1
17568,23.638569,87.157228,-1
17569,10.930801,79.201182,-1
17570,10.908434,79.173215,-1
17571,20.265771,72.978032,-1
17572,20.264436,72.956951,-1
17573,28.124747,76.98732,-1
17574,28.117667,77.018387,-1
17575,12.807669,79.346426,-1
17576,12.842784,79.310999,-1
17577,10.850076,78.752741,-1
17578,10.796058,78.753383,-1
17579,27.248836,79.609632,-1
17580,27.235515,79.642963,-1
17581,21.856026,75.969692,-1
17582,21.859147,75.93786,-1
17583,10.739802,79.079995,-1
17584,10.771519,79.067799,-1
17585,11.687082,77.869748,-1
17586,11.734197,77.893164,-1
17587,31.055062,74.822697,-1
17588,31.070145,74.833637,-1
17589,22.201862,81.415058,-1
17590,22.246009,81.423524,-1
17591,10.889523,79.063121,-1
17592,10.870352,79.097557,-1
17593,11.418756,77.744812,-1
17594,11.395235,77.762481,-1
17595,22.993621,75.833891,-1
17596,22.960686,75.814245,-1
17597,8.205202,77.357647,-1
17598,8.175182,77.330073,-1
17599,9.757845,77.307426,-1
17600,9.730293,77.322431,-1
17601,18.78216,80.803771,-1
17602,18.814104,80.848186,-1
17603,11.073013,79.542649,-1
17604,11.107238,79.556996,-1
17605,12.036584,75.286755,-1
17606,11.97505,75.312578,-1
17607,9.589391,76.453835,-1
17608,9.594747,76.469768,-1
17609,25.874393,93.745682,-1
17610,25.869617,93.755553,-1
17611,10.449756,76.214258,-1
17612,10.457041,76.19818,-1
17613,10.795031,76.337981,-1
17614,10.753497,76.311305,-1
17615,9.929887,77.32644,-1
17616,9.899097,77.285747,-1
17617,23.731981,73.255743,-1
17618,23.786474,73.225294,-1
17619,28.543525,79.31871,-1
17620,28.572516,79.327475,-1
17621,23.805641,85.57123,-1
17622,23.789756,85.587985,-1
17623,21.631898,81.710073,-1
17624,21.607811,81.669553,-1
17625,11.878731,75.589049,-1
17626,11.839145,75.567172,-1
17627,15.981669,73.625346,-1
17628,16.00722,73.681289,-1
17629,19.364686,78.785154,-1
17630,19.392715,78.744861,-1
17631,23.891327,79.573528,-1
17632,23.876985,79.570739,-1
17633,22.691879,75.607336,-1
17634,22.673598,75.606902,-1
17635,8.229701,77.244954,-1
17636,8.238123,77.284306,-1
17637,11.08776,76.982274,-1
17638,11.125324,76.926808,-1
17639,30.746521,76.675097,-1
17640,30.781874,76.689643,-1
17641,26.255489,91.510858,-1
17642,26.273435,91.505492,-1
17643,23.117679,70.733159,-1
17644,23.115206,70.74454,-1
17645,9.869547,77.280434,-1
17646,9.820745,77.304431,-1
17647,29.274717,77.317017,-1
17648,29.242303,77.30118,-1
17649,10.80805,78.806433,-1
17650,10.802907,78.803975,-1
17651,26.785,92.127902,-1
17652,26.752381,92.079423,-1
17653,22.65731,72.754162,-1
17654,22.65591,72.758857,-1
17655,23.708159,72.103369,-1
17656,23.726627,72.079022,-1
17657,8.273533,77.472436,-1
17658,8.306254,77.429982,-1
17659,9.199393,76.536192,-1
17660,9.229785,76.524978,-1
17661,26.491178,79.934284,-1
17662,26.454877,79.90177,-1
17663,23.647067,80.703211,-1
17664,23.619878,80.683513,-1
17665,16.56676,79.312136,-1
17666,16.594314,79.275512,-1
17667,25.023087,78.112978,-1
17668,25.001038,78.135292,-1
17669,11.020651,77.09907,-1
17670,10.98959,77.080336,-1
17671,26.817759,83.515984,-1
17672,26.836045,83.556066,-1
17673,26.320027,90.702567,-1
17674,26.316041,90.667479,-1
17675,8.61587,77.952383,-1
17676,8.589519,77.945262,-1
17677,24.355401,75.98142,-1
17678,24.396366,75.975151,-1
17679,29.420096,77.486609,-1
17680,29.417826,77.465002,-1
17681,23.328458,75.550059,-1
17682,23.300284,75.577859,-1
17683,10.454398,76.227854,-1
17684,10.458268,76.259629,-1
17685,10.670889,75.997923,-1
17686,10.652939,76.0358,-1
17687,24.445164,85.655737,-1
17688,24.452847,85.71291,-1
17689,14.707356,76.719079,-1
17690,14.737067,76.746451,-1
17691,22.190661,84.814127,-1
17692,22.194487,84.855954,-1
17693,22.728617,70.274124,-1
17694,22.741245,70.288843,-1
17695,20.957289,85.159602,-1
17696,20.930162,85.174442,-1
17697,14.075307,76.220391,-1
17698,14.052296,76.143402,-1
17699,26.572049,85.528733,-1
17700,26.55831,85.505444,-1
17701,9.927033,78.07944,-1
17702,9.929975,78.046928,-1
17703,11.558781,75.772339,-1
17704,11.552319,75.765587,-1
17705,21.033747,83.83456,-1
17706,21.010435,83.804076,-1
17707,19.008853,76.446278,-1
17708,19.031339,76.457155,-1
17709,21.557573,76.869394,-1
17710,21.573795,76.890168,-1
17711,22.762464,75.831053,-1
17712,22.807019,75.821027,-1
17713,23.041702,74.604393,-1
17714,23.019514,74.583948,-1
17715,20.016293,75.205058,-1
17716,20.018999,75.191883,-1
17717,9.834702,77.694557,-1
17718,9.910183,77.675526,-1
17719,21.672891,74.600472,-1
17720,21.676353,74.602811,-1
17721,16.88862,74.587558,-1
17722,16.911483,74.594607,-1
17723,25.464465,85.350866,-1
17724,25.496105,85.425459,-1
17725,21.227939,79.184045,-1
17726,21.191511,79.193299,-1
17727,28.944355,79.93422,-1
17728,28.962271,80.016651,-1
17729,17.768013,73.169332,-1
17730,17.715438,73.185695,-1
17731,24.400719,74.472674,-1
17732,24.381288,74.449316,-1
17733,11.522354,77.236743,-1
17734,11.54304,77.217434,-1
17735,20.951008,72.947814,-1
17736,20.942976,72.936784,-1
17737,11.22491,78.168888,-1
17738,11.203127,78.133189,-1
17739,17.270128,78.580344,-1
17740,17.305787,78.541305,-1
17741,31.040498,76.153116,-1
17742,31.04019,76.129184,-1
17743,10.689551,76.25195,-1
17744,10.649227,76.255036,-1
17745,28.203736,75.530229,-1
17746,28.211024,75.51305,-1
17747,11.937215,79.801192,-1
17748,11.866609,79.832855,-1
17749,18.647429,79.683757,-1
17750,18.662268,79.628077,-1
17751,28.393095,75.582684,-1
17752,28.394415,75.550243,-1
17753,28.518626,77.202196,-1
17754,28.506721,77.186015,-1
17755,26.014334,90.284446,-1
17756,26.013051,90.297724,-1
17757,10.271042,76.145588,-1
17758,10.277062,76.175765,-1
17759,10.004845,77.373483,-1
17760,10.02033,77.33979,-1
17761,16.074304,75.811402,-1
17762,16.057238,75.836302,-1
17763,28.196757,80.250598,-1
17764,28.22358,80.275898,-1
17765,24.62669,75.95662,-1
17766,24.645063,75.991864,-1
17767,18.756957,73.422309,-1
17768,18.736534,73.449212,-1
17769,19.649297,73.449534,-1
17770,19.629888,73.481701,-1
17771,21.119561,73.107115,-1
17772,21.131245,73.075563,-1
17773,18.022932,77.797413,-1
17774,18.012041,77.75995,-1
17775,10.453685,77.965143,-1
17776,10.458433,77.965667,-1
17777,11.45885,77.559435,-1
17778,11.445051,77.577616,-1
17779,25.541941,80.694847,-1
17780,25.538228,80.72112,-1
17781,27.273853,75.155339,-1
17782,27.308148,75.154553,-1
17783,28.393566,77.057753,-1
17784,28.400366,77.054031,-1
17785,9.289167,76.427898,-1
17786,9.305671,76.457767,-1
17787,12.508267,75.039038,-1
17788,12.499212,75.075578,-1
17789,34.567607,74.201846,-1
17790,34.543864,74.241396,-1
17791,21.726561,84.382767,-1
17792,21.759131,84.374962,-1
17793,17.537193,78.447249,-1
17794,17.552312,78.478517,-1
17795,31.311367,75.308504,-1
17796,31.321126,75.314848,-1
17797,19.241472,73.022109,-1
17798,19.260489,73.049482,-1
17799,28.868359,75.928386,-1
17800,28.898441,75.945941,-1
17801,8.333678,77.286078,-1
17802,8.348765,77.335291,-1
17803,20.165359,72.814549,-1
17804,20.185822,72.803066,-1
17805,28.253064,79.953564,-1
17806,28.237401,79.952461,-1
17807,24.049442,77.412507,-1
17808,24.079267,77.422294,-1
17809,12.125599,79.281265,-1
17810,12.115889,79.250235,-1
17811,30.739466,76.861726,-1
17812,30.709206,76.839332,-1
17813,24.104809,78.048479,-1
17814,24.123198,78.093661,-1
17815,23.97876,91.365024,-1
17816,23.933872,91.355543,-1
17817,15.886051,77.229956,-1
17818,15.827782,77.223018,-1
17819,32.621336,74.869914,-1
17820,32.657142,74.892205,-1
17821,11.31848,77.668137,-1
17822,11.299177,77.70185,-1
17823,9.14825,77.708069,-1
17824,9.151786,77.694559,-1
17825,13.679088,75.291167,-1
17826,13.685451,75.225851,-1
17827,27.442665,75.81284,-1
17828,27.422447,75.827022,-1
17829,26.824157,74.766957,-1
17830,26.899576,74.787422,-1
17831,17.52799,78.297999,-1
17832,17.529815,78.322154,-1
17833,25.225568,82.72071,-1
17834,25.191796,82.691111,-1
17835,21.085232,84.34804,-1
17836,21.096091,84.356107,-1
17837,22.53943,71.486912,-1
17838,22.531147,71.482523,-1
17839,22.390502,79.583773,-1
17840,22.37826,79.50821,-1
17841,19.529611,84.885873,-1
17842,19.476766,84.899933,-1
17843,26.844806,78.607536,-1
17844,26.901766,78.595457,-1
17845,11.948474,75.466869,-1
17846,11.952889,75.478623,-1
17847,17.455526,80.125191,-1
17848,17.408751,80.150009,-1
17849,15.242973,73.999666,-1
17850,15.277793,73.974556,-1
17851,16.999056,81.853389,-1
17852,16.987105,81.814255,-1
17853,15.500216,73.854441,-1
17854,15.552251,73.822299,-1
17855,24.044331,92.223068,-1
17856,24.058718,92.225323,-1
17857,34.040083,74.70038,-1
17858,33.998769,74.716753,-1
17859,10.279909,76.124905,-1
17860,10.305704,76.127382,-1
17861,10.740252,78.107679,-1
17862,10.743406,78.127544,-1
17863,28.496644,79.232457,-1
17864,28.532248,79.195893,-1
17865,12.488005,75.979741,-1
17866,12.447894,75.924065,-1
17867,10.980452,79.360287,-1
17868,10.93319,79.3723,-1
17869,21.325863,72.882257,-1
17870,21.329401,72.871904,-1
17871,21.751236,79.820889,-1
17872,21.81156,79.796667,-1
17873,24.667239,72.903525,-1
17874,24.677348,72.944121,-1
17875,21.266887,72.964742,-1
17876,21.285646,72.905024,-1
17877,8.225561,77.345811,-1
17878,8.191759,77.352379,-1
17879,26.316172,76.232923,-1
17880,26.318611,76.229215,-1
17881,21.519832,70.124305,-1
17882,21.513566,70.048752,-1
17883,15.465407,73.87949,-1
17884,15.496025,73.877926,-1
17885,25.88474,87.850827,-1
17886,25.892429,87.83944,-1
17887,18.051122,73.018835,-1
17888,18.063276,73.012236,-1
17889,9.123277,78.172495,-1
17890,9.139365,78.155512,-1
17891,13.57404,77.238777,-1
17892,13.485193,77.221373,-1
17893,10.292905,76.204527,-1
17894,10.30233,76.218575,-1
17895,12.808698,77.672927,-1
17896,12.788657,77.673367,-1
17897,11.936733,75.479884,-1
17898,11.932868,75.468718,-1
17899,17.59351,78.942606,-1
17900,17.604035,78.950227,-1
17901,10.797113,77.733967,-1
17902,10.799964,77.702128,-1
17903,23.007716,77.003343,-1
17904,23.046432,77.013236,-1
17905,23.776762,85.835215,-1
17906,23.745227,85.835763,-1
17907,32.378438,75.678516,-1
17908,32.361037,75.691123,-1
17909,30.322478,74.866675,-1
17910,30.294739,74.900371,-1
17911,13.652685,74.690391,-1
17912,13.67131,74.674763,-1
17913,32.595803,74.75415,-1
17914,32.622444,74.731471,-1
17915,26.265729,91.508262,-1
17916,26.265339,91.507598,-1
17917,8.714316,76.814273,-1
17918,8.657275,76.7809,-1
17919,12.966386,79.133617,-1
17920,12.940199,79.151338,-1
17921,19.827907,84.818735,-1
17922,19.797401,84.773525,-1
17923,21.464372,78.95646,-1
17924,21.453444,78.988814,-1
17925,23.008871,74.819134,-1
17926,22.999248,74.817004,-1
17927,12.603591,80.208593,-1
17928,12.629158,80.180126,-1
17929,20.949368,85.175778,-1
17930,20.932707,85.208954,-1
17931,28.507365,77.151341,-1
17932,28.526472,77.148619,-1
17933,22.269206,81.714992,-1
17934,22.292563,81.700454,-1
17935,9.967947,78.190313,-1
17936,9.97821,78.227634,-1
17937,24.10791,78.076726,-1
17938,24.110043,78.016807,-1
17939,23.202131,86.500441,-1
17940,23.214889,86.510984,-1
17941,9.004862,77.371556,-1
17942,9.034786,77.392299,-1
17943,26.463025,85.698406,-1
17944,26.474471,85.636832,-1
17945,10.472044,76.085356,-1
17946,10.475953,76.077174,-1
17947,18.040562,72.979211,-1
17948,18.061553,72.996117,-1
17949,13.481812,74.727118,-1
17950,13.508557,74.713622,-1
17951,24.29747,75.670095,-1
17952,24.343009,75.668477,-1
17953,25.678048,94.489348,-1
17954,25.660509,94.485719,-1
17955,19.776901,84.47253,-1
17956,19.757437,84.385917,-1
17957,11.465506,75.668283,-1
17958,11.504188,75.66576,-1
17959,20.300027,82.762468,-1
17960,20.307681,82.734405,-1
17961,10.993465,79.495011,-1
17962,11.01147,79.411256,-1
17963,25.189082,80.482574,-1
17964,25.195688,80.405704,-1
17965,22.171583,69.978414,-1
17966,22.191772,69.981431,-1
17967,16.093335,75.943134,-1
17968,16.092763,75.909044,-1
17969,24.19642,74.998256,-1
17970,24.162373,74.974184,-1
17971,27.770973,79.243292,-1
17972,27.806641,79.292099,-1
17973,8.214152,77.36244,-1
17974,8.182048,77.378799,-1
17975,27.532994,82.630882,-1
17976,27.561881,82.612144,-1
17977,34.24613,74.637289,-1
17978,34.246668,74.643359,-1
17979,23.177384,79.871852,-1
17980,23.219739,79.915744,-1
17981,29.578592,77.283558,-1
17982,29.598576,77.234976,-1
17983,27.407489,80.541776,-1
17984,27.452242,80.540161,-1
17985,12.419236,78.234137,-1
17986,12.403275,78.221154,-1
17987,20.74294,73.674553,-1
17988,20.75251,73.683725,-1
17989,25.049407,83.191109,-1
17990,25.051438,83.23135,-1
17991,22.06484,78.923336,-1
17992,22.063936,78.933537,-1
17993,15.574806,73.726905,-1
17994,15.63546,73.760735,-1
17995,8.736606,77.491651,-1
17996,8.737741,77.52075,-1
17997,9.260509,76.432322,-1
17998,9.270205,76.440214,-1
17999,12.276375,75.152795,-1
18000,12.258128,75.114188,-1
18001,24.402059,81.659146,-1
18002,24.420021,81.660886,-1
18003,30.232919,75.103214,-1
18004,30.240277,75.078849,-1
18005,21.575327,83.074764,-1
18006,21.598957,83.045227,-1
18007,9.174329,77.874697,-1
18008,9.158731,77.857492,-1
18009,25.557441,85.670676,-1
18010,25.587124,85.67397,-1
18011,10.121662,76.380059,-1
18012,10.09422,76.371943,-1
18013,18.798198,77.746475,-1
18014,18.766831,77.742017,-1
18015,18.160409,78.036455,-1
18016,18.17224,78.009403,-1
18017,9.361823,76.392736,-1
18018,9.360018,76.411964,-1
18019,26.417606,80.908683,-1
18020,26.477203,80.896347,-1
18021,23.69845,75.359405,-1
18022,23.71381,75.388833,-1
18023,24.088099,71.75482,-1
18024,24.067441,71.792679,-1
18025,10.987346,78.362408,-1
18026,11.020414,78.325425,-1
18027,19.33701,73.052597,-1
18028,19.307842,73.082261,-1
18029,25.89181,83.09056,-1
18030,25.89075,83.072008,-1
18031,26.478526,90.551673,-1
18032,26.501776,90.517277,-1
18033,17.929314,73.812286,-1
18034,17.925611,73.78815,-1
18035,28.484865,77.154389,-1
18036,28.489884,77.162565,-1
18037,32.758685,74.564703,-1
18038,32.710748,74.55282,-1
18039,24.03887,84.067899,-1
18040,24.023335,84.07312,-1
18041,10.01483,77.444605,-1
18042,9.994561,77.438647,-1
18043,24.682039,93.881298,-1
18044,24.690215,93.893766,-1
18045,18.180694,74.791726,-1
18046,18.173961,74.787427,-1
18047,21.256149,72.883922,-1
18048,21.242586,72.869263,-1
18049,24.713161,76.403586,-1
18050,24.766399,76.401509,-1
18051,23.98836,85.333911,-1
18052,24.031161,85.3462,-1
18053,27.353136,79.621635,-1
18054,27.372194,79.605841,-1
18055,11.565194,77.78964,-1
18056,11.573723,77.82542,-1
18057,30.347625,77.238028,-1
18058,30.391304,77.210571,-1
18059,27.646036,78.865424,-1
18060,27.649032,78.851226,-1
18061,15.581221,76.033114,-1
18062,15.613661,76.018837,-1
18063,24.841168,79.136316,-1
18064,24.826355,79.154088,-1
18065,9.181258,78.457213,-1
18066,9.152578,78.436599,-1
18067,15.219758,74.094484,-1
18068,15.22315,74.064652,-1
18069,23.775694,86.711025,-1
18070,23.769004,86.703373,-1
18071,9.340993,78.503117,-1
18072,9.357596,78.509605,-1
18073,28.890284,77.054362,-1
18074,28.886446,77.071518,-1
18075,23.259691,79.957448,-1
18076,23.199633,79.946407,-1
18077,11.094779,76.925683,-1
18078,11.048699,76.913334,-1
18079,24.903298,84.41363,-1
18080,24.916025,84.384843,-1
18081,11.000496,79.471513,-1
18082,11.026345,79.44027,-1
18083,24.200483,76.177787,-1
18084,24.184835,76.20837,-1
18085,21.711222,70.580594,-1
18086,21.719905,70.567268,-1
18087,18.840801,77.787017,-1
18088,18.772054,77.778796,-1
18089,14.333679,74.892366,-1
18090,14.368318,74.893163,-1
18091,10.103317,78.804616,-1
18092,10.091462,78.763669,-1
18093,27.594201,74.688374,-1
18094,27.592662,74.673343,-1
18095,24.237013,92.174462,-1
18096,24.246096,92.165617,-1
18097,23.145109,77.51709,-1
18098,23.122029,77.515873,-1
18099,9.405383,78.418081,-1
18100,9.39287,78.349717,-1
18101,17.910225,82.829966,-1
18102,17.890917,82.830106,-1
18103,8.310601,77.335251,-1
18104,8.306612,77.30704,-1
18105,20.182078,76.390522,-1
18106,20.201636,76.410624,-1
18107,34.054877,74.259026,-1
18108,34.041511,74.294095,-1
18109,26.817806,80.683841,-1
18110,26.756377,80.683779,-1
18111,30.6144,76.261867,-1
18112,30.57966,76.262412,-1
18113,20.963869,80.839894,-1
18114,20.962954,80.806995,-1
18115,28.512318,78.060467,-1
18116,28.552258,78.073307,-1
18117,9.825943,78.042654,-1
18118,9.846915,78.048808,-1
18119,12.812025,79.784138,-1
18120,12.765345,79.829011,-1
18121,14.612055,78.67247,-1
18122,14.596822,78.678326,-1
18123,20.945603,70.387208,-1
18124,20.871047,70.377222,-1
18125,11.821406,75.603498,-1
18126,11.824643,75.609046,-1
18127,28.55038,76.96721,-1
18128,28.55048,77.009461,-1
18129,31.101896,74.991303,-1
18130,31.105609,74.993149,-1
18131,10.601455,76.081852,-1
18132,10.640222,76.081993,-1
18133,10.846021,79.482178,-1
18134,10.855933,79.490729,-1
18135,21.106484,79.967744,-1
18136,21.126193,80.013451,-1
18137,24.436146,83.122756,-1
18138,24.444477,83.139539,-1
18139,26.590675,85.470131,-1
18140,26.578388,85.483392,-1
18141,10.429054,79.160191,-1
18142,10.484192,79.163282,-1
18143,23.297056,79.680826,-1
18144,23.284739,79.698751,-1
18145,16.411632,80.794921,-1
18146,16.45896,80.745053,-1
18147,19.411397,79.971299,-1
18148,19.400625,79.983367,-1
18149,24.479341,81.492185,-1
18150,24.512811,81.47913,-1
18151,21.145758,79.391431,-1
18152,21.139613,79.371335,-1
18153,9.389313,77.600321,-1
18154,9.427906,77.582147,-1
18155,8.145126,77.372033,-1
18156,8.179846,77.379419,-1
18157,9.253783,76.604083,-1
18158,9.22769,76.606324,-1
18159,25.299383,86.576415,-1
18160,25.288332,86.580355,-1
18161,18.75456,73.631734,-1
18162,18.761318,73.647361,-1
18163,22.94641,75.476258,-1
18164,22.927679,75.518173,-1
18165,12.923185,79.481946,-1
18166,12.906701,79.507624,-1
18167,22.556409,72.97957,-1
18168,22.555798,72.935437,-1
18169,21.061231,80.374459,-1
18170,21.100747,80.387885,-1
18171,10.784515,79.336898,-1
18172,10.76956,79.345944,-1
18173,23.8762,91.280117,-1
18174,23.907015,91.277968,-1
18175,11.556862,78.093213,-1
18176,11.485828,78.075071,-1
18177,9.630151,78.860973,-1
18178,9.64298,78.84422,-1
18179,31.078082,75.60911,-1
18180,31.139323,75.574679,-1
18181,21.483487,70.332976,-1
18182,21.485748,70.326715,-1
18183,24.049112,84.065424,-1
18184,24.078121,84.084296,-1
18185,21.154742,78.990614,-1
18186,21.144987,79.0021,-1
18187,8.119222,77.465769,-1
18188,8.140568,77.474921,-1
18189,22.884789,71.77652,-1
18190,22.832314,71.765363,-1
18191,13.125485,79.961766,-1
18192,13.147086,79.932203,-1
18193,18.31869,74.155419,-1
18194,18.295196,74.158127,-1
18195,31.519531,75.244589,-1
18196,31.548459,75.231724,-1
18197,31.726623,74.960834,-1
18198,31.782677,74.964386,-1
18199,28.602628,77.892612,-1
18200,28.579234,77.890739,-1
18201,23.155308,81.421809,-1
18202,23.172988,81.421806,-1
18203,31.060364,75.32219,-1
18204,31.075357,75.342229,-1
18205,30.700862,76.818752,-1
18206,30.718685,76.806323,-1
18207,30.508774,75.113068,-1
18208,30.50226,75.142521,-1
18209,24.258143,80.15708,-1
18210,24.2613,80.159212,-1
18211,23.214905,79.909656,-1
18212,23.204332,79.885427,-1
18213,21.814744,71.542847,-1
18214,21.804914,71.545397,-1
18215,21.083323,81.75843,-1
18216,21.029951,81.730363,-1
18217,28.727321,77.212695,-1
18218,28.747763,77.23394,-1
18219,21.449669,70.628304,-1
18220,21.437898,70.613328,-1
18221,28.04315,77.234084,-1
18222,28.024707,77.2171,-1
18223,11.614323,92.715201,-1
18224,11.605465,92.757921,-1
18225,25.035673,81.138478,-1
18226,25.055548,81.081806,-1
18227,13.078564,77.439142,-1
18228,13.093627,77.49359,-1
18229,25.412499,81.438982,-1
18230,25.430324,81.425516,-1
18231,23.407908,79.520006,-1
18232,23.410311,79.537479,-1
18233,30.359272,76.822399,-1
18234,30.339577,76.779875,-1
18235,20.736108,78.573819,-1
18236,20.704328,78.573618,-1
18237,12.947294,80.079932,-1
18238,12.903238,80.129738,-1
18239,10.582145,76.075855,-1
18240,10.580479,76.073348,-1
18241,11.374101,76.75448,-1
18242,11.355416,76.758545,-1
18243,16.854452,73.548831,-1
18244,16.871354,73.517657,-1
18245,27.031063,81.183539,-1
18246,27.002896,81.184752,-1
18247,25.600068,91.621895,-1
18248,25.57451,91.613965,-1
18249,19.848621,72.666849,-1
18250,19.860149,72.71603,-1
18251,22.430462,83.218804,-1
18252,22.433969,83.171771,-1
18253,23.209158,79.978369,-1
18254,23.216371,79.999419,-1
18255,24.774387,80.963253,-1
18256,24.784892,81.021229,-1
18257,12.396182,75.028085,-1
18258,12.415846,75.062309,-1
18259,10.404169,76.172212,-1
18260,10.359224,76.161817,-1
18261,9.870609,78.059096,-1
18262,9.89634,78.035488,-1
18263,11.729006,75.645363,-1
18264,11.742767,75.630032,-1
18265,12.491208,75.018741,-1
18266,12.496404,75.005142,-1
18267,17.882604,83.182214,-1
18268,17.924802,83.177941,-1
18269,8.279972,77.29297,-1
18270,8.276701,77.305651,-1
18271,19.089466,73.096832,-1
18272,19.096298,73.048372,-1
18273,11.02257,78.127823,-1
18274,11.058708,78.140315,-1
18275,12.111393,76.332578,-1
18276,12.112334,76.353362,-1
18277,26.022581,81.45199,-1
18278,26.031136,81.453307,-1
18279,11.405466,78.52054,-1
18280,11.43495,78.508467,-1
18281,15.317381,78.244806,-1
18282,15.295261,78.216493,-1
18283,13.59621,76.546091,-1
18284,13.622371,76.515273,-1
18285,12.632337,79.254022,-1
18286,12.6728,79.204966,-1
18287,29.816504,77.354263,-1
18288,29.841506,77.369698,-1
18289,26.919592,94.739106,-1
18290,26.920427,94.746287,-1
18291,31.733791,74.776447,-1
18292,31.654188,74.805701,-1
18293,24.771584,92.796407,-1
18294,24.790487,92.830552,-1
18295,26.535865,83.375946,-1
18296,26.551541,83.361006,-1
18297,8.661349,77.370813,-1
18298,8.70245,77.388127,-1
18299,12.246441,76.915164,-1
18300,12.23567,76.91219,-1
18301,23.785943,86.119567,-1
18302,23.834413,86.110767,-1
18303,22.535219,72.963363,-1
18304,22.538421,72.991562,-1
18305,24.895959,79.900483,-1
18306,24.868703,79.898035,-1
18307,22.73847,85.918042,-1
18308,22.69534,85.935959,-1
18309,27.66647,95.871264,-1
18310,27.695766,95.857376,-1
18311,14.742073,77.586831,-1
18312,14.699217,77.600778,-1
18313,26.639049,79.170949,-1
18314,26.66065,79.192883,-1
18315,27.54673,81.958793,-1
18316,27.513001,81.94137,-1
18317,28.287779,80.355151,-1
18318,28.306554,80.35496,-1
18319,16.472445,81.845641,-1
18320,16.48304,81.840354,-1
18321,13.120264,76.647082,-1
18322,13.154685,76.677198,-1
18323,8.476157,77.928727,-1
18324,8.409197,77.952398,-1
18325,32.582614,76.992268,-1
18326,32.540253,77.035175,-1
18327,10.432629,77.493144,-1
18328,10.411057,77.468913,-1
18329,11.350724,76.712073,-1
18330,11.337713,76.690215,-1
18331,11.552329,75.666613,-1
18332,11.572698,75.683778,-1
18333,32.840948,74.830466,-1
18334,32.835259,74.839413,-1
18335,18.485919,73.714785,-1
18336,18.513307,73.678318,-1
18337,10.376006,76.198713,-1
18338,10.369651,76.230392,-1
18339,25.568013,78.832987,-1
18340,25.589206,78.791219,-1
18341,11.200955,77.639297,-1
18342,11.219203,77.617276,-1
18343,22.297878,79.177092,-1
18344,22.286106,79.193324,-1
18345,25.154721,75.304084,-1
18346,25.157831,75.31549,-1
18347,25.197704,81.625772,-1
18348,25.181356,81.633269,-1
18349,10.474032,78.652506,-1
18350,10.500447,78.645109,-1
18351,22.778015,81.968401,-1
18352,22.778246,81.941076,-1
18353,22.539642,76.673865,-1
18354,22.538914,76.694288,-1
18355,23.728997,91.190985,-1
18356,23.725873,91.196377,-1
18357,26.332289,88.787299,-1
18358,26.325408,88.772564,-1
18359,29.851851,76.118426,-1
18360,29.789954,76.08243,-1
18361,21.352784,72.749461,-1
18362,21.349459,72.754556,-1
18363,20.979111,81.914975,-1
18364,20.962342,81.902376,-1
18365,8.180339,77.309733,-1
18366,8.2198,77.271481,-1
18367,15.467298,73.872114,-1
18368,15.47112,73.839635,-1
18369,25.745904,78.924798,-1
18370,25.707702,78.959983,-1
18371,28.627425,79.34358,-1
18372,28.65602,79.37183,-1
18373,20.754669,73.366103,-1
18374,20.762863,73.343856,-1
18375,21.622817,82.424139,-1
18376,21.627017,82.415661,-1
18377,10.665735,76.064739,-1
18378,10.644392,76.04983,-1
18379,10.608486,76.026984,-1
18380,10.592846,76.020779,-1
18381,12.87983,80.014421,-1
18382,12.880932,80.004183,-1
18383,15.910893,78.17326,-1
18384,15.893019,78.144317,-1
18385,24.019216,75.354189,-1
18386,24.018712,75.332084,-1
18387,24.771663,81.089972,-1
18388,24.804471,81.172099,-1
18389,31.351872,76.763632,-1
18390,31.302618,76.731329,-1
18391,25.649677,82.893477,-1
18392,25.64623,82.930766,-1
18393,27.159568,78.826385,-1
18394,27.175293,78.769415,-1
18395,29.935027,73.607382,-1
18396,29.964764,73.640498,-1
18397,11.487163,75.701546,-1
18398,11.540711,75.717547,-1
18399,12.81811,79.704455,-1
18400,12.831315,79.760578,-1
18401,10.475971,76.229646,-1
18402,10.474953,76.245444,-1
18403,13.026376,79.743496,-1
18404,13.009949,79.751617,-1
18405,11.407302,79.428132,-1
18406,11.425833,79.411833,-1
18407,11.71195,78.072312,-1
18408,11.691456,78.106362,-1
18409,19.619156,84.929791,-1
18410,19.619886,84.953396,-1
18411,25.361862,81.140501,-1
18412,25.438678,81.174213,-1
18413,26.890378,83.861173,-1
18414,26.883182,83.846437,-1
18415,28.256366,77.612401,-1
18416,28.252393,77.62627,-1
18417,23.920326,80.816878,-1
18418,23.935344,80.813101,-1
18419,15.949918,74.510242,-1
18420,15.924644,74.520584,-1
18421,16.590999,80.662583,-1
18422,16.620242,80.721287,-1
18423,28.428323,75.801905,-1
18424,28.433474,75.816233,-1
18425,26.432069,89.966612,-1
18426,26.413032,89.958544,-1
18427,18.359488,81.614249,-1
18428,18.35083,81.606682,-1
18429,21.157206,72.626741,-1
18430,21.191959,72.645912,-1
18431,11.531015,75.691936,-1
18432,11.534839,75.730942,-1
18433,30.899034,76.412887,-1
18434,30.865901,76.415061,-1
18435,26.176833,91.55126,-1
18436,26.186186,91.554732,-1
18437,25.081773,81.33624,-1
18438,25.022714,81.348049,-1
18439,26.0465,83.051964,-1
18440,26.046767,83.02103,-1
18441,27.606344,93.846335,-1
18442,27.586449,93.866997,-1
18443,9.834169,77.445843,-1
18444,9.83003,77.452976,-1
18445,33.96367,74.77751,-1
18446,33.976041,74.807113,-1
18447,24.445379,80.063858,-1
18448,24.422195,80.048604,-1
18449,26.173648,85.372291,-1
18450,26.142478,85.336252,-1
18451,23.195429,72.541717,-1
18452,23.210281,72.513727,-1
18453,25.335233,73.343298,-1
18454,25.328049,73.311279,-1
18455,20.13317,79.050132,-1
18456,20.139393,79.051224,-1
18457,25.844461,78.338992,-1
18458,25.89897,78.3224,-1
18459,23.848746,91.347988,-1
18460,23.911563,91.344689,-1
18461,30.559448,79.564159,-1
18462,30.558412,79.546598,-1
18463,11.523876,78.084379,-1
18464,11.499518,78.07132,-1
18465,14.688532,77.613775,-1
18466,14.706428,77.588235,-1
18467,26.474504,90.445124,-1
18468,26.498929,90.42299,-1
18469,22.751327,83.979992,-1
18470,22.73076,83.974652,-1
18471,23.64939,72.964705,-1
18472,23.600519,72.96168,-1
18473,18.012523,79.521478,-1
18474,18.033232,79.557041,-1
18475,12.654228,78.639209,-1
18476,12.706952,78.615753,-1
18477,32.808834,74.921952,-1
18478,32.796655,74.908735,-1
18479,23.778759,75.81115,-1
18480,23.734192,75.796392,-1
18481,10.743049,76.267176,-1
18482,10.748787,76.236249,-1
18483,27.560217,79.673337,-1
18484,27.559268,79.678429,-1
18485,11.972422,75.558858,-1
18486,11.950137,75.570694,-1
18487,23.790742,91.316898,-1
18488,23.842778,91.31931,-1
18489,25.560901,79.791811,-1
18490,25.55035,79.816239,-1
18491,25.023346,78.44042,-1
18492,25.038898,78.436937,-1
18493,26.01008,79.839452,-1
18494,25.990637,79.846058,-1
18495,20.796272,81.717865,-1
18496,20.802816,81.725143,-1
18497,17.409251,73.888552,-1
18498,17.358425,73.930274,-1
18499,28.81702,77.128468,-1
18500,28.866271,77.133666,-1
18501,17.195138,79.087876,-1
18502,17.2393,79.131326,-1
18503,22.163658,88.163991,-1
18504,22.170051,88.130433,-1
18505,27.699421,77.974821,-1
18506,27.736318,77.95334,-1
18507,21.27814,79.229141,-1
18508,21.250972,79.222023,-1
18509,15.892321,74.468853,-1
18510,15.863372,74.485762,-1
18511,30.104535,76.68938,-1
18512,30.126907,76.667815,-1
18513,28.35637,75.309482,-1
18514,28.36346,75.317531,-1
18515,12.271093,79.240548,-1
18516,12.269759,79.228926,-1
18517,24.703693,81.539565,-1
18518,24.687036,81.572693,-1
18519,20.688026,77.051575,-1
18520,20.70732,77.080273,-1
18521,21.697062,76.233351,-1
18522,21.692958,76.216231,-1
18523,30.041672,77.143948,-1
18524,30.0005,77.174986,-1
18525,26.164381,81.76225,-1
18526,26.128876,81.788205,-1
18527,25.974438,78.287742,-1
18528,25.994328,78.267549,-1
18529,11.93935,75.391068,-1
18530,11.899691,75.39374,-1
18531,25.909561,81.923899,-1
18532,25.906565,81.932029,-1
18533,12.890247,80.146494,-1
18534,12.896749,80.160291,-1
18535,32.049361,75.121747,-1
18536,31.992163,75.120947,-1
18537,12.724862,80.180293,-1
18538,12.749087,80.188343,-1
18539,10.696098,76.070072,-1
18540,10.694203,76.052128,-1
18541,15.577129,73.986847,-1
18542,15.551325,74.004413,-1
18543,29.16937,77.423665,-1
18544,29.216611,77.384262,-1
18545,10.461623,77.364164,-1
18546,10.486653,77.32642,-1
18547,24.494486,81.061576,-1
18548,24.483693,81.063201,-1
18549,20.813401,78.912155,-1
18550,20.791337,78.874503,-1
18551,10.277562,77.870982,-1
18552,10.27643,77.861767,-1
18553,18.878286,81.346456,-1
18554,18.900744,81.361994,-1
18555,12.750704,74.898266,-1
18556,12.715159,74.907276,-1
18557,22.112895,82.455703,-1
18558,22.139385,82.488295,-1
18559,25.027231,79.684831,-1
18560,25.036302,79.67207,-1
18561,28.613455,79.721619,-1
18562,28.625401,79.710993,-1
18563,28.634766,77.049999,-1
18564,28.611396,77.047059,-1
18565,11.429686,79.742303,-1
18566,11.418523,79.786213,-1
18567,23.103632,79.667074,-1
18568,23.12588,79.660259,-1
18569,34.417488,74.288355,-1
18570,34.407131,74.278684,-1
18571,17.553921,73.40786,-1
18572,17.618019,73.417533,-1
18573,25.605267,81.286897,-1
18574,25.620536,81.358942,-1
18575,24.531705,83.041838,-1
18576,24.530765,82.990625,-1
18577,21.752858,73.027382,-1
18578,21.716874,73.009628,-1
18579,27.542357,80.269114,-1
18580,27.533013,80.283421,-1
18581,24.980473,77.558099,-1
18582,24.963784,77.593947,-1
18583,8.195925,77.292159,-1
18584,8.184721,77.289345,-1
18585,12.754102,80.019881,-1
18586,12.75613,79.988881,-1
18587,9.054854,77.312788,-1
18588,9.030037,77.28514,-1
18589,21.525272,80.556251,-1
18590,21.460514,80.540348,-1
18591,23.777762,85.558054,-1
18592,23.786767,85.539872,-1
18593,18.623075,74.112097,-1
18594,18.666493,74.099148,-1
18595,12.831058,74.956151,-1
18596,12.871704,74.974578,-1
18597,18.573545,73.938084,-1
18598,18.628943,73.912509,-1
18599,9.388992,77.86559,-1
18600,9.440936,77.817342,-1
18601,27.677214,78.985797,-1
18602,27.688162,79.038916,-1
18603,24.019741,84.056144,-1
18604,24.040642,84.045897,-1
18605,28.456964,76.813233,-1
18606,28.424364,76.816006,-1
18607,12.312783,78.186408,-1
18608,12.308654,78.191297,-1
18609,27.214074,94.476319,-1
18610,27.234579,94.474202,-1
18611,19.038617,77.659356,-1
18612,19.035609,77.659632,-1
18613,12.194333,75.206356,-1
18614,12.164227,75.179834,-1
18615,27.709097,78.077041,-1
18616,27.694856,78.075377,-1
18617,27.059687,81.396049,-1
18618,27.071092,81.4119,-1
18619,19.076793,78.65769,-1
18620,19.049517,78.698486,-1
18621,22.299629,70.854615,-1
18622,22.317501,70.822191,-1
18623,10.74342,78.817089,-1
18624,10.672229,78.845345,-1
18625,17.631075,78.409299,-1
18626,17.580586,78.394074,-1
18627,22.175343,69.655484,-1
18628,22.207735,69.673859,-1
18629,31.129607,74.528159,-1
18630,31.116887,74.556671,-1
18631,17.58824,80.613637,-1
18632,17.550612,80.633033,-1
18633,18.772747,73.53966,-1
18634,18.780153,73.561836,-1
18635,32.994579,75.737725,-1
18636,32.995419,75.683853,-1
18637,28.018531,94.272851,-1
18638,28.001388,94.220054,-1
18639,17.948242,73.64024,-1
18640,17.916612,73.662637,-1
18641,13.150451,77.594029,-1
18642,13.120226,77.61826,-1
18643,29.597667,77.32561,-1
18644,29.539071,77.307896,-1
18645,10.576644,76.886026,-1
18646,10.574374,76.892104,-1
18647,23.678442,85.368404,-1
18648,23.67021,85.347731,-1
18649,9.907919,76.343327,-1
18650,9.961686,76.381887,-1
18651,23.261042,71.934952,-1
18652,23.258886,71.96385,-1
18653,8.761937,78.03175,-1
18654,8.7706,78.068477,-1
18655,13.024424,80.156246,-1
18656,13.021991,80.165456,-1
18657,16.914209,73.937444,-1
18658,16.9043,73.904117,-1
18659,25.757241,81.073416,-1
18660,25.796288,81.114182,-1
18661,25.301769,78.514107,-1
18662,25.344827,78.521828,-1
18663,12.60016,77.862157,-1
18664,12.581618,77.82407,-1
18665,8.16543,77.271533,-1
18666,8.167304,77.257267,-1
18667,28.56348,94.359435,-1
18668,28.530786,94.352836,-1
18669,20.35402,81.955763,-1
18670,20.348454,81.962981,-1
18671,24.081256,75.634289,-1
18672,24.118034,75.663186,-1
18673,23.202081,69.600781,-1
18674,23.237075,69.602254,-1
18675,24.513528,79.088257,-1
18676,24.518788,79.114909,-1
18677,24.881344,92.57095,-1
18678,24.883139,92.547881,-1
18679,29.458683,78.764434,-1
18680,29.461869,78.779399,-1
18681,20.929062,79.01751,-1
18682,20.980776,79.00248,-1
18683,21.674435,81.077488,-1
18684,21.687779,81.130477,-1
18685,28.443672,77.206835,-1
18686,28.479748,77.1823,-1
18687,10.566542,76.15845,-1
18688,10.593566,76.169618,-1
18689,26.481894,90.685711,-1
18690,26.498544,90.748288,-1
18691,11.962266,75.478539,-1
18692,11.993767,75.502361,-1
18693,26.186874,83.224509,-1
18694,26.184868,83.245817,-1
18695,34.328395,74.597755,-1
18696,34.31541,74.613467,-1
18697,24.440695,74.282789,-1
18698,24.466119,74.264575,-1
18699,10.749948,76.425859,-1
18700,10.727392,76.39105,-1
18701,11.276726,79.832405,-1
18702,11.234018,79.870509,-1
18703,21.5897,73.048534,-1
18704,21.615576,73.022081,-1
18705,11.054833,77.893093,-1
18706,11.048022,77.897914,-1
18707,29.521769,75.915831,-1
18708,29.550219,75.864841,-1
18709,11.037352,77.720756,-1
18710,11.059533,77.736377,-1
18711,23.483788,79.9456,-1
18712,23.518999,79.900141,-1
18713,10.100957,77.591528,-1
18714,10.096255,77.580447,-1
18715,8.171598,77.480194,-1
18716,8.167795,77.502451,-1
18717,23.62656,86.028569,-1
18718,23.707218,86.012978,-1
18719,19.377005,84.541016,-1
18720,19.380705,84.569763,-1
18721,22.382168,85.201212,-1
18722,22.35158,85.218682,-1
18723,28.84433,77.751063,-1
18724,28.848243,77.719957,-1
18725,17.978022,79.648276,-1
18726,17.992345,79.623636,-1
18727,8.165056,77.330186,-1
18728,8.15972,77.350551,-1
18729,26.626171,82.137593,-1
18730,26.635836,82.119368,-1
18731,26.612981,82.387216,-1
18732,26.569305,82.36353,-1
18733,30.904481,75.948042,-1
18734,30.93438,75.927947,-1
18735,17.982776,79.656344,-1
18736,17.974079,79.652764,-1
18737,15.854071,74.616498,-1
18738,15.850457,74.646611,-1
18739,23.075701,70.164277,-1
18740,23.071182,70.136351,-1
18741,21.604097,86.548392,-1
18742,21.560602,86.540589,-1
18743,10.447217,76.223917,-1
18744,10.414327,76.232467,-1
18745,10.767424,78.814717,-1
18746,10.774652,78.810455,-1
18747,33.734896,75.113583,-1
18748,33.73109,75.062856,-1
18749,25.20592,90.651193,-1
18750,25.165499,90.673304,-1
18751,26.149441,92.895844,-1
18752,26.103722,92.87431,-1
18753,23.830418,91.34878,-1
18754,23.836932,91.355495,-1
18755,19.45456,73.323106,-1
18756,19.462292,73.291474,-1
18757,22.733811,88.755611,-1
18758,22.704148,88.755227,-1
18759,21.943978,83.315359,-1
18760,21.919073,83.336293,-1
18761,10.467635,76.269246,-1
18762,10.445906,76.268382,-1
18763,11.984559,75.420914,-1
18764,11.948896,75.405896,-1
18765,19.371567,76.242433,-1
18766,19.348672,76.229683,-1
18767,24.597393,93.726097,-1
18768,24.561457,93.771214,-1
18769,8.060913,77.474957,-1
18770,8.116853,77.444447,-1
18771,10.902942,78.714595,-1
18772,10.944149,78.72872,-1
18773,22.435383,85.752909,-1
18774,22.448356,85.728985,-1
18775,23.92823,79.041856,-1
18776,23.891639,79.006284,-1
18777,21.236268,79.653844,-1
18778,21.273616,79.648392,-1
18779,30.045334,78.299357,-1
18780,30.066094,78.305086,-1
18781,27.4948,94.607518,-1
18782,27.497192,94.565985,-1
18783,30.473677,77.744981,-1
18784,30.469357,77.791651,-1
18785,24.169795,92.061742,-1
18786,24.120929,92.056633,-1
18787,20.342041,72.941078,-1
18788,20.296445,72.923862,-1
18789,19.576337,85.086103,-1
18790,19.629792,85.13356,-1
18791,28.383154,77.567096,-1
18792,28.35019,77.555967,-1
18793,8.675427,76.863549,-1
18794,8.667286,76.845698,-1
18795,11.125508,76.935287,-1
18796,11.105742,76.958759,-1
18797,28.351616,76.303995,-1
18798,28.310629,76.313347,-1
18799,32.240446,75.6354,-1
18800,32.274751,75.619523,-1
18801,9.559697,78.03149,-1
18802,9.626702,78.074818,-1
18803,11.109419,78.419585,-1
18804,11.149195,78.428558,-1
18805,25.07386,78.862012,-1
18806,25.056524,78.88013,-1
18807,10.84326,78.960636,-1
18808,10.815772,78.982168,-1
18809,17.343638,78.815036,-1
18810,17.349381,78.825144,-1
18811,10.436559,76.241704,-1
18812,10.472615,76.229111,-1
18813,23.679063,85.075975,-1
18814,23.709407,85.068679,-1
18815,11.329871,76.772378,-1
18816,11.347583,76.774722,-1
18817,22.944225,88.520176,-1
18818,23.037174,88.51548,-1
18819,22.390096,87.555301,-1
18820,22.369026,87.532394,-1
18821,9.171218,77.993439,-1
18822,9.156168,77.943676,-1
18823,22.04529,79.272947,-1
18824,22.058326,79.227033,-1
18825,10.914827,77.041906,-1
18826,10.916152,77.015741,-1
18827,34.528596,74.321355,-1
18828,34.495706,74.33039,-1
18829,22.916916,74.557642,-1
18830,22.911474,74.519765,-1
18831,10.314404,76.188644,-1
18832,10.335215,76.157656,-1
18833,8.20396,77.318321,-1
18834,8.224516,77.290318,-1
18835,10.687616,76.064506,-1
18836,10.728358,76.074103,-1
18837,15.565547,73.830043,-1
18838,15.50612,73.886815,-1
18839,19.288773,73.029835,-1
18840,19.262741,73.044045,-1
18841,26.044208,78.282341,-1
18842,26.037972,78.270595,-1
18843,22.058536,76.472133,-1
18844,22.098203,76.494936,-1
18845,15.264069,74.054912,-1
18846,15.285856,74.019897,-1
18847,23.383863,85.469714,-1
18848,23.384201,85.433733,-1
18849,24.7693,93.005146,-1
18850,24.804328,93.045834,-1
18851,22.176865,70.780751,-1
18852,22.158736,70.797817,-1
18853,22.100347,82.097457,-1
18854,22.096472,82.049454,-1
18855,10.759589,76.170034,-1
18856,10.69328,76.172486,-1
18857,10.982214,76.804855,-1
18858,10.956521,76.811634,-1
18859,28.234084,74.982918,-1
18860,28.20569,74.962094,-1
18861,25.047207,80.175562,-1
18862,25.073894,80.188637,-1
18863,26.434914,75.90646,-1
18864,26.414728,75.890145,-1
18865,22.531309,88.236011,-1
18866,22.567728,88.194115,-1
18867,20.175558,85.8864,-1
18868,20.169701,85.889685,-1
18869,15.413636,73.960843,-1
18870,15.387927,73.995559,-1
18871,10.547083,76.108521,-1
18872,10.604878,76.075427,-1
18873,26.48969,81.133335,-1
18874,26.466994,81.118443,-1
18875,21.205252,81.794671,-1
18876,21.225782,81.78114,-1
18877,24.165277,76.037133,-1
18878,24.144989,76.041595,-1
18879,12.460335,75.040403,-1
18880,12.407325,75.054478,-1
18881,30.913129,75.122367,-1
18882,30.919303,75.139836,-1
18883,10.562389,79.750533,-1
18884,10.520599,79.808103,-1
18885,22.339959,69.846628,-1
18886,22.352341,69.850271,-1
18887,8.686558,78.022899,-1
18888,8.681487,78.016897,-1
18889,12.677262,74.881053,-1
18890,12.674205,74.939209,-1
18891,24.632862,80.366017,-1
18892,24.637599,80.409202,-1
18893,17.684347,82.646117,-1
18894,17.670479,82.624785,-1
18895,11.863159,77.783822,-1
18896,11.827749,77.788966,-1
18897,23.398235,85.867829,-1
18898,23.377532,85.873022,-1
18899,24.229015,83.263869,-1
18900,24.198778,83.2736,-1
18901,13.355907,79.900278,-1
18902,13.325147,79.879406,-1
18903,17.290366,78.456187,-1
18904,17.322054,78.492001,-1
18905,17.341627,76.359053,-1
18906,17.311602,76.379464,-1
18907,17.356931,78.407769,-1
18908,17.349337,78.381746,-1
18909,25.961942,79.995985,-1
18910,25.983078,79.996484,-1
18911,27.429008,95.610486,-1
18912,27.378903,95.611726,-1
18913,17.862101,79.397413,-1
18914,17.830483,79.374847,-1
18915,10.961632,78.146174,-1
18916,10.950524,78.16049,-1
18917,20.450663,72.855976,-1
18918,20.448521,72.842433,-1
18919,28.840111,77.177919,-1
18920,28.813568,77.17416,-1
18921,8.320507,77.233105,-1
18922,8.354896,77.285358,-1
18923,9.653553,77.59675,-1
18924,9.65492,77.608108,-1
18925,11.968788,78.23921,-1
18926,11.957631,78.242356,-1
18927,18.142396,73.985077,-1
18928,18.146053,73.951797,-1
18929,17.052716,73.605857,-1
18930,17.072421,73.595836,-1
18931,26.260072,82.462241,-1
18932,26.287486,82.459963,-1
18933,11.219919,79.256405,-1
18934,11.159983,79.265357,-1
18935,12.525379,75.016184,-1
18936,12.483976,75.037188,-1
18937,20.395333,78.104748,-1
18938,20.407389,78.141052,-1
18939,11.938447,75.419533,-1
18940,11.96543,75.478655,-1
18941,10.243028,78.545446,-1
18942,10.285499,78.56294,-1
18943,18.335315,72.978024,-1
18944,18.289254,72.964961,-1
18945,11.824933,75.856572,-1
18946,11.84256,75.853404,-1
18947,26.590441,78.897857,-1
18948,26.680845,78.886174,-1
18949,10.32749,76.233574,-1
18950,10.337271,76.234955,-1
18951,18.870909,79.474705,-1
18952,18.879643,79.507354,-1
18953,11.799424,79.592715,-1
18954,11.788181,79.541899,-1
18955,33.897196,74.994622,-1
18956,33.916284,75.041809,-1
18957,18.344561,83.755144,-1
18958,18.315024,83.785504,-1
18959,12.802081,79.714959,-1
18960,12.836613,79.736881,-1
18961,28.125812,79.729839,-1
18962,28.160695,79.69527,-1
18963,19.072999,73.277195,-1
18964,19.100651,73.293948,-1
18965,23.225598,72.625795,-1
18966,23.246431,72.598836,-1
18967,23.107528,80.039022,-1
18968,23.119669,80.022589,-1
18969,10.89661,79.634873,-1
18970,10.880838,79.604271,-1
18971,24.849899,87.775033,-1
18972,24.841018,87.785957,-1
18973,10.425436,76.298265,-1
18974,10.424972,76.250326,-1
18975,20.609499,78.715262,-1
18976,20.633064,78.66569,-1
18977,27.875365,77.099573,-1
18978,27.895589,77.100925,-1
18979,12.871662,77.762909,-1
18980,12.873422,77.754348,-1
18981,25.237952,82.11069,-1
18982,25.215535,82.079468,-1
18983,16.71553,74.281637,-1
18984,16.68635,74.287825,-1
18985,23.204013,79.992842,-1
18986,23.224596,80.03251,-1
18987,23.816772,86.273918,-1
18988,23.758091,86.265154,-1
18989,24.854153,77.865851,-1
18990,24.838286,77.878341,-1
18991,18.758179,73.855254,-1
18992,18.726384,73.838219,-1
18993,25.252304,87.050135,-1
18994,25.218516,87.009809,-1
18995,23.50078,72.032186,-1
18996,23.464644,72.014015,-1
18997,22.839084,70.872257,-1
18998,22.842374,70.873681,-1
18999,13.027809,77.469337,-1
19000,13.098967,77.456061,-1
19001,22.205076,85.376171,-1
19002,22.183921,85.356316,-1
19003,20.283192,73.006324,-1
19004,20.241076,72.996252,-1
19005,25.926488,76.070561,-1
19006,25.903114,75.995708,-1
19007,18.531083,73.109208,-1
19008,18.52644,73.087523,-1
19009,13.116118,79.536293,-1
19010,13.139838,79.617695,-1
19011,23.018101,72.758766,-1
19012,23.029123,72.705747,-1
19013,26.550977,78.865644,-1
19014,26.520718,78.840789,-1
19015,21.568113,72.804263,-1
19016,21.590064,72.834634,-1
19017,12.985923,79.368114,-1
19018,12.97641,79.376359,-1
19019,30.332945,75.501702,-1
19020,30.358649,75.50117,-1
19021,11.735804,79.689133,-1
19022,11.722902,79.724764,-1
19023,10.607123,76.117026,-1
19024,10.628754,76.10452,-1
19025,15.884956,73.653644,-1
19026,15.842571,73.609768,-1
19027,24.053411,84.092044,-1
19028,23.998334,84.090367,-1
19029,10.537833,77.961767,-1
19030,10.497179,77.991918,-1
19031,12.010128,75.435485,-1
19032,11.960479,75.431106,-1
19033,12.545321,79.90347,-1
19034,12.513348,79.899345,-1
19035,25.876247,73.748486,-1
19036,25.921138,73.76542,-1
19037,20.419251,72.861725,-1
19038,20.479586,72.830964,-1
19039,15.528855,74.00725,-1
19040,15.546245,73.999358,-1
19041,11.386779,78.732197,-1
19042,11.353799,78.70904,-1
19043,9.016189,77.206196,-1
19044,8.985006,77.167245,-1
19045,15.164316,76.623616,-1
19046,15.185267,76.631226,-1
19047,12.365153,78.013137,-1
19048,12.372003,77.986766,-1
19049,11.677612,77.997383,-1
19050,11.690763,78.076813,-1
19051,15.017848,74.017581,-1
19052,15.035589,74.056515,-1
19053,25.414777,85.980408,-1
19054,25.388833,86.036165,-1
19055,15.448824,74.072831,-1
19056,15.457099,74.071259,-1
19057,14.947649,74.01395,-1
19058,15.014681,74.060711,-1
19059,11.227547,78.807743,-1
19060,11.237518,78.813644,-1
19061,10.774785,77.910575,-1
19062,10.775641,77.904915,-1
19063,11.438205,78.240779,-1
19064,11.427949,78.241447,-1
19065,10.716317,76.237003,-1
19066,10.691602,76.313071,-1
19067,17.485879,73.566077,-1
19068,17.486771,73.572025,-1
19069,13.186828,80.234337,-1
19070,13.16652,80.266846,-1
19071,24.09381,72.357845,-1
19072,24.078012,72.389705,-1
19073,20.366455,72.880773,-1
19074,20.373101,72.932012,-1
19075,15.041405,77.995506,-1
19076,15.030095,78.019223,-1
19077,10.124704,77.551021,-1
19078,10.082187,77.542299,-1
19079,22.642102,74.504202,-1
19080,22.661597,74.509035,-1
19081,10.339906,79.01758,-1
19082,10.343248,78.996286,-1
19083,17.481944,76.308771,-1
19084,17.447698,76.311312,-1
19085,9.28022,76.527148,-1
19086,9.263459,76.487824,-1
19087,19.413797,78.43906,-1
19088,19.445314,78.501118,-1
19089,22.242972,71.378296,-1
19090,22.227233,71.348605,-1
19091,19.883551,73.802139,-1
19092,19.871601,73.790575,-1
19093,17.184826,78.660736,-1
19094,17.153026,78.619591,-1
19095,22.158918,75.673409,-1
19096,22.120431,75.66814,-1
19097,10.546921,76.007966,-1
19098,10.582699,76.059265,-1
19099,21.928894,73.054322,-1
19100,21.953752,73.11138,-1
19101,10.067414,78.094143,-1
19102,10.02196,78.060339,-1
19103,11.460492,77.28699,-1
19104,11.473218,77.298156,-1
19105,27.944415,78.135346,-1
19106,27.914305,78.173546,-1
19107,15.283763,73.944597,-1
19108,15.253639,73.961791,-1
19109,14.241573,79.076338,-1
19110,14.253799,79.099601,-1
19111,26.836058,88.578082,-1
19112,26.797219,88.615611,-1
19113,27.559173,77.942437,-1
19114,27.583377,77.947817,-1
19115,10.553407,76.100189,-1
19116,10.552297,76.065598,-1
19117,26.938373,83.714201,-1
19118,26.952733,83.734862,-1
19119,20.730038,84.552326,-1
19120,20.688211,84.579625,-1
19121,16.336756,77.811615,-1
19122,16.380658,77.820411,-1
19123,20.55757,72.918228,-1
19124,20.576615,72.961341,-1
19125,22.745848,78.345515,-1
19126,22.756392,78.338362,-1
19127,30.859309,75.798254,-1
19128,30.887659,75.782717,-1
19129,23.438739,87.305589,-1
19130,23.400392,87.277721,-1
19131,20.46904,72.909223,-1
19132,20.439933,72.920285,-1
19133,26.387694,79.611127,-1
19134,26.376181,79.595154,-1
19135,28.855491,77.807369,-1
19136,28.842982,77.827999,-1
19137,11.824652,75.475656,-1
19138,11.858636,75.447234,-1
19139,21.456529,82.608459,-1
19140,21.4288,82.608692,-1
19141,23.20694,76.544569,-1
19142,23.18297,76.558417,-1
19143,26.85733,93.607072,-1
19144,26.889113,93.639442,-1
19145,21.672761,72.282951,-1
19146,21.689176,72.271104,-1
19147,10.894153,76.986422,-1
19148,10.899209,76.984159,-1
19149,28.030754,81.055927,-1
19150,28.038131,81.059021,-1
19151,22.821945,70.832624,-1
19152,22.80297,70.855217,-1
19153,12.21658,78.330213,-1
19154,12.195812,78.30497,-1
19155,27.118298,88.347726,-1
19156,27.179405,88.363498,-1
19157,22.246585,73.705598,-1
19158,22.29423,73.731085,-1
19159,10.580225,76.187035,-1
19160,10.59872,76.202606,-1
19161,10.229193,77.802712,-1
19162,10.196228,77.725625,-1
19163,12.210869,78.045325,-1
19164,12.242582,78.070295,-1
19165,24.620738,93.77057,-1
19166,24.636523,93.798168,-1
19167,10.356818,78.407382,-1
19168,10.389392,78.377266,-1
19169,21.708771,74.697183,-1
19170,21.681095,74.719128,-1
19171,22.963949,76.207304,-1
19172,23.000405,76.190562,-1
19173,10.544314,76.072483,-1
19174,10.530976,76.082163,-1
19175,10.905314,76.926534,-1
19176,10.850654,76.944179,-1
19177,26.352895,90.112624,-1
19178,26.334254,90.121351,-1
19179,20.268477,73.039478,-1
19180,20.229011,73.018713,-1
19181,20.68577,77.026174,-1
19182,20.646126,77.065243,-1
19183,33.690394,75.017156,-1
19184,33.736213,75.028138,-1
19185,13.121126,80.274406,-1
19186,13.205162,80.295432,-1
19187,20.749607,78.639387,-1
19188,20.807701,78.608218,-1
19189,19.499849,85.099898,-1
19190,19.491837,85.13106,-1
19191,22.046396,79.747987,-1
19192,22.033759,79.712824,-1
19193,21.212257,72.745019,-1
19194,21.195016,72.755202,-1
19195,11.634869,78.113828,-1
19196,11.626674,78.145483,-1
19197,11.126013,78.274643,-1
19198,11.127668,78.251205,-1
19199,19.918894,73.23623,-1
19200,19.933206,73.263793,-1
19201,22.155409,73.589723,-1
19202,22.148027,73.569512,-1
19203,21.238637,79.104935,-1
19204,21.25597,79.085702,-1
19205,10.598794,76.025901,-1
19206,10.602311,75.992487,-1
19207,20.919299,79.002828,-1
19208,20.8836,79.022086,-1
19209,25.242187,86.903097,-1
19210,25.212747,86.934979,-1
19211,22.488523,78.450063,-1
19212,22.465357,78.460012,-1
19213,19.932668,73.498919,-1
19214,19.937381,73.576261,-1
19215,27.045346,79.458043,-1
19216,27.020451,79.493015,-1
19217,11.688277,78.021811,-1
19218,11.657854,78.012531,-1
19219,26.740502,83.756104,-1
19220,26.734412,83.739285,-1
19221,22.706113,87.694806,-1
19222,22.74518,87.691461,-1
19223,23.672534,84.744868,-1
19224,23.63522,84.725015,-1
19225,11.502404,77.368236,-1
19226,11.503902,77.350561,-1
19227,28.724964,77.024058,-1
19228,28.69893,77.052767,-1
19229,11.161211,77.698308,-1
19230,11.166855,77.699886,-1
19231,24.358858,71.497395,-1
19232,24.394131,71.510278,-1
19233,32.170848,76.390159,-1
19234,32.202579,76.358646,-1
19235,17.985422,75.877146,-1
19236,17.960535,75.9129,-1
19237,12.082869,79.540719,-1
19238,12.044644,79.566946,-1
19239,9.311465,76.69502,-1
19240,9.346503,76.657469,-1
19241,27.01188,93.960931,-1
19242,27.008236,93.900584,-1
19243,11.515694,78.664416,-1
19244,11.474588,78.630589,-1
19245,11.081613,77.108357,-1
19246,11.08322,77.153627,-1
19247,18.243438,82.080851,-1
19248,18.254417,82.140993,-1
19249,25.737036,73.624931,-1
19250,25.726179,73.586013,-1
19251,23.655717,68.893721,-1
19252,23.629537,68.920019,-1
19253,17.477441,82.731668,-1
19254,17.517486,82.786919,-1
19255,15.276113,73.912199,-1
19256,15.294096,73.927627,-1
19257,24.642441,75.960665,-1
19258,24.671557,75.915027,-1
19259,12.706777,80.079788,-1
19260,12.705117,80.057511,-1
19261,23.448409,74.92589,-1
19262,23.442402,74.964349,-1
19263,11.136342,78.035562,-1
19264,11.178608,78.040669,-1
19265,15.160704,73.92774,-1
19266,15.160716,73.913616,-1
19267,22.407502,74.567108,-1
19268,22.42479,74.574698,-1
19269,23.197515,69.548216,-1
19270,23.239045,69.576536,-1
19271,18.779083,75.162467,-1
19272,18.787122,75.158817,-1
19273,15.912468,75.937337,-1
19274,15.929413,75.898003,-1
19275,10.530739,76.267853,-1
19276,10.519553,76.257116,-1
19277,27.135568,76.893223,-1
19278,27.153128,76.886333,-1
19279,23.202918,72.576247,-1
19280,23.172284,72.555401,-1
19281,24.474375,75.295968,-1
19282,24.49931,75.290386,-1
19283,21.224579,81.717058,-1
19284,21.189905,81.749628,-1
19285,23.81967,91.431082,-1
19286,23.808085,91.451511,-1
19287,23.170777,71.746353,-1
19288,23.19669,71.745017,-1
19289,10.164847,77.719034,-1
19290,10.16484,77.687974,-1
19291,22.145321,85.349185,-1
19292,22.113378,85.322959,-1
19293,19.105975,77.346538,-1
19294,19.124587,77.347323,-1
19295,24.345827,81.486516,-1
19296,24.346998,81.493206,-1
19297,20.120799,78.922701,-1
19298,20.123818,78.868899,-1
19299,29.092601,75.788483,-1
19300,29.072587,75.834732,-1
19301,24.751815,74.592057,-1
19302,24.771434,74.588926,-1
19303,23.3407,91.529096,-1
19304,23.303718,91.575969,-1
19305,15.27116,73.94768,-1
19306,15.257112,73.95285,-1
19307,21.622702,77.893688,-1
19308,21.638498,77.902641,-1
19309,20.788029,71.05995,-1
19310,20.799975,71.047369,-1
19311,8.35381,77.246947,-1
19312,8.303983,77.256737,-1
19313,10.994653,77.073696,-1
19314,10.986324,77.092074,-1
19315,23.503153,91.653276,-1
19316,23.503522,91.664307,-1
19317,10.392589,76.235612,-1
19318,10.387332,76.257599,-1
19319,23.758931,83.68887,-1
19320,23.805862,83.716069,-1
19321,24.133317,81.630908,-1
19322,24.136571,81.636969,-1
19323,11.421197,79.040008,-1
19324,11.378196,79.037615,-1
19325,20.544953,74.583723,-1
19326,20.503939,74.556068,-1
19327,24.813487,81.342006,-1
19328,24.823446,81.357536,-1
19329,21.816032,71.800137,-1
19330,21.844734,71.780913,-1
19331,8.111256,77.501962,-1
19332,8.098225,77.493671,-1
19333,24.310246,85.402095,-1
19334,24.3018,85.403828,-1
19335,26.161064,90.608527,-1
19336,26.175106,90.577941,-1
19337,13.306659,74.694239,-1
19338,13.291447,74.724349,-1
19339,15.795297,74.536771,-1
19340,15.753801,74.516206,-1
19341,9.340183,76.515533,-1
19342,9.335022,76.54824,-1
19343,26.309916,82.933515,-1
19344,26.386206,82.933701,-1
19345,31.985486,75.465206,-1
19346,31.993324,75.452315,-1
19347,10.669414,76.021822,-1
19348,10.687626,76.006485,-1
19349,21.844782,75.626818,-1
19350,21.86692,75.657875,-1
19351,28.724194,72.659939,-1
19352,28.711723,72.671302,-1
19353,23.777909,86.743547,-1
19354,23.767896,86.768644,-1
19355,33.782315,75.05614,-1
19356,33.795024,75.080867,-1
19357,24.55494,84.293713,-1
19358,24.531199,84.27757,-1
19359,12.849347,77.793328,-1
19360,12.858793,77.82237,-1
19361,11.587991,77.988161,-1
19362,11.654825,77.994914,-1
19363,18.209937,82.043641,-1
19364,18.272207,82.045717,-1
19365,21.728069,72.120542,-1
19366,21.724115,72.115951,-1
19367,26.10327,91.479787,-1
19368,26.11804,91.504427,-1
19369,19.124708,74.702813,-1
19370,19.150351,74.688358,-1
19371,11.229861,77.706119,-1
19372,11.228751,77.73331,-1
19373,22.586953,88.085776,-1
19374,22.603252,88.109113,-1
19375,27.036971,93.89828,-1
19376,27.032517,93.899161,-1
19377,24.560521,92.617884,-1
19378,24.560022,92.603644,-1
19379,17.484996,78.142278,-1
19380,17.51818,78.140332,-1
19381,10.877217,79.41062,-1
19382,10.907064,79.361576,-1
19383,11.430635,77.497753,-1
19384,11.404906,77.473776,-1
19385,10.428574,77.454229,-1
19386,10.445368,77.451114,-1
19387,19.385248,85.049697,-1
19388,19.371004,85.047013,-1
19389,28.574733,77.307197,-1
19390,28.574636,77.279703,-1
19391,30.296349,77.305878,-1
19392,30.310558,77.304001,-1
19393,10.206996,77.841533,-1
19394,10.195402,77.793819,-1
19395,10.137115,76.422054,-1
19396,10.138851,76.397898,-1
19397,22.403776,73.158578,-1
19398,22.383609,73.122488,-1
19399,23.339213,76.813998,-1
19400,23.364102,76.774261,-1
19401,25.325567,91.709528,-1
19402,25.285711,91.721577,-1
19403,27.251405,95.756474,-1
19404,27.280235,95.734131,-1
19405,11.428739,77.435033,-1
19406,11.441812,77.414519,-1
19407,25.151813,73.856646,-1
19408,25.17885,73.847341,-1
19409,26.004985,90.648948,-1
19410,26.035672,90.706372,-1
19411,22.103649,85.355338,-1
19412,22.115941,85.351298,-1
19413,11.012124,79.468167,-1
19414,10.999235,79.490639,-1
19415,14.281049,77.164274,-1
19416,14.271109,77.148638,-1
19417,24.817646,92.777277,-1
19418,24.838256,92.796102,-1
19419,24.75499,75.883768,-1
19420,24.784478,75.872604,-1
19421,16.978515,73.359378,-1
19422,16.980288,73.35605,-1
19423,25.156246,74.630552,-1
19424,25.14513,74.653278,-1
19425,23.51519,76.062837,-1
19426,23.55037,76.050014,-1
19427,11.489431,76.549796,-1
19428,11.50521,76.553877,-1
19429,26.167767,83.375437,-1
19430,26.170515,83.360609,-1
19431,10.968979,79.408651,-1
19432,10.970981,79.364243,-1
19433,10.552145,78.76667,-1
19434,10.571125,78.774074,-1
19435,9.47165,77.868967,-1
19436,9.449057,77.845808,-1
19437,11.013099,76.905231,-1
19438,10.975552,76.86009,-1
19439,22.818023,74.227852,-1
19440,22.83509,74.253887,-1
19441,23.412789,76.650429,-1
19442,23.374148,76.555631,-1
19443,11.746297,76.050292,-1
19444,11.752515,76.042134,-1
19445,19.193156,84.630739,-1
19446,19.167274,84.619878,-1
19447,32.620236,74.858907,-1
19448,32.601938,74.849286,-1
19449,11.498133,78.707904,-1
19450,11.499099,78.780814,-1
19451,10.432563,76.106912,-1
19452,10.483968,76.105979,-1
19453,19.437906,73.300868,-1
19454,19.425647,73.330268,-1
19455,23.713527,92.95245,-1
19456,23.698386,92.968483,-1
19457,30.112903,75.689434,-1
19458,30.098399,75.66974,-1
19459,22.708585,77.459155,-1
19460,22.724235,77.428676,-1
19461,13.145685,74.755156,-1
19462,13.130649,74.787591,-1
19463,10.992012,78.983462,-1
19464,10.966399,78.925067,-1
19465,10.548564,76.226518,-1
19466,10.524069,76.218735,-1
19467,19.607916,78.200744,-1
19468,19.605747,78.166236,-1
19469,9.435654,78.887991,-1
19470,9.482601,78.88619,-1
19471,11.774973,78.20192,-1
19472,11.748981,78.230479,-1
19473,10.031003,76.582319,-1
19474,10.001373,76.571596,-1
19475,10.284175,76.274815,-1
19476,10.283402,76.276378,-1
19477,29.637183,77.345074,-1
19478,29.626206,77.330259,-1
19479,27.953346,77.462551,-1
19480,27.92614,77.501317,-1
19481,25.768823,74.034842,-1
19482,25.732774,74.059417,-1
19483,13.082695,77.477595,-1
19484,13.061616,77.490057,-1
19485,27.529064,76.974606,-1
19486,27.497776,76.973086,-1
19487,13.030333,80.123591,-1
19488,12.996973,80.123932,-1
19489,21.4581,80.185623,-1
19490,21.48992,80.175341,-1
19491,10.728169,77.47262,-1
19492,10.674656,77.460579,-1
19493,22.358522,82.831149,-1
19494,22.376769,82.839052,-1
19495,12.695206,74.900037,-1
19496,12.685497,74.898376,-1
19497,10.56483,76.242179,-1
19498,10.585664,76.244674,-1
19499,18.310574,79.500425,-1
19500,18.284961,79.451284,-1
19501,12.911822,79.583866,-1
19502,12.924634,79.586257,-1
19503,33.856768,74.763713,-1
19504,33.874397,74.772256,-1
19505,23.196221,87.559536,-1
19506,23.203155,87.51345,-1
19507,24.29855,74.891485,-1
19508,24.316008,74.878559,-1
19509,11.710143,78.236964,-1
19510,11.664719,78.241984,-1
19511,17.596655,78.081787,-1
19512,17.622141,78.123056,-1
19513,9.738508,77.299972,-1
19514,9.786736,77.325985,-1
19515,25.374211,78.641912,-1
19516,25.378584,78.623656,-1
19517,11.058342,77.13813,-1
19518,11.088233,77.118442,-1
19519,19.747872,75.273493,-1
19520,19.746484,75.299467,-1
19521,11.052003,76.855409,-1
19522,11.009982,76.845214,-1
19523,18.253635,80.510154,-1
19524,18.3006,80.451979,-1
19525,10.975451,76.850905,-1
19526,10.991696,76.843419,-1
19527,22.223231,72.719521,-1
19528,22.272035,72.758107,-1
19529,16.585769,81.986256,-1
19530,16.565679,81.940018,-1
19531,22.599709,88.227322,-1
19532,22.601514,88.227011,-1
19533,18.592198,73.743374,-1
19534,18.586927,73.756538,-1
19535,26.17899,75.213606,-1
19536,26.145092,75.194472,-1
19537,23.706952,86.812012,-1
19538,23.756838,86.803426,-1
19539,26.067929,81.05045,-1
19540,26.018109,80.996424,-1
19541,13.423549,79.603506,-1
19542,13.439169,79.598994,-1
19543,12.967784,79.146002,-1
19544,13.015,79.137566,-1
19545,11.988346,76.401816,-1
19546,12.006162,76.370046,-1
19547,27.913478,76.98237,-1
19548,27.935656,76.988083,-1
19549,14.760199,78.535254,-1
19550,14.762649,78.578511,-1
19551,8.290984,77.465082,-1
19552,8.309518,77.431884,-1
19553,11.903538,78.099713,-1
19554,11.898945,78.099598,-1
19555,11.602252,75.761027,-1
19556,11.607388,75.775318,-1
19557,26.644355,79.132269,-1
19558,26.645515,79.174375,-1
19559,28.181651,95.852155,-1
19560,28.135333,95.844682,-1
19561,12.368262,78.879156,-1
19562,12.351029,78.874358,-1
19563,12.098068,78.296552,-1
19564,12.072634,78.312566,-1
19565,18.246622,73.274133,-1
19566,18.236024,73.297176,-1
19567,24.407113,93.899061,-1
19568,24.394051,93.888672,-1
19569,9.741586,78.614664,-1
19570,9.786079,78.630629,-1
19571,28.106135,75.843991,-1
19572,28.105671,75.860312,-1
19573,28.797091,77.612025,-1
19574,28.803706,77.655073,-1
19575,23.728446,91.259561,-1
19576,23.701218,91.260061,-1
19577,12.808547,75.492963,-1
19578,12.799081,75.503191,-1
19579,24.121373,74.417252,-1
19580,24.086474,74.426157,-1
19581,23.158744,83.025711,-1
19582,23.171763,82.996842,-1
19583,23.7229,86.283293,-1
19584,23.742272,86.309688,-1
19585,23.47206,73.510279,-1
19586,23.520582,73.512881,-1
19587,20.917614,78.938295,-1
19588,20.908297,78.910882,-1
19589,25.801746,84.718288,-1
19590,25.833704,84.773321,-1
19591,25.456391,82.81604,-1
19592,25.447426,82.844778,-1
19593,31.34641,76.006676,-1
19594,31.359662,76.063707,-1
19595,23.847731,91.334021,-1
19596,23.83026,91.310125,-1
19597,12.952688,78.852753,-1
19598,12.954857,78.859364,-1
19599,21.746716,72.067392,-1
19600,21.71666,72.079659,-1
19601,26.97021,75.356816,-1
19602,26.969681,75.391352,-1
19603,26.322046,79.191199,-1
19604,26.373388,79.192441,-1
19605,10.537771,76.085965,-1
19606,10.545803,76.112005,-1
19607,14.39544,75.090438,-1
19608,14.381421,75.107297,-1
19609,23.819995,77.494001,-1
19610,23.807165,77.509533,-1
19611,8.64528,77.425928,-1
19612,8.623211,77.429981,-1
19613,18.866174,79.207167,-1
19614,18.844972,79.20612,-1
19615,23.830383,86.506232,-1
19616,23.805902,86.531528,-1
19617,32.181902,76.182401,-1
19618,32.185086,76.204421,-1
19619,20.141856,84.353616,-1
19620,20.129846,84.377202,-1
19621,25.117702,86.648596,-1
19622,25.090116,86.681126,-1
19623,19.897125,84.623222,-1
19624,19.869109,84.631902,-1
19625,11.337118,77.634289,-1
19626,11.345523,77.613606,-1
19627,24.217795,76.814036,-1
19628,24.254911,76.793703,-1
19629,10.9363,78.215337,-1
19630,10.944327,78.131838,-1
19631,23.477684,91.230451,-1
19632,23.503518,91.284662,-1
19633,10.079089,78.815912,-1
19634,10.101305,78.824654,-1
19635,17.691061,77.621716,-1
19636,17.680823,77.632586,-1
19637,21.934006,73.368969,-1
19638,21.902521,73.362991,-1
19639,22.750152,76.259311,-1
19640,22.782435,76.238161,-1
19641,10.858375,79.847477,-1
19642,10.854315,79.821039,-1
19643,23.067083,70.082138,-1
19644,23.078343,70.05378,-1
19645,26.876063,75.978675,-1
19646,26.826449,75.921972,-1
19647,9.885744,76.97448,-1
19648,9.841643,76.974772,-1
19649,26.512019,91.183534,-1
19650,26.531485,91.181734,-1
19651,8.183515,77.485888,-1
19652,8.182576,77.493468,-1
19653,13.111948,79.879753,-1
19654,13.110324,79.86245,-1
19655,12.211137,76.626183,-1
19656,12.25644,76.625358,-1
19657,18.114045,74.222302,-1
19658,18.094878,74.179202,-1
19659,9.250042,77.432121,-1
19660,9.303475,77.4531,-1
19661,24.877853,92.535304,-1
19662,24.912684,92.567777,-1
19663,27.089161,83.278598,-1
19664,27.070227,83.273246,-1
19665,17.871637,78.102136,-1
19666,17.870854,78.075179,-1
19667,25.671583,83.301449,-1
19668,25.701597,83.308983,-1
19669,10.548794,72.65973,-1
19670,10.551636,72.630263,-1
19671,28.482326,79.801096,-1
19672,28.462638,79.833743,-1
19673,23.345312,83.045432,-1
19674,23.356162,82.97638,-1
19675,27.564021,91.801842,-1
19676,27.545601,91.764299,-1
19677,23.755285,85.794534,-1
19678,23.774667,85.802227,-1
19679,16.402254,74.208975,-1
19680,16.393129,74.194651,-1
19681,10.793219,73.670486,-1
19682,10.770414,73.639644,-1
19683,23.31019,85.2406,-1
19684,23.292743,85.222922,-1
19685,27.544333,76.651694,-1
19686,27.527682,76.627477,-1
19687,16.563686,80.587364,-1
19688,16.585309,80.536434,-1
19689,11.400528,78.095127,-1
19690,11.467973,78.146142,-1
19691,26.28423,83.516292,-1
19692,26.271955,83.519795,-1
19693,10.624297,78.841029,-1
19694,10.622828,78.85861,-1
19695,11.658819,78.124198,-1
19696,11.649254,78.115979,-1
19697,11.076998,79.40365,-1
19698,11.098456,79.475202,-1
19699,28.517465,77.210293,-1
19700,28.530946,77.207807,-1
19701,23.539499,91.516094,-1
19702,23.532541,91.47856,-1
19703,29.221862,77.986948,-1
19704,29.18419,77.968089,-1
19705,26.809526,76.172969,-1
19706,26.829913,76.145727,-1
19707,24.875735,76.65777,-1
19708,24.888138,76.650596,-1
19709,10.320263,76.178866,-1
19710,10.310324,76.164931,-1
19711,10.934173,79.393934,-1
19712,10.946437,79.382263,-1
19713,13.626392,79.404483,-1
19714,13.58645,79.37551,-1
19715,30.028261,77.758666,-1
19716,30.042196,77.736119,-1
19717,20.089584,81.601928,-1
19718,20.101532,81.592728,-1
19719,8.540184,77.742127,-1
19720,8.565792,77.747691,-1
19721,28.5131,77.157521,-1
19722,28.49223,77.163477,-1
19723,10.692731,79.836933,-1
19724,10.696318,79.831995,-1
19725,23.988708,85.385626,-1
19726,23.987591,85.352032,-1
19727,11.552856,77.310308,-1
19728,11.561216,77.278789,-1
19729,25.42823,80.660845,-1
19730,25.380044,80.660894,-1
19731,10.698074,78.552609,-1
19732,10.689958,78.53655,-1
19733,30.969619,75.835437,-1
19734,30.956537,75.87262,-1
19735,12.081099,77.298555,-1
19736,12.084319,77.302109,-1
19737,10.668114,76.134083,-1
19738,10.693384,76.125259,-1
19739,12.326258,80.009918,-1
19740,12.343214,80.00143,-1
19741,8.136792,77.539707,-1
19742,8.125844,77.509972,-1
19743,21.93122,75.715678,-1
19744,21.9206,75.725576,-1
19745,21.909014,82.047698,-1
19746,21.954805,82.043677,-1
19747,23.944459,92.564233,-1
19748,23.960471,92.613512,-1
19749,10.988719,78.207185,-1
19750,10.975637,78.204752,-1
19751,18.700451,72.849551,-1
19752,18.659989,72.871286,-1
19753,13.286977,80.261697,-1
19754,13.318976,80.32903,-1
19755,26.237656,92.530413,-1
19756,26.281708,92.488234,-1
19757,26.842523,81.16183,-1
19758,26.88119,81.183617,-1
19759,23.532181,93.20791,-1
19760,23.540391,93.17882,-1
19761,9.982353,77.408665,-1
19762,9.977141,77.421696,-1
19763,26.459483,92.033167,-1
19764,26.460081,92.062701,-1
19765,22.613515,79.246806,-1
19766,22.605951,79.22158,-1
19767,22.197927,81.33925,-1
19768,22.165001,81.293748,-1
19769,15.924957,74.475126,-1
19770,15.858565,74.444324,-1
19771,8.149405,77.572619,-1
19772,8.15488,77.540751,-1
19773,27.84647,76.538982,-1
19774,27.824513,76.552576,-1
19775,31.51835,75.288356,-1
19776,31.529857,75.343911,-1
19777,21.359271,80.361238,-1
19778,21.366867,80.378133,-1
19779,26.477874,76.739708,-1
19780,26.443222,76.721959,-1
19781,11.364042,77.667244,-1
19782,11.310648,77.640196,-1
19783,8.151465,77.263361,-1
19784,8.180598,77.307338,-1
19785,11.086932,78.024696,-1
19786,11.05157,78.017043,-1
19787,25.003119,87.328613,-1
19788,25.01471,87.275746,-1
19789,11.657175,78.477431,-1
19790,11.6981,78.45311,-1
19791,22.525398,74.299918,-1
19792,22.533952,74.344652,-1
19793,20.425084,72.865763,-1
19794,20.461718,72.877732,-1
19795,15.604422,73.769837,-1
19796,15.582262,73.752514,-1
19797,26.335584,83.344893,-1
19798,26.353414,83.352424,-1
19799,29.151556,75.802841,-1
19800,29.13799,75.81708,-1
19801,19.24131,73.027495,-1
19802,19.247485,73.011974,-1
19803,14.375569,79.94908,-1
19804,14.37533,79.926149,-1
19805,10.926632,78.454747,-1
19806,10.918503,78.476163,-1
19807,11.133438,77.146463,-1
19808,11.11634,77.147137,-1
19809,23.008732,88.259905,-1
19810,22.932918,88.252036,-1
19811,29.073431,77.720823,-1
19812,29.09932,77.722622,-1
19813,33.697369,75.008875,-1
19814,33.673945,74.997208,-1
19815,30.141657,77.347092,-1
19816,30.157083,77.357317,-1
19817,16.327979,81.046618,-1
19818,16.318019,81.051123,-1
19819,26.669576,92.831266,-1
19820,26.6274,92.816299,-1
19821,28.797934,76.772815,-1
19822,28.798344,76.745628,-1
19823,10.631681,78.550568,-1
19824,10.616427,78.532137,-1
19825,16.982385,79.045801,-1
19826,16.982885,79.110875,-1
19827,13.602798,79.287774,-1
19828,13.652347,79.276102,-1
19829,24.202888,91.821625,-1
19830,24.204301,91.808263,-1
19831,22.397432,88.091829,-1
19832,22.387226,88.12077,-1
19833,21.668754,84.054246,-1
19834,21.647584,84.043681,-1
19835,22.243244,71.532421,-1
19836,22.263847,71.527567,-1
19837,10.569674,76.143923,-1
19838,10.584319,76.160019,-1
19839,11.462861,78.726426,-1
19840,11.471726,78.70557,-1
19841,9.872294,78.19852,-1
19842,9.888819,78.204548,-1
19843,11.332983,76.729693,-1
19844,11.336442,76.748403,-1
19845,11.979921,75.400265,-1
19846,11.962477,75.392454,-1
19847,14.194376,74.843613,-1
19848,14.188436,74.78966,-1
19849,30.93726,75.774107,-1
19850,30.965998,75.782315,-1
19851,24.758795,93.947732,-1
19852,24.757429,93.963818,-1
19853,11.312863,78.244665,-1
19854,11.339262,78.215272,-1
19855,20.539024,74.535725,-1
19856,20.536163,74.555406,-1
19857,26.149733,91.832052,-1
19858,26.124339,91.79121,-1
19859,11.781167,77.875263,-1
19860,11.753871,77.893398,-1
19861,12.98086,79.609399,-1
19862,12.974191,79.630274,-1
19863,14.014154,74.524487,-1
19864,13.993533,74.504483,-1
19865,10.115031,76.452332,-1
19866,10.118086,76.429354,-1
19867,13.735096,76.008072,-1
19868,13.71971,76.005283,-1
19869,10.962572,78.29495,-1
19870,10.975465,78.249786,-1
19871,10.156622,76.45359,-1
19872,10.133035,76.450479,-1
19873,26.880463,75.932865,-1
19874,26.872125,75.893179,-1
19875,17.414009,78.602668,-1
19876,17.40371,78.597485,-1
19877,30.694471,76.839073,-1
19878,30.685439,76.812732,-1
19879,23.788653,76.596275,-1
19880,23.778332,76.617198,-1
19881,8.843837,77.815308,-1
19882,8.840132,77.787528,-1
19883,19.418729,80.053868,-1
19884,19.388951,80.055022,-1
19885,30.563706,76.832615,-1
19886,30.605021,76.82374,-1
19887,22.616119,76.311763,-1
19888,22.653101,76.335135,-1
19889,9.709908,77.855568,-1
19890,9.700809,77.878774,-1
19891,26.486288,80.283207,-1
19892,26.509047,80.30786,-1
19893,23.587457,74.186676,-1
19894,23.592642,74.155056,-1
19895,34.10604,77.590977,-1
19896,34.088583,77.602204,-1
19897,30.218859,77.347758,-1
19898,30.237992,77.332429,-1
19899,13.166581,79.446538,-1
19900,13.15608,79.429374,-1
19901,21.077476,72.889707,-1
19902,21.02212,72.892022,-1
19903,10.899483,78.519118,-1
19904,10.906168,78.52309,-1
19905,11.344697,78.715527,-1
19906,11.452925,78.721938,-1
19907,28.626251,80.065833,-1
19908,28.62252,80.097641,-1
19909,20.751601,86.233409,-1
19910,20.741319,86.242304,-1
19911,21.384922,81.655753,-1
19912,21.371162,81.657798,-1
19913,16.645346,73.503975,-1
19914,16.677558,73.563897,-1
19915,31.044683,76.702628,-1
19916,31.054749,76.704028,-1
19917,15.314585,73.97401,-1
19918,15.299206,73.958214,-1
19919,21.699652,73.045938,-1
19920,21.731416,72.989492,-1
19921,8.671651,77.643837,-1
19922,8.704041,77.6258,-1
19923,26.061222,81.483714,-1
19924,26.068031,81.481134,-1
19925,26.021527,78.782298,-1
19926,26.047492,78.790693,-1
19927,22.766267,75.908792,-1
19928,22.797561,75.902882,-1
19929,31.62644,74.76679,-1
19930,31.659613,74.778396,-1
19931,25.000036,81.70897,-1
19932,25.083694,81.755144,-1
19933,31.521717,75.491305,-1
19934,31.559626,75.489446,-1
19935,23.223139,74.431705,-1
19936,23.158403,74.460404,-1
19937,22.327062,75.398103,-1
19938,22.336807,75.399892,-1
19939,26.918612,74.336826,-1
19940,26.916161,74.313115,-1
19941,24.311323,85.432631,-1
19942,24.334509,85.419391,-1
19943,10.562183,76.146782,-1
19944,10.52454,76.190163,-1
19945,28.743771,77.041057,-1
19946,28.767052,77.067476,-1
19947,24.163892,81.281021,-1
19948,24.158869,81.275255,-1
19949,10.399531,77.798787,-1
19950,10.438377,77.784923,-1
19951,23.962919,78.889216,-1
19952,23.957327,78.881168,-1
19953,10.740094,77.253166,-1
19954,10.759044,77.30469,-1
19955,23.726966,78.880107,-1
19956,23.723326,78.87313,-1
19957,28.448368,77.130628,-1
19958,28.451506,77.16581,-1
19959,8.980915,78.188403,-1
19960,9.003991,78.207819,-1
19961,21.845162,77.939773,-1
19962,21.811372,77.938943,-1
19963,20.450198,75.024782,-1
19964,20.471243,75.035393,-1
19965,27.047945,79.655892,-1
19966,27.045037,79.662607,-1
19967,21.238726,79.271221,-1
19968,21.220243,79.243865,-1
19969,27.9072,75.832995,-1
19970,27.85562,75.733912,-1
19971,9.776164,77.331585,-1
19972,9.767806,77.310932,-1
19973,28.776308,77.20729,-1
19974,28.787097,77.14612,-1
19975,25.337,84.87274,-1
19976,25.260144,84.852558,-1
19977,16.758951,78.02936,-1
19978,16.780935,77.97275,-1
19979,11.514127,77.593626,-1
19980,11.472198,77.55969,-1
19981,26.62753,80.285501,-1
19982,26.659403,80.280836,-1
19983,23.980619,77.17359,-1
19984,23.978374,77.194481,-1
19985,26.76059,79.094306,-1
19986,26.731208,79.114556,-1
19987,24.839873,93.863151,-1
19988,24.85828,93.876882,-1
19989,24.708105,79.612398,-1
19990,24.686268,79.66064,-1
19991,23.260984,68.850336,-1
19992,23.259363,68.829627,-1
19993,23.604489,76.691881,-1
19994,23.56027,76.703574,-1
19995,13.037619,77.458492,-1
19996,13.10678,77.396686,-1
19997,24.477411,92.793902,-1
19998,24.476976,92.734559,-1
19999,22.454644,70.589346,-1
20000,22.439198,70.546637,-1
20001,24.380769,81.27714,-1
20002,24.437038,81.271522,-1
20003,21.907031,81.592802,-1
20004,21.91924,81.614563,-1
20005,27.395183,77.805048,-1
20006,27.377477,77.776604,-1
20007,26.305996,79.153493,-1
20008,26.260705,79.215356,-1
20009,23.087781,76.85564,-1
20010,23.046207,76.827743,-1
20011,11.545198,78.148446,-1
20012,11.552827,78.128257,-1
20013,15.835228,80.168283,-1
20014,15.859607,80.153833,-1
20015,17.165671,78.29822,-1
20016,17.157376,78.263319,-1
20017,20.601861,82.083264,-1
20018,20.667504,82.041959,-1
20019,30.367543,76.477669,-1
20020,30.391842,76.501503,-1
20021,22.413948,68.997743,-1
20022,22.405917,68.995192,-1
20023,20.01728,79.284841,-1
20024,20.023357,79.284163,-1
20025,15.924218,74.536685,-1
20026,15.900622,74.532562,-1
20027,10.107107,78.10406,-1
20028,10.125224,78.127406,-1
20029,10.225338,76.177456,-1
20030,10.248339,76.137224,-1
20031,22.630262,86.155588,-1
20032,22.581398,86.133562,-1
20033,14.132235,77.814262,-1
20034,14.127842,77.819171,-1
20035,10.223636,76.245327,-1
20036,10.231274,76.279472,-1
20037,20.27103,72.868747,-1
20038,20.26266,72.920151,-1
20039,34.241858,74.661505,-1
20040,34.307241,74.638037,-1
20041,9.174572,76.508192,-1
20042,9.200799,76.506542,-1
20043,23.70423,76.18662,-1
20044,23.654796,76.181967,-1
20045,11.439223,77.799273,-1
20046,11.457278,77.81229,-1
20047,27.204273,88.541665,-1
20048,27.164903,88.562695,-1
20049,27.712705,77.381024,-1
20050,27.700156,77.360796,-1
20051,24.015276,85.353639,-1
20052,24.034996,85.375479,-1
20053,8.28575,73.066564,-1
20054,8.29328,73.065507,-1
20055,21.647314,78.740679,-1
20056,21.655581,78.73391,-1
20057,13.133133,80.179825,-1
20058,13.09484,80.225087,-1
20059,22.250422,84.813603,-1
20060,22.227835,84.806388,-1
20061,12.11649,75.270726,-1
20062,12.082658,75.289629,-1
20063,22.463095,80.666331,-1
20064,22.4306,80.700746,-1
20065,22.972675,83.646259,-1
20066,22.97389,83.656153,-1
20067,22.809482,75.764257,-1
20068,22.758912,75.729749,-1
20069,19.745307,72.938143,-1
20070,19.725356,72.918566,-1
20071,27.272396,80.450657,-1
20072,27.286013,80.459309,-1
20073,18.574263,72.906852,-1
20074,18.584312,72.910892,-1
20075,30.781776,74.888805,-1
20076,30.777106,74.887457,-1
20077,13.036207,78.306085,-1
20078,12.968549,78.374898,-1
20079,24.839617,78.877942,-1
20080,24.848244,78.850452,-1
20081,33.177972,74.20662,-1
20082,33.156701,74.254078,-1
20083,10.308054,76.222995,-1
20084,10.316484,76.209445,-1
20085,25.616423,80.495127,-1
20086,25.62059,80.50523,-1
20087,22.59161,76.588313,-1
20088,22.555951,76.543989,-1
20089,24.771402,81.747328,-1
20090,24.755172,81.767596,-1
20091,12.773643,74.894121,-1
20092,12.770508,74.917584,-1
20093,8.962814,77.804937,-1
20094,8.96859,77.787376,-1
20095,19.774148,72.733156,-1
20096,19.822898,72.777038,-1
20097,22.068307,85.703143,-1
20098,22.126422,85.680239,-1
20099,9.736861,77.808963,-1
20100,9.747726,77.781891,-1
20101,22.796077,75.935489,-1
20102,22.818842,75.92881,-1
20103,12.56611,78.520942,-1
20104,12.623383,78.517336,-1
20105,25.490247,92.727786,-1
20106,25.485738,92.705145,-1
20107,8.18268,77.314523,-1
20108,8.212307,77.357746,-1
20109,26.161888,92.67752,-1
20110,26.196718,92.657735,-1
20111,25.55601,94.308417,-1
20112,25.540397,94.303519,-1
20113,10.36477,77.843757,-1
20114,10.393278,77.830958,-1
20115,12.400251,79.812481,-1
20116,12.410367,79.798418,-1
20117,31.191311,75.234619,-1
20118,31.161683,75.203353,-1
20119,27.724894,78.760042,-1
20120,27.710009,78.728899,-1
20121,21.559559,71.344412,-1
20122,21.543154,71.364283,-1
20123,21.81665,80.215655,-1
20124,21.853451,80.237233,-1
20125,11.225234,78.18251,-1
20126,11.19829,78.179538,-1
20127,20.750868,72.954776,-1
20128,20.808627,72.985179,-1
20129,21.280986,82.853201,-1
20130,21.298787,82.81667,-1
20131,21.256007,78.921042,-1
20132,21.242841,78.87518,-1
20133,14.119833,75.580137,-1
20134,14.137832,75.578383,-1
20135,28.736497,76.986974,-1
20136,28.735766,77.031978,-1
20137,28.856581,77.551097,-1
20138,28.909817,77.537856,-1
20139,23.512121,88.437185,-1
20140,23.537788,88.365103,-1
20141,26.314498,92.697316,-1
20142,26.347437,92.685998,-1
20143,20.156039,85.15455,-1
20144,20.148173,85.151843,-1
20145,25.693297,78.387762,-1
20146,25.668022,78.362991,-1
20147,11.641859,92.685853,-1
20148,11.569027,92.697973,-1
20149,27.926764,95.729637,-1
20150,27.926034,95.762512,-1
20151,11.202683,78.142867,-1
20152,11.195657,78.16561,-1
20153,27.106015,80.147311,-1
20154,27.12463,80.158908,-1
20155,10.61572,75.971598,-1
20156,10.618008,76.013927,-1
20157,11.137828,77.045864,-1
20158,11.138722,77.019685,-1
20159,10.942195,78.930439,-1
20160,10.958323,78.905546,-1
20161,27.842423,76.765627,-1
20162,27.842163,76.713247,-1
20163,10.455935,77.353206,-1
20164,10.507138,77.354508,-1
20165,24.733901,81.412034,-1
20166,24.729423,81.39912,-1
20167,8.972605,77.289667,-1
20168,8.923008,77.263485,-1
20169,23.126574,77.908377,-1
20170,23.143726,77.935754,-1
20171,22.496753,80.400258,-1
20172,22.472293,80.378573,-1
20173,13.133325,80.2079,-1
20174,13.122633,80.246973,-1
20175,11.051627,77.133126,-1
20176,11.050409,77.115515,-1
20177,18.249747,77.190545,-1
20178,18.234028,77.189336,-1
20179,28.166324,75.539821,-1
20180,28.137414,75.566693,-1
20181,10.616004,79.262502,-1
20182,10.622713,79.24426,-1
20183,25.88868,93.771237,-1
20184,25.861269,93.727374,-1
20185,25.874509,80.639654,-1
20186,25.849452,80.612362,-1
20187,23.188319,73.449164,-1
20188,23.163693,73.47803,-1
20189,26.361174,92.720862,-1
20190,26.360231,92.71124,-1
20191,24.269848,75.080201,-1
20192,24.277629,75.037431,-1
20193,15.25928,73.990446,-1
20194,15.229266,74.042532,-1
20195,13.590816,74.699311,-1
20196,13.616794,74.70186,-1
20197,22.827033,78.862725,-1
20198,22.82344,78.859666,-1
20199,22.755733,75.950992,-1
20200,22.784599,75.939251,-1
20201,23.790768,85.469556,-1
20202,23.802411,85.453706,-1
20203,11.636777,78.177009,-1
20204,11.635386,78.164485,-1
20205,30.423797,76.173184,-1
20206,30.382585,76.133494,-1
20207,24.236572,79.28787,-1
20208,24.294522,79.32079,-1
20209,23.267895,72.44129,-1
20210,23.270369,72.44287,-1
20211,25.473346,79.107561,-1
20212,25.491923,79.111899,-1
20213,26.523633,90.971379,-1
20214,26.485626,91.009338,-1
20215,11.530009,78.522346,-1
20216,11.510445,78.512729,-1
20217,33.798081,73.963358,-1
20218,33.86869,73.986518,-1
20219,26.151076,85.374797,-1
20220,26.148419,85.384507,-1
20221,17.308493,79.079442,-1
20222,17.287003,79.078167,-1
20223,20.023215,80.634764,-1
20224,20.040895,80.623734,-1
20225,11.693914,78.104944,-1
20226,11.638152,78.085367,-1
20227,21.767869,82.569293,-1
20228,21.719919,82.564788,-1
20229,27.018507,95.597743,-1
20230,27.015719,95.538092,-1
20231,13.024261,80.110052,-1
20232,13.018124,80.092244,-1
20233,12.858401,77.435907,-1
20234,12.874541,77.453532,-1
20235,22.680141,70.739955,-1
20236,22.643626,70.758256,-1
20237,31.594493,75.506444,-1
20238,31.61315,75.514281,-1
20239,20.601468,72.904887,-1
20240,20.633062,72.904114,-1
20241,28.545031,77.277353,-1
20242,28.541496,77.287119,-1
20243,22.652463,75.836853,-1
20244,22.712017,75.80154,-1
20245,30.022998,76.145793,-1
20246,30.016649,76.068932,-1
20247,20.896148,72.911915,-1
20248,20.93888,72.927352,-1
20249,10.651127,76.105072,-1
20250,10.662217,76.125445,-1
20251,26.596998,93.598632,-1
20252,26.62243,93.633406,-1
20253,25.402542,84.796785,-1
20254,25.360049,84.78794,-1
20255,16.667085,74.22355,-1
20256,16.66278,74.256151,-1
20257,30.803959,76.36736,-1
20258,30.823943,76.337482,-1
20259,21.012738,81.540654,-1
20260,21.057555,81.527669,-1
20261,11.156647,77.485624,-1
20262,11.153286,77.437677,-1
20263,19.475765,79.545172,-1
20264,19.48059,79.60179,-1
20265,21.815152,74.960918,-1
20266,21.835925,74.954796,-1
20267,26.919839,88.190784,-1
20268,26.890843,88.209807,-1
20269,23.710574,86.501946,-1
20270,23.735627,86.495287,-1
20271,12.674195,78.674093,-1
20272,12.709795,78.602094,-1
20273,26.744525,94.189232,-1
20274,26.783517,94.225064,-1
20275,8.155963,77.502359,-1
20276,8.171213,77.494193,-1
20277,22.242155,76.148685,-1
20278,22.223885,76.184457,-1
20279,12.797314,79.432238,-1
20280,12.789491,79.447394,-1
20281,24.755573,75.974343,-1
20282,24.732676,75.982575,-1
20283,19.188327,81.928935,-1
20284,19.2132,81.908434,-1
20285,8.767326,77.392074,-1
20286,8.785697,77.396835,-1
20287,28.190122,77.690908,-1
20288,28.149632,77.738027,-1
20289,16.744748,81.097021,-1
20290,16.667554,81.108826,-1
20291,26.887692,77.597196,-1
20292,26.863066,77.588215,-1
20293,22.640376,80.381975,-1
20294,22.640666,80.347395,-1
20295,20.079276,85.345813,-1
20296,20.071038,85.358982,-1
20297,15.329274,76.462272,-1
20298,15.676165,73.705294,-1
20299,28.706749,77.291662,-1
20300,19.888706,75.263755,-1
20301,17.26567,73.469238,-1
20302,17.07952,82.180029,-1
20303,9.956292,76.530468,-1
20304,26.75237,84.53585,-1
20305,29.66523,73.403885,-1
20306,21.594085,78.881589,-1
20307,12.246975,76.906381,-1
20308,26.968237,80.199092,-1
20309,28.414505,76.500991,-1
20310,21.430109,81.306436,-1
20311,11.583813,77.651125,-1
20312,12.376724,78.280997,-1
20313,26.042333,78.190249,-1
20314,26.119947,93.876126,-1
20315,13.493457,77.49216,-1
20316,22.195974,84.647607,-1
20317,10.544248,76.268977,-1
20318,20.792767,86.721325,-1
20319,12.818841,77.359515,-1
20320,26.089625,91.604044,-1
20321,8.260811,77.203238,-1
20322,11.247903,77.815764,-1
20323,34.351965,73.857749,-1
20324,18.479158,79.087878,-1
20325,22.192778,78.719248,-1
20326,30.691393,76.06396,-1
20327,20.805185,80.736236,-1
20328,23.688713,76.793045,-1
20329,27.277532,78.644509,-1
20330,25.548083,85.124258,-1
20331,33.668216,75.142667,-1
20332,11.72453,77.86172,-1
20333,26.604027,81.155072,-1
20334,27.062602,79.252414,-1
20335,34.020619,74.997271,-1
20336,10.7033,76.995158,-1
20337,26.393754,92.236343,-1
20338,22.216884,78.70501,-1
20339,23.228221,80.047422,-1
20340,28.000254,76.438187,-1
20341,22.750714,88.269969,-1
20342,11.502885,78.117376,-1
20343,26.212544,96.827111,-1
20344,10.487716,76.089907,-1
20345,12.316322,76.533805,-1
20346,27.652931,77.392504,-1
20347,24.255457,76.214249,-1
20348,26.023075,92.891234,-1
20349,19.071041,77.324659,-1
20350,32.315783,75.864374,-1
20351,10.563654,76.067385,-1
20352,26.342686,77.530152,-1
20353,12.459496,79.230309,-1
20354,19.068432,82.551341,-1
20355,28.775693,77.066412,-1
20356,14.702928,78.371389,-1
20357,23.444237,75.063238,-1
20358,13.02362,80.231324,-1
20359,19.147186,77.395916,-1
20360,33.590978,75.100191,-1
20361,30.693471,75.601442,-1
20362,24.89322,87.562701,-1
20363,20.9711,82.039252,-1
20364,23.975579,86.0152,-1
20365,27.075061,82.224618,-1
20366,11.496995,76.641399,-1
20367,22.125211,77.977443,-1
20368,10.415466,76.14517,-1
20369,13.361252,80.156651,-1
20370,23.071721,72.710618,-1
20371,21.754944,83.905167,-1
20372,12.365644,75.034117,-1
20373,23.999461,72.319879,-1
20374,9.277558,78.89579,-1
20375,22.085788,85.356264,-1
20376,8.068135,77.500556,-1
20377,21.762289,82.60947,-1
20378,20.495566,81.351489,-1
20379,22.961177,88.566496,-1
20380,12.963584,74.860094,-1
20381,18.877644,73.155805,-1
20382,23.15984,81.582095,-1
20383,24.750232,80.84931,-1
20384,25.931878,82.196708,-1
20385,27.837832,72.96385,-1
20386,18.868333,83.896633,-1
20387,16.734017,79.007171,-1
20388,19.047455,79.336362,-1
20389,18.13968,73.130898,-1
20390,13.116405,75.633167,-1
20391,12.207283,75.139056,-1
20392,22.899571,88.464839,-1
20393,32.520428,74.803146,-1
20394,18.833288,79.450906,-1
20395,22.378523,79.890574,-1
20396,23.139141,76.462202,-1
20397,11.591782,76.619499,-1
20398,20.092105,81.811546,-1
20399,15.591737,73.717207,-1
20400,26.141487,90.625029,-1
20401,8.128311,77.50555,-1
20402,11.87401,79.370617,-1
20403,24.259421,88.600329,-1
20404,22.380022,73.113246,-1
20405,11.350671,77.435058,-1
20406,12.850885,79.148639,-1
20407,11.145724,78.408809,-1
20408,13.167813,77.815622,-1
20409,10.422192,76.159164,-1
20410,10.646972,76.258847,-1
20411,23.382396,85.336755,-1
20412,10.150604,78.78825,-1
20413,27.401529,82.014675,-1
20414,10.99402,78.121126,-1
20415,30.137384,77.258699,-1
20416,24.672428,94.021475,-1
20417,23.972529,88.631659,-1
20418,23.821349,86.723846,-1
20419,12.63639,76.04065,-1
20420,22.110565,74.033292,-1
20421,24.417541,93.850515,-1
20422,22.610115,77.695986,-1
20423,9.365012,77.938971,-1
20424,9.492087,77.590725,-1
20425,26.790525,81.127121,-1
20426,24.977656,87.818709,-1
20427,12.781484,74.871343,-1
20428,32.11134,76.222895,-1
20429,24.966442,75.283696,-1
20430,24.822157,92.802917,-1
20431,27.432102,77.762145,-1
20432,11.155324,77.591843,-1
20433,25.611019,79.283306,-1
20434,23.818336,86.355076,-1
20435,22.685607,75.924401,-1
20436,24.769695,76.75107,-1
20437,23.158753,82.097546,-1
20438,8.599126,77.989915,-1
20439,30.44744,77.771077,-1
20440,11.636393,77.78029,-1
20441,24.108549,76.327523,-1
20442,28.125347,76.841952,-1
20443,21.747966,72.046714,-1
20444,22.210522,83.346459,-1
20445,17.412521,78.36285,-1
20446,32.462959,75.284504,-1
20447,13.654406,77.67513,-1
20448,31.032334,76.55785,-1
20449,31.161964,76.44272,-1
20450,25.123116,78.62674,-1
20451,12.859081,79.105341,-1
20452,12.818797,78.702763,-1
20453,23.810677,86.348271,-1
20454,31.267637,75.637536,-1
20455,12.672413,79.979278,-1
20456,19.905914,79.350277,-1
20457,23.031801,81.033627,-1
20458,21.298958,79.13173,-1
20459,19.314019,82.499003,-1
20460,21.121907,78.971406,-1
20461,19.77621,79.118777,-1
20462,25.431469,86.111421,-1
20463,19.973006,73.900384,-1
20464,11.925933,78.343437,-1
20465,11.599343,78.137463,-1
20466,10.607171,76.08249,-1
20467,34.099733,74.068244,-1
20468,26.529007,78.927137,-1
20469,31.35982,76.302196,-1
20470,22.750477,83.486104,-1
20471,10.324051,79.106018,-1
20472,10.918754,76.862663,-1
20473,8.443759,77.56771,-1
20474,10.787931,79.395803,-1
20475,11.110354,77.97473,-1
20476,18.720308,79.552576,-1
20477,9.862211,77.343931,-1
20478,17.327577,74.185793,-1
20479,9.015096,77.26031,-1
20480,13.329701,74.761123,-1
20481,9.914129,76.364567,-1
20482,30.674488,76.69962,-1
20483,22.442492,88.308763,-1
20484,8.597527,77.946003,-1
20485,15.322854,73.967334,-1
20486,18.878106,84.446779,-1
20487,11.575348,77.927579,-1
20488,22.019756,77.636248,-1
20489,24.517088,79.016663,-1
20490,11.713015,78.388328,-1
20491,11.610214,79.281005,-1
20492,22.373779,74.7889,-1
20493,23.201842,82.139235,-1
20494,33.990726,75.320073,-1
20495,13.139665,79.99088,-1
20496,16.766407,78.004995,-1
20497,33.76618,75.229436,-1
20498,10.897698,79.806091,-1
20499,21.381437,81.921778,-1
20500,27.295791,77.762907,-1
20501,9.962805,78.009363,-1
20502,8.269251,77.607594,-1
20503,31.416057,76.345129,-1
20504,24.727923,75.924305,-1
20505,17.488387,78.168283,-1
20506,10.785158,78.85875,-1
20507,22.611959,76.581532,-1
20508,27.627901,79.270049,-1
20509,24.798114,73.99704,-1
20510,15.515412,73.794519,-1
20511,10.95439,77.062218,-1
20512,11.133928,77.717352,-1
20513,19.024353,73.125798,-1
20514,24.627878,73.682721,-1
20515,21.175466,79.642509,-1
20516,11.15561,77.273451,-1
20517,30.10196,77.298103,-1
20518,10.463554,76.197519,-1
20519,24.46506,72.751778,-1
20520,20.368084,85.183159,-1
20521,28.198264,76.792238,-1
20522,22.880521,72.693388,-1
20523,18.527454,73.205829,-1
20524,24.103877,73.664712,-1
20525,21.082807,72.882675,-1
20526,12.954766,79.275578,-1
20527,17.60249,73.17231,-1
20528,10.577168,76.024354,-1
20529,25.919711,92.717477,-1
20530,9.181009,77.902206,-1
20531,12.932572,79.11804,-1
20532,23.62153,86.429953,-1
20533,11.439279,77.573139,-1
20534,22.800394,73.64226,-1
20535,32.998505,74.955404,-1
20536,25.705254,82.728917,-1
20537,11.704502,78.18009,-1
20538,24.528315,78.412138,-1
20539,11.420066,77.346525,-1
20540,10.479051,76.148701,-1
20541,15.437302,73.919495,-1
20542,24.762721,79.070786,-1
20543,12.921266,79.089209,-1
20544,16.658358,74.274125,-1
20545,10.865783,79.064755,-1
20546,18.299929,83.918122,-1
20547,27.025318,75.789424,-1
20548,23.539589,91.494523,-1
20549,30.743697,76.909698,-1
20550,24.881464,92.886832,-1
20551,21.434784,78.43923,-1
20552,22.341813,84.780416,-1
20553,30.205976,77.144757,-1
20554,12.3409,76.581364,-1
20555,20.270553,85.152849,-1
20556,23.119347,74.768671,-1
20557,21.207364,72.944707,-1
20558,23.740576,86.364262,-1
20559,10.960385,78.112772,-1
20560,30.589959,77.028478,-1
20561,10.754427,79.135334,-1
20562,21.603313,73.612057,-1
20563,26.744243,94.222862,-1
20564,18.971806,81.060364,-1
20565,13.243169,79.402387,-1
20566,20.29381,72.868485,-1
20567,11.216073,79.589172,-1
20568,9.910946,78.08457,-1
20569,27.131782,88.327928,-1
20570,24.954496,81.700652,-1
20571,26.801657,82.479895,-1
20572,14.168468,77.829793,-1
20573,12.754331,78.90622,-1
20574,8.25626,77.452238,-1
20575,21.611835,82.367243,-1
20576,20.382721,86.252662,-1
20577,21.846673,80.231662,-1
20578,23.113308,76.370163,-1
20579,27.480767,95.212353,-1
20580,23.194344,79.937803,-1
20581,22.306446,73.681436,-1
20582,28.744129,77.014782,-1
20583,10.277811,78.858114,-1
20584,31.561542,75.252189,-1
20585,19.809354,72.741081,-1
20586,10.692701,76.352937,-1
20587,31.612761,75.860718,-1
20588,11.266369,78.157253,-1
20589,12.724422,74.84965,-1
20590,29.635706,77.016352,-1
20591,25.215742,80.061017,-1
20592,10.381709,78.79589,-1
20593,13.360654,79.417674,-1
20594,12.588825,74.94277,-1
20595,11.468265,78.242387,-1
20596,22.595402,70.941787,-1
20597,10.46081,78.703219,-1
20598,12.067392,77.041842,-1
20599,24.57945,78.719679,-1
20600,29.403401,76.923328,-1
20601,26.075943,82.887145,-1
20602,9.292304,78.168758,-1
20603,10.511309,78.06274,-1
20604,8.32931,77.141193,-1
20605,12.920314,79.896913,-1
20606,11.267805,76.645679,-1
20607,32.295138,75.566595,-1
20608,20.75154,78.609763,-1
20609,24.863049,92.556281,-1
20610,11.840764,75.673035,-1
20611,8.347301,77.302937,-1
20612,18.39945,73.129114,-1
20613,11.538619,77.969596,-1
20614,21.689036,79.763446,-1
20615,31.853524,77.171513,-1
20616,12.885303,75.065728,-1
20617,18.734997,82.920115,-1
20618,28.461049,77.195796,-1
20619,21.441419,81.683094,-1
20620,23.842061,87.679233,-1
20621,26.172163,91.653263,-1
20622,24.149235,86.306426,-1
20623,13.05982,80.162628,-1
20624,26.039477,89.981919,-1
20625,15.585276,74.575799,-1
20626,18.101827,73.526802,-1
20627,12.847825,77.660915,-1
20628,11.445743,79.519036,-1
20629,9.555475,78.929088,-1
20630,10.264101,76.118985,-1
20631,23.890247,86.32447,-1
20632,26.919361,81.572184,-1
20633,20.745393,86.42744,-1
20634,23.164351,81.605064,-1
20635,26.823978,94.420268,-1
20636,24.790779,80.77518,-1
20637,22.011354,82.802917,-1
20638,26.128505,91.619453,-1
20639,26.481457,74.600345,-1
20640,24.413279,85.982442,-1
20641,17.572281,78.225276,-1
20642,22.711016,75.92085,-1
20643,11.268457,77.438113,-1
20644,21.077658,79.564261,-1
20645,24.388575,92.122738,-1
20646,30.8341,76.950784,-1
20647,24.851686,92.755417,-1
20648,18.300705,74.779148,-1
20649,21.097851,81.378571,-1
20650,27.343691,95.326437,-1
20651,24.759867,73.500042,-1
20652,25.870384,92.576923,-1
20653,24.750995,94.044824,-1
20654,28.411265,78.346554,-1
20655,25.767737,93.825761,-1
20656,10.288164,77.649095,-1
20657,8.288603,77.149111,-1
20658,30.941545,74.638846,-1
20659,29.84817,79.767814,-1
20660,25.633548,93.663378,-1
20661,23.554292,75.234128,-1
20662,10.676166,77.050505,-1
20663,25.274033,83.660413,-1
20664,20.100982,76.550317,-1
20665,11.11268,76.967393,-1
20666,17.971587,79.523028,-1
20667,17.175709,77.35902,-1
20668,21.06846,71.794529,-1
20669,15.358708,76.344177,-1
20670,30.513779,74.640558,-1
20671,23.195836,69.281628,-1
20672,13.071206,80.088036,-1
20673,22.665342,88.238944,-1
20674,25.47548,78.726168,-1
20675,10.841409,77.052945,-1
20676,11.220476,78.508616,-1
20677,18.842681,73.197625,-1
20678,22.155614,85.440084,-1
20679,28.806072,77.119537,-1
20680,8.217773,77.270693,-1
20681,16.640419,74.299247,-1
20682,10.976514,79.356007,-1
20683,23.294509,85.419518,-1
20684,20.969263,81.282162,-1
20685,10.576737,76.172271,-1
20686,22.69194,75.490897,-1
20687,12.349657,76.608147,-1
20688,21.190588,79.058591,-1
20689,21.60134,78.718231,-1
20690,22.936887,85.095366,-1
20691,25.403461,80.155406,-1
20692,23.950005,75.624363,-1
20693,16.668255,81.545083,-1
20694,23.315769,84.571864,-1
20695,24.407879,93.722134,-1
20696,9.723453,76.697436,-1
20697,21.539366,82.125522,-1
20698,11.631399,77.749637,-1
20699,11.354833,77.630681,-1
20700,20.291757,73.007298,-1
20701,11.510877,77.758372,-1
20702,16.482953,81.253277,-1
20703,8.177673,77.331754,-1
20704,13.000337,80.07953,-1
20705,27.937155,76.117407,-1
20706,25.817852,79.334945,-1
20707,15.536371,74.167386,-1
20708,26.37028,91.346651,-1
20709,12.00524,79.086179,-1
20710,29.757786,78.119894,-1
20711,24.015639,91.97479,-1
20712,9.629242,77.660202,-1
20713,22.104986,74.565046,-1
20714,21.872955,82.291132,-1
20715,18.753598,82.902067,-1
20716,15.922699,74.642356,-1
20717,23.870896,76.465511,-1
20718,22.92353,88.135079,-1
20719,26.831884,94.516792,-1
20720,24.087686,78.082806,-1
20721,11.562526,77.984329,-1
20722,30.367211,76.89732,-1
20723,19.742863,79.685383,-1
20724,34.505265,74.376847,-1
20725,24.549277,80.274173,-1
20726,31.527406,75.330663,-1
20727,22.313947,73.810696,-1
20728,8.680307,77.60266,-1
20729,25.527781,84.793932,-1
20730,27.20924,94.909675,-1
20731,11.50443,77.490636,-1
20732,11.006334,77.236545,-1
20733,21.24477,82.52328,-1
20734,25.893817,78.306697,-1
20735,22.663929,81.776883,-1
20736,11.07735,76.858108,-1
20737,25.414335,81.636763,-1
20738,23.484063,77.716866,-1
20739,19.522186,83.512308,-1
20740,26.068209,91.521365,-1
20741,23.05744,81.776181,-1
20742,30.453873,76.585857,-1
20743,23.205801,78.58666,-1
20744,9.529958,78.109403,-1
20745,11.051299,77.076214,-1
20746,24.056682,72.370626,-1
20747,10.558728,76.050089,-1
20748,21.827821,81.366899,-1
20749,24.014316,80.642238,-1
20750,27.235636,92.414218,-1
20751,25.324282,93.133239,-1
20752,8.250065,77.129118,-1
20753,10.724108,76.219151,-1
20754,19.628738,83.530467,-1
20755,11.899871,78.908588,-1
20756,11.00638,76.90524,-1
20757,20.211204,73.019445,-1
20758,14.870281,78.385551,-1
20759,9.249263,77.667599,-1
20760,15.662592,73.682771,-1
20761,34.290282,74.814083,-1
20762,24.669283,87.965617,-1
20763,20.735213,83.694116,-1
20764,24.249924,74.987303,-1
20765,10.053658,78.306516,-1
20766,24.243367,87.252879,-1
20767,17.453083,78.785048,-1
20768,26.015191,92.813698,-1
20769,20.419248,78.145527,-1
20770,9.574672,77.628275,-1
20771,26.061329,81.910136,-1
20772,21.476193,79.272645,-1
20773,12.184486,75.894017,-1
20774,20.304833,77.786518,-1
20775,23.619763,74.927027,-1
20776,22.417007,73.090814,-1
20777,24.886672,80.775451,-1
20778,26.929429,94.753242,-1
20779,30.683662,76.758159,-1
20780,17.309374,78.519587,-1
20781,8.307966,77.210618,-1
20782,17.544114,78.190156,-1
20783,10.778588,79.755229,-1
20784,26.287617,91.142738,-1
20785,24.809999,84.038095,-1
20786,11.381643,79.386079,-1
20787,19.119865,84.766158,-1
20788,24.31155,85.397558,-1
20789,15.301506,74.015896,-1
20790,28.754341,77.137828,-1
20791,16.769855,81.075356,-1
20792,23.0873,80.462469,-1
20793,30.166759,78.130755,-1
20794,26.144672,89.863282,-1
20795,31.691504,75.451859,-1
20796,22.474728,82.588072,-1
20797,23.725269,85.368333,-1
20798,18.928941,72.981278,-1
20799,33.770011,75.293579,-1
20800,23.724551,81.424831,-1
20801,9.62246,78.410845,-1
20802,11.048029,77.050854,-1
20803,26.504919,90.546936,-1
20804,22.014175,82.200756,-1
20805,11.497656,78.701095,-1
20806,11.421159,79.67918,-1
20807,21.683071,82.639931,-1
20808,22.364177,83.604827,-1
20809,22.99803,76.532882,-1
20810,21.904031,71.734343,-1
20811,15.870411,74.485292,-1
20812,25.699161,91.887344,-1
20813,29.826859,78.679414,-1
20814,34.03771,74.599889,-1
20815,24.072458,84.041295,-1
20816,12.855778,79.298614,-1
20817,32.821919,75.310107,-1
20818,15.428604,73.989614,-1
20819,31.221298,77.783054,-1
20820,22.875565,86.050684,-1
20821,12.929109,74.878679,-1
20822,26.660622,92.796432,-1
20823,10.358856,76.19666,-1
20824,9.457532,78.433989,-1
20825,23.664597,86.027694,-1
20826,23.057015,79.042474,-1
20827,16.720037,81.088786,-1
20828,10.636721,77.032677,-1
20829,10.890786,79.22239,-1
20830,20.287169,81.088795,-1
20831,12.771372,80.240461,-1
20832,12.66011,78.621128,-1
20833,11.919488,75.309645,-1
20834,24.605466,72.514946,-1
20835,13.155529,74.76055,-1
20836,26.783823,94.781038,-1
20837,12.456186,74.996,-1
20838,13.231851,79.03966,-1
20839,26.455191,90.883799,-1
20840,11.041323,77.889387,-1
20841,18.987619,73.141378,-1
20842,33.054035,74.832805,-1
20843,23.8512,79.46842,-1
20844,30.305028,76.936432,-1
20845,32.268946,77.169855,-1
20846,26.141233,91.60197,-1
20847,23.239414,79.988271,-1
20848,26.359509,81.82298,-1
20849,16.142872,74.746789,-1
20850,22.019242,73.721322,-1
20851,12.908873,79.335192,-1
20852,26.385668,86.199098,-1
20853,20.442113,85.49064,-1
20854,26.743078,94.216219,-1
20855,24.594062,94.06239,-1
20856,17.970189,74.434747,-1
20857,15.501529,73.821994,-1
20858,26.423752,92.743487,-1
20859,21.148718,81.679744,-1
20860,32.577353,75.033136,-1
20861,13.455019,80.127434,-1
20862,20.501321,81.089537,-1
20863,10.558558,76.150489,-1
20864,28.369799,77.618437,-1
20865,12.876631,79.661511,-1
20866,16.75436,76.777532,-1
20867,25.572331,83.958639,-1
20868,23.590597,85.359995,-1
20869,25.798665,79.68214,-1
20870,8.85618,77.985528,-1
20871,11.101363,77.311513,-1
20872,19.274478,84.965249,-1
20873,8.388285,77.224641,-1
20874,27.711669,73.789627,-1
20875,23.334834,72.487858,-1
20876,24.789169,75.090129,-1
20877,19.165694,84.701465,-1
20878,22.563269,88.322996,-1
20879,23.871273,78.840442,-1
20880,23.695568,86.028024,-1
20881,23.111783,76.195808,-1
20882,20.91592,74.730233,-1
20883,22.214224,78.657523,-1
20884,24.777087,92.812225,-1
20885,26.567353,85.517559,-1
20886,11.675215,92.713397,-1
20887,26.046076,90.315463,-1
20888,24.697285,75.097476,-1
20889,10.98988,79.474636,-1
20890,21.845019,82.780334,-1
20891,31.847547,76.541206,-1
20892,13.291187,77.54952,-1
20893,25.042061,84.55076,-1
20894,30.725235,76.04126,-1
20895,9.727832,79.013033,-1
20896,10.742388,77.10138,-1
20897,13.385365,74.736612,-1
20898,26.667041,92.776801,-1
20899,10.85729,78.833388,-1
20900,27.579996,75.680212,-1
20901,12.954102,79.207908,-1
20902,31.442872,76.736381,-1
20903,22.741656,86.202842,-1
20904,28.444136,76.94979,-1
20905,20.135255,72.768936,-1
20906,20.194696,83.512674,-1
20907,11.73462,78.100517,-1
20908,21.092069,86.524282,-1
20909,17.901587,82.343361,-1
20910,23.860592,84.102076,-1
20911,23.937366,92.471686,-1
20912,22.532301,88.187934,-1
20913,10.624595,76.160427,-1
20914,22.59133,77.857695,-1
20915,33.709291,75.286491,-1
20916,23.604385,85.666362,-1
20917,26.648343,94.645263,-1
20918,10.414729,76.178843,-1
20919,22.734136,88.216722,-1
20920,23.623145,86.153411,-1
20921,21.799661,83.088615,-1
20922,10.570517,76.166637,-1
20923,10.014085,77.384291,-1
20924,26.581667,94.178879,-1
20925,20.60638,72.955482,-1
20926,8.891614,77.490676,-1
20927,11.373633,77.320978,-1
20928,13.431227,76.167302,-1
20929,11.643715,78.184927,-1
20930,17.159677,81.674386,-1
20931,31.422405,75.691572,-1
20932,12.847556,75.24838,-1
20933,8.394952,77.181043,-1
20934,27.451276,78.787146,-1
20935,13.709233,80.026683,-1
20936,12.880345,75.034855,-1
20937,26.760381,80.48256,-1
20938,32.342637,75.435306,-1
20939,11.62328,78.018617,-1
20940,23.775903,85.926264,-1
20941,29.780032,75.812701,-1
20942,15.382195,73.844622,-1
20943,9.899324,78.065223,-1
20944,23.984973,85.482303,-1
20945,12.937657,79.366295,-1
20946,13.603604,75.493038,-1
20947,24.149121,86.357864,-1
20948,13.165225,74.788666,-1
20949,21.371748,72.986547,-1
20950,19.349573,72.871189,-1
20951,8.27941,77.307911,-1
20952,12.950886,75.258108,-1
20953,24.027861,92.648516,-1
20954,11.678917,78.075622,-1
20955,13.082729,79.635109,-1
20956,30.835614,78.196339,-1
20957,10.458877,76.260507,-1
20958,31.922035,75.32648,-1
20959,23.327054,75.462277,-1
20960,11.46651,77.083437,-1
20961,11.254507,78.514003,-1
20962,16.355565,78.622614,-1
20963,12.919719,78.994304,-1
20964,21.39271,72.948474,-1
20965,21.123268,74.348459,-1
20966,10.103699,78.844313,-1
20967,21.693858,83.258268,-1
20968,24.682785,92.726683,-1
20969,18.419914,73.839475,-1
20970,22.941522,79.888183,-1
20971,23.187427,82.220248,-1
20972,30.743921,75.650746,-1
20973,8.335571,77.134313,-1
20974,11.197062,79.698024,-1
20975,13.977807,75.306665,-1
20976,25.404071,78.884636,-1
20977,8.262005,77.235172,-1
20978,27.871354,77.660711,-1
20979,10.655482,76.212001,-1
20980,27.516396,76.624753,-1
20981,27.005707,76.018009,-1
20982,12.954101,79.123214,-1
20983,11.10957,72.718104,-1
20984,26.290809,93.896732,-1
20985,10.473284,76.19774,-1
20986,28.836562,76.967972,-1
20987,12.98897,75.276403,-1
20988,12.53638,75.015442,-1
20989,26.152832,91.564958,-1
20990,21.346589,78.936194,-1
20991,25.904316,85.755913,-1
20992,25.961568,76.078611,-1
20993,18.492239,79.086114,-1
20994,12.963627,76.698635,-1
20995,9.626078,77.914025,-1
20996,11.186473,77.833279,-1
20997,22.447851,75.625322,-1
20998,25.332819,88.338686,-1
20999,28.091191,76.308234,-1
21000,8.156873,77.461609,-1
21001,26.49132,90.909204,-1
21002,26.499956,94.807317,-1
21003,12.857278,80.208905,-1
21004,23.580065,75.534029,-1
21005,19.560632,72.788759,-1
21006,23.866213,86.619007,-1
21007,17.39288,82.711639,-1
21008,32.540731,75.945356,-1
21009,11.545762,79.500926,-1
21010,26.08122,79.011227,-1
21011,31.773095,75.723368,-1
21012,31.025818,76.460202,-1
21013,32.66103,74.834924,-1
21014,23.044228,72.596862,-1
21015,11.202115,77.291007,-1
21016,24.005603,73.573396,-1
21017,13.118485,80.192285,-1
21018,21.03938,79.849269,-1
21019,11.123871,78.21503,-1
21020,30.639681,75.939233,-1
21021,26.16961,85.911882,-1
21022,15.861428,74.594295,-1
21023,12.700442,79.319221,-1
21024,10.686218,76.225126,-1
21025,20.908373,81.630231,-1
21026,16.732351,76.772302,-1
21027,26.084699,91.524306,-1
21028,26.530553,94.688969,-1
21029,12.084672,79.859564,-1
21030,10.849995,72.189849,-1
21031,24.711842,80.967754,-1
21032,15.499488,73.833904,-1
21033,28.85879,76.556106,-1
21034,10.918877,79.436577,-1
21035,22.79854,86.085615,-1
21036,21.030981,75.874287,-1
21037,26.271944,83.102866,-1
21038,21.585359,78.837894,-1
21039,19.871449,72.676881,-1
21040,26.362839,78.27009,-1
21041,24.808275,82.790371,-1
21042,31.972145,75.041323,-1
21043,18.885035,72.886894,-1
21044,21.900968,81.989648,-1
21045,11.440817,77.709875,-1
21046,10.902959,78.267902,-1
21047,21.914589,85.472146,-1
21048,20.769723,73.068224,-1
21049,11.458233,78.2265,-1
21050,25.110751,93.973084,-1
21051,26.205037,82.36219,-1
21052,33.980727,74.73054,-1
21053,10.555838,76.160173,-1
21054,21.220582,73.595361,-1
21055,25.073391,86.649068,-1
21056,23.064496,73.960106,-1
21057,23.286778,83.906007,-1
21058,25.74107,76.16437,-1
21059,11.107151,77.899516,-1
21060,20.465421,72.860365,-1
21061,18.944942,81.36143,-1
21062,15.231499,74.093132,-1
21063,12.968869,74.84865,-1
21064,12.53056,78.162197,-1
21065,20.593177,80.199896,-1
21066,22.24544,78.877812,-1
21067,18.857262,79.946772,-1
21068,13.222136,80.097397,-1
21069,9.914779,78.152333,-1
21070,20.898279,85.184565,-1
21071,30.116326,75.087818,-1
21072,29.792176,75.816866,-1
21073,22.136578,84.896143,-1
21074,23.9185,91.269799,-1
21075,8.224614,77.294417,-1
21076,12.756815,79.188886,-1
21077,25.499265,78.73503,-1
21078,21.204959,82.126905,-1
21079,25.556518,85.018727,-1
21080,24.628194,94.044473,-1
21081,24.166031,86.333915,-1
21082,26.62193,93.689163,-1
21083,25.565625,91.848428,-1
21084,18.717704,79.361264,-1
21085,26.147669,92.747542,-1
21086,28.524609,77.284039,-1
21087,18.335632,73.856623,-1
21088,21.955469,80.44251,-1
21089,33.949919,74.774656,-1
21090,10.356473,76.198904,-1
21091,19.389234,84.785873,-1
21092,24.91693,92.338961,-1
21093,11.230043,77.347901,-1
21094,26.017585,90.697003,-1
21095,15.208461,73.953563,-1
21096,32.918962,75.072797,-1
21097,10.500113,76.261395,-1
21098,24.815298,93.156926,-1
21099,18.967115,73.101856,-1
21100,30.446657,76.014197,-1
21101,29.852764,80.527479,-1
21102,11.569838,77.976565,-1
21103,22.959333,88.217872,-1
21104,12.332683,78.497944,-1
21105,22.673482,88.281253,-1
21106,33.247192,75.22492,-1
21107,22.241976,85.641969,-1
21108,27.522998,76.669437,-1
21109,31.593472,75.940586,-1
21110,23.690917,86.762303,-1
21111,22.67412,74.986938,-1
21112,21.284773,79.126926,-1
21113,10.940566,79.331391,-1
21114,9.897557,78.017774,-1
21115,17.303647,78.37385,-1
21116,25.682274,79.531679,-1
21117,11.755586,79.771057,-1
21118,21.954928,82.998198,-1
21119,26.194595,81.425519,-1
21120,30.507318,76.281635,-1
21121,18.12403,82.128959,-1
21122,23.278498,92.762509,-1
21123,11.105963,77.943366,-1
21124,23.865082,77.959156,-1
21125,12.875173,79.059654,-1
21126,23.983328,85.33176,-1
21127,18.160368,81.529137,-1
21128,13.090458,74.852776,-1
21129,21.542364,73.937946,-1
21130,23.370319,83.075077,-1
21131,12.601967,75.848361,-1
21132,16.650851,74.278884,-1
21133,11.25294,77.532669,-1
21134,10.942239,76.810951,-1
21135,19.266951,84.905648,-1
21136,28.575419,76.966598,-1
21137,22.811661,85.849426,-1
21138,21.993493,82.763825,-1
21139,23.189731,73.333747,-1
21140,19.524314,73.098137,-1
21141,25.317551,75.740395,-1
21142,8.678279,78.013617,-1
21143,25.419489,86.057352,-1
21144,22.433542,73.328454,-1
21145,22.978276,92.942066,-1
21146,24.453494,85.572222,-1
21147,24.194037,86.336435,-1
21148,10.602856,76.141489,-1
21149,24.730071,75.539374,-1
21150,26.466538,92.440076,-1
21151,32.62582,74.966369,-1
21152,25.211408,93.116079,-1
21153,10.258022,78.522915,-1
21154,24.693491,93.793761,-1
21155,26.347899,84.284121,-1
21156,28.731102,77.83436,-1
21157,18.148254,73.318404,-1
21158,24.688997,87.850046,-1
21159,11.339116,77.579119,-1
21160,27.286892,96.061217,-1
21161,10.499257,76.149613,-1
21162,15.221021,80.009397,-1
21163,17.819129,73.058589,-1
21164,27.962253,76.416464,-1
21165,23.03636,91.735699,-1
21166,21.297436,78.877275,-1
21167,28.968965,80.077447,-1
21168,27.16523,94.92012,-1
21169,11.766794,77.849377,-1
21170,9.93397,78.163062,-1
21171,22.642416,79.943908,-1
21172,20.191423,86.007797,-1
21173,28.248592,76.845138,-1
21174,23.204921,69.606092,-1
21175,22.392917,73.089675,-1
21176,10.367386,76.275638,-1
21177,8.766324,77.728853,-1
21178,26.108906,91.479563,-1
21179,21.542218,80.983292,-1
21180,21.833126,84.930606,-1
21181,19.950924,84.583546,-1
21182,23.435899,72.411914,-1
21183,12.361533,76.584828,-1
21184,14.033705,78.76795,-1
21185,22.111496,82.148841,-1
21186,12.959049,74.936784,-1
21187,14.526749,75.794225,-1
21188,22.192719,78.633401,-1
21189,15.58896,73.805727,-1
21190,23.740365,86.765606,-1
21191,29.388417,76.960125,-1
21192,31.41828,75.521198,-1
21193,13.005088,75.271664,-1
21194,23.893865,91.30414,-1
21195,17.810481,81.375414,-1
21196,22.719439,88.395232,-1
21197,12.911559,74.904927,-1
21198,23.866991,75.156995,-1
21199,9.893471,77.368216,-1
21200,24.883586,76.705241,-1
21201,21.816849,81.114061,-1
21202,34.334418,74.382301,-1
21203,24.873504,92.326678,-1
21204,29.614077,75.802532,-1
21205,20.962759,82.308632,-1
21206,19.917271,84.104178,-1
21207,28.706156,77.313999,-1
21208,29.846123,75.910066,-1
21209,10.590758,76.160915,-1
21210,11.540807,77.981853,-1
21211,30.357057,76.638227,-1
21212,19.633395,84.422704,-1
21213,23.685498,85.054368,-1
21214,24.831927,92.763874,-1
21215,20.184435,72.744836,-1
21216,23.338341,73.448636,-1
21217,24.198658,86.237351,-1
21218,8.491631,77.665997,-1
21219,25.032059,87.561744,-1
21220,24.819274,92.814494,-1
21221,18.160515,73.025789,-1
21222,9.35306,77.90417,-1
21223,28.891278,77.097808,-1
21224,23.893552,86.139389,-1
21225,20.804306,72.970753,-1
21226,32.842696,74.481087,-1
21227,19.328869,83.783643,-1
21228,33.041582,74.524369,-1
21229,14.014012,74.557352,-1
21230,21.665951,83.408018,-1
21231,21.345611,80.348398,-1
21232,21.203899,83.447031,-1
21233,21.26304,83.410234,-1
21234,26.362251,91.219538,-1
21235,12.644099,79.57369,-1
21236,20.358291,84.854434,-1
21237,23.523122,73.958951,-1
21238,28.826757,76.926911,-1
21239,21.412801,79.255936,-1
21240,19.935354,85.482416,-1
21241,11.722051,78.162888,-1
21242,12.084071,79.362234,-1
21243,23.557356,73.730629,-1
21244,22.612594,88.773131,-1
21245,11.766618,79.631381,-1
21246,15.440046,73.862514,-1
21247,32.348318,75.646555,-1
21248,13.158888,74.98528,-1
21249,11.418333,78.090521,-1
21250,28.707268,77.018289,-1
21251,26.411369,89.936273,-1
21252,29.376956,76.852437,-1
21253,21.318322,83.616033,-1
21254,26.782,84.509603,-1
21255,27.511987,81.989138,-1
21256,15.42624,73.993871,-1
21257,23.859286,86.176823,-1
21258,23.866835,85.438342,-1
21259,17.612515,78.389491,-1
21260,8.400822,77.188946,-1
21261,30.784663,76.826324,-1
21262,30.863732,75.717135,-1
21263,23.096371,72.647521,-1
21264,22.051479,75.345884,-1
21265,27.484878,95.333503,-1
21266,26.098387,85.360533,-1
21267,18.961691,78.366974,-1
21268,8.281495,77.22334,-1
21269,9.269231,77.810672,-1
21270,12.85291,74.928046,-1
21271,14.874227,78.374323,-1
21272,13.245956,79.100137,-1
21273,13.405182,74.75279,-1
21274,8.352734,77.151253,-1
21275,10.847792,77.420739,-1
21276,23.567265,79.659406,-1
21277,22.440183,83.740883,-1
21278,11.087139,79.418912,-1
21279,19.894459,73.697716,-1
21280,21.448752,80.23757,-1
21281,11.628756,77.790411,-1
21282,21.884785,73.710482,-1
21283,30.68198,75.262546,-1
21284,28.479722,77.211094,-1
21285,20.098873,81.132687,-1
21286,23.806865,86.245978,-1
21287,23.801214,86.196844,-1
21288,22.92168,79.2194,-1
21289,29.297409,79.323157,-1
21290,21.920559,85.228818,-1
21291,17.423298,78.539252,-1
21292,15.661471,73.723462,-1
21293,29.418006,80.098839,-1
21294,23.217134,79.989783,-1
21295,33.651789,74.285613,-1
21296,18.642181,83.400617,-1
21297,10.677546,76.184566,-1
21298,10.671385,76.089862,-1
21299,27.05642,80.887158,-1
21300,21.514512,73.804313,-1
21301,26.281988,76.76748,-1
21302,20.791157,73.49504,-1
21303,18.340817,82.84942,-1
21304,14.862139,78.338851,-1
21305,17.243534,77.46663,-1
21306,22.408326,73.604458,-1
21307,25.167183,83.6053,-1
21308,15.39415,73.846834,-1
21309,30.986826,77.007454,-1
21310,32.587665,74.826709,-1
21311,25.868641,93.698939,-1
21312,25.187887,85.237795,-1
21313,15.075754,76.597494,-1
21314,20.861722,85.096326,-1
21315,11.659774,78.124337,-1
21316,23.07588,79.787932,-1
21317,19.507261,84.636814,-1
21318,10.01605,79.226268,-1
21319,27.21631,95.450428,-1
21320,18.093802,78.835672,-1
21321,19.313996,73.026139,-1
21322,19.127191,81.381093,-1
21323,19.378234,73.183531,-1
21324,15.378496,73.918284,-1
21325,29.357953,79.526838,-1
21326,25.829909,85.777732,-1
21327,15.13938,78.109863,-1
21328,23.77865,86.3778,-1
21329,26.492269,90.925596,-1
21330,15.789393,73.916629,-1
21331,17.659047,78.351348,-1
21332,15.567698,73.875966,-1
21333,13.001044,76.01454,-1
21334,18.643944,83.952189,-1
21335,18.902204,72.965543,-1
21336,24.656766,76.00999,-1
21337,20.782901,81.487542,-1
21338,25.230777,73.974944,-1
21339,26.262259,80.764839,-1
21340,21.865727,81.812958,-1
21341,10.594292,76.081593,-1
21342,26.932525,80.503549,-1
21343,19.244259,73.031006,-1
21344,11.206848,77.401104,-1
21345,13.143062,77.64887,-1
21346,13.19075,79.469682,-1
21347,28.610577,76.929834,-1
21348,24.925931,83.777519,-1
21349,17.490508,82.781898,-1
21350,15.475306,73.909595,-1
21351,23.193455,82.978421,-1
21352,20.566373,73.655944,-1
21353,20.866979,86.037752,-1
21354,9.33048,77.575502,-1
21355,23.686289,85.499249,-1
21356,33.61253,75.321525,-1
21357,22.569472,75.735547,-1
21358,28.60946,95.022199,-1
21359,23.483626,91.47825,-1
21360,24.233144,82.543393,-1
21361,26.112016,91.521125,-1
21362,33.835545,75.321872,-1
21363,26.783902,80.336068,-1
21364,25.223324,71.454248,-1
21365,28.599576,76.932892,-1
21366,21.293165,74.069529,-1
21367,15.258997,73.997837,-1
21368,10.659484,76.069217,-1
21369,20.406788,81.628998,-1
21370,17.891155,75.013908,-1
21371,18.921336,73.161867,-1
21372,16.994314,73.369492,-1
21373,32.320072,75.685784,-1
21374,25.375261,80.738076,-1
21375,10.525249,77.206423,-1
21376,10.596379,77.491093,-1
21377,12.854392,76.509427,-1
21378,33.970335,74.765836,-1
21379,26.209721,91.703215,-1
21380,14.059648,75.388213,-1
21381,13.023894,79.830754,-1
21382,12.856126,74.898992,-1
21383,26.798387,84.506166,-1
21384,10.745103,79.508884,-1
21385,14.322006,76.061207,-1
21386,18.080843,78.44402,-1
21387,15.230551,74.185484,-1
21388,26.379587,81.221786,-1
21389,21.470244,80.156485,-1
21390,22.628983,80.369521,-1
21391,20.19195,86.026106,-1
21392,9.879526,78.222711,-1
21393,12.170049,76.687684,-1
21394,11.51353,79.480021,-1
21395,20.934192,85.235261,-1
21396,11.229806,77.870217,-1
21397,27.515224,77.492461,-1
21398,19.368861,85.031315,-1
21399,26.33191,80.622069,-1
21400,23.742171,85.398572,-1
21401,31.967378,74.92483,-1
21402,16.679718,81.090264,-1
21403,23.81893,86.552093,-1
21404,22.737744,85.948373,-1
21405,23.82515,86.368741,-1
21406,27.314167,78.4994,-1
21407,15.535412,73.827766,-1
21408,11.416537,79.688076,-1
21409,32.92131,75.156091,-1
21410,16.996664,82.226501,-1
21411,10.680628,76.166168,-1
21412,8.415988,77.209501,-1
21413,19.241988,82.778208,-1
21414,23.791149,86.260859,-1
21415,32.686493,74.834599,-1
21416,26.438144,91.412038,-1
21417,21.573795,81.33942,-1
21418,25.62025,87.949546,-1
21419,22.013408,81.853514,-1
21420,34.52829,74.239228,-1
21421,21.283824,85.030955,-1
21422,25.940117,74.668268,-1
21423,27.65579,75.62163,-1
21424,12.911161,79.123372,-1
21425,19.359828,78.897125,-1
21426,21.111025,79.540006,-1
21427,25.149167,86.663136,-1
21428,22.743542,88.535206,-1
21429,21.258198,79.098831,-1
21430,24.123071,86.267033,-1
21431,17.916781,79.609017,-1
21432,26.306932,92.687935,-1
21433,25.933685,94.21694,-1
21434,21.833429,80.220433,-1
21435,24.811424,92.828215,-1
21436,28.817363,77.014727,-1
21437,19.891558,81.648894,-1
21438,13.28753,74.795177,-1
21439,26.063263,85.361098,-1
21440,20.172255,85.309092,-1
21441,17.548828,80.609451,-1
21442,24.051516,85.871759,-1
21443,20.45078,85.341583,-1
21444,22.196099,78.674664,-1
21445,20.730346,81.845883,-1
21446,26.00415,92.863131,-1
21447,15.541921,73.757222,-1
21448,16.461702,80.62965,-1
21449,9.990728,79.236117,-1
21450,19.688693,85.228882,-1
21451,22.952264,83.03671,-1
21452,14.531971,75.793717,-1
21453,31.102696,75.922831,-1
21454,23.600467,72.986708,-1
21455,24.132544,72.404928,-1
21456,22.853533,88.433538,-1
21457,17.83229,79.406888,-1
21458,8.334358,77.405582,-1
21459,14.128866,76.169543,-1
21460,27.132837,95.720868,-1
21461,8.777108,77.410056,-1
21462,12.879788,74.982091,-1
21463,18.045129,77.882542,-1
21464,10.896912,79.16095,-1
21465,20.895136,83.527958,-1
21466,24.769619,92.775211,-1
21467,11.005575,77.264053,-1
21468,15.427237,73.918836,-1
21469,31.488864,77.613023,-1
21470,12.850825,76.079584,-1
21471,13.357601,74.705527,-1
21472,23.703098,85.532132,-1
21473,24.681912,87.853627,-1
21474,25.624697,91.928097,-1
21475,24.931623,92.588007,-1
21476,10.352976,77.98526,-1
21477,10.498987,76.310437,-1
21478,19.893344,75.016503,-1
21479,30.825192,76.741872,-1
21480,22.442066,69.854203,-1
21481,20.614732,81.103945,-1
21482,21.83471,82.477191,-1
21483,19.428358,82.853715,-1
21484,10.97921,79.693741,-1
21485,21.117431,78.953261,-1
21486,10.038822,78.174624,-1
21487,13.626612,79.363835,-1
21488,21.334427,72.95568,-1
21489,21.590274,80.315493,-1
21490,9.885288,77.347886,-1
21491,27.25481,88.487552,-1
21492,18.715538,73.747332,-1
21493,15.491193,74.567853,-1
21494,20.865697,85.273843,-1
21495,27.424531,95.59278,-1
21496,32.08934,76.091468,-1
21497,25.444558,84.322569,-1
21498,13.589857,80.052401,-1
21499,10.63711,76.212658,-1
21500,12.151146,75.924946,-1
21501,12.994195,80.083738,-1
21502,24.832389,93.932755,-1
21503,8.157993,77.466354,-1
21504,21.248518,71.740103,-1
21505,25.619493,81.034906,-1
21506,20.827256,82.174264,-1
21507,21.801166,74.24601,-1
21508,26.513421,90.993784,-1
21509,31.991633,75.786964,-1
21510,8.183972,77.383191,-1
21511,23.934272,86.220231,-1
21512,13.143223,80.106119,-1
21513,23.997802,73.284596,-1
21514,19.616117,85.145758,-1
21515,24.720821,86.416452,-1
21516,21.575691,79.814117,-1
21517,21.811814,85.548682,-1
21518,19.146639,84.594585,-1
21519,28.06223,75.236196,-1
21520,23.764274,83.191125,-1
21521,20.684217,77.054686,-1
21522,20.80321,81.058319,-1
21523,15.476837,74.07972,-1
21524,29.108449,75.845899,-1
21525,30.307081,76.870196,-1
21526,8.533547,78.114096,-1
21527,23.331276,87.175241,-1
21528,28.226916,76.894146,-1
21529,28.191517,76.816426,-1
21530,26.951214,93.869362,-1
21531,8.338002,76.985324,-1
21532,19.059276,73.026953,-1
21533,23.971232,85.341624,-1
21534,10.697117,76.191174,-1
21535,22.046954,85.281843,-1
21536,19.810636,73.128043,-1
21537,11.095113,77.4211,-1
21538,8.36384,77.687977,-1
21539,9.943834,78.143136,-1
21540,19.705175,72.682363,-1
21541,30.587248,76.868675,-1
21542,20.135049,85.719072,-1
21543,31.244409,75.595641,-1
21544,15.292432,77.868427,-1
21545,18.13137,83.394096,-1
21546,22.299646,77.867407,-1
21547,28.182593,76.587547,-1
21548,22.200114,78.839774,-1
21549,23.831542,92.672486,-1
21550,17.959492,73.448978,-1
21551,30.512998,76.816971,-1
21552,19.908041,82.051101,-1
21553,27.319558,75.296769,-1
21554,10.65412,76.216491,-1
21555,26.824645,80.241732,-1
21556,27.476068,94.94951,-1
21557,18.08343,83.381432,-1
21558,9.842477,78.602147,-1
21559,20.83609,85.256209,-1
21560,21.149128,79.605728,-1
21561,13.713333,78.102785,-1
21562,32.114927,76.387439,-1
21563,27.632812,77.869843,-1
21564,12.682273,79.324816,-1
21565,22.352721,82.577126,-1
21566,14.249151,76.377758,-1
21567,23.760652,86.222172,-1
21568,27.169704,88.606936,-1
21569,22.349219,70.774871,-1
21570,26.393784,91.336742,-1
21571,21.719275,69.758113,-1
21572,23.915008,86.669885,-1
21573,11.296885,76.617926,-1
21574,15.547468,74.07654,-1
21575,23.233905,72.500966,-1
21576,24.673855,86.305624,-1
21577,12.911217,74.935219,-1
21578,11.625462,78.135611,-1
21579,12.855883,74.984651,-1
21580,10.686187,76.121374,-1
21581,32.246656,75.566907,-1
21582,27.503003,96.173413,-1
21583,13.944862,75.028037,-1
21584,15.507009,73.797928,-1
21585,17.747387,73.19389,-1
21586,26.601354,85.518082,-1
21587,23.722265,85.474703,-1
21588,12.577289,79.452955,-1
21589,11.159777,77.39603,-1
21590,12.723549,74.864129,-1
21591,12.767239,74.944893,-1
21592,26.134206,91.537668,-1
21593,22.811822,70.814744,-1
21594,10.729109,78.669166,-1
21595,19.393959,73.196489,-1
21596,19.889487,73.869959,-1
21597,26.167856,91.974013,-1
21598,30.411378,74.086837,-1
21599,24.644491,73.696909,-1
21600,10.617517,77.011265,-1
21601,18.189416,83.443012,-1
21602,20.341422,82.934556,-1
21603,24.475923,85.530038,-1
21604,21.447481,85.230362,-1
21605,21.70451,72.995651,-1
21606,18.000515,78.455266,-1
21607,20.359603,72.943979,-1
21608,26.260204,90.582005,-1
21609,13.138525,80.007241,-1
21610,24.964544,77.619047,-1
21611,27.767747,74.921028,-1
21612,19.870487,76.487267,-1
21613,20.145294,74.234532,-1
21614,10.867618,78.739907,-1
21615,7.014006,93.892012,-1
21616,21.222117,73.57331,-1
21617,24.898438,72.827365,-1
21618,26.890331,74.326695,-1
21619,13.730346,77.376777,-1
21620,28.110207,76.995713,-1
21621,15.635137,73.823149,-1
21622,31.927417,75.866308,-1
21623,10.561496,76.134673,-1
21624,11.965087,79.232887,-1
21625,13.135775,79.953915,-1
21626,8.293031,77.900257,-1
21627,22.172894,81.210501,-1
21628,18.26096,83.333135,-1
21629,24.856111,92.566345,-1
21630,12.967942,74.913602,-1
21631,23.768128,86.178185,-1
21632,29.371397,79.523054,-1
21633,24.591368,74.817651,-1
21634,21.274852,72.889659,-1
21635,19.407244,73.114815,-1
21636,28.740042,77.2726,-1
21637,30.363001,76.866541,-1
21638,15.456694,73.869147,-1
21639,23.806783,86.208083,-1
21640,17.484021,78.808848,-1
21641,19.989017,84.584025,-1
21642,26.618495,93.622878,-1
21643,16.453163,77.787838,-1
21644,23.504929,83.176189,-1
21645,19.959966,79.136603,-1
21646,34.377308,73.846378,-1
21647,22.295658,74.512529,-1
21648,26.51459,91.740119,-1
21649,11.071605,77.152585,-1
21650,25.981768,90.789387,-1
21651,22.6033,77.777346,-1
21652,32.496412,74.960208,-1
21653,23.510123,91.384042,-1
21654,11.326262,79.201907,-1
21655,10.209268,79.163335,-1
21656,29.357853,76.525974,-1
21657,21.551938,83.272172,-1
21658,20.192951,86.007103,-1
21659,17.564189,78.224869,-1
21660,28.269284,80.240409,-1
21661,12.98453,74.89358,-1
21662,11.618558,79.706139,-1
21663,27.199113,73.726796,-1
21664,19.605934,73.384465,-1
21665,12.745266,79.694338,-1
21666,10.669419,76.200939,-1
21667,8.222789,77.441953,-1
21668,15.535123,74.011981,-1
21669,29.180911,75.799909,-1
21670,26.653289,89.126196,-1
21671,33.691452,75.07375,-1
21672,26.106851,92.219418,-1
21673,19.911975,85.379916,-1
21674,21.125087,72.637475,-1
21675,11.087007,78.01909,-1
21676,33.880842,74.101424,-1
21677,15.668332,73.807,-1
21678,26.375962,91.339507,-1
21679,26.03675,90.664519,-1
21680,21.629287,82.699514,-1
21681,20.178028,76.647028,-1
21682,16.94646,81.283681,-1
21683,21.806063,80.141989,-1
21684,10.502362,76.206268,-1
21685,12.850201,78.840275,-1
21686,28.761126,76.97391,-1
21687,20.412028,85.872126,-1
21688,22.409179,82.350411,-1
21689,20.994797,85.713223,-1
21690,12.872745,74.917484,-1
21691,33.53393,74.344978,-1
21692,20.422543,72.922292,-1
21693,31.243952,75.552943,-1
21694,21.402109,80.204355,-1
21695,26.217556,93.021213,-1
21696,11.68276,78.0993,-1
21697,9.38844,77.500975,-1
21698,15.533985,73.949002,-1
21699,34.076189,74.55743,-1
21700,24.767575,93.972109,-1
21701,23.782067,79.313221,-1
21702,20.549509,72.913887,-1
21703,24.771354,93.860895,-1
21704,23.774216,86.339247,-1
21705,12.917319,74.929279,-1
21706,26.119022,91.97167,-1
21707,26.107582,93.014181,-1
21708,21.373048,83.60502,-1
21709,10.599425,76.221934,-1
21710,15.254503,73.924301,-1
21711,21.442957,72.929858,-1
21712,32.501964,75.77928,-1
21713,32.136468,75.402675,-1
21714,16.578615,77.288195,-1
21715,20.367364,83.28143,-1
21716,8.833405,77.377539,-1
21717,12.910745,74.961265,-1
21718,20.462148,72.92453,-1
21719,31.732599,74.642185,-1
21720,28.212989,77.318401,-1
21721,22.426064,75.638864,-1
21722,14.639155,74.280675,-1
21723,32.400804,75.701267,-1
21724,28.969654,77.034796,-1
21725,11.199029,72.777374,-1
21726,20.025655,84.987974,-1
21727,29.483506,76.915598,-1
21728,24.715775,86.453323,-1
21729,23.801841,86.093266,-1
21730,18.775242,73.094396,-1
21731,8.121982,77.396295,-1
21732,21.805534,75.618032,-1
21733,9.530211,78.013975,-1
21734,24.201024,92.016092,-1
21735,23.068404,72.657146,-1
21736,12.871073,75.073981,-1
21737,24.422412,85.249637,-1
21738,31.869989,76.344017,-1
21739,9.593771,77.973941,-1
21740,25.629904,85.925091,-1
21741,15.517845,73.947556,-1
21742,26.259816,91.694833,-1
21743,17.274147,78.658334,-1
21744,27.821235,95.221312,-1
21745,23.640341,85.348324,-1
21746,21.571606,72.965673,-1
21747,12.281246,76.870798,-1
21748,28.827347,77.168134,-1
21749,11.541201,78.073221,-1
21750,12.943656,74.868577,-1
21751,24.987093,87.761987,-1
21752,24.769807,93.939555,-1
21753,31.982236,76.754703,-1
21754,12.934817,79.322595,-1
21755,23.171745,82.215686,-1
21756,25.894639,85.78017,-1
21757,11.727201,77.904318,-1
21758,12.965164,79.0305,-1
21759,24.924688,83.813796,-1
21760,12.430428,79.49011,-1
21761,23.67894,85.478545,-1
21762,25.942659,86.795519,-1
21763,24.139333,86.261281,-1
21764,25.87486,85.731561,-1
21765,18.969851,73.2674,-1
21766,26.428789,91.431051,-1
21767,24.022052,85.777581,-1
21768,12.661933,74.912637,-1
21769,19.989824,79.247418,-1
21770,10.17068,78.777753,-1
21771,10.398975,76.122551,-1
21772,23.400721,91.735243,-1
21773,24.383441,83.626342,-1
21774,21.670016,81.315953,-1
21775,32.305109,75.745231,-1
21776,22.646153,86.057349,-1
21777,12.540304,78.585236,-1
21778,19.300823,72.970529,-1
21779,24.591468,80.897997,-1
21780,27.243709,95.682976,-1
21781,23.120016,84.524633,-1
21782,23.694348,85.556231,-1
21783,18.046046,83.394621,-1
21784,32.686106,74.964383,-1
21785,16.66758,74.322509,-1
21786,30.608744,76.852209,-1
21787,30.864955,76.961057,-1
21788,23.478647,85.473405,-1
21789,29.973274,78.218509,-1
21790,19.432296,84.259972,-1
21791,23.7298,86.290652,-1
21792,22.780885,88.244523,-1
21793,24.762974,92.770162,-1
21794,24.82387,84.799404,-1
21795,26.391638,91.450671,-1
21796,18.591271,78.191569,-1
21797,23.593205,74.148393,-1
21798,12.691024,74.89549,-1
21799,14.01495,79.295268,-1
21800,9.412874,77.888672,-1
21801,11.401368,76.720877,-1
21802,23.782351,86.191794,-1
21803,15.3882,78.850372,-1
21804,21.513283,81.473974,-1
21805,10.464985,77.479133,-1
21806,21.422778,77.327384,-1
21807,19.980003,73.881187,-1
21808,23.84199,78.711187,-1
21809,21.542721,81.917048,-1
21810,19.935304,84.56597,-1
21811,19.038488,79.444054,-1
21812,24.28264,93.825007,-1
21813,33.737086,75.069007,-1
21814,33.117881,74.778541,-1
21815,13.552675,75.352191,-1
21816,8.228523,77.773789,-1
21817,26.570943,91.962993,-1
21818,26.401853,74.739208,-1
21819,23.765243,86.037029,-1
21820,26.251176,91.911228,-1
21821,15.226456,74.108,-1
21822,21.994475,86.080087,-1
21823,21.684812,82.085434,-1
21824,26.733547,94.157934,-1
21825,27.257104,95.748508,-1
21826,24.878649,92.48525,-1
21827,25.576357,93.779476,-1
21828,24.91043,92.797789,-1
21829,32.342777,75.600999,-1
21830,23.839478,85.488929,-1
21831,22.598495,88.193513,-1
21832,11.285964,78.126359,-1
21833,12.872985,74.932679,-1
21834,17.270381,82.373485,-1
21835,20.867255,84.174846,-1
21836,25.102276,75.45989,-1
21837,28.178423,76.412002,-1
21838,11.270011,77.446891,-1
21839,18.465463,73.169559,-1
21840,24.942334,93.89078,-1
21841,22.745271,75.78064,-1
21842,31.21446,75.796641,-1
21843,11.590205,78.042157,-1
21844,13.123111,79.417597,-1
21845,15.488535,73.820483,-1
21846,10.796046,79.823371,-1
21847,21.466438,70.509492,-1
21848,11.725514,77.992494,-1
21849,18.668871,72.973833,-1
21850,22.520528,72.940006,-1
21851,33.565538,74.207818,-1
21852,8.260552,77.456554,-1
21853,21.070481,85.782914,-1
21854,23.758213,85.473385,-1
21855,10.739364,77.04034,-1
21856,30.33216,76.789465,-1
21857,19.478154,85.11649,-1
21858,13.287201,74.779433,-1
21859,26.832192,94.187023,-1
21860,20.378456,85.785707,-1
21861,17.746476,82.970298,-1
21862,13.279547,74.774561,-1
21863,10.591895,76.156965,-1
21864,32.212284,76.030468,-1
21865,12.470519,78.547715,-1
21866,24.194887,72.004911,-1
21867,9.564146,78.000166,-1
21868,19.583941,84.70428,-1
21869,26.400953,91.321764,-1
21870,10.303452,76.339044,-1
21871,19.928459,74.976442,-1
21872,32.621645,75.608949,-1
21873,24.791469,87.34619,-1
21874,15.429233,73.903402,-1
21875,25.956653,94.458012,-1
21876,12.658084,78.559793,-1
21877,12.611296,79.27591,-1
21878,22.957726,82.697429,-1
21879,23.703623,85.316221,-1
21880,33.434228,74.223205,-1
21881,19.785293,79.335435,-1
21882,13.319083,74.761434,-1
21883,30.723155,76.898513,-1
21884,23.669119,84.745104,-1
21885,19.98999,79.207587,-1
21886,9.465775,77.873799,-1
21887,30.649943,76.918538,-1
21888,8.560662,77.984598,-1
21889,28.775895,77.17002,-1
21890,22.243516,73.215577,-1
21891,26.126482,91.543107,-1
21892,25.28123,86.563165,-1
21893,25.889432,90.797348,-1
21894,26.140933,85.376941,-1
21895,15.491993,73.970155,-1
21896,12.470024,78.533652,-1
21897,17.920611,83.184007,-1
21898,12.130805,78.160767,-1
21899,31.017471,76.599938,-1
21900,30.270981,74.801931,-1
21901,8.284448,77.177196,-1
21902,32.628914,74.796218,-1
21903,30.441478,77.054302,-1
21904,9.665995,77.376499,-1
21905,19.806239,79.116814,-1
21906,18.108387,73.452838,-1
21907,18.581946,72.887801,-1
21908,21.471659,83.506845,-1
21909,26.422185,90.365369,-1
21910,22.018985,81.312627,-1
21911,28.584191,76.901946,-1
21912,23.252476,80.3693,-1
21913,19.36508,84.802165,-1
21914,25.406718,86.012911,-1
21915,19.132848,84.115254,-1
21916,20.942272,81.228505,-1
21917,10.59386,77.184479,-1
21918,23.998395,85.772296,-1
21919,22.951585,86.077483,-1
21920,31.801999,76.341029,-1
21921,23.360445,83.427922,-1
21922,23.68846,86.777212,-1
21923,24.159157,91.818696,-1
21924,20.463488,83.476276,-1
21925,23.79799,86.735569,-1
21926,31.899953,76.213597,-1
21927,31.798381,75.986604,-1
21928,12.964451,79.693265,-1
21929,23.192383,81.902831,-1
21930,12.48494,78.547595,-1
21931,13.397413,74.753539,-1
21932,26.150615,91.5481,-1
21933,21.738213,72.177767,-1
21934,25.073548,73.931849,-1
21935,32.683043,74.785443,-1
21936,22.509481,80.066082,-1
21937,20.034852,79.293728,-1
21938,21.767634,83.35308,-1
21939,30.15344,78.269997,-1
21940,20.819666,74.796603,-1
21941,26.280615,91.470505,-1
21942,11.657953,78.105798,-1
21943,32.705405,74.887308,-1
21944,30.953065,76.549865,-1
21945,31.697846,76.714218,-1
21946,9.564394,77.874426,-1
21947,19.895012,85.801626,-1
21948,23.697387,86.465874,-1
21949,26.77904,94.162061,-1
21950,13.100941,80.09424,-1
21951,12.933002,74.953868,-1
21952,23.55171,88.248059,-1
21953,16.798348,74.182563,-1
21954,12.196475,75.196317,-1
21955,17.746479,73.822867,-1
21956,29.328837,80.076301,-1
21957,23.341068,80.898007,-1
21958,19.522008,83.318832,-1
21959,31.273131,75.63782,-1
21960,20.675684,85.542229,-1
21961,31.488013,77.709425,-1
21962,14.530271,75.829298,-1
21963,23.765059,86.360879,-1
21964,32.239972,75.614773,-1
21965,26.48521,91.601791,-1
21966,27.526754,88.491884,-1
21967,24.867696,92.770112,-1
21968,23.779475,86.720325,-1
21969,23.798915,86.193985,-1
21970,23.705791,86.405956,-1
21971,18.020021,81.996148,-1
21972,32.608859,75.043571,-1
21973,15.674333,73.766724,-1
21974,24.053029,73.823706,-1
21975,20.61235,85.971661,-1
21976,23.709794,86.476456,-1
21977,22.166984,85.58376,-1
21978,23.895037,86.085968,-1
21979,25.823452,71.476542,-1
21980,15.480754,73.978523,-1
21981,24.8458,94.024214,-1
21982,26.531572,91.243668,-1
21983,20.937593,72.93939,-1
21984,31.523281,75.180553,-1
21985,10.634286,76.217797,-1
21986,23.750023,86.34189,-1
21987,22.599163,77.946401,-1
21988,22.931034,92.440175,-1
21989,23.373011,82.680617,-1
21990,23.818654,86.281746,-1
21991,20.549306,86.004159,-1
21992,16.230507,78.799431,-1
21993,32.139781,75.743873,-1
21994,26.003735,91.48966,-1
21995,26.398983,91.34293,-1
21996,23.752556,85.843032,-1
21997,17.945199,83.430437,-1
21998,20.143924,85.593149,-1
21999,8.985953,77.850065,-1
22000,21.02845,80.660487,-1
22001,9.406706,77.587466,-1
22002,24.709067,84.007852,-1
22003,28.726332,75.703622,-1
22004,21.5776,73.803605,-1
22005,31.091032,76.085454,-1
22006,9.878067,78.150262,-1
22007,13.038137,76.097226,-1
22008,31.846715,77.163902,-1
22009,19.94523,85.428601,-1
22010,21.874802,85.188601,-1
22011,25.98672,85.92935,-1
22012,27.874533,95.202884,-1
22013,19.518561,84.739503,-1
22014,23.629178,83.603857,-1
22015,23.624703,85.266331,-1
22016,10.503883,76.135198,-1
22017,18.863329,80.368698,-1
22018,12.772642,75.883016,-1
22019,24.754656,73.721043,-1
22020,20.911201,85.135841,-1
22021,23.795348,86.196495,-1
22022,31.502931,75.751456,-1
22023,23.502555,84.297947,-1
22024,10.721299,79.824518,-1
22025,10.071334,73.630805,-1
22026,26.699799,94.654142,-1
22027,28.619164,77.018806,-1
22028,26.096172,85.909626,-1
22029,14.831755,74.174457,-1
22030,19.242026,84.855451,-1
22031,26.147094,91.621212,-1
22032,33.150968,74.810175,-1
22033,23.216719,82.969172,-1
22034,26.003419,90.776081,-1
22035,16.99426,73.32044,-1
22036,23.750569,86.191549,-1
22037,21.088036,78.99172,-1
22038,23.22341,81.546605,-1
22039,24.571513,81.238048,-1
22040,31.115444,77.326272,-1
22041,21.567507,79.776035,-1
22042,31.695198,77.058898,-1
22043,27.388291,77.674062,-1
22044,25.005809,71.857165,-1
22045,13.238799,77.271895,-1
22046,32.649705,74.85772,-1
22047,19.854584,79.327444,-1
22048,24.152098,92.532651,-1
22049,23.769018,86.232495,-1
22050,33.139773,75.321263,-1
22051,26.725846,94.167154,-1
22052,31.225673,75.750021,-1
22053,21.803004,83.942927,-1
22054,22.194039,77.917378,-1
22055,15.602615,73.831009,-1
22056,24.54747,73.83959,-1
22057,10.23688,76.276562,-1
22058,28.248121,77.309281,-1
22059,14.758274,74.281908,-1
22060,28.033352,94.687017,-1
22061,18.954766,73.063671,-1
22062,13.406514,75.234332,-1
22063,19.347691,79.496924,-1
22064,20.854201,85.178776,-1
22065,19.648153,84.533013,-1
22066,24.158914,73.84919,-1
22067,13.451911,80.015389,-1
22068,26.894312,95.317246,-1
22069,27.124359,94.85387,-1
22070,27.338699,79.05553,-1
22071,32.243286,75.619105,-1
22072,23.750317,86.34419,-1
22073,21.073164,85.710594,-1
22074,20.953538,85.107909,-1
22075,32.112742,76.561847,-1
22076,11.657698,78.109105,-1
22077,22.206515,78.555403,-1
22078,8.091169,77.503204,-1
22079,10.541173,76.226267,-1
22080,20.915448,86.028463,-1
22081,28.65142,76.939293,-1
22082,23.759818,86.146254,-1
22083,31.076748,76.020928,-1
22084,22.612466,86.298859,-1
22085,34.139668,77.503475,-1
22086,32.566215,74.926601,-1
22087,20.558694,85.948192,-1
22088,27.300263,88.252836,-1
22089,12.700528,76.617721,-1
22090,17.6857,78.969827,-1
22091,18.854515,73.14558,-1
22092,9.860093,79.096131,-1
22093,26.339923,91.448433,-1
22094,31.94855,75.053555,-1
22095,34.534893,74.286983,-1
22096,24.003751,92.921247,-1
22097,24.370112,73.712607,-1
22098,32.80856,74.549909,-1
22099,11.473824,73.008808,-1
22100,22.32281,85.246191,-1
22101,32.722863,74.761132,-1
22102,22.821497,74.00589,-1
22103,31.40373,75.582663,-1
22104,23.667328,85.345315,-1
22105,23.459274,72.380922,-1
22106,33.416203,75.209306,-1
22107,23.805594,86.235308,-1
22108,31.674928,74.955036,-1
22109,11.305546,77.559643,-1
22110,30.779501,76.904003,-1
22111,32.639351,74.783071,-1
22112,25.254258,86.945789,-1
22113,31.621461,76.029349,-1
22114,30.820355,75.775288,-1
22115,19.915721,79.279348,-1
22116,27.166016,92.385768,-1
22117,26.152024,92.194706,-1
22118,13.026265,80.016116,-1
22119,20.668085,81.387386,-1
22120,32.456558,76.010214,-1
22121,25.182771,87.142942,-1
22122,27.341666,92.245879,-1
22123,21.571418,81.210312,-1
22124,24.1407,92.32134,-1
22125,31.42296,75.695607,-1
22126,28.984267,77.024517,-1
22127,31.000548,76.978254,-1
22128,21.171378,72.710624,-1
22129,14.995758,75.006093,-1
22130,11.244955,77.875493,-1
22131,21.624002,87.512936,-1
22132,23.768876,85.766408,-1
22133,16.823713,74.128733,-1
22134,25.731743,76.238879,-1
22135,20.889385,85.224364,-1
22136,23.157226,93.047255,-1
22137,32.068205,76.26411,-1
22138,15.12954,74.667457,-1
22139,25.65421,85.087483,-1
22140,32.100487,75.434555,-1
22141,26.262297,86.074238,-1
22142,12.471739,75.815481,-1
22143,20.543785,72.936624,-1
22144,32.352545,75.570203,-1
22145,24.863393,93.90557,-1
22146,20.073381,78.024606,-1
22147,25.514289,75.65608,-1
22148,17.449781,73.150989,-1
22149,22.35555,73.121499,-1
22150,17.696929,83.283505,-1
22151,18.607987,73.076912,-1
22152,27.259325,78.010752,-1
22153,30.677917,77.864161,-1
22154,21.723001,73.011218,-1
22155,16.602408,77.805216,-1
22156,23.841921,85.986568,-1
22157,31.13731,76.960762,-1
22158,23.818858,92.658918,-1
22159,30.507835,77.024721,-1
22160,27.472372,95.340042,-1
22161,22.307953,87.24891,-1
22162,8.762821,78.130711,-1
22163,28.857236,77.781949,-1
22164,23.741953,86.712627,-1
22165,18.636682,79.535964,-1
22166,8.551964,78.091817,-1
22167,22.220424,78.843567,-1
22168,30.838243,77.322399,-1
22169,24.963662,74.174449,-1
22170,20.050279,76.480918,-1
22171,12.201586,79.467115,-1
22172,32.425161,75.993018,-1
22173,16.187052,80.089363,-1
22174,30.88201,77.050002,-1
22175,21.077568,85.117943,-1
22176,28.345485,94.969673,-1
22177,24.603873,94.092963,-1
22178,20.566815,73.745389,-1
22179,16.572364,81.305236,-1
22180,28.834531,77.767809,-1
22181,27.49187,94.954586,-1
22182,17.550277,80.662966,-1
22183,29.834951,78.604337,-1
22184,30.086974,74.834902,-1
22185,12.540411,92.839723,-1
22186,24.857101,92.59576,-1
22187,12.812728,75.897872,-1
22188,21.101968,72.849126,-1
22189,34.072938,74.934697,-1
22190,23.215309,72.720877,-1
22191,33.919675,74.628371,-1
22192,14.539257,75.808897,-1
22193,13.280755,76.714917,-1
22194,33.020892,75.312068,-1
22195,13.699529,74.964941,-1
22196,31.251708,77.128947,-1
22197,30.292774,78.98547,-1
22198,21.103427,78.986254,-1
22199,28.844336,77.758062,-1
22200,23.366851,93.132408,-1
22201,24.383025,73.725595,-1
22202,25.939454,93.661247,-1
22203,20.274116,76.56987,-1
22204,15.881906,80.135312,-1
22205,11.118527,77.903156,-1
22206,25.855257,84.824586,-1
22207,31.098844,77.106642,-1
22208,20.058454,76.499108,-1
22209,29.823064,79.447955,-1
22210,8.948822,77.274558,-1
22211,26.186527,90.56533,-1
22212,22.175095,84.568863,-1
22213,28.787568,95.910886,-1
22214,31.444401,76.482692,-1
22215,11.722303,72.75792,-1
22216,27.896721,93.332899,-1
22217,25.124723,82.976661,-1
22218,13.607988,79.045019,-1
22219,26.579109,93.752169,-1
22220,24.316145,93.700156,-1
22221,23.239863,93.093517,-1
22222,22.395011,73.176964,-1
22223,13.228617,75.247939,-1
22224,23.223897,73.235531,-1
22225,22.860825,84.741017,-1
22226,30.13247,78.584975,-1
22227,26.340494,80.873353,-1
22228,27.42032,79.190897,-1
22229,18.650706,84.0962,-1
22230,26.232112,90.217021,-1
22231,13.278596,75.743386,-1
22232,20.115157,76.431776,-1
22233,24.781719,87.955869,-1
22234,15.568331,73.757163,-1
22235,10.640511,76.199719,-1
22236,28.713788,77.1391,-1
22237,32.141737,77.183857,-1
22238,11.990742,79.823435,-1
22239,28.580747,77.337357,-1
22240,30.400399,79.420272,-1
22241,20.043179,76.498309,-1
22242,34.041177,74.391098,-1
22243,30.001696,77.919874,-1
22244,22.365532,73.126333,-1
22245,13.242401,74.709393,-1
22246,16.456638,80.594256,-1
22247,23.88329,78.750838,-1
22248,24.728057,84.968342,-1
22249,34.081256,74.508443,-1
22250,21.350637,72.974544,-1
22251,30.937338,77.578166,-1
22252,28.051885,96.53477,-1
22253,31.673767,76.816798,-1
22254,32.481239,75.902736,-1
22255,23.892764,87.375741,-1
22256,18.86757,73.079658,-1
22257,31.069394,77.631221,-1
22258,34.942301,76.776616,-1
22259,17.564267,73.109497,-1
22260,33.08987,75.285601,-1
22261,22.081382,92.648446,-1
22262,18.872354,73.077113,-1
22263,21.913616,87.724372,-1
22264,17.502627,82.586632,-1
22265,31.499411,77.803484,-1
22266,27.925353,80.759761,-1
22267,22.105751,86.477969,-1
22268,31.606428,76.580628,-1
22269,28.652828,79.842822,-1
22270,26.998898,76.609722,-1
22271,31.666541,77.314233,-1
22272,29.409444,73.633838,-1
22273,20.890435,85.137324,-1
22274,19.508969,76.193628,-1
22275,25.866562,87.727349,-1
22276,27.194627,93.48862,-1
22277,28.561585,76.803056,-1
22278,31.112736,77.55661,-1
22279,27.136031,88.263647,-1
22280,31.327943,76.527811,-1
22281,9.734165,76.641491,-1
22282,28.630934,77.3206,-1
22283,18.61745,76.922675,-1
22284,22.092359,86.52,-1
22285,20.61985,72.979071,-1
22286,19.980993,76.475084,-1
22287,20.020952,76.470569,-1
22288,19.89917,76.471042,-1
22289,21.595216,73.154144,-1
22290,27.084559,88.267383,-1
22291,23.886847,77.3242,-1
22292,15.305849,75.968349,-1
22293,24.544098,73.55992,-1
22294,30.358847,75.335258,-1
22295,15.539293,73.776093,-1
22296,27.112572,79.158807,-1
22297,20.030782,75.124413,-1
22298,15.616451,73.794561,-1
22299,19.10679,72.868737,-1
22300,19.102254,72.859869,-1
22301,19.072231,72.919412,-1
22302,19.061693,72.849057,-1
22303,19.081858,72.91608,-1
22304,19.104991,72.902074,-1
22305,19.078722,72.878001,-1
22306,19.04352,72.850741,-1
22307,19.067728,72.851955,-1
22308,19.080484,72.878806,-1
22309,28.637104,77.272217,-1
22310,28.661666,77.23386,-1
22311,28.65898,77.245258,-1
22312,28.657081,77.23757,-1
22313,28.653859,77.257918,-1
22314,28.63324,77.250267,-1
22315,28.653321,77.224,-1
22316,28.652177,77.252962,-1
22317,28.619471,77.219368,-1
22318,28.697535,77.189533,-1
22319,12.949932,77.596945,-1
22320,12.95565,77.606499,-1
22321,12.953878,77.608548,-1
22322,12.969243,77.586165,-1
22323,12.94814,77.601218,-1
22324,12.974671,77.590998,-1
22325,12.978024,77.570235,-1
22326,12.989767,77.599289,-1
22327,12.964862,77.60119,-1
22328,12.968324,77.580844,-1
22329,17.397347,78.456102,-1
22330,17.396355,78.481699,-1
22331,17.412433,78.464375,-1
22332,17.417785,78.471246,-1
22333,17.430569,78.481583,-1
22334,17.371526,78.410368,-1
22335,17.360225,78.468995,-1
22336,17.396435,78.462183,-1
22337,17.373457,78.460392,-1
22338,17.358451,78.441916,-1
22339,23.010988,72.5708,-1
22340,23.031221,72.592663,-1
22341,23.051638,72.574239,-1
22342,23.011473,72.595509,-1
22343,23.032582,72.612516,-1
22344,23.05947,72.588798,-1
22345,23.043868,72.598231,-1
22346,23.029637,72.608665,-1
22347,23.037715,72.572563,-1
22348,23.001353,72.568291,-1
22349,13.092628,80.274952,-1
22350,13.042459,80.314805,-1
22351,13.08704,80.320879,-1
22352,13.117819,80.287108,-1
22353,13.082662,80.285781,-1
22354,13.105973,80.306155,-1
22355,13.078085,80.264595,-1
22356,13.076034,80.25078,-1
22357,13.11615,80.249658,-1
22358,13.114668,80.256887,-1
22359,22.581719,88.312907,-1
22360,22.53402,88.362833,-1
22361,22.565497,88.378739,-1
22362,22.606759,88.380496,-1
22363,22.619342,88.365335,-1
22364,22.581469,88.356165,-1
22365,22.570981,88.387884,-1
22366,22.594791,88.336692,-1
22367,22.546312,88.38446,-1
22368,22.558281,88.30717,-1
22369,21.206411,72.844558,-1
22370,21.179493,72.81253,-1
22371,21.170945,72.841313,-1
22372,21.192681,72.819932,-1
22373,21.190914,72.820661,-1
22374,21.189153,72.844956,-1
22375,21.168418,72.829639,-1
22376,21.239565,72.82283,-1
22377,21.236949,72.810011,-1
22378,21.191699,72.813033,-1
22379,18.525214,73.845146,-1
22380,18.499925,73.874086,-1
22381,18.537342,73.856837,-1
22382,18.55197,73.867461,-1
22383,18.512295,73.819767,-1
22384,18.488614,73.900125,-1
22385,18.512928,73.869782,-1
22386,18.495069,73.83298,-1
22387,18.502557,73.840875,-1
22388,18.501605,73.834167,-1
22389,26.93455,75.769519,-1
22390,26.959087,75.767007,-1
22391,26.890364,75.791698,-1
22392,26.911957,75.822001,-1
22393,26.90879,75.760101,-1
22394,26.898723,75.77744,-1
22395,26.900249,75.804259,-1
22396,26.912079,75.77578,-1
22397,26.913306,75.829845,-1
22398,26.90809,75.755871,-1
22399,26.447813,80.33775,-1
22400,26.460783,80.380949,-1
22401,26.46498,80.332541,-1
22402,26.448705,80.335867,-1
22403,26.473168,80.355631,-1
22404,26.463179,80.313072,-1
22405,26.47505,80.350081,-1
22406,26.476014,80.374689,-1
22407,26.462181,80.364232,-1
22408,26.462025,80.348271,-1
22409,19.058802,73.036036,-1
22410,19.054337,73.00468,-1
22411,19.032281,73.012632,-1
22412,19.048293,73.041696,-1
22413,19.035712,73.032263,-1
22414,19.022591,72.997696,-1
22415,19.07388,73.002951,-1
22416,19.032314,73.038904,-1
22417,19.043782,73.01167,-1
22418,19.046053,73.015272,-1
22419,26.816288,80.9229,-1
22420,26.840578,80.931456,-1
22421,26.826782,80.932196,-1
22422,26.831503,80.93474,-1
22423,26.838496,80.916877,-1
22424,26.840197,80.949532,-1
22425,26.840349,80.924311,-1
22426,26.82394,80.920084,-1
22427,26.801311,80.925492,-1
22428,26.807403,80.958693,-1
22429,21.138693,79.061313,-1
22430,21.159645,79.05717,-1
22431,21.110048,79.074194,-1
22432,21.136787,79.057134,-1
22433,21.13084,79.113815,-1
22434,21.146668,79.077261,-1
22435,21.138543,79.101803,-1
22436,21.157965,79.111194,-1
22437,21.158253,79.088276,-1
22438,21.147353,79.046193,-1
22439,11.01322,76.947042,-1
22440,11.012942,76.959288,-1
22441,10.982948,76.952232,-1
22442,11.007543,76.979336,-1
22443,10.997851,76.946869,-1
22444,11.044543,76.974935,-1
22445,10.987747,77.000377,-1
22446,11.010866,76.961789,-1
22447,11.02123,76.951813,-1
22448,10.987171,76.944054,-1
22449,22.706585,75.85114,-1
22450,22.686369,75.866817,-1
22451,22.684735,75.821698,-1
22452,22.714717,75.821746,-1
22453,22.677896,75.832414,-1
22454,22.742167,75.825281,-1
22455,22.741888,75.842198,-1
22456,22.71847,75.838766,-1
22457,22.715818,75.841344,-1
22458,22.709069,75.833457,-1
22459,19.187809,73.013677,-1
22460,19.192042,72.906299,-1
22461,19.212152,72.968843,-1
22462,19.224738,72.978187,-1
22463,19.212197,72.970815,-1
22464,19.198824,72.998253,-1
22465,19.229308,72.928852,-1
22466,19.171985,72.976557,-1
22467,19.177518,72.957736,-1
22468,19.173207,72.966592,-1
22469,22.291922,73.216091,-1
22470,22.278889,73.242064,-1
22471,22.319841,73.217321,-1
22472,22.288022,73.245159,-1
22473,22.340976,73.20406,-1
22474,22.280772,73.21827,-1
22475,22.310612,73.195396,-1
22476,22.326222,73.205567,-1
22477,22.302873,73.19614,-1
22478,22.307123,73.209336,-1
22479,23.255716,77.401428,-1
22480,23.264882,77.40813,-1
22481,23.250615,77.373368,-1
22482,23.276574,77.417625,-1
22483,23.21497,77.389411,-1
22484,23.220887,77.416349,-1
22485,23.279063,77.378606,-1
22486,23.288082,77.371085,-1
22487,23.252965,77.386127,-1
22488,23.245621,77.401543,-1
22489,17.720925,83.271673,-1
22490,17.734849,83.310341,-1
22491,17.709365,83.311391,-1
22492,17.751388,83.329515,-1
22493,17.7217,83.346333,-1
22494,17.729253,83.336095,-1
22495,17.707248,83.336583,-1
22496,17.714563,83.309877,-1
22497,17.75049,83.306356,-1
22498,17.738582,83.338169,-1
22499,18.617773,73.794853,-1
22500,18.641127,73.812069,-1
22501,18.643145,73.839942,-1
22502,18.594242,73.805614,-1
22503,18.600957,73.785294,-1
22504,18.624173,73.784719,-1
22505,18.635048,73.785196,-1
22506,18.600329,73.776918,-1
22507,18.59232,73.78786,-1
22508,18.599108,73.796418,-1
22509,25.568427,85.146306,-1
22510,25.621134,85.143203,-1
22511,25.585194,85.131709,-1
22512,25.581808,85.113783,-1
22513,25.605375,85.121853,-1
22514,25.593715,85.16884,-1
22515,25.552377,85.162001,-1
22516,25.563291,85.128065,-1
22517,25.575378,85.138915,-1
22518,25.562339,85.12586,-1
22519,11.742333,78.953991,-1
22520,11.737219,78.962313,-1
22521,11.722188,78.932967,-1
22522,11.711566,78.951498,-1
22523,11.775403,78.981779,-1
22524,11.701048,78.932776,-1
22525,11.758061,78.957853,-1
22526,11.77076,78.959381,-1
22527,11.745801,78.968164,-1
22528,11.713868,78.959904,-1
22529,30.920131,75.865861,-1
22530,30.931486,75.845681,-1
22531,30.935581,75.868353,-1
22532,30.90064,75.861195,-1
22533,30.886009,75.862439,-1
22534,30.938185,75.852125,-1
22535,30.92112,75.867258,-1
22536,30.909051,75.837506,-1
22537,30.946477,75.840013,-1
22538,30.912126,75.866678,-1
22539,19.993797,73.793965,-1
22540,19.999673,73.779343,-1
22541,20.010667,73.817824,-1
22542,19.979533,73.802648,-1
22543,20.044719,73.801482,-1
22544,19.98485,73.780327,-1
22545,19.984087,73.798303,-1
22546,19.989195,73.799512,-1
22547,20.031037,73.804301,-1
22548,20.022579,73.791265,-1
22549,9.927769,78.092165,-1
22550,9.952239,78.102133,-1
22551,9.903138,78.089072,-1
22552,9.9052,78.111971,-1
22553,9.918544,78.122016,-1
22554,9.911384,78.1396,-1
22555,9.915618,78.126352,-1
22556,9.920303,78.063985,-1
22557,9.946222,78.115716,-1
22558,9.927978,78.141753,-1
22559,8.691432,77.701101,-1
22560,8.730544,77.664748,-1
22561,8.736687,77.657339,-1
22562,8.716789,77.715849,-1
22563,8.743797,77.665548,-1
22564,8.711718,77.68117,-1
22565,8.702213,77.680332,-1
22566,8.745485,77.667737,-1
22567,8.739172,77.68182,-1
22568,8.736604,77.686494,-1
22569,27.188472,78.036216,-1
22570,27.184045,78.016527,-1
22571,27.220106,78.030922,-1
22572,27.17648,78.053287,-1
22573,27.160211,78.01719,-1
22574,27.209378,78.02045,-1
22575,27.196894,78.012318,-1
22576,27.161912,78.05153,-1
22577,27.223473,78.008577,-1
22578,27.179146,77.994277,-1
22579,28.432206,77.286732,-1
22580,28.433616,77.314823,-1
22581,28.393756,77.316764,-1
22582,28.404225,77.299353,-1
22583,28.423483,77.331011,-1
22584,28.402234,77.303051,-1
22585,28.34918,77.303866,-1
22586,28.413103,77.312761,-1
22587,28.401383,77.293203,-1
22588,28.402269,77.318306,-1
22589,22.301971,70.799432,-1
22590,22.273507,70.77135,-1
22591,22.300317,70.793114,-1
22592,22.304074,70.773817,-1
22593,22.266931,70.802392,-1
22594,22.299722,70.810822,-1
22595,22.304878,70.783074,-1
22596,22.299819,70.809982,-1
22597,22.321293,70.78098,-1
22598,22.284176,70.813211,-1
22599,28.605811,77.002581,-1
22600,28.59629,76.969855,-1
22601,28.577581,76.97273,-1
22602,28.615016,77.007583,-1
22603,28.567676,76.99309,-1
22604,28.588637,76.977682,-1
22605,28.609484,76.97791,-1
22606,28.633099,76.965349,-1
22607,28.606476,76.97416,-1
22608,28.59973,76.986127,-1
22609,22.799262,86.210955,-1
22610,22.779971,86.189808,-1
22611,22.810785,86.209917,-1
22612,22.747425,86.171784,-1
22613,22.796035,86.191539,-1
22614,22.788682,86.165625,-1
22615,22.774198,86.201196,-1
22616,22.820526,86.175041,-1
22617,22.781425,86.184415,-1
22618,22.848606,86.179227,-1
22619,29.439649,75.670194,-1
22620,29.432398,75.680517,-1
22621,29.463088,75.691356,-1
22622,29.459847,75.691156,-1
22623,29.459036,75.666138,-1
22624,29.428807,75.682804,-1
22625,29.444023,75.690033,-1
22626,29.446973,75.654187,-1
22627,29.418699,75.655037,-1
22628,29.409561,75.65344,-1
22629,18.650997,73.849939,-1
22630,18.606274,73.792268,-1
22631,18.599461,73.79474,-1
22632,18.633844,73.80252,-1
22633,18.661883,73.782095,-1
22634,18.618106,73.764622,-1
22635,18.610944,73.789784,-1
22636,18.632918,73.805828,-1
22637,18.636755,73.807154,-1
22638,18.57845,73.762547,-1
22639,19.271108,73.115093,-1
22640,19.238594,73.136845,-1
22641,19.259004,73.152209,-1
22642,19.243393,73.160587,-1
22643,19.272894,73.131615,-1
22644,19.281133,73.10699,-1
22645,19.244891,73.118247,-1
22646,19.229997,73.125788,-1
22647,19.235922,73.124211,-1
22648,19.241968,73.154886,-1
22649,19.246445,73.06501,-1
22650,19.213487,73.054141,-1
22651,19.238501,73.045629,-1
22652,19.225497,73.097105,-1
22653,19.251148,73.119907,-1
22654,19.205526,73.108339,-1
22655,19.247979,73.107758,-1
22656,19.180026,73.118193,-1
22657,19.196649,73.093666,-1
22658,19.180988,73.114078,-1
22659,28.931717,77.753062,-1
22660,28.961612,77.721448,-1
22661,28.997626,77.691602,-1
22662,28.963619,77.6876,-1
22663,28.984982,77.712845,-1
22664,28.979069,77.743814,-1
22665,28.96767,77.690869,-1
22666,28.969055,77.66453,-1
22667,28.988148,77.685439,-1
22668,28.964283,77.721884,-1
22669,19.482787,72.768942,-1
22670,19.469691,72.813692,-1
22671,19.447139,72.823204,-1
22672,19.503374,72.816826,-1
22673,19.471767,72.792104,-1
22674,19.46858,72.852449,-1
22675,19.479199,72.82454,-1
22676,19.467893,72.852706,-1
22677,19.479475,72.818377,-1
22678,19.44613,72.802839,-1
22679,19.238809,82.560339,-1
22680,19.23113,82.523549,-1
22681,19.222953,82.559984,-1
22682,19.24054,82.564094,-1
22683,19.209692,82.548361,-1
22684,19.237903,82.521154,-1
22685,19.221152,82.55546,-1
22686,19.23637,82.545558,-1
22687,19.239233,82.521142,-1
22688,19.229471,82.55067,-1
22689,34.053128,74.818867,-1
22690,34.085741,74.774883,-1
22691,34.085365,74.818106,-1
22692,34.072762,74.818865,-1
22693,34.083456,74.790777,-1
22694,34.083595,74.803642,-1
22695,34.096923,74.809272,-1
22696,34.118514,74.80773,-1
22697,34.094482,74.810488,-1
22698,34.106882,74.765583,-1
22699,28.671872,77.428252,-1
22700,28.700381,77.440271,-1
22701,28.680378,77.4753,-1
22702,28.681327,77.399347,-1
22703,28.676429,77.451343,-1
22704,28.655885,77.447592,-1
22705,28.653209,77.428717,-1
22706,28.682556,77.419349,-1
22707,28.628227,77.44282,-1
22708,28.639727,77.435667,-1
22709,23.826075,86.435966,-1
22710,23.769462,86.428309,-1
22711,23.780736,86.454043,-1
22712,23.784372,86.432805,-1
22713,23.793333,86.43039,-1
22714,23.809079,86.482398,-1
22715,23.816791,86.442647,-1
22716,23.771599,86.447176,-1
22717,23.834825,86.448791,-1
22718,23.770199,86.426432,-1
22719,19.852662,75.328418,-1
22720,19.889553,75.32798,-1
22721,19.889171,75.294089,-1
22722,19.87816,75.335632,-1
22723,19.912658,75.326126,-1
22724,19.855358,75.351803,-1
22725,19.871443,75.336749,-1
22726,19.875917,75.341376,-1
22727,19.85945,75.317248,-1
22728,19.865453,75.344924,-1
22729,25.305163,83.026648,-1
22730,25.319582,82.986796,-1
22731,25.345268,83.009692,-1
22732,25.287814,83.024331,-1
22733,25.342808,83.025092,-1
22734,25.315492,83.013165,-1
22735,25.315262,83.020211,-1
22736,25.315195,82.995167,-1
22737,25.329354,83.015161,-1
22738,25.344178,82.990449,-1
22739,31.648272,74.854317,-1
22740,31.609427,74.882539,-1
22741,31.620756,74.879917,-1
22742,31.611248,74.895882,-1
22743,31.639139,74.901346,-1
22744,31.657747,74.84074,-1
22745,31.604928,74.896321,-1
22746,31.667566,74.870553,-1
22747,31.593567,74.893641,-1
22748,31.617168,74.882736,-1
22749,16.50059,80.654406,-1
22750,16.512985,80.635685,-1
22751,16.480688,80.621907,-1
22752,16.534658,80.64437,-1
22753,16.511928,80.648205,-1
22754,16.531617,80.612201,-1
22755,16.511632,80.651212,-1
22756,16.517531,80.67531,-1
22757,16.543756,80.670998,-1
22758,16.52573,80.675232,-1
22759,23.313825,85.341283,-1
22760,23.318068,85.32784,-1
22761,23.34333,85.283132,-1
22762,23.345193,85.328687,-1
22763,23.333552,85.246358,-1
22764,23.34122,85.314193,-1
22765,23.357434,85.336825,-1
22766,23.352669,85.326253,-1
22767,23.315822,85.296729,-1
22768,23.352827,85.303868,-1
22769,23.16673,79.949986,-1
22770,23.149461,79.976722,-1
22771,23.189341,79.952108,-1
22772,23.185462,79.951627,-1
22773,23.175587,79.936716,-1
22774,23.1364,79.969422,-1
22775,23.141781,79.934345,-1
22776,23.160951,79.951697,-1
22777,23.15899,79.939151,-1
22778,23.147982,79.991037,-1
22779,25.412269,81.82828,-1
22780,25.463234,81.828013,-1
22781,25.473255,81.835372,-1
22782,25.423929,81.845221,-1
22783,25.44763,81.86234,-1
22784,25.423902,81.845799,-1
22785,25.435823,81.837433,-1
22786,25.447278,81.856957,-1
22787,25.469569,81.801451,-1
22788,25.460367,81.855629,-1
22789,17.655542,83.186803,-1
22790,17.656085,83.229257,-1
22791,17.662309,83.210283,-1
22792,17.706437,83.218019,-1
22793,17.662974,83.224383,-1
22794,17.65138,83.218531,-1
22795,17.693615,83.190971,-1
22796,17.688776,83.235227,-1
22797,17.685867,83.196072,-1
22798,17.695101,83.191422,-1
22799,26.285633,73.042865,-1
22800,26.287226,73.035909,-1
22801,26.283572,73.023063,-1
22802,26.238015,72.986156,-1
22803,26.272697,73.027484,-1
22804,26.258028,73.030451,-1
22805,26.272128,72.959498,-1
22806,26.257349,73.03383,-1
22807,26.260029,73.029601,-1
22808,26.242056,72.987716,-1
22809,26.215608,78.173743,-1
22810,26.208917,78.156813,-1
22811,26.196024,78.131629,-1
22812,26.19422,78.135434,-1
22813,26.21031,78.18215,-1
22814,26.218224,78.159063,-1
22815,26.256403,78.205493,-1
22816,26.251196,78.190852,-1
22817,26.198644,78.19005,-1
22818,26.229242,78.162888,-1
22819,10.006157,77.492106,-1
22820,10.025078,77.474617,-1
22821,10.033193,77.486421,-1
22822,10.019836,77.498784,-1
22823,9.987001,77.481882,-1
22824,10.010204,77.514649,-1
22825,10.013497,77.478903,-1
22826,10.016726,77.44318,-1
22827,10.010216,77.483946,-1
22828,10.004527,77.447914,-1
22829,22.555781,88.370591,-1
22830,22.573249,88.337194,-1
22831,22.588035,88.338232,-1
22832,22.547551,88.283161,-1
22833,22.590929,88.325639,-1
22834,22.568392,88.31628,-1
22835,22.558801,88.318471,-1
22836,22.572552,88.310101,-1
22837,22.575693,88.317522,-1
22838,22.56639,88.316881,-1
22839,21.237949,81.603975,-1
22840,21.245117,81.607859,-1
22841,21.245444,81.633122,-1
22842,21.193243,81.639695,-1
22843,21.237801,81.637253,-1
22844,21.221585,81.627732,-1
22845,21.21448,81.618612,-1
22846,21.193233,81.621795,-1
22847,21.239177,81.631513,-1
22848,21.218155,81.637059,-1
22849,10.831824,78.691908,-1
22850,10.794027,78.693109,-1
22851,10.788392,78.688415,-1
22852,10.824416,78.742567,-1
22853,10.850212,78.703195,-1
22854,10.851249,78.69945,-1
22855,10.828552,78.735151,-1
22856,10.818891,78.683388,-1
22857,10.803357,78.703841,-1
22858,10.780644,78.656955,-1
22859,25.20273,75.846836,-1
22860,25.19557,75.814276,-1
22861,25.167632,75.844865,-1
22862,25.197259,75.835992,-1
22863,25.1808,75.872572,-1
22864,25.181212,75.837225,-1
22865,25.192643,75.804186,-1
22866,25.194378,75.850743,-1
22867,25.143744,75.785294,-1
22868,25.195335,75.848165,-1
22869,18.519703,73.875911,-1
22870,18.535928,73.832394,-1
22871,18.54382,73.843991,-1
22872,18.501622,73.846469,-1
22873,18.526388,73.873245,-1
22874,18.534841,73.832591,-1
22875,18.549321,73.843699,-1
22876,18.524493,73.856297,-1
22877,18.517475,73.843106,-1
22878,18.519655,73.884519,-1
22879,17.674914,75.912149,-1
22880,17.667192,75.918063,-1
22881,17.681553,75.908156,-1
22882,17.647525,75.936517,-1
22883,17.688503,75.925875,-1
22884,17.676193,75.916537,-1
22885,17.658521,75.909534,-1
22886,17.639434,75.926592,-1
22887,17.68588,75.896804,-1
22888,17.696063,75.894371,-1
22889,30.749891,76.766114,-1
22890,30.737832,76.790091,-1
22891,30.704899,76.796186,-1
22892,30.730352,76.789096,-1
22893,30.778417,76.825127,-1
22894,30.72886,76.801422,-1
22895,30.740867,76.763773,-1
22896,30.73767,76.791114,-1
22897,30.705826,76.797139,-1
22898,30.738612,76.815792,-1
22899,11.087475,77.366466,-1
22900,11.126903,77.365547,-1
22901,11.140963,77.362303,-1
22902,11.116931,77.341942,-1
22903,11.088993,77.364076,-1
22904,11.105337,77.346007,-1
22905,11.115031,77.351785,-1
22906,11.095327,77.366149,-1
22907,11.098426,77.320505,-1
22908,11.082005,77.335373,-1
22909,26.186451,91.736613,-1
22910,26.163532,91.761456,-1
22911,26.213119,91.74341,-1
22912,26.178879,91.77877,-1
22913,26.218876,91.742126,-1
22914,26.183565,91.705577,-1
22915,26.168021,91.741372,-1
22916,26.15446,91.756157,-1
22917,26.193812,91.747986,-1
22918,26.233842,91.71622,-1
22919,15.34828,75.159819,-1
22920,15.313141,75.149474,-1
22921,15.356322,75.13729,-1
22922,15.33158,75.128367,-1
22923,15.315117,75.126774,-1
22924,15.327289,75.107531,-1
22925,15.315551,75.151964,-1
22926,15.348569,75.130195,-1
22927,15.362333,75.162342,-1
22928,15.342297,75.130685,-1
22929,12.301177,76.64345,-1
22930,12.332658,76.633411,-1
22931,12.321014,76.648659,-1
22932,12.329739,76.650823,-1
22933,12.285456,76.640213,-1
22934,12.305672,76.622467,-1
22935,12.27894,76.655524,-1
22936,12.303098,76.675638,-1
22937,12.280473,76.606385,-1
22938,12.307216,76.650444,-1
22939,11.656353,78.170172,-1
22940,11.67194,78.131162,-1
22941,11.654593,78.158979,-1
22942,11.633097,78.162941,-1
22943,11.672558,78.128891,-1
22944,11.659915,78.124165,-1
22945,11.669713,78.184838,-1
22946,11.707563,78.164627,-1
22947,11.656091,78.138338,-1
22948,11.645157,78.175987,-1
22949,28.429495,77.112316,-1
22950,28.471948,77.022,-1
22951,28.482869,76.990897,-1
22952,28.41359,77.023533,-1
22953,28.433021,77.027983,-1
22954,28.418644,77.003218,-1
22955,28.463701,77.045608,-1
22956,28.468321,77.021637,-1
22957,28.445254,77.022258,-1
22958,28.461665,77.021027,-1
22959,20.306873,85.819041,-1
22960,20.261295,85.832065,-1
22961,20.313835,85.814055,-1
22962,20.250347,85.824097,-1
22963,20.253098,85.82492,-1
22964,20.292194,85.817494,-1
22965,20.274242,85.853315,-1
22966,20.281336,85.837067,-1
22967,20.283415,85.848802,-1
22968,20.258858,85.827608,-1
22969,19.327248,73.031489,-1
22970,19.294541,73.056672,-1
22971,19.291776,73.047147,-1
22972,19.32841,73.060255,-1
22973,19.318553,73.07625,-1
22974,19.281534,73.029935,-1
22975,19.307222,73.03101,-1
22976,19.296721,73.060323,-1
22977,19.276453,73.036399,-1
22978,19.243939,73.055323,-1
22979,31.344111,75.590034,-1
22980,31.292172,75.618061,-1
22981,31.305223,75.603937,-1
22982,31.367196,75.560708,-1
22983,31.341471,75.568999,-1
22984,31.30494,75.573232,-1
22985,31.327053,75.572371,-1
22986,31.324894,75.581674,-1
22987,31.331539,75.573739,-1
22988,31.338566,75.552967,-1
22989,28.756657,77.037797,-1
22990,28.748534,77.048718,-1
22991,28.789217,77.113666,-1
22992,28.757425,77.042641,-1
22993,28.756251,77.040942,-1
22994,28.750992,77.026578,-1
22995,28.736444,77.066314,-1
22996,28.712979,77.081584,-1
22997,28.72834,77.083004,2
22998,28.726683,77.079154,2
22999,9.951724,76.235158,-1
23000,9.967319,76.257626,-1
23001,9.9563,76.278937,-1
23002,9.982904,76.259201,-1
23003,9.95938,76.28026,-1
23004,9.960841,76.283329,-1
23005,9.978686,76.281874,-1
23006,9.982575,76.268692,-1
23007,9.970229,76.290725,-1
23008,9.976909,76.289887,-1
23009,19.322588,72.844472,-1
23010,19.284233,72.887927,-1
23011,19.289856,72.845591,-1
23012,19.326944,72.884762,-1
23013,19.320329,72.850125,-1
23014,19.322418,72.862155,-1
23015,19.309472,72.868517,-1
23016,19.300165,72.853393,-1
23017,19.294729,72.843745,-1
23018,19.284061,72.835624,-1
23019,28.854515,77.119,-1
23020,28.853309,77.089155,-1
23021,28.834899,77.077653,-1
23022,28.849962,77.058547,-1
23023,28.847466,77.099592,-1
23024,28.832395,77.085354,-1
23025,28.836105,77.10328,-1
23026,28.819215,77.077456,-1
23027,28.872055,77.079843,-1
23028,28.888652,77.115911,-1
23029,8.461304,76.931265,-1
23030,8.490477,76.94457,-1
23031,8.492108,76.979573,-1
23032,8.464114,76.933427,-1
23033,8.488219,76.959821,-1
23034,8.490527,76.959661,-1
23035,8.496023,76.963859,-1
23036,8.469901,76.954736,-1
23037,8.47818,76.97252,-1
23038,8.503723,76.964448,-1
23039,27.892876,78.063581,-1
23040,27.881761,78.109235,-1
23041,27.895838,78.08501,-1
23042,27.907346,78.055298,-1
23043,27.907291,78.077792,-1
23044,27.884288,78.073384,-1
23045,27.889594,78.102344,-1
23046,27.876863,78.052363,-1
23047,27.905452,78.065136,-1
23048,27.877005,78.079139,-1
23049,28.350166,79.427,-1
23050,28.383171,79.427152,-1
23051,28.337021,79.440608,-1
23052,28.373912,79.457848,-1
23053,28.352144,79.415666,-1
23054,28.377749,79.455365,-1
23055,28.375923,79.433344,-1
23056,28.33454,79.452514,-1
23057,28.345442,79.438747,-1
23058,28.352884,79.460854,-1
23059,28.828679,78.775619,-1
23060,28.829427,78.784127,3
23061,28.8195,78.779064,-1
23062,28.834631,78.741859,-1
23063,28.851533,78.792628,-1
23064,28.839907,78.775687,-1
23065,28.823461,78.809106,-1
23066,28.8644,78.761817,-1
23067,28.829271,78.779332,3
23068,28.804623,78.77085,-1
23069,17.976148,79.599699,-1
23070,18.01943,79.572879,-1
23071,18.014077,79.607927,-1
23072,18.018583,79.638733,-1
23073,17.995165,79.571868,-1
23074,18.036678,79.611913,-1
23075,18.002242,79.604027,-1
23076,18.033429,79.584051,-1
23077,18.03018,79.563111,-1
23078,17.960225,79.584668,-1
23079,26.759781,83.382639,-1
23080,26.784025,83.365103,-1
23081,26.739068,83.34877,-1
23082,26.747296,83.339455,-1
23083,26.791778,83.365636,-1
23084,26.786994,83.38623,-1
23085,26.772567,83.380795,-1
23086,26.786228,83.405349,-1
23087,26.738633,83.375354,-1
23088,26.796118,83.393818,-1
23089,16.262571,80.449729,-1
23090,16.304877,80.466825,-1
23091,16.316838,80.483819,-1
23092,16.285334,80.445865,-1
23093,16.296293,80.445046,-1
23094,16.289566,80.462268,-1
23095,16.264072,80.481523,-1
23096,16.30477,80.444214,-1
23097,16.282659,80.482875,-1
23098,16.280054,80.477952,-1
23099,11.935819,79.832103,-1
23100,11.964465,79.842238,-1
23101,11.938076,79.850316,-1
23102,11.906897,79.793965,-1
23103,11.923343,79.797798,-1
23104,11.951856,79.812557,-1
23105,11.893842,79.839773,-1
23106,11.953078,79.849043,-1
23107,11.903868,79.791796,-1
23108,11.971146,79.815659,-1
23109,20.934133,77.764035,-1
23110,20.922287,77.764404,-1
23111,20.916222,77.756907,-1
23112,20.914109,77.733151,-1
23113,20.987857,77.739332,-1
23114,20.896347,77.733917,-1
23115,20.907301,77.749381,-1
23116,20.941825,77.728961,-1
23117,20.928439,77.730793,-1
23118,20.974267,77.760578,-1
23119,28.023134,73.34244,-1
23120,27.988943,73.296998,-1
23121,28.023788,73.285674,-1
23122,28.005974,73.299112,-1
23123,28.047717,73.283441,-1
23124,27.984326,73.294421,-1
23125,28.009937,73.315401,-1
23126,28.022283,73.320046,-1
23127,28.032752,73.331741,-1
23128,28.032712,73.301811,-1
23129,9.934415,76.246063,-1
23130,9.947623,76.263297,-1
23131,9.930329,76.233444,-1
23132,9.93449,76.256978,-1
23133,9.948867,76.289203,-1
23134,9.916091,76.232885,-1
23135,9.926853,76.2566,-1
23136,9.93553,76.26043,-1
23137,9.945501,76.274994,-1
23138,9.966912,76.276163,-1
23139,21.20457,81.461673,-1
23140,21.216808,81.423623,-1
23141,21.212493,81.430395,-1
23142,21.20093,81.415301,-1
23143,21.222468,81.434515,-1
23144,21.190027,81.446374,-1
23145,21.22973,81.42893,-1
23146,21.204275,81.439588,-1
23147,21.227763,81.43978,-1
23148,21.195219,81.45331,-1
23149,20.458018,85.892101,-1
23150,20.485202,85.8782,-1
23151,20.452526,85.904751,-1
23152,20.491559,85.858383,-1
23153,20.477374,85.872839,-1
23154,20.436127,85.888134,-1
23155,20.464483,85.882911,-1
23156,20.498604,85.869004,-1
23157,20.473045,85.84426,-1
23158,20.492326,85.908877,-1
23159,19.229102,72.832933,-1
23160,19.233349,72.839214,-1
23161,19.231638,72.859859,-1
23162,19.214519,72.85725,-1
23163,19.245332,72.867923,-1
23164,19.260498,72.850816,-1
23165,19.223479,72.881968,-1
23166,19.23455,72.895309,-1
23167,19.249837,72.822063,-1
23168,19.202202,72.863322,-1
23169,21.780491,72.148254,-1
23170,21.762362,72.18574,-1
23171,21.787871,72.149399,-1
23172,21.790594,72.152577,-1
23173,21.78819,72.162016,-1
23174,21.713797,72.133711,-1
23175,21.749192,72.144706,-1
23176,21.770547,72.16591,-1
23177,21.727973,72.135145,-1
23178,21.786515,72.183394,-1
23179,16.855252,74.553599,-1
23180,16.863863,74.589924,-1
23181,16.89077,74.575541,-1
23182,16.872883,74.557873,-1
23183,16.850133,74.540292,-1
23184,16.859277,74.611813,-1
23185,16.837737,74.535151,-1
23186,16.831993,74.574822,-1
23187,16.874134,74.576461,-1
23188,16.84499,74.547702,-1
23189,22.474014,70.068298,-1
23190,22.468282,70.041749,-1
23191,22.496394,70.031257,-1
23192,22.481276,70.035101,-1
23193,22.48452,70.067871,-1
23194,22.504187,70.079263,-1
23195,22.482212,70.08707,-1
23196,22.495697,70.061432,-1
23197,22.476531,70.075425,-1
23198,22.48296,70.087683,-1
23199,32.74505,74.849418,-1
23200,32.735053,74.856473,-1
23201,32.738566,74.857923,-1
23202,32.751824,74.877038,-1
23203,32.702265,74.853585,-1
23204,32.733229,74.885391,-1
23205,32.716554,74.854112,-1
23206,32.76128,74.874289,-1
23207,32.737548,74.864533,-1
23208,32.724574,74.884867,-1
23209,23.680607,86.164012,-1
23210,23.645996,86.124765,-1
23211,23.671182,86.130054,-1
23212,23.658874,86.151776,-1
23213,23.666834,86.171133,-1
23214,23.666814,86.165933,-1
23215,23.664688,86.123061,-1
23216,23.679087,86.169852,-1
23217,23.692868,86.165863,-1
23218,23.667064,86.134036,-1
23219,19.116027,77.305949,-1
23220,19.158547,77.299357,-1
23221,19.184588,77.301946,-1
23222,19.152516,77.337948,-1
23223,19.136129,77.326771,-1
23224,19.163825,77.357472,-1
23225,19.159327,77.324937,-1
23226,19.170041,77.292096,-1
23227,19.173691,77.32478,-1
23228,19.192766,77.300315,-1
23229,11.248226,75.790694,-1
23230,11.281808,75.799502,-1
23231,11.246737,75.790873,-1
23232,11.274181,75.783999,-1
23233,11.242537,75.782245,-1
23234,11.219026,75.780936,-1
23235,11.26051,75.773387,-1
23236,11.25395,75.761255,-1
23237,11.256864,75.817699,-1
23238,11.260462,75.789874,-1
23239,16.728082,74.215367,-1
23240,16.707931,74.233582,-1
23241,16.701168,74.233365,-1
23242,16.681657,74.219272,-1
23243,16.710796,74.230283,-1
23244,16.715411,74.225172,-1
23245,16.695982,74.200831,-1
23246,16.693491,74.20876,-1
23247,16.700939,74.219146,-1
23248,16.693169,74.19924,-1
23249,14.449914,80.007912,-1
23250,14.432568,79.945822,-1
23251,14.409872,79.982929,-1
23252,14.444113,79.97685,-1
23253,14.452153,79.976798,-1
23254,14.440141,79.978432,-1
23255,14.414373,79.925265,-1
23256,14.45971,80.005375,-1
23257,14.486278,79.996315,-1
23258,14.439548,79.981122,-1
23259,17.317939,76.81758,-1
23260,17.355761,76.865104,-1
23261,17.35723,76.816364,-1
23262,17.348097,76.865953,-1
23263,17.348586,76.816172,-1
23264,17.362667,76.838425,-1
23265,17.328229,76.80922,-1
23266,17.33469,76.841209,-1
23267,17.320698,76.81224,-1
23268,17.328291,76.831625,-1
23269,26.441518,74.599743,-1
23270,26.479739,74.644198,-1
23271,26.44465,74.653843,-1
23272,26.404867,74.690222,-1
23273,26.477229,74.625177,-1
23274,26.438731,74.610672,-1
23275,26.478415,74.642192,-1
23276,26.452356,74.628831,-1
23277,26.472708,74.639656,-1
23278,26.464728,74.649287,-1
23279,30.328314,78.06079,-1
23280,30.319254,78.038642,-1
23281,30.300403,78.074738,-1
23282,30.322606,78.057665,-1
23283,30.339602,78.032507,-1
23284,30.296893,78.004086,-1
23285,30.33423,78.058796,-1
23286,30.313779,78.060085,-1
23287,30.318038,78.084461,-1
23288,30.329087,78.003252,-1
23289,11.342004,77.743119,-1
23290,11.324311,77.707714,-1
23291,11.398018,77.75085,-1
23292,11.30165,77.694915,-1
23293,11.339318,77.712918,-1
23294,11.358465,77.734696,-1
23295,11.367804,77.753192,-1
23296,11.325143,77.722478,-1
23297,11.346012,77.717389,-1
23298,11.341561,77.7225,-1
23299,23.513098,87.341705,-1
23300,23.503209,87.326974,-1
23301,23.497248,87.319889,-1
23302,23.552043,87.322961,-1
23303,23.548036,87.340713,-1
23304,23.505895,87.29232,-1
23305,23.499282,87.310897,-1
23306,23.507279,87.330458,-1
23307,23.511631,87.305605,-1
23308,23.557328,87.292073,-1
23309,19.239923,73.155623,-1
23310,19.211618,73.124526,-1
23311,19.218,73.151737,-1
23312,19.210939,73.179867,-1
23313,19.242597,73.154548,-1
23314,19.204656,73.168212,-1
23315,19.220413,73.144365,-1
23316,19.243669,73.160277,-1
23317,19.205862,73.081363,-1
23318,19.235723,73.132974,-1
23319,28.760879,77.299384,-1
23320,28.767277,77.320005,-1
23321,28.732983,77.292285,-1
23322,28.757833,77.271058,-1
23323,28.727234,77.277349,-1
23324,28.788456,77.284983,-1
23325,28.74754,77.292538,-1
23326,28.751693,77.307979,-1
23327,28.747436,77.25257,-1
23328,28.761072,77.298296,-1
23329,26.71326,88.428731,-1
23330,26.714427,88.435619,-1
23331,26.727766,88.405087,-1
23332,26.734746,88.449885,-1
23333,26.703548,88.383625,-1
23334,26.694604,88.426066,-1
23335,26.703944,88.42818,-1
23336,26.692651,88.422927,-1
23337,26.730926,88.417539,-1
23338,26.735104,88.458576,-1
23339,23.166172,75.809445,-1
23340,23.196033,75.754771,-1
23341,23.204105,75.795363,-1
23342,23.200562,75.763533,-1
23343,23.155301,75.77612,-1
23344,23.213149,75.80866,-1
23345,23.184539,75.776912,-1
23346,23.161976,75.782406,-1
23347,23.182277,75.769385,-1
23348,23.184508,75.753837,-1
23349,20.772613,72.953063,-1
23350,20.720417,72.998569,-1
23351,20.755134,72.962283,-1
23352,20.734456,72.975499,-1
23353,20.782754,72.940676,-1
23354,20.81328,72.954484,-1
23355,20.779317,72.965347,-1
23356,20.782066,72.987145,-1
23357,20.763438,72.985468,-1
23358,20.783063,72.983,-1
23359,28.645785,77.15776,-1
23360,28.662413,77.197447,-1
23361,28.64973,77.175939,-1
23362,28.637467,77.162821,-1
23363,28.655308,77.212826,-1
23364,28.653026,77.202896,-1
23365,28.666039,77.194378,-1
23366,28.632312,77.16949,-1
23367,28.651207,77.184038,-1
23368,28.6576,77.203058,-1
23369,23.690765,86.973357,-1
23370,23.687586,87.022831,-1
23371,23.69568,86.967451,-1
23372,23.687453,86.977834,-1
23373,23.670177,87.011993,-1
23374,23.696854,86.975452,-1
23375,23.695615,86.990234,-1
23376,23.699082,86.972227,-1
23377,23.71051,86.989845,-1
23378,23.705756,86.979024,-1
23379,12.918023,74.844179,-1
23380,12.93051,74.862896,-1
23381,12.913166,74.851739,-1
23382,12.93344,74.889718,-1
23383,12.913529,74.858298,-1
23384,12.918821,74.865815,-1
23385,12.912827,74.874815,-1
23386,12.910515,74.814793,-1
23387,12.933818,74.855251,-1
23388,12.928049,74.847954,-1
23389,15.812625,74.519347,-1
23390,15.844803,74.541585,-1
23391,15.841929,74.507049,-1
23392,15.828218,74.486377,-1
23393,15.873802,74.505168,-1
23394,15.856305,74.476357,-1
23395,15.87024,74.523983,-1
23396,15.857726,74.534759,-1
23397,15.869052,74.495658,-1
23398,15.864625,74.507423,-1
23399,29.989497,77.546713,-1
23400,29.955242,77.526731,-1
23401,29.95549,77.556941,-1
23402,29.978099,77.539244,-1
23403,29.980736,77.54084,-1
23404,29.973464,77.550282,-1
23405,29.995114,77.535057,-1
23406,29.957777,77.547541,-1
23407,29.966584,77.538824,-1
23408,29.982006,77.52889,-1
23409,12.910091,79.112355,-1
23410,12.941765,79.136225,-1
23411,12.90825,79.142909,-1
23412,12.925385,79.111438,-1
23413,12.91482,79.140032,-1
23414,12.926933,79.123555,-1
23415,12.963096,79.135329,-1
23416,12.924375,79.108108,-1
23417,12.957074,79.135486,-1
23418,12.91904,79.137197,-1
23419,22.883802,88.408148,-1
23420,22.851471,88.459408,-1
23421,22.890023,88.428996,-1
23422,22.892468,88.390535,-1
23423,22.86008,88.399703,-1
23424,22.846759,88.404909,-1
23425,22.834418,88.378733,-1
23426,22.84319,88.391539,-1
23427,22.888088,88.370158,-1
23428,22.848651,88.368735,-1
23429,20.531482,74.530297,-1
23430,20.539081,74.551045,-1
23431,20.534179,74.535023,-1
23432,20.537821,74.541991,-1
23433,20.57591,74.516559,-1
23434,20.531745,74.533027,-1
23435,20.522363,74.529238,-1
23436,20.548366,74.549396,-1
23437,20.56215,74.522019,-1
23438,20.573752,74.586077,-1
23439,24.771241,85.031658,-1
23440,24.829722,84.996063,-1
23441,24.804898,85.022438,-1
23442,24.794516,85.033207,-1
23443,24.812027,84.986934,-1
23444,24.774373,85.037212,-1
23445,24.811692,85.011223,-1
23446,24.804382,84.988388,-1
23447,24.807532,84.999538,-1
23448,24.781508,85.045684,-1
23449,13.097754,80.152227,-1
23450,13.107671,80.161597,-1
23451,13.093229,80.150284,-1
23452,13.116861,80.191981,-1
23453,13.070209,80.160806,-1
23454,13.121912,80.143348,-1
23455,13.088353,80.154643,-1
23456,13.082579,80.19621,-1
23457,13.14631,80.129806,-1
23458,13.080254,80.170392,-1
23459,21.02325,75.538353,-1
23460,21.018911,75.575392,-1
23461,20.987023,75.575612,-1
23462,21.032561,75.596043,-1
23463,20.927027,75.578408,-1
23464,21.010344,75.579881,-1
23465,21.037175,75.542896,-1
23466,21.0088,75.557954,-1
23467,20.965337,75.551295,-1
23468,20.98479,75.587465,-1
23469,15.829556,78.030757,-1
23470,15.820482,78.051558,-1
23471,15.817483,78.000466,-1
23472,15.815573,78.0776,-1
23473,15.809589,78.086384,-1
23474,15.803063,78.016983,-1
23475,15.828943,78.01873,-1
23476,15.830963,78.031701,-1
23477,15.840327,78.055003,-1
23478,15.82879,78.03262,-1
23479,18.84071,79.480586,-1
23480,18.820953,79.44742,-1
23481,18.813692,79.457748,-1
23482,18.803379,79.436846,-1
23483,18.838964,79.468613,-1
23484,18.77379,79.45917,-1
23485,18.804969,79.441004,-1
23486,18.829242,79.47119,-1
23487,18.805544,79.444465,-1
23488,18.805317,79.479227,-1
23489,24.598915,73.73152,-1
23490,24.599894,73.693608,-1
23491,24.566887,73.698409,-1
23492,24.582879,73.715234,-1
23493,24.587424,73.752166,-1
23494,24.609233,73.671861,-1
23495,24.568777,73.76152,-1
23496,24.632776,73.70088,-1
23497,24.60663,73.702373,-1
23498,24.593121,73.720238,-1
23499,22.508429,88.25451,-1
23500,22.515628,88.238161,-1
23501,22.514349,88.252883,-1
23502,22.531695,88.259626,-1
23503,22.52417,88.246896,-1
23504,22.55037,88.276322,-1
23505,22.46862,88.236229,-1
23506,22.50177,88.251259,-1
23507,22.510153,88.266182,-1
23508,22.493292,88.257988,-1
23509,30.332571,76.373849,-1
23510,30.338104,76.37722,-1
23511,30.341616,76.408323,-1
23512,30.3543,76.413812,-1
23513,30.303626,76.403123,-1
23514,30.335146,76.410116,-1
23515,30.33404,76.38608,-1
23516,30.312449,76.371501,-1
23517,30.330702,76.389765,-1
23518,30.332711,76.382091,-1
23519,22.853117,88.373757,-1
23520,22.852901,88.346021,-1
23521,22.844788,88.360201,-1
23522,22.824263,88.357991,-1
23523,22.834356,88.357009,-1
23524,22.823665,88.336604,-1
23525,22.824064,88.412944,-1
23526,22.843842,88.335249,-1
23527,22.855723,88.377383,-1
23528,22.831535,88.369801,-1
23529,14.473028,75.911195,-1
23530,14.415023,75.941594,-1
23531,14.454904,75.921431,-1
23532,14.452322,75.889375,-1
23533,14.520886,75.934281,-1
23534,14.473241,75.903727,-1
23535,14.434662,75.908566,-1
23536,14.478986,75.886383,-1
23537,14.466566,75.935774,-1
23538,14.499854,75.943743,-1
23539,20.691683,76.996587,-1
23540,20.734797,77.00167,-1
23541,20.707298,76.997429,-1
23542,20.706535,76.987308,-1
23543,20.692152,76.95393,-1
23544,20.677303,76.99885,-1
23545,20.688202,76.985997,-1
23546,20.707535,77.009981,-1
23547,20.691433,77.007519,-1
23548,20.751773,77.003934,-1
23549,22.401434,88.412029,-1
23550,22.44578,88.45581,-1
23551,22.451228,88.420507,-1
23552,22.430902,88.495787,-1
23553,22.42352,88.417127,-1
23554,22.432073,88.450052,-1
23555,22.447635,88.416175,-1
23556,22.395696,88.420738,-1
23557,22.458085,88.41854,-1
23558,22.39966,88.435286,-1
23559,22.342363,82.717527,-1
23560,22.357367,82.700963,-1
23561,22.383055,82.69349,-1
23562,22.33573,82.682283,-1
23563,22.364346,82.69444,-1
23564,22.335702,82.679848,-1
23565,22.355577,82.701059,-1
23566,22.370079,82.671419,-1
23567,22.361729,82.676684,-1
23568,22.31187,82.720297,-1
23569,25.481527,78.571784,-1
23570,25.482712,78.597885,-1
23571,25.481907,78.550955,-1
23572,25.433544,78.592133,-1
23573,25.505551,78.56479,-1
23574,25.469416,78.585818,-1
23575,25.448798,78.585247,-1
23576,25.435821,78.588755,-1
23577,25.475523,78.585543,-1
23578,25.484829,78.586935,-1
23579,8.775056,78.164202,-1
23580,8.778663,78.125867,-1
23581,8.791572,78.128891,-1
23582,8.776881,78.135161,-1
23583,8.747064,78.115844,-1
23584,8.750907,78.118478,-1
23585,8.80309,78.164392,-1
23586,8.777613,78.120897,-1
23587,8.772049,78.142938,-1
23588,8.797725,78.145841,-1
23589,15.164587,76.908839,-1
23590,15.145949,76.933884,-1
23591,15.127033,76.974763,-1
23592,15.174516,76.90831,-1
23593,15.135284,76.919052,-1
23594,15.142617,76.912842,-1
23595,15.167655,76.927421,-1
23596,15.186884,76.945955,-1
23597,15.167125,76.922077,-1
23598,15.142637,76.92451,-1
23599,25.214203,86.952304,-1
23600,25.264017,86.971406,-1
23601,25.212508,86.958509,-1
23602,25.233105,86.94824,-1
23603,25.215591,86.981785,-1
23604,25.225621,86.948579,-1
23605,25.239054,86.973807,-1
23606,25.215284,86.974366,-1
23607,25.2593,86.950827,-1
23608,25.268329,86.952787,-1
23609,23.823239,91.27573,-1
23610,23.855103,91.25561,-1
23611,23.835311,91.274492,-1
23612,23.850351,91.261316,-1
23613,23.865512,91.283795,-1
23614,23.845808,91.276116,-1
23615,23.823708,91.286101,-1
23616,23.834916,91.284779,-1
23617,23.846282,91.287525,-1
23618,23.821346,91.275308,-1
23619,16.950428,82.242246,-1
23620,16.96671,82.198521,-1
23621,16.992659,82.275358,-1
23622,16.976152,82.240976,-1
23623,16.935805,82.230795,-1
23624,16.956248,82.240304,-1
23625,16.932934,82.261303,-1
23626,16.931455,82.236577,-1
23627,16.974665,82.227009,-1
23628,16.931995,82.22686,-1
23629,18.40793,76.54818,-1
23630,18.396305,76.568124,-1
23631,18.393388,76.58009,-1
23632,18.408531,76.570478,-1
23633,18.397446,76.563668,-1
23634,18.38731,76.571352,-1
23635,18.406903,76.545005,-1
23636,18.35094,76.599435,-1
23637,18.390215,76.576037,-1
23638,18.435035,76.529726,-1
23639,22.681349,88.36943,-1
23640,22.688087,88.338338,-1
23641,22.690288,88.393802,-1
23642,22.684101,88.374496,-1
23643,22.695474,88.345421,-1
23644,22.672892,88.36174,-1
23645,22.652947,88.362358,-1
23646,22.661119,88.382088,-1
23647,22.683892,88.361896,-1
23648,22.688568,88.401636,-1
23649,17.005725,81.749512,-1
23650,16.997169,81.766733,-1
23651,17.015659,81.770662,-1
23652,17.012005,81.758485,-1
23653,16.995475,81.784621,-1
23654,16.986944,81.770682,-1
23655,16.978227,81.7354,-1
23656,17.012992,81.776035,-1
23657,17.005542,81.777884,-1
23658,16.985946,81.770382,-1
23659,20.910544,74.784243,-1
23660,20.871881,74.763905,-1
23661,20.8803,74.767829,-1
23662,20.916892,74.774552,-1
23663,20.90073,74.740307,-1
23664,20.900273,74.775869,-1
23665,20.902393,74.759242,-1
23666,20.8931,74.79121,-1
23667,20.934188,74.814646,-1
23668,20.920356,74.802768,-1
23669,28.898627,76.607214,-1
23670,28.904711,76.604731,-1
23671,28.913014,76.599606,-1
23672,28.893101,76.590173,-1
23673,28.90129,76.587814,-1
23674,28.874515,76.561118,-1
23675,28.920067,76.620233,-1
23676,28.858144,76.613792,-1
23677,28.880262,76.596555,-1
23678,28.90551,76.587527,-1
23679,19.084579,74.760948,-1
23680,19.099555,74.725333,-1
23681,19.137666,74.720734,-1
23682,19.089405,74.724989,-1
23683,19.073286,74.733992,-1
23684,19.117929,74.738491,-1
23685,19.082198,74.767155,-1
23686,19.085191,74.709556,-1
23687,19.1222,74.736821,-1
23688,19.102208,74.740755,-1
23689,8.877053,76.580097,-1
23690,8.884521,76.594455,-1
23691,8.883221,76.597953,-1
23692,8.868689,76.588233,-1
23693,8.872344,76.567789,-1
23694,8.866603,76.608933,-1
23695,8.920561,76.593013,-1
23696,8.892866,76.617485,-1
23697,8.88697,76.567037,-1
23698,8.867035,76.571758,-1
23699,22.046685,82.154478,-1
23700,22.050836,82.20201,-1
23701,22.059266,82.161952,-1
23702,22.082705,82.167537,-1
23703,22.08281,82.180244,-1
23704,22.096584,82.193603,-1
23705,22.075421,82.166459,-1
23706,22.071264,82.151114,-1
23707,22.06983,82.138524,-1
23708,22.110796,82.161611,-1
23709,25.34865,74.626201,-1
23710,25.358555,74.614712,-1
23711,25.326459,74.61881,-1
23712,25.386408,74.628472,-1
23713,25.330448,74.644433,-1
23714,25.367783,74.659162,-1
23715,25.340084,74.621522,-1
23716,25.352962,74.632126,-1
23717,25.326937,74.645289,-1
23718,25.350204,74.609598,-1
23719,19.289708,84.796154,-1
23720,19.335272,84.757403,-1
23721,19.334964,84.832784,-1
23722,19.345506,84.803229,-1
23723,19.346691,84.792303,-1
23724,19.305404,84.792155,-1
23725,19.344708,84.770391,-1
23726,19.300137,84.782502,-1
23727,19.322647,84.815816,-1
23728,19.323859,84.775592,-1
23729,26.101854,85.405581,-1
23730,26.096141,85.381246,-1
23731,26.135752,85.367684,-1
23732,26.091156,85.408107,-1
23733,26.08794,85.391141,-1
23734,26.1347,85.38492,-1
23735,26.127681,85.410435,-1
23736,26.093531,85.369176,-1
23737,26.120676,85.397525,-1
23738,26.121374,85.404982,-1
23739,22.249444,76.343451,-1
23740,22.239113,76.406818,-1
23741,22.214064,76.413102,-1
23742,22.226036,76.384585,-1
23743,22.212849,76.39149,-1
23744,22.261475,76.408607,-1
23745,22.260412,76.407666,-1
23746,22.273563,76.390802,-1
23747,22.219538,76.408729,-1
23748,22.243624,76.396844,-1
23749,29.486966,77.689168,-1
23750,29.455101,77.688627,-1
23751,29.444689,77.764392,-1
23752,29.44539,77.698346,-1
23753,29.444698,77.722385,-1
23754,29.448539,77.684507,-1
23755,29.508154,77.6928,-1
23756,29.462948,77.735609,-1
23757,29.467231,77.695869,-1
23758,29.491146,77.717586,-1
23759,13.114063,80.108656,-1
23760,13.150443,80.141897,-1
23761,13.161624,80.11853,-1
23762,13.113138,80.161572,-1
23763,13.112039,80.070892,-1
23764,13.146748,80.133394,-1
23765,13.107687,80.080569,-1
23766,13.121641,80.092723,-1
23767,13.099302,80.124622,-1
23768,13.090765,80.093945,-1
23769,14.498286,78.815326,-1
23770,14.506669,78.8269,-1
23771,14.470623,78.816955,-1
23772,14.493353,78.805737,-1
23773,14.456936,78.836036,-1
23774,14.438191,78.833,-1
23775,14.473936,78.80322,-1
23776,14.458609,78.805452,-1
23777,14.483506,78.810998,-1
23778,14.538045,78.810744,-1
23779,17.507832,78.402403,-1
23780,17.485608,78.417277,-1
23781,17.475227,78.417173,-1
23782,17.504291,78.403198,-1
23783,17.511474,78.402008,-1
23784,17.479826,78.417648,-1
23785,17.495746,78.42585,-1
23786,17.486969,78.392464,-1
23787,17.489782,78.40829,-1
23788,17.454921,78.430581,-1
23789,22.69188,88.397443,-1
23790,22.656596,88.385876,-1
23791,22.651417,88.34964,-1
23792,22.65865,88.361769,-1
23793,22.631131,88.356674,-1
23794,22.667258,88.354606,-1
23795,22.704968,88.3815,-1
23796,22.663827,88.404376,-1
23797,22.695598,88.379725,-1
23798,22.678605,88.367215,-1
23799,27.502463,77.66442,-1
23800,27.468789,77.663753,-1
23801,27.511637,77.646906,-1
23802,27.499424,77.643183,-1
23803,27.507388,77.675429,-1
23804,27.499933,77.660052,-1
23805,27.480099,77.670361,-1
23806,27.52463,77.695344,-1
23807,27.521682,77.694126,-1
23808,27.493351,77.653648,-1
23809,19.908858,79.314485,-1
23810,19.952565,79.311034,-1
23811,19.954982,79.305535,-1
23812,19.943764,79.275289,-1
23813,19.956195,79.267276,-1
23814,19.957627,79.313803,-1
23815,19.928897,79.270816,-1
23816,19.963548,79.273108,-1
23817,19.962416,79.265864,-1
23818,19.921479,79.284865,-1
23819,16.827173,75.693924,-1
23820,16.836337,75.736048,-1
23821,16.834844,75.691039,-1
23822,16.834002,75.727411,-1
23823,16.80898,75.708824,-1
23824,16.831919,75.724112,-1
23825,16.8284,75.664978,-1
23826,16.821049,75.742256,-1
23827,16.800594,75.713728,-1
23828,16.777752,75.673053,-1
23829,13.946274,75.561405,-1
23830,13.938488,75.574896,-1
23831,13.974014,75.587501,-1
23832,13.900238,75.522441,-1
23833,13.943886,75.606999,-1
23834,13.911186,75.563804,-1
23835,13.962046,75.54909,-1
23836,13.934243,75.547016,-1
23837,13.907335,75.540712,-1
23838,13.914176,75.611169,-1
23839,27.568839,76.605605,-1
23840,27.560524,76.613547,-1
23841,27.516677,76.644534,-1
23842,27.555864,76.621924,-1
23843,27.567216,76.613705,-1
23844,27.593669,76.608162,-1
23845,27.530948,76.62482,-1
23846,27.573321,76.630225,-1
23847,27.589784,76.632662,-1
23848,27.546377,76.653439,-1
23849,27.841623,79.922043,-1
23850,27.908673,79.920171,-1
23851,27.836295,79.912352,-1
23852,27.916777,79.923244,-1
23853,27.913854,79.933685,-1
23854,27.889828,79.946068,-1
23855,27.905146,79.939228,-1
23856,27.872918,79.923699,-1
23857,27.906548,79.893173,-1
23858,27.912762,79.885779,-1
23859,21.527756,70.460534,-1
23860,21.508298,70.459671,-1
23861,21.53255,70.472292,-1
23862,21.487126,70.447206,-1
23863,21.517727,70.478331,-1
23864,21.538202,70.446457,-1
23865,21.513881,70.493646,-1
23866,21.497014,70.478559,-1
23867,21.536789,70.465546,-1
23868,21.499543,70.479633,-1
23869,28.657801,77.227942,-1
23870,28.643138,77.211297,-1
23871,28.588331,77.23123,-1
23872,28.604416,77.21657,-1
23873,28.6091,77.218678,-1
23874,28.64855,77.238029,-1
23875,28.624991,77.195078,-1
23876,28.620392,77.195138,-1
23877,28.602157,77.205783,-1
23878,28.678114,77.227732,-1
23879,10.528278,76.237758,-1
23880,10.534388,76.230197,-1
23881,10.530838,76.215807,-1
23882,10.554301,76.227132,-1
23883,10.49818,76.23638,-1
23884,10.519936,76.229836,-1
23885,10.512566,76.209637,-1
23886,10.529484,76.223083,-1
23887,10.506795,76.207996,-1
23888,10.50313,76.206257,-1
23889,18.701432,78.125082,-1
23890,18.685746,78.085572,-1
23891,18.682991,78.107923,-1
23892,18.619184,78.106062,-1
23893,18.679741,78.113872,-1
23894,18.643737,78.122558,-1
23895,18.682884,78.077173,-1
23896,18.656539,78.110369,-1
23897,18.649645,78.077397,-1
23898,18.636313,78.117187,-1
23899,13.353592,77.124297,-1
23900,13.327846,77.086004,-1
23901,13.364561,77.103502,-1
23902,13.352221,77.096866,-1
23903,13.342799,77.125724,-1
23904,13.352531,77.12162,-1
23905,13.319018,77.116849,-1
23906,13.337546,77.12386,-1
23907,13.331113,77.109203,-1
23908,13.405698,77.100182,-1
23909,19.308349,76.784157,-1
23910,19.318433,76.756038,-1
23911,19.300661,76.773584,-1
23912,19.253798,76.7942,-1
23913,19.274454,76.764888,-1
23914,19.294591,76.759992,-1
23915,19.297003,76.756805,-1
23916,19.278364,76.779675,-1
23917,19.240223,76.771248,-1
23918,19.28598,76.738521,-1
23919,29.156739,75.759778,-1
23920,29.147371,75.747483,-1
23921,29.163917,75.734746,-1
23922,29.11976,75.695906,-1
23923,29.156855,75.736954,-1
23924,29.131884,75.716741,-1
23925,29.166035,75.718689,-1
23926,29.16161,75.696527,-1
23927,29.177034,75.709827,-1
23928,29.173313,75.761694,-1
23929,27.113601,78.422971,-1
23930,27.158818,78.371857,-1
23931,27.13884,78.418099,-1
23932,27.141204,78.45053,-1
23933,27.151142,78.379731,-1
23934,27.116148,78.429226,-1
23935,27.15021,78.387017,-1
23936,27.11405,78.405691,-1
23937,27.15877,78.400772,-1
23938,27.181137,78.351526,-1
23939,23.773324,86.812072,-1
23940,23.729184,86.845212,-1
23941,23.724655,86.831539,-1
23942,23.77044,86.844766,-1
23943,23.728062,86.835572,-1
23944,23.730832,86.804865,-1
23945,23.716421,86.850551,-1
23946,23.738062,86.865862,-1
23947,23.738374,86.839779,-1
23948,23.732427,86.856151,-1
23949,29.686396,76.987781,-1
23950,29.708195,77.007486,-1
23951,29.665794,76.988923,-1
23952,29.685087,76.994543,-1
23953,29.666967,76.973705,-1
23954,29.693558,76.9933,-1
23955,29.691189,76.98285,-1
23956,29.685015,76.954286,-1
23957,29.734903,76.983491,-1
23958,29.716221,76.962444,-1
23959,23.296918,87.847986,-1
23960,23.270179,87.857327,-1
23961,23.229358,87.866516,-1
23962,23.246618,87.863272,-1
23963,23.23596,87.850158,-1
23964,23.21376,87.853287,-1
23965,23.200777,87.88532,-1
23966,23.267433,87.851414,-1
23967,23.252919,87.877856,-1
23968,23.231087,87.854688,-1
23969,11.934979,79.809607,-1
23970,11.960788,79.811571,-1
23971,11.940781,79.820059,-1
23972,11.944171,79.798306,-1
23973,11.951992,79.82029,-1
23974,11.95849,79.781423,-1
23975,11.942308,79.786826,-1
23976,11.935574,79.760662,-1
23977,11.927422,79.778256,-1
23978,11.963332,79.788192,-1
23979,22.71082,88.466529,-1
23980,22.718392,88.477123,-1
23981,22.715116,88.514287,-1
23982,22.745612,88.49435,-1
23983,22.725018,88.470212,-1
23984,22.742411,88.454705,-1
23985,22.738455,88.511824,-1
23986,22.703768,88.477788,-1
23987,22.746434,88.457821,-1
23988,22.713158,88.481276,-1
23989,18.171426,79.945668,-1
23990,18.171872,79.927786,-1
23991,18.230561,79.914369,-1
23992,18.179368,79.977278,-1
23993,18.184774,79.930986,-1
23994,18.183377,79.927418,-1
23995,18.169127,79.956706,-1
23996,18.184361,79.944288,-1
23997,18.1943,79.953762,-1
23998,18.17626,79.931668,-1
23999,25.233811,85.515064,-1
24000,25.212105,85.526672,-1
24001,25.207302,85.541968,-1
24002,25.206995,85.516854,-1
24003,25.188198,85.524937,-1
24004,25.210033,85.523973,-1
24005,25.194493,85.514607,-1
24006,25.216852,85.520148,-1
24007,25.191322,85.5395,-1
24008,25.195648,85.551241,-1
24009,22.663956,88.315854,-1
24010,22.658456,88.336351,-1
24011,22.660197,88.331489,-1
24012,22.651249,88.334729,-1
24013,22.619929,88.376523,-1
24014,22.631469,88.371584,-1
24015,22.616811,88.31689,-1
24016,22.629702,88.340911,-1
24017,22.631089,88.38081,-1
24018,22.627682,88.349427,-1
24019,28.804721,79.013138,-1
24020,28.818818,79.038781,-1
24021,28.813957,79.018878,-1
24022,28.848477,79.053239,-1
24023,28.813363,79.043261,-1
24024,28.830135,79.007065,-1
24025,28.822983,78.997027,-1
24026,28.810956,79.030537,-1
24027,28.825232,79.063452,-1
24028,28.804624,79.035424,-1
24029,26.144834,85.907524,-1
24030,26.190112,85.875692,-1
24031,26.102055,85.87133,-1
24032,26.167357,85.921054,-1
24033,26.143648,85.906701,-1
24034,26.124355,85.85518,-1
24035,26.146014,85.881938,-1
24036,26.128961,85.901411,-1
24037,26.109451,85.887476,-1
24038,26.154423,85.938577,-1
24039,29.371828,76.999604,-1
24040,29.400537,76.978834,-1
24041,29.37781,76.949708,-1
24042,29.37194,76.957539,-1
24043,29.391278,76.939675,-1
24044,29.399215,76.953072,-1
24045,29.396411,76.966674,-1
24046,29.408834,76.950173,-1
24047,29.366465,76.972444,-1
24048,29.381668,76.960582,-1
24049,13.648164,79.368787,-1
24050,13.671749,79.468049,-1
24051,13.651382,79.412662,-1
24052,13.575258,79.412887,-1
24053,13.623115,79.414943,-1
24054,13.613411,79.425328,-1
24055,13.649809,79.427265,-1
24056,13.649107,79.448093,-1
24057,13.616386,79.416915,-1
24058,13.637817,79.47714,-1
24059,28.609899,77.309886,-1
24060,28.586229,77.349124,-1
24061,28.577168,77.314756,-1
24062,28.585263,77.301329,-1
24063,28.573615,77.383105,-1
24064,28.573296,77.338801,-1
24065,28.58093,77.335419,-1
24066,28.58351,77.304522,-1
24067,28.604066,77.352171,-1
24068,28.604363,77.362463,-1
24069,28.500021,77.534684,-1
24070,28.487647,77.515928,-1
24071,28.503817,77.550062,-1
24072,28.514548,77.555429,-1
24073,28.504704,77.522981,-1
24074,28.490447,77.526711,-1
24075,28.473661,77.497609,-1
24076,28.508137,77.541062,-1
24077,28.480517,77.525774,-1
24078,28.509156,77.523883,-1
24079,23.690065,92.745908,-1
24080,23.747476,92.679057,-1
24081,23.776942,92.713573,-1
24082,23.762063,92.730673,-1
24083,23.730903,92.697951,-1
24084,23.707879,92.673255,-1
24085,23.71032,92.719816,-1
24086,23.779484,92.744383,-1
24087,23.701073,92.713082,-1
24088,23.754167,92.716796,-1
24089,23.240075,72.695948,-1
24090,23.224626,72.639564,-1
24091,23.209926,72.673955,-1
24092,23.239697,72.699534,-1
24093,23.186941,72.654145,-1
24094,23.246495,72.669123,-1
24095,23.226434,72.684273,-1
24096,23.195936,72.677215,-1
24097,23.210232,72.657524,-1
24098,23.197568,72.697128,-1
24099,10.32677,77.998654,-1
24100,10.366433,77.997846,-1
24101,10.392393,77.979997,-1
24102,10.404511,77.979183,-1
24103,10.304248,77.9745,-1
24104,10.3664,77.986134,-1
24105,10.342619,77.976775,-1
24106,10.355469,77.996807,-1
24107,10.348157,77.964072,-1
24108,10.336632,77.96907,-1
24109,10.803171,79.136754,-1
24110,10.794525,79.117223,-1
24111,10.789478,79.116901,-1
24112,10.764673,79.144518,-1
24113,10.78342,79.128345,-1
24114,10.77398,79.136882,-1
24115,10.786635,79.139496,-1
24116,10.796015,79.163626,-1
24117,10.774367,79.133004,-1
24118,10.789968,79.113958,-1
24119,18.408578,79.127132,-1
24120,18.439531,79.123983,-1
24121,18.399591,79.124564,-1
24122,18.461501,79.133371,-1
24123,18.443893,79.110463,-1
24124,18.439185,79.163667,-1
24125,18.445517,79.127626,-1
24126,18.44277,79.127255,-1
24127,18.453415,79.142334,-1
24128,18.422384,79.144325,-1
24129,22.965129,76.037309,-1
24130,22.96409,76.06067,-1
24131,22.98329,76.047174,-1
24132,22.985674,76.029712,-1
24133,22.952044,76.060148,-1
24134,22.966726,76.08074,-1
24135,22.950682,76.01699,-1
24136,22.993372,76.048294,-1
24137,22.954047,76.059871,-1
24138,22.954933,76.055886,-1
24139,28.96667,77.028733,-1
24140,28.985461,77.018652,-1
24141,29.001531,77.015764,-1
24142,28.968385,77.032179,-1
24143,28.9952,77.020849,-1
24144,29.020856,77.031894,-1
24145,29.004057,77.059921,-1
24146,29.010345,76.996209,-1
24147,28.961215,77.020531,-1
24148,28.999103,76.994499,-1
24149,16.710177,74.456287,-1
24150,16.68627,74.47066,-1
24151,16.687841,74.456188,-1
24152,16.715929,74.440552,-1
24153,16.691587,74.45478,-1
24154,16.696097,74.464528,-1
24155,16.704862,74.44022,-1
24156,16.64868,74.454393,-1
24157,16.689256,74.473292,-1
24158,16.689191,74.46769,-1
24159,30.172513,74.931448,-1
24160,30.209017,74.930634,-1
24161,30.205781,74.966669,-1
24162,30.181883,74.953112,-1
24163,30.188033,74.971199,-1
24164,30.244153,74.944861,-1
24165,30.224551,74.968324,-1
24166,30.214819,74.914528,-1
24167,30.232431,74.949722,-1
24168,30.217574,74.900653,-1
24169,19.858666,75.909334,-1
24170,19.851478,75.910393,-1
24171,19.819764,75.902725,-1
24172,19.796654,75.915352,-1
24173,19.838282,75.870903,-1
24174,19.844914,75.862959,-1
24175,19.854464,75.913738,-1
24176,19.818829,75.87013,-1
24177,19.862159,75.886415,-1
24178,19.856101,75.902587,-1
24179,28.698497,77.046936,-1
24180,28.710706,77.065246,-1
24181,28.710291,77.071291,-1
24182,28.670753,77.08138,-1
24183,28.677282,77.067717,-1
24184,28.718893,77.086722,-1
24185,28.689197,77.083325,-1
24186,28.680335,77.032146,-1
24187,28.678395,77.070235,-1
24188,28.702612,77.08777,-1
24189,24.641832,80.787217,-1
24190,24.550538,80.837402,-1
24191,24.538365,80.794149,-1
24192,24.567117,80.838175,-1
24193,24.575843,80.821889,-1
24194,24.58701,80.835486,-1
24195,24.593351,80.83247,-1
24196,24.582613,80.822621,-1
24197,24.580506,80.801549,-1
24198,24.569325,80.825644,-1
24199,25.772131,87.467745,-1
24200,25.756913,87.503617,-1
24201,25.783999,87.474767,-1
24202,25.776822,87.481333,-1
24203,25.779935,87.490096,-1
24204,25.765112,87.480177,-1
24205,25.771451,87.451655,-1
24206,25.797492,87.454846,-1
24207,25.792703,87.495084,-1
24208,25.749422,87.453828,-1
24209,24.812545,93.972221,-1
24210,24.805976,93.982943,-1
24211,24.820182,93.951287,-1
24212,24.805058,93.95486,-1
24213,24.815666,93.940443,-1
24214,24.799688,93.954417,-1
24215,24.816289,93.924888,-1
24216,24.840845,93.922072,-1
24217,24.816239,93.951825,-1
24218,24.821231,93.955414,-1
24219,23.825965,78.758713,-1
24220,23.841996,78.715237,-1
24221,23.8427,78.75293,-1
24222,23.838975,78.708521,-1
24223,23.884809,78.738428,-1
24224,23.821738,78.730316,-1
24225,23.848077,78.755669,-1
24226,23.829836,78.732074,-1
24227,23.865244,78.744657,-1
24228,23.825785,78.722921,-1
24229,26.752791,83.882906,-1
24230,26.758833,83.8579,-1
24231,26.736362,83.873729,-1
24232,26.708547,83.883603,-1
24233,26.754342,83.909293,-1
24234,26.736093,83.923747,-1
24235,26.769477,83.89635,-1
24236,26.764551,83.897573,-1
24237,26.743691,83.861242,-1
24238,26.73853,83.89401,-1
24239,22.212574,84.880611,-1
24240,22.215682,84.847984,-1
24241,22.230117,84.855878,-1
24242,22.194692,84.854987,-1
24243,22.247078,84.851247,-1
24244,22.192298,84.839828,-1
24245,22.220453,84.926757,-1
24246,22.200332,84.875561,-1
24247,22.202761,84.904973,-1
24248,22.210079,84.880749,-1
24249,21.177303,81.250697,-1
24250,21.188708,81.251561,-1
24251,21.213191,81.290177,-1
24252,21.189454,81.258562,-1
24253,21.221758,81.265283,-1
24254,21.192509,81.266624,-1
24255,21.148496,81.293656,-1
24256,21.180203,81.285265,-1
24257,21.166747,81.299925,-1
24258,21.20366,81.277918,-1
24259,14.690027,77.625328,-1
24260,14.661122,77.612111,-1
24261,14.653993,77.599834,-1
24262,14.701069,77.592731,-1
24263,14.652208,77.631506,-1
24264,14.696327,77.585233,-1
24265,14.696914,77.593032,-1
24266,14.671759,77.641042,-1
24267,14.714944,77.580378,-1
24268,14.687451,77.576793,-1
24269,23.275334,75.052145,-1
24270,23.335946,75.067435,-1
24271,23.349733,75.047864,-1
24272,23.322623,75.03261,-1
24273,23.328166,75.076276,-1
24274,23.37193,75.045425,-1
24275,23.359094,75.023732,-1
24276,23.304062,75.068746,-1
24277,23.32219,75.066293,-1
24278,23.354944,75.059028,-1
24279,12.928332,79.352743,-1
24280,12.894713,79.336666,-1
24281,12.946615,79.344765,-1
24282,12.913635,79.32314,-1
24283,12.914337,79.319326,-1
24284,12.941429,79.345694,-1
24285,12.907404,79.337951,-1
24286,12.931778,79.344363,-1
24287,12.92874,79.337994,-1
24288,12.970606,79.295986,-1
24289,17.369015,78.561885,-1
24290,17.31608,78.533878,-1
24291,17.387196,78.576871,-1
24292,17.333217,78.564294,-1
24293,17.352459,78.556707,-1
24294,17.347864,78.569386,-1
24295,17.34373,78.54622,-1
24296,17.374207,78.577415,-1
24297,17.332191,78.576345,-1
24298,17.348218,78.566236,-1
24299,25.592306,84.658519,-1
24300,25.547004,84.670763,-1
24301,25.51998,84.659313,-1
24302,25.54727,84.674374,-1
24303,25.575006,84.668163,-1
24304,25.55566,84.703236,-1
24305,25.555129,84.658872,-1
24306,25.555356,84.703644,-1
24307,25.562784,84.658601,-1
24308,25.562218,84.697614,-1
24309,22.641499,88.38512,-1
24310,22.633104,88.352241,-1
24311,22.623548,88.377789,-1
24312,22.664908,88.356531,-1
24313,22.656366,88.368426,-1
24314,22.64119,88.388079,-1
24315,22.655214,88.374829,-1
24316,22.653918,88.350771,-1
24317,22.662001,88.39786,-1
24318,22.623281,88.36664,-1
24319,17.700475,83.236035,-1
24320,17.701279,83.237882,-1
24321,17.693123,83.220552,-1
24322,17.724176,83.207851,-1
24323,17.675726,83.220578,-1
24324,17.696059,83.212597,-1
24325,17.703567,83.249537,-1
24326,17.70207,83.229559,-1
24327,17.708481,83.19088,-1
24328,17.734077,83.192239,-1
24329,26.774539,79.006209,-1
24330,26.801328,78.993395,-1
24331,26.785442,79.003362,-1
24332,26.769874,79.023377,-1
24333,26.771526,79.030124,-1
24334,26.769776,79.041324,-1
24335,26.759659,79.03451,-1
24336,26.785562,79.020937,-1
24337,26.785905,79.021592,-1
24338,26.794665,78.999348,-1
24339,19.202217,73.204536,-1
24340,19.169131,73.176906,-1
24341,19.191402,73.160066,-1
24342,19.185903,73.123643,-1
24343,19.175952,73.170531,-1
24344,19.183603,73.132963,-1
24345,19.208563,73.179546,-1
24346,19.186244,73.162368,-1
24347,19.191407,73.149484,-1
24348,19.185376,73.191628,-1
24349,22.913441,88.404411,-1
24350,22.909857,88.398932,-1
24351,22.892127,88.430755,-1
24352,22.90699,88.401403,-1
24353,22.870543,88.436974,-1
24354,22.935967,88.42512,-1
24355,22.886534,88.404142,-1
24356,22.908505,88.393586,-1
24357,22.901902,88.460138,-1
24358,22.898276,88.405942,-1
24359,27.213238,77.522024,-1
24360,27.219817,77.488823,-1
24361,27.180576,77.495335,-1
24362,27.222495,77.496148,-1
24363,27.204489,77.482879,-1
24364,27.230705,77.470993,-1
24365,27.198475,77.513156,-1
24366,27.235559,77.496405,-1
24367,27.230799,77.48125,-1
24368,27.223682,77.513839,-1
24369,25.432187,86.129675,-1
24370,25.422235,86.125726,-1
24371,25.422548,86.146021,-1
24372,25.431444,86.141772,-1
24373,25.408167,86.117849,-1
24374,25.412226,86.140108,-1
24375,25.400632,86.145742,-1
24376,25.435319,86.108106,-1
24377,25.438315,86.148282,-1
24378,25.407097,86.136907,-1
24379,13.159367,80.321806,-1
24380,13.168491,80.298084,-1
24381,13.161671,80.28463,-1
24382,13.196526,80.284002,-1
24383,13.095967,80.297872,-1
24384,13.178806,80.291116,-1
24385,13.1453,80.276155,-1
24386,13.158364,80.297822,-1
24387,13.158492,80.33079,-1
24388,13.190837,80.29448,-1
24389,23.06482,70.15689,-1
24390,23.054798,70.135708,-1
24391,23.051726,70.14631,-1
24392,23.08421,70.15563,-1
24393,23.061494,70.156794,-1
24394,23.087931,70.145771,-1
24395,23.071886,70.14118,-1
24396,23.047218,70.133774,-1
24397,23.095131,70.149663,-1
24398,23.092731,70.119254,-1
24399,25.962539,83.586412,-1
24400,25.926742,83.55089,-1
24401,25.926523,83.573648,-1
24402,25.952518,83.560587,-1
24403,25.938551,83.576633,-1
24404,25.952119,83.561678,-1
24405,25.973679,83.573633,-1
24406,25.940517,83.578345,-1
24407,25.95576,83.593687,-1
24408,25.952563,83.538544,-1
24409,27.647831,75.129256,-1
24410,27.595337,75.146488,-1
24411,27.597557,75.132051,-1
24412,27.577682,75.150413,-1
24413,27.606701,75.150196,-1
24414,27.63938,75.163484,-1
24415,27.602476,75.183778,-1
24416,27.607546,75.161936,-1
24417,27.566964,75.126139,-1
24418,27.628904,75.130786,-1
24419,18.740649,79.489998,-1
24420,18.749377,79.49853,-1
24421,18.756811,79.498645,-1
24422,18.752179,79.475366,-1
24423,18.755607,79.46801,-1
24424,18.753207,79.463476,-1
24425,18.747791,79.464126,-1
24426,18.799653,79.466934,-1
24427,18.792218,79.482619,-1
24428,18.751048,79.471735,-1
24429,28.745765,77.752968,-1
24430,28.73394,77.768944,-1
24431,28.744391,77.772994,-1
24432,28.749638,77.803909,-1
24433,28.715851,77.772893,-1
24434,28.725237,77.751744,-1
24435,28.759831,77.794053,-1
24436,28.708445,77.762579,-1
24437,28.744971,77.806186,-1
24438,28.711829,77.767113,-1
24439,27.370617,79.593533,-1
24440,27.380534,79.589447,-1
24441,27.399092,79.618692,-1
24442,27.383014,79.584625,-1
24443,27.330024,79.601896,-1
24444,27.390501,79.561972,-1
24445,27.418223,79.606049,-1
24446,27.389464,79.590877,-1
24447,27.36455,79.603555,-1
24448,27.372189,79.582256,-1
24449,9.51366,76.305037,-1
24450,9.483807,76.340782,-1
24451,9.489253,76.281419,-1
24452,9.530683,76.312081,-1
24453,9.521557,76.32387,-1
24454,9.502962,76.335949,-1
24455,9.490506,76.333284,-1
24456,9.467075,76.319725,-1
24457,9.505696,76.351141,-1
24458,9.478224,76.3366,-1
24459,25.549161,87.574242,-1
24460,25.535608,87.557345,-1
24461,25.540841,87.598469,-1
24462,25.525188,87.556426,-1
24463,25.534937,87.564506,-1
24464,25.570157,87.551307,-1
24465,25.533029,87.565586,-1
24466,25.555221,87.561454,-1
24467,25.572487,87.572048,-1
24468,25.557991,87.5614,-1
24469,29.907389,73.918569,-1
24470,29.894479,73.8683,-1
24471,29.949911,73.874655,-1
24472,29.940082,73.874375,-1
24473,29.922466,73.901513,-1
24474,29.91487,73.846369,-1
24475,29.932254,73.873247,-1
24476,29.959302,73.846294,-1
24477,29.907956,73.883896,-1
24478,29.954942,73.882929,-1
24479,24.561661,81.313712,-1
24480,24.526293,81.281519,-1
24481,24.523086,81.332187,-1
24482,24.535188,81.265894,-1
24483,24.516805,81.315156,-1
24484,24.493321,81.343967,-1
24485,24.509995,81.291625,-1
24486,24.530937,81.32278,-1
24487,24.517174,81.308171,-1
24488,24.533083,81.269285,-1
24489,22.448762,88.084999,-1
24490,22.487403,88.081372,-1
24491,22.455432,88.092267,-1
24492,22.436888,88.137974,-1
24493,22.471848,88.059962,-1
24494,22.454792,88.093294,-1
24495,22.470751,88.096682,-1
24496,22.484417,88.117409,-1
24497,22.446241,88.132514,-1
24498,22.463258,88.06653,-1
24499,9.450959,77.795716,-1
24500,9.449362,77.80153,-1
24501,9.468571,77.798731,-1
24502,9.427895,77.812086,-1
24503,9.417115,77.767795,-1
24504,9.48846,77.806225,-1
24505,9.439511,77.784783,-1
24506,9.487292,77.828055,-1
24507,9.434313,77.800616,-1
24508,9.477415,77.820019,-1
24509,10.957794,78.109177,-1
24510,10.977836,78.070623,-1
24511,10.950125,78.080691,-1
24512,10.950911,78.072818,-1
24513,10.949875,78.058129,-1
24514,10.971921,78.093573,-1
24515,10.960133,78.087951,-1
24516,10.922853,78.086645,-1
24517,10.912133,78.079464,-1
24518,10.921557,78.077495,-1
24519,16.23301,77.358866,-1
24520,16.188958,77.379611,-1
24521,16.210995,77.355252,-1
24522,16.20601,77.342502,-1
24523,16.233523,77.335533,-1
24524,16.211888,77.374851,-1
24525,16.182278,77.340587,-1
24526,16.231877,77.349445,-1
24527,16.201081,77.354825,-1
24528,16.183703,77.349908,-1
24529,12.975347,80.139209,-1
24530,12.996588,80.1713,-1
24531,12.958803,80.1329,-1
24532,12.968699,80.118109,4
24533,12.931399,80.157611,-1
24534,12.982708,80.146281,-1
24535,12.958878,80.141354,-1
24536,12.987223,80.172561,-1
24537,12.982257,80.15918,0
24538,12.972563,80.1421,-1
24539,11.407922,76.747315,-1
24540,11.411493,76.670835,-1
24541,11.401047,76.684575,-1
24542,11.413962,76.739235,-1
24543,11.425526,76.70862,-1
24544,11.404597,76.70204,-1
24545,11.432048,76.721436,-1
24546,11.403347,76.695991,-1
24547,11.419624,76.661639,-1
24548,11.422386,76.720509,-1
24549,25.767383,73.331841,-1
24550,25.757866,73.283797,-1
24551,25.784177,73.317559,-1
24552,25.781526,73.313096,-1
24553,25.770833,73.30264,-1
24554,25.781846,73.313266,-1
24555,25.760807,73.314329,-1
24556,25.749897,73.353444,-1
24557,25.763564,73.318717,-1
24558,25.758646,73.315155,-1
24559,12.763072,77.807172,-1
24560,12.736212,77.823396,-1
24561,12.69784,77.841782,-1
24562,12.734455,77.816007,-1
24563,12.701146,77.847511,-1
24564,12.711609,77.867099,-1
24565,12.752029,77.827053,-1
24566,12.729929,77.848823,-1
24567,12.758024,77.843377,-1
24568,12.749105,77.838566,-1
24569,18.094115,83.41291,-1
24570,18.139889,83.405883,-1
24571,18.112529,83.409054,-1
24572,18.092112,83.414237,-1
24573,18.099512,83.399699,-1
24574,18.1365,83.439309,-1
24575,18.128539,83.39822,-1
24576,18.113759,83.416515,-1
24577,18.072355,83.408063,-1
24578,18.131119,83.445998,-1
24579,22.78061,88.372816,-1
24580,22.713079,88.35866,-1
24581,22.752226,88.335569,-1
24582,22.792136,88.37047,-1
24583,22.758968,88.329192,-1
24584,22.723534,88.34251,-1
24585,22.761643,88.315243,-1
24586,22.741342,88.31828,-1
24587,22.768243,88.335078,-1
24588,22.798285,88.30722,-1
24589,17.506564,78.445389,-1
24590,17.493317,78.458413,-1
24591,17.515649,78.459483,-1
24592,17.473943,78.452271,-1
24593,17.520386,78.426828,-1
24594,17.453238,78.443708,-1
24595,17.488508,78.46183,-1
24596,17.479274,78.432489,-1
24597,17.505393,78.522869,-1
24598,17.484939,78.436777,-1
24599,22.704169,72.883974,-1
24600,22.671687,72.8561,-1
24601,22.691692,72.902253,-1
24602,22.705161,72.855547,-1
24603,22.726587,72.888067,-1
24604,22.711494,72.894269,-1
24605,22.698843,72.85812,-1
24606,22.659335,72.848849,-1
24607,22.71408,72.858371,-1
24608,22.709795,72.863785,-1
24609,8.175178,77.423728,-1
24610,8.187554,77.473294,-1
24611,8.15875,77.449508,-1
24612,8.165921,77.422377,-1
24613,8.180082,77.410403,-1
24614,8.180877,77.447333,-1
24615,8.228385,77.408616,-1
24616,8.216578,77.467176,-1
24617,8.159067,77.421686,-1
24618,8.198889,77.44115,-1
24619,28.725513,77.277159,-1
24620,28.737713,77.21446,-1
24621,28.745859,77.255046,-1
24622,28.722893,77.310348,-1
24623,28.722186,77.297058,-1
24624,28.739173,77.27948,-1
24625,28.691746,77.269693,-1
24626,28.743287,77.261563,-1
24627,28.70521,77.25188,-1
24628,28.748678,77.261376,-1
24629,22.804065,86.234074,-1
24630,22.8645,86.236373,-1
24631,22.819309,86.223099,-1
24632,22.855501,86.257238,-1
24633,22.808557,86.2189,-1
24634,22.815352,86.175595,-1
24635,22.864941,86.203761,-1
24636,22.842061,86.198858,-1
24637,22.849348,86.233212,-1
24638,22.81331,86.227277,-1
24639,22.150848,88.807486,-1
24640,22.201243,88.780712,-1
24641,22.161113,88.834252,-1
24642,22.153368,88.792397,-1
24643,22.175237,88.799761,-1
24644,22.150088,88.781295,-1
24645,22.190094,88.830171,-1
24646,22.153845,88.806689,-1
24647,22.187974,88.826688,-1
24648,22.156599,88.79095,-1
24649,23.845746,80.354721,-1
24650,23.845161,80.373736,-1
24651,23.856323,80.374591,-1
24652,23.83001,80.386193,-1
24653,23.86904,80.407043,-1
24654,23.831433,80.403194,-1
24655,23.81885,80.415151,-1
24656,23.847858,80.390002,-1
24657,23.828865,80.405778,-1
24658,23.860483,80.382952,-1
24659,12.837649,79.697922,-1
24660,12.834708,79.709086,-1
24661,12.824124,79.689297,-1
24662,12.828843,79.689344,-1
24663,12.837138,79.721395,-1
24664,12.87856,79.719343,-1
24665,12.857324,79.736433,-1
24666,12.782169,79.718236,-1
24667,12.82343,79.713167,-1
24668,12.815122,79.703851,-1
24669,24.221673,82.654907,-1
24670,24.204288,82.702656,-1
24671,24.20182,82.686048,-1
24672,24.192499,82.653859,-1
24673,24.178326,82.695276,-1
24674,24.199492,82.670345,-1
24675,24.187722,82.699525,-1
24676,24.183506,82.67989,-1
24677,24.18155,82.697273,-1
24678,24.191569,82.6811,-1
24679,25.161954,82.552442,-1
24680,25.169172,82.566153,-1
24681,25.182267,82.575226,-1
24682,25.136393,82.565974,-1
24683,25.11816,82.557178,-1
24684,25.124617,82.573109,-1
24685,25.126361,82.544307,-1
24686,25.162434,82.551877,-1
24687,25.153521,82.555954,-1
24688,25.1365,82.52976,-1
24689,22.351438,87.338706,-1
24690,22.365976,87.313651,-1
24691,22.327494,87.329505,-1
24692,22.313921,87.330688,-1
24693,22.323495,87.366788,-1
24694,22.362354,87.338865,-1
24695,22.31992,87.344788,-1
24696,22.310279,87.343318,-1
24697,22.332787,87.343598,-1
24698,22.341445,87.33155,-1
24699,16.698133,81.075184,-1
24700,16.72329,81.116293,-1
24701,16.701853,81.089389,-1
24702,16.696972,81.091699,-1
24703,16.68201,81.100678,-1
24704,16.686267,81.083524,-1
24705,16.73849,81.079778,-1
24706,16.711562,81.100906,-1
24707,16.763547,81.113873,-1
24708,16.730506,81.080755,-1
24709,17.392962,78.537358,-1
24710,17.395358,78.480964,-1
24711,17.418325,78.50364,-1
24712,17.394451,78.475652,-1
24713,17.420294,78.466149,-1
24714,17.423085,78.458682,-1
24715,17.442086,78.501615,-1
24716,17.428032,78.463881,-1
24717,17.427239,78.540723,-1
24718,17.429829,78.472294,-1
24719,30.180035,77.282828,-1
24720,30.12426,77.266466,-1
24721,30.132548,77.304777,-1
24722,30.126396,77.323955,-1
24723,30.127676,77.287893,-1
24724,30.122879,77.324232,-1
24725,30.119188,77.254515,-1
24726,30.10088,77.272184,-1
24727,30.120467,77.275035,-1
24728,30.134302,77.278144,-1
24729,22.19559,84.858898,-1
24730,22.187487,84.848796,-1
24731,22.18525,84.896367,-1
24732,22.184642,84.855221,-1
24733,22.210461,84.844999,-1
24734,22.212691,84.865486,-1
24735,22.182688,84.84498,-1
24736,22.178875,84.862399,-1
24737,22.228281,84.880383,-1
24738,22.208234,84.884467,-1
24739,17.908118,77.514467,-1
24740,17.921671,77.498027,-1
24741,17.936647,77.515809,-1
24742,17.936955,77.494793,-1
24743,17.902727,77.532558,-1
24744,17.934895,77.523411,-1
24745,17.892288,77.533468,-1
24746,17.909658,77.513983,-1
24747,17.917567,77.489208,-1
24748,17.897648,77.505606,-1
24749,25.4033,86.47809,-1
24750,25.39621,86.508204,-1
24751,25.374877,86.465752,-1
24752,25.392752,86.475732,-1
24753,25.359216,86.476816,-1
24754,25.404146,86.502489,-1
24755,25.356102,86.472644,-1
24756,25.353982,86.464635,-1
24757,25.397897,86.458112,-1
24758,25.37375,86.46349,-1
24759,15.49293,78.485879,-1
24760,15.49573,78.497872,-1
24761,15.482124,78.491922,-1
24762,15.474041,78.477656,-1
24763,15.492103,78.46394,-1
24764,15.503395,78.512434,-1
24765,15.462731,78.499889,-1
24766,15.485636,78.490196,-1
24767,15.4816,78.48815,-1
24768,15.486902,78.473435,-1
24769,30.681481,76.822213,-1
24770,30.698021,76.850013,-1
24771,30.70727,76.848499,-1
24772,30.707638,76.887244,-1
24773,30.683809,76.837094,-1
24774,30.698604,76.839775,-1
24775,30.704649,76.881518,-1
24776,30.679916,76.877227,-1
24777,30.660735,76.857048,-1
24778,30.715936,76.847608,-1
24779,21.295788,76.231483,-1
24780,21.272438,76.216865,-1
24781,21.312632,76.21091,-1
24782,21.321081,76.184939,-1
24783,21.298636,76.225389,-1
24784,21.337583,76.210289,-1
24785,21.328851,76.230558,-1
24786,21.327512,76.230315,-1
24787,21.251066,76.235973,-1
24788,21.297691,76.249992,-1
24789,22.777774,70.846263,-1
24790,22.822813,70.833709,-1
24791,22.828814,70.80559,-1
24792,22.791718,70.819764,-1
24793,22.815936,70.835155,-1
24794,22.779025,70.84378,-1
24795,22.775168,70.862737,-1
24796,22.819061,70.869709,-1
24797,22.822643,70.864721,-1
24798,22.821535,70.815082,-1
24799,22.563965,72.952525,-1
24800,22.552434,72.955963,-1
24801,22.570627,72.983279,-1
24802,22.542121,72.943798,-1
24803,22.539833,72.948655,-1
24804,22.544805,72.961,-1
24805,22.570627,72.9412,-1
24806,22.566646,72.950431,-1
24807,22.535752,72.953367,-1
24808,22.562107,72.942817,-1
24809,15.504358,80.057231,-1
24810,15.557578,80.038131,-1
24811,15.503992,80.060996,-1
24812,15.515384,80.049123,-1
24813,15.490421,80.026107,-1
24814,15.527412,80.057524,-1
24815,15.496912,80.065193,-1
24816,15.51469,80.070845,-1
24817,15.492904,80.02415,-1
24818,15.531555,80.017813,-1
24819,15.256743,76.37473,-1
24820,15.292383,76.373366,-1
24821,15.255053,76.388587,-1
24822,15.279224,76.354181,-1
24823,15.252775,76.384079,-1
24824,15.311405,76.398202,-1
24825,15.242481,76.353465,-1
24826,15.282793,76.38574,-1
24827,15.278476,76.386476,-1
24828,15.262194,76.378856,-1
24829,28.671456,77.070768,-1
24830,28.700163,77.074925,-1
24831,28.679926,77.051896,-1
24832,28.674735,77.062745,-1
24833,28.671064,77.061982,-1
24834,28.661005,77.053324,-1
24835,28.662992,77.067291,-1
24836,28.710039,77.057222,-1
24837,28.696037,77.047639,-1
24838,28.724686,77.044829,-1
24839,17.489476,78.541812,-1
24840,17.540606,78.497988,-1
24841,17.516045,78.563624,-1
24842,17.497115,78.543002,-1
24843,17.515755,78.554965,-1
24844,17.503674,78.554922,-1
24845,17.489274,78.558879,-1
24846,17.530848,78.529921,-1
24847,17.494443,78.534731,-1
24848,17.505032,78.55053,-1
24849,24.498325,86.684425,-1
24850,24.461026,86.688256,-1
24851,24.475542,86.694583,-1
24852,24.467687,86.7217,-1
24853,24.513914,86.705469,-1
24854,24.490184,86.672562,-1
24855,24.515747,86.693371,-1
24856,24.486152,86.676403,-1
24857,24.479689,86.672509,-1
24858,24.511376,86.699174,-1
24859,25.80121,84.77585,-1
24860,25.778274,84.737535,-1
24861,25.781484,84.687547,-1
24862,25.785508,84.748055,-1
24863,25.794933,84.724583,-1
24864,25.806755,84.783771,-1
24865,25.781915,84.756754,-1
24866,25.806038,84.737971,-1
24867,25.749892,84.770521,-1
24868,25.791838,84.729391,-1
24869,21.834891,76.346642,-1
24870,21.82643,76.367629,-1
24871,21.84692,76.339989,-1
24872,21.798637,76.341896,-1
24873,21.859208,76.35538,-1
24874,21.819501,76.379233,-1
24875,21.831525,76.370229,-1
24876,21.861631,76.306924,-1
24877,21.804202,76.367964,-1
24878,21.844021,76.324598,-1
24879,19.829416,85.824073,-1
24880,19.810301,85.809543,-1
24881,19.805541,85.846028,-1
24882,19.796265,85.820529,-1
24883,19.808308,85.81587,-1
24884,19.810307,85.803867,-1
24885,19.806239,85.851155,-1
24886,19.765933,85.81996,-1
24887,19.797241,85.835226,-1
24888,19.793673,85.814484,-1
24889,26.4967,78.034401,-1
24890,26.516823,77.97273,-1
24891,26.486583,78.000425,-1
24892,26.497147,77.994364,-1
24893,26.523534,78.029758,-1
24894,26.490939,78.004998,-1
24895,26.535981,77.995312,-1
24896,26.506093,77.999032,-1
24897,26.488685,78.021956,-1
24898,26.486446,77.983387,-1
24899,25.312777,82.480972,-1
24900,25.339698,82.430154,-1
24901,25.334742,82.486567,-1
24902,25.325911,82.468324,-1
24903,25.314676,82.470084,-1
24904,25.32917,82.466932,-1
24905,25.315486,82.457321,-1
24906,25.354319,82.43116,-1
24907,25.334455,82.508788,-1
24908,25.321776,82.451053,-1
24909,28.410724,77.849829,-1
24910,28.412127,77.872209,-1
24911,28.382392,77.859033,-1
24912,28.413977,77.880665,-1
24913,28.422596,77.858959,-1
24914,28.437576,77.825708,-1
24915,28.432044,77.856703,-1
24916,28.387339,77.817528,-1
24917,28.404433,77.849327,-1
24918,28.438047,77.845398,-1
24919,26.554938,78.787191,-1
24920,26.585419,78.781394,-1
24921,26.55286,78.808119,-1
24922,26.562623,78.808294,-1
24923,26.547052,78.790597,-1
24924,26.58265,78.781548,-1
24925,26.576478,78.767363,-1
24926,26.560397,78.799256,-1
24927,26.575401,78.759669,-1
24928,26.570565,78.806117,-1
24929,28.76144,77.154896,-1
24930,28.758165,77.163425,-1
24931,28.767818,77.165477,-1
24932,28.77455,77.188032,-1
24933,28.736275,77.151056,-1
24934,28.722268,77.161089,-1
24935,28.718934,77.157848,-1
24936,28.749195,77.148285,-1
24937,28.739462,77.222945,-1
24938,28.757347,77.188619,-1
24939,17.26202,80.150674,-1
24940,17.260335,80.157044,-1
24941,17.234834,80.18851,-1
24942,17.265265,80.160003,-1
24943,17.207047,80.131551,-1
24944,17.263485,80.123164,-1
24945,17.246992,80.200994,-1
24946,17.220641,80.154539,-1
24947,17.270067,80.146741,-1
24948,17.241594,80.149239,-1
24949,28.559407,78.556306,-1
24950,28.613238,78.564294,-1
24951,28.573294,78.567356,-1
24952,28.554284,78.564961,-1
24953,28.538313,78.570221,-1
24954,28.59491,78.572479,-1
24955,28.570607,78.543755,-1
24956,28.592798,78.567099,-1
24957,28.575708,78.541135,-1
24958,28.575628,78.585737,-1
24959,28.801753,76.143578,-1
24960,28.774686,76.154239,-1
24961,28.799465,76.154535,-1
24962,28.841142,76.166062,-1
24963,28.802046,76.134855,-1
24964,28.800414,76.135401,-1
24965,28.753956,76.143666,-1
24966,28.774253,76.109532,-1
24967,28.808828,76.124389,-1
24968,28.783513,76.16026,-1
24969,18.994159,73.120259,-1
24970,18.986623,73.096278,-1
24971,18.966221,73.130896,-1
24972,18.978795,73.106871,-1
24973,18.956204,73.116509,-1
24974,18.978003,73.128738,-1
24975,19.018495,73.121763,-1
24976,19.002483,73.124646,-1
24977,18.97088,73.099871,-1
24978,19.008732,73.12196,-1
24979,30.361096,76.770704,-1
24980,30.348856,76.804721,-1
24981,30.407737,76.809246,-1
24982,30.342927,76.754048,-1
24983,30.353451,76.761844,-1
24984,30.365999,76.775322,-1
24985,30.331588,76.782076,-1
24986,30.385382,76.788833,-1
24987,30.365933,76.788473,-1
24988,30.346521,76.79814,-1
24989,11.451901,77.752258,-1
24990,11.422858,77.727322,-1
24991,11.437676,77.717555,-1
24992,11.432949,77.710774,-1
24993,11.449085,77.695764,-1
24994,11.477162,77.716432,-1
24995,11.425919,77.73067,-1
24996,11.479168,77.722875,-1
24997,11.439071,77.713819,-1
24998,11.441823,77.674849,-1
24999,16.17289,81.168647,-1
25000,16.190342,81.153153,-1
