date,region_id,temperature_celsius,humidity_percent,rainfall_mm,aqi,pm25,pm10,water_quality_index
2024-10-01,1,26.7,68,5.5,161,80,112,7.3
2024-10-01,2,30.8,78,13.4,164,82,114,7.0
2024-10-01,3,28.3,75,4.3,220,110,154,7.5
2024-10-01,4,20.4,41,21.7,247,123,172,6.1
2024-10-01,5,23.8,60,18.5,147,73,102,7.9
2024-10-01,6,29.4,83,0.7,148,74,103,8.6
2024-10-01,7,27.2,67,29.2,104,52,72,8.0
2024-10-01,8,28.2,86,18.6,197,98,137,7.1
2024-10-01,9,29.3,42,25.8,224,112,156,7.1
2024-10-01,10,23.1,78,0.4,178,89,124,7.8
2024-10-01,11,37.4,89,11.6,179,89,125,5.7
2024-10-01,12,21.8,59,7.2,97,48,67,5.7
2024-10-01,13,20.6,53,11.7,139,69,97,8.7
2024-10-01,14,31.9,41,12.8,143,71,100,8.3
2024-10-01,15,29.8,68,29.1,133,66,93,6.4
2024-10-01,16,36.9,75,17.9,137,68,95,8.1
2024-10-01,17,25.9,53,5.9,129,64,90,5.4
2024-10-01,18,35.2,84,8.1,142,71,99,7.1
2024-10-01,19,30.6,64,8.4,213,106,149,6.4
2024-10-01,20,25.0,68,24.1,154,77,107,7.1
2024-10-01,21,20.3,48,23.2,225,112,157,8.1
2024-10-01,22,20.1,50,6.0,225,112,157,6.0
2024-10-01,23,33.1,72,18.2,130,65,91,8.5
2024-10-01,24,36.5,48,18.7,122,61,85,7.1
2024-10-01,25,21.1,62,20.1,126,63,88,7.5
2024-10-01,26,33.1,79,8.2,124,62,86,8.2
2024-10-01,27,28.5,76,29.2,220,110,154,7.5
2024-10-01,28,33.7,65,7.1,231,115,161,5.1
2024-10-01,29,28.9,48,21.3,179,89,125,5.3
2024-10-01,30,20.5,52,6.1,185,92,129,5.3
2024-10-01,31,31.5,71,20.9,240,120,168,5.1
2024-10-01,32,30.9,54,22.7,125,62,87,7.1
2024-10-01,33,37.0,46,8.7,175,87,122,8.7
2024-10-01,34,35.8,81,24.2,223,111,156,5.1
2024-10-01,35,28.2,83,5.6,119,59,83,5.0
2024-10-01,36,35.9,67,10.7,218,109,152,8.2
2024-10-01,37,24.1,52,25.8,192,96,134,7.7
2024-10-01,38,23.0,66,12.5,140,70,98,8.3
2024-10-01,39,24.8,63,28.3,207,103,144,6.5
2024-10-01,40,23.9,63,21.1,202,101,141,7.0
2024-10-01,41,21.2,51,7.6,219,109,153,6.4
2024-10-01,42,32.8,76,8.5,170,85,118,8.8
2024-10-01,43,24.8,41,15.1,143,71,100,6.4
2024-10-01,44,20.6,71,27.2,236,118,165,8.3
2024-10-01,45,32.3,83,13.4,249,124,174,7.7
2024-10-01,46,30.7,50,11.1,234,117,163,5.0
2024-10-01,47,33.1,63,14.1,187,93,130,5.1
2024-10-01,48,31.4,50,24.5,233,116,163,7.5
2024-10-01,49,35.0,45,20.9,92,46,64,8.3
2024-10-01,50,30.6,75,0.5,236,118,165,5.3
2024-10-01,51,26.3,46,5.2,217,108,151,6.8
2024-10-01,52,29.3,79,4.1,240,120,168,6.0
2024-10-01,53,29.7,81,7.7,233,116,163,6.7
2024-10-01,54,34.7,88,7.3,137,68,95,5.9
2024-10-01,55,37.4,44,27.0,98,49,68,6.3
2024-10-01,56,25.0,58,21.8,220,110,154,6.0
2024-10-01,57,35.4,72,19.3,164,82,114,6.3
2024-10-01,58,36.8,75,27.0,173,86,121,7.8
2024-10-01,59,30.5,87,3.0,188,94,131,7.0
2024-10-01,60,37.5,57,4.8,171,85,119,6.6
2024-10-01,61,28.7,74,19.6,157,78,109,6.8
2024-10-01,62,24.3,60,5.4,217,108,151,7.2
2024-10-01,63,33.4,42,19.7,122,61,85,8.6
2024-10-01,64,29.8,61,8.0,247,123,172,7.0
2024-10-01,65,37.5,84,14.6,97,48,67,7.7
2024-10-01,66,31.4,73,10.5,186,93,130,5.2
2024-10-01,67,30.4,72,5.9,150,75,105,7.4
2024-10-01,68,29.0,43,0.7,138,69,96,8.5
2024-10-01,69,20.8,83,28.2,135,67,94,8.8
2024-10-01,70,36.5,74,22.4,126,63,88,8.0
2024-10-01,71,36.7,88,16.6,184,92,128,5.4
2024-10-01,72,37.3,72,2.3,249,124,174,7.0
2024-10-01,73,35.3,42,5.1,114,57,79,8.7
2024-10-01,74,27.1,42,17.1,113,56,79,8.5
2024-10-01,75,23.8,86,29.7,216,108,151,7.0
2024-10-01,76,29.3,41,9.7,193,96,135,8.4
2024-10-01,77,32.5,82,21.3,128,64,89,7.6
2024-10-01,78,25.3,65,24.3,242,121,169,6.7
2024-10-01,79,31.0,46,15.0,109,54,76,6.7
2024-10-01,80,31.7,85,23.9,204,102,142,8.5
2024-10-01,81,26.1,67,17.4,121,60,84,7.6
2024-10-01,82,30.4,61,9.8,152,76,106,7.7
2024-10-01,83,37.7,61,17.7,175,87,122,9.2
2024-10-01,84,24.5,81,24.7,143,71,100,5.3
2024-10-01,85,29.7,76,15.7,142,71,99,6.3
2024-10-01,86,24.9,83,18.7,95,47,66,8.1
2024-10-01,87,20.9,69,16.2,144,72,100,5.3
2024-10-01,88,22.5,55,29.3,213,106,149,6.4
2024-10-01,89,32.9,58,23.9,152,76,106,5.9
2024-10-01,90,27.8,65,0.8,206,103,144,5.7
2024-10-01,91,21.5,48,20.7,218,109,152,7.4
2024-10-01,92,23.1,40,13.3,185,92,129,7.7
2024-10-01,93,29.9,87,5.5,206,103,144,6.5
2024-10-01,94,31.5,78,19.7,158,79,110,5.9
2024-10-01,95,31.0,42,7.4,233,116,163,5.1
2024-10-01,96,22.9,61,0.4,158,79,110,5.9
2024-10-01,97,21.7,69,25.7,233,116,163,5.8
2024-10-01,98,21.8,87,24.2,189,94,132,9.2
2024-10-01,99,23.1,69,19.5,99,49,69,7.7
2024-10-01,100,37.1,75,1.4,227,113,158,5.8
2024-10-02,1,31.3,71,25.7,158,79,110,7.2
2024-10-02,2,32.3,55,2.1,91,45,63,7.4
2024-10-02,3,20.5,71,28.2,241,120,168,7.4
2024-10-02,4,32.2,74,19.3,190,95,133,5.5
2024-10-02,5,31.3,40,28.8,163,81,114,8.2
2024-10-02,6,23.7,68,2.1,184,92,128,8.4
2024-10-02,7,26.8,89,20.5,170,85,118,7.6
2024-10-02,8,31.8,68,25.3,179,89,125,7.4
2024-10-02,9,26.1,80,14.9,147,73,102,7.0
2024-10-02,10,32.5,84,28.1,209,104,146,7.5
2024-10-02,11,33.2,60,29.0,227,113,158,5.4
2024-10-02,12,27.6,63,24.2,188,94,131,5.4
2024-10-02,13,27.4,57,7.5,185,92,129,9.0
2024-10-02,14,26.1,71,25.8,202,101,141,8.0
2024-10-02,15,32.2,62,22.6,194,97,135,6.0
2024-10-02,16,26.8,88,15.2,201,100,140,7.8
2024-10-02,17,27.0,52,26.9,189,94,132,5.9
2024-10-02,18,20.2,80,25.4,98,49,68,7.2
2024-10-02,19,25.7,53,20.3,141,70,98,6.3
2024-10-02,20,30.3,86,2.5,158,79,110,6.5
2024-10-02,21,25.3,64,16.6,142,71,99,8.4
2024-10-02,22,34.2,78,2.7,131,65,91,5.2
2024-10-02,23,37.5,53,16.5,222,111,155,9.2
2024-10-02,24,33.3,68,10.5,235,117,164,6.4
2024-10-02,25,37.4,48,22.8,234,117,163,7.8
2024-10-02,26,21.8,46,12.8,226,113,158,8.5
2024-10-02,27,34.8,41,2.4,172,86,120,7.6
2024-10-02,28,30.5,84,11.1,234,117,163,5.8
2024-10-02,29,37.1,64,17.8,125,62,87,5.0
2024-10-02,30,26.8,70,14.5,197,98,137,5.8
2024-10-02,31,30.1,66,7.5,108,54,75,5.1
2024-10-02,32,22.0,42,7.6,215,107,150,6.9
2024-10-02,33,21.0,67,23.0,216,108,151,8.7
2024-10-02,34,31.7,40,20.4,181,90,126,5.6
2024-10-02,35,37.3,88,2.5,206,103,144,4.8
2024-10-02,36,37.3,83,29.3,150,75,105,8.1
2024-10-02,37,25.8,55,15.8,236,118,165,7.4
2024-10-02,38,37.4,57,5.0,138,69,96,8.9
2024-10-02,39,32.5,70,29.9,143,71,100,6.4
2024-10-02,40,30.5,55,22.1,101,50,70,6.8
2024-10-02,41,37.3,55,26.7,241,120,168,6.4
2024-10-02,42,31.2,47,5.1,179,89,125,9.1
2024-10-02,43,27.0,89,8.0,190,95,133,5.9
2024-10-02,44,37.5,66,20.9,234,117,163,8.9
2024-10-02,45,25.0,59,18.1,246,123,172,7.9
2024-10-02,46,22.4,74,24.7,171,85,119,4.8
2024-10-02,47,27.5,44,18.4,99,49,69,5.7
2024-10-02,48,36.8,89,16.5,94,47,65,8.0
2024-10-02,49,20.5,72,23.3,235,117,164,8.8
2024-10-02,50,37.8,88,11.3,115,57,80,5.9
2024-10-02,51,26.9,61,24.9,187,93,130,6.9
2024-10-02,52,20.7,40,0.4,144,72,100,5.8
2024-10-02,53,35.6,56,16.0,222,111,155,6.4
2024-10-02,54,37.9,62,23.1,172,86,120,5.3
2024-10-02,55,24.5,53,6.2,90,45,62,6.7
2024-10-02,56,37.2,52,6.2,202,101,141,5.9
2024-10-02,57,33.6,73,10.7,161,80,112,6.9
2024-10-02,58,20.4,73,14.3,92,46,64,8.3
2024-10-02,59,29.4,51,24.5,222,111,155,7.7
2024-10-02,60,21.6,56,4.0,136,68,95,6.3
2024-10-02,61,27.6,76,18.6,155,77,108,6.8
2024-10-02,62,34.5,78,4.1,127,63,88,7.5
2024-10-02,63,30.9,57,11.8,180,90,125,8.1
2024-10-02,64,21.6,73,10.4,168,84,117,6.6
2024-10-02,65,27.1,81,25.9,222,111,155,7.6
2024-10-02,66,34.3,49,27.8,163,81,114,6.1
2024-10-02,67,33.8,59,13.8,123,61,86,7.6
2024-10-02,68,31.2,41,9.9,132,66,92,8.8
2024-10-02,69,24.3,86,3.9,169,84,118,8.7
2024-10-02,70,22.7,55,19.2,193,96,135,8.1
2024-10-02,71,32.5,64,26.9,244,122,170,5.6
2024-10-02,72,32.0,89,18.1,140,70,98,7.2
2024-10-02,73,20.7,44,10.4,150,75,105,8.0
2024-10-02,74,20.6,45,3.6,101,50,70,8.9
2024-10-02,75,23.7,73,3.9,134,67,93,6.5
2024-10-02,76,25.8,65,24.0,210,105,147,8.3
2024-10-02,77,32.4,69,4.7,137,68,95,7.9
2024-10-02,78,21.1,65,26.0,97,48,67,6.4
2024-10-02,79,33.5,54,16.1,145,72,101,7.3
2024-10-02,80,28.7,65,22.8,167,83,116,7.5
2024-10-02,81,28.3,84,1.9,145,72,101,7.3
2024-10-02,82,22.4,42,26.9,196,98,137,7.8
2024-10-02,83,29.6,84,26.0,127,63,88,9.2
2024-10-02,84,29.6,54,3.1,208,104,145,4.9
2024-10-02,85,26.8,49,16.9,106,53,74,6.7
2024-10-02,86,23.8,65,16.1,114,57,79,8.1
2024-10-02,87,36.0,59,14.2,227,113,158,5.8
2024-10-02,88,34.2,84,14.4,200,100,140,6.6
2024-10-02,89,33.3,86,22.4,202,101,141,5.6
2024-10-02,90,30.2,81,8.5,95,47,66,5.5
2024-10-02,91,36.2,73,7.3,148,74,103,7.4
2024-10-02,92,37.8,76,28.0,239,119,167,7.8
2024-10-02,93,24.1,45,7.4,93,46,65,6.7
2024-10-02,94,35.3,69,5.2,144,72,100,6.5
2024-10-02,95,35.2,42,15.7,129,64,90,5.9
2024-10-02,96,32.5,63,3.4,155,77,108,6.1
2024-10-02,97,30.4,50,26.0,223,111,156,6.2
2024-10-02,98,37.6,69,5.1,151,75,105,9.0
2024-10-02,99,36.7,54,16.1,115,57,80,7.0
2024-10-02,100,25.0,83,6.2,243,121,170,5.7
2024-10-03,1,25.8,58,6.0,109,54,76,7.5
2024-10-03,2,24.4,86,21.2,231,115,161,6.7
2024-10-03,3,25.2,76,15.2,189,94,132,7.0
2024-10-03,4,25.8,42,1.6,99,49,69,6.4
2024-10-03,5,29.9,49,29.7,102,51,71,8.5
2024-10-03,6,32.3,59,7.6,190,95,133,8.5
2024-10-03,7,20.0,48,17.9,241,120,168,7.2
2024-10-03,8,30.9,74,10.5,138,69,96,7.2
2024-10-03,9,35.3,83,12.3,206,103,144,7.2
2024-10-03,10,33.2,48,6.2,124,62,86,7.2
2024-10-03,11,36.7,61,1.4,182,91,127,5.6
2024-10-03,12,22.5,80,22.5,149,74,104,5.2
2024-10-03,13,22.9,60,5.6,172,86,120,8.5
2024-10-03,14,32.0,65,27.2,178,89,124,7.9
2024-10-03,15,35.8,64,20.5,161,80,112,6.2
2024-10-03,16,27.9,53,27.0,214,107,149,7.6
2024-10-03,17,25.4,62,13.2,242,121,169,5.8
2024-10-03,18,26.4,86,11.5,142,71,99,6.7
2024-10-03,19,36.3,78,3.5,223,111,156,6.2
2024-10-03,20,26.0,47,20.8,104,52,72,7.1
2024-10-03,21,35.8,72,16.0,244,122,170,8.4
2024-10-03,22,34.2,77,22.6,244,122,170,5.7
2024-10-03,23,33.4,43,17.1,99,49,69,8.9
2024-10-03,24,28.9,49,10.3,127,63,88,6.9
2024-10-03,25,29.7,86,25.4,104,52,72,7.1
2024-10-03,26,34.4,44,14.6,157,78,109,8.5
2024-10-03,27,33.0,41,0.4,204,102,142,7.9
2024-10-03,28,32.5,75,21.5,116,58,81,5.6
2024-10-03,29,26.2,50,28.8,193,96,135,5.6
2024-10-03,30,30.5,47,12.7,179,89,125,5.6
2024-10-03,31,37.1,51,27.4,193,96,135,5.0
2024-10-03,32,29.1,64,7.7,193,96,135,6.9
2024-10-03,33,35.7,51,3.1,157,78,109,8.3
2024-10-03,34,34.2,76,21.2,195,97,136,6.0
2024-10-03,35,33.9,70,18.2,140,70,98,5.7
2024-10-03,36,33.3,79,25.2,100,50,70,8.2
2024-10-03,37,28.1,85,7.1,179,89,125,7.8
2024-10-03,38,35.1,62,27.6,152,76,106,8.9
2024-10-03,39,25.6,79,18.2,142,71,99,6.8
2024-10-03,40,26.0,65,10.0,152,76,106,7.0
2024-10-03,41,27.5,65,27.6,219,109,153,6.6
2024-10-03,42,28.4,66,22.1,106,53,74,9.1
2024-10-03,43,30.6,83,27.4,241,120,168,5.7
2024-10-03,44,30.4,45,1.0,118,59,82,8.5
2024-10-03,45,30.5,61,6.6,203,101,142,8.0
2024-10-03,46,31.9,46,29.3,194,97,135,5.1
2024-10-03,47,22.7,61,2.6,193,96,135,5.7
2024-10-03,48,29.0,40,9.3,212,106,148,7.2
2024-10-03,49,34.4,71,14.0,138,69,96,9.0
2024-10-03,50,20.7,69,25.1,108,54,75,5.6
2024-10-03,51,21.2,53,21.4,202,101,141,6.0
2024-10-03,52,27.2,77,23.0,221,110,154,6.3
2024-10-03,53,23.3,68,2.3,220,110,154,6.7
2024-10-03,54,26.7,49,26.9,213,106,149,6.0
2024-10-03,55,34.4,67,25.2,224,112,156,6.8
2024-10-03,56,31.9,40,16.6,156,78,109,6.2
2024-10-03,57,24.2,47,3.1,156,78,109,6.8
2024-10-03,58,36.0,67,7.1,124,62,86,8.3
2024-10-03,59,24.4,53,18.1,135,67,94,7.5
2024-10-03,60,34.9,43,28.3,231,115,161,6.3
2024-10-03,61,25.3,87,2.6,163,81,114,7.2
2024-10-03,62,21.5,62,25.4,201,100,140,6.8
2024-10-03,63,23.3,75,19.3,171,85,119,7.9
2024-10-03,64,36.1,86,18.7,100,50,70,6.6
2024-10-03,65,24.7,41,10.9,208,104,145,7.9
2024-10-03,66,24.8,44,10.4,226,113,158,6.0
2024-10-03,67,27.9,83,6.6,175,87,122,7.9
2024-10-03,68,34.0,56,26.1,209,104,146,7.9
2024-10-03,69,37.7,62,24.0,203,101,142,8.0
2024-10-03,70,20.4,53,22.3,114,57,79,8.0
2024-10-03,71,24.6,61,25.0,93,46,65,5.4
2024-10-03,72,22.4,68,5.2,126,63,88,7.0
2024-10-03,73,20.3,57,15.9,131,65,91,7.9
2024-10-03,74,30.4,77,2.0,242,121,169,8.3
2024-10-03,75,29.0,51,6.2,195,97,136,6.3
2024-10-03,76,22.5,66,27.0,223,111,156,9.1
2024-10-03,77,33.2,73,18.0,142,71,99,7.4
2024-10-03,78,23.2,84,25.1,211,105,147,6.7
2024-10-03,79,27.6,41,5.0,196,98,137,6.6
2024-10-03,80,23.3,75,23.1,118,59,82,8.3
2024-10-03,81,27.0,79,13.1,202,101,141,8.1
2024-10-03,82,33.0,79,17.0,187,93,130,7.3
2024-10-03,83,27.1,63,28.1,158,79,110,8.7
2024-10-03,84,28.7,75,16.2,170,85,118,5.1
2024-10-03,85,28.9,84,4.6,243,121,170,6.1
2024-10-03,86,28.5,48,2.3,106,53,74,8.7
2024-10-03,87,27.4,82,17.9,114,57,79,6.1
2024-10-03,88,24.4,42,2.3,197,98,137,7.2
2024-10-03,89,32.5,69,0.2,101,50,70,5.8
2024-10-03,90,26.5,83,24.2,138,69,96,6.1
2024-10-03,91,22.5,49,20.7,136,68,95,7.5
2024-10-03,92,21.6,55,26.2,97,48,67,7.8
2024-10-03,93,31.5,56,19.8,207,103,144,5.8
2024-10-03,94,31.5,47,7.5,178,89,124,6.7
2024-10-03,95,31.6,65,1.5,115,57,80,5.2
2024-10-03,96,20.7,49,17.6,234,117,163,6.3
2024-10-03,97,23.3,60,14.2,224,112,156,6.4
2024-10-03,98,20.6,46,8.9,161,80,112,8.8
2024-10-03,99,37.5,62,23.9,205,102,143,7.6
2024-10-03,100,35.2,57,15.7,192,96,134,5.6
2024-10-04,1,20.7,70,10.9,197,98,137,7.3
2024-10-04,2,22.2,73,26.5,197,98,137,6.9
2024-10-04,3,30.3,88,16.2,242,121,169,7.2
2024-10-04,4,33.3,72,26.6,197,98,137,5.5
2024-10-04,5,24.2,74,26.1,247,123,172,8.1
2024-10-04,6,20.0,52,15.9,249,124,174,8.5
2024-10-04,7,36.8,78,0.3,118,59,82,7.4
2024-10-04,8,33.8,68,1.1,105,52,73,7.4
2024-10-04,9,35.7,86,11.9,247,123,172,7.5
2024-10-04,10,27.5,78,15.7,154,77,107,7.6
2024-10-04,11,24.3,42,14.0,209,104,146,6.0
2024-10-04,12,25.2,43,21.5,126,63,88,5.6
2024-10-04,13,20.8,40,27.3,162,81,113,8.7
2024-10-04,14,22.0,63,3.7,126,63,88,8.4
2024-10-04,15,34.2,82,17.7,128,64,89,6.3
2024-10-04,16,35.8,85,18.0,151,75,105,7.8
2024-10-04,17,31.0,64,22.3,93,46,65,5.7
2024-10-04,18,24.2,59,25.1,143,71,100,7.1
2024-10-04,19,30.9,84,3.6,196,98,137,6.5
2024-10-04,20,23.2,65,1.1,92,46,64,7.2
2024-10-04,21,34.9,44,1.7,136,68,95,8.6
2024-10-04,22,23.9,48,27.8,211,105,147,5.1
2024-10-04,23,29.5,81,15.5,171,85,119,8.4
2024-10-04,24,32.5,63,26.9,102,51,71,6.3
2024-10-04,25,24.0,86,1.0,157,78,109,7.9
2024-10-04,26,30.4,73,13.7,156,78,109,8.0
2024-10-04,27,24.9,68,26.7,242,121,169,7.6
2024-10-04,28,35.3,81,24.3,129,64,90,5.4
2024-10-04,29,36.8,50,2.6,213,106,149,5.1
2024-10-04,30,26.7,47,20.9,179,89,125,5.5
2024-10-04,31,29.6,76,6.6,117,58,81,5.6
2024-10-04,32,21.4,56,1.8,134,67,93,7.1
2024-10-04,33,28.7,68,27.2,156,78,109,8.7
2024-10-04,34,26.3,73,16.3,122,61,85,5.7
2024-10-04,35,35.8,58,26.0,181,90,126,5.4
2024-10-04,36,35.3,87,21.3,196,98,137,8.8
2024-10-04,37,24.3,81,3.2,244,122,170,7.5
2024-10-04,38,33.5,46,26.4,134,67,93,9.0
2024-10-04,39,35.7,70,24.8,227,113,158,6.9
2024-10-04,40,34.8,69,27.3,171,85,119,7.6
2024-10-04,41,34.7,53,22.7,101,50,70,5.9
2024-10-04,42,20.1,71,2.5,244,122,170,8.9
2024-10-04,43,37.7,56,3.5,187,93,130,5.8
2024-10-04,44,31.4,63,24.6,159,79,111,8.5
2024-10-04,45,25.1,46,16.2,152,76,106,7.8
2024-10-04,46,27.1,54,28.0,111,55,77,5.2
2024-10-04,47,36.9,71,23.1,157,78,109,6.0
2024-10-04,48,25.4,56,23.1,234,117,163,7.6
2024-10-04,49,30.5,40,1.7,209,104,146,9.1
2024-10-04,50,20.8,89,29.7,118,59,82,5.8
2024-10-04,51,28.0,74,17.8,96,48,67,6.1
2024-10-04,52,21.2,72,9.7,168,84,117,5.7
2024-10-04,53,34.7,50,20.5,115,57,80,6.9
2024-10-04,54,22.9,73,29.9,188,94,131,5.9
2024-10-04,55,28.1,78,15.8,118,59,82,6.7
2024-10-04,56,32.5,71,2.5,173,86,121,5.6
2024-10-04,57,31.8,66,26.0,215,107,150,6.2
2024-10-04,58,22.7,67,21.9,136,68,95,8.0
2024-10-04,59,27.6,59,11.9,220,110,154,7.7
2024-10-04,60,25.6,77,6.9,153,76,107,6.2
2024-10-04,61,35.6,63,11.1,104,52,72,6.7
2024-10-04,62,28.5,66,29.0,234,117,163,7.6
2024-10-04,63,21.6,47,23.1,139,69,97,8.5
2024-10-04,64,33.7,42,23.9,113,56,79,6.5
2024-10-04,65,36.6,42,5.6,104,52,72,7.9
2024-10-04,66,28.7,53,17.9,215,107,150,5.8
2024-10-04,67,32.3,75,16.8,152,76,106,7.8
2024-10-04,68,31.7,41,23.9,228,114,159,8.6
2024-10-04,69,37.7,56,0.3,107,53,74,8.1
2024-10-04,70,32.2,57,14.4,184,92,128,8.2
2024-10-04,71,33.0,50,20.8,122,61,85,6.2
2024-10-04,72,37.1,80,1.2,177,88,123,6.8
2024-10-04,73,22.6,51,29.6,249,124,174,8.2
2024-10-04,74,20.3,61,6.3,249,124,174,8.9
2024-10-04,75,36.9,72,15.5,122,61,85,7.2
2024-10-04,76,35.9,69,1.0,205,102,143,8.7
2024-10-04,77,26.4,78,4.0,192,96,134,7.9
2024-10-04,78,23.6,89,24.6,195,97,136,6.4
2024-10-04,79,23.0,88,28.5,150,75,105,7.3
2024-10-04,80,32.7,45,17.8,162,81,113,7.6
2024-10-04,81,20.9,71,9.0,97,48,67,7.6
2024-10-04,82,37.1,67,24.1,151,75,105,7.7
2024-10-04,83,31.0,46,19.8,221,110,154,8.8
2024-10-04,84,30.8,61,13.6,92,46,64,4.8
2024-10-04,85,20.7,81,13.2,101,50,70,6.2
2024-10-04,86,24.4,52,14.4,211,105,147,7.9
2024-10-04,87,25.9,85,10.1,225,112,157,5.6
2024-10-04,88,35.7,71,14.9,171,85,119,6.3
2024-10-04,89,20.4,58,6.9,185,92,129,5.6
2024-10-04,90,29.8,42,2.4,124,62,86,5.6
2024-10-04,91,24.0,54,7.7,165,82,115,7.1
2024-10-04,92,23.1,60,21.8,113,56,79,7.9
2024-10-04,93,27.7,43,22.1,215,107,150,6.2
2024-10-04,94,37.8,63,16.3,185,92,129,6.1
2024-10-04,95,30.6,73,14.6,155,77,108,5.6
2024-10-04,96,30.8,75,12.7,204,102,142,6.3
2024-10-04,97,25.1,51,11.5,107,53,74,6.6
2024-10-04,98,31.4,54,7.1,115,57,80,9.1
2024-10-04,99,32.9,87,18.1,131,65,91,7.1
2024-10-04,100,24.3,53,15.4,126,63,88,5.6
2024-10-05,1,35.4,84,13.1,149,74,104,7.2
2024-10-05,2,27.3,53,15.4,173,86,121,7.5
2024-10-05,3,30.7,45,19.6,178,89,124,7.7
2024-10-05,4,37.4,41,25.7,94,47,65,5.8
2024-10-05,5,25.9,79,18.0,134,67,93,7.8
2024-10-05,6,24.3,70,7.1,207,103,144,8.5
2024-10-05,7,23.1,49,13.5,165,82,115,7.5
2024-10-05,8,34.9,40,13.5,97,48,67,7.9
2024-10-05,9,31.1,40,7.6,207,103,144,7.2
2024-10-05,10,23.0,82,22.1,138,69,96,7.3
2024-10-05,11,35.2,83,13.4,200,100,140,5.4
2024-10-05,12,35.6,83,16.2,237,118,165,5.7
2024-10-05,13,24.9,41,3.7,126,63,88,8.7
2024-10-05,14,36.9,68,19.2,124,62,86,8.2
2024-10-05,15,28.1,44,3.1,101,50,70,6.4
2024-10-05,16,22.7,89,29.0,132,66,92,7.8
2024-10-05,17,20.3,64,19.2,128,64,89,5.4
2024-10-05,18,28.2,86,15.7,240,120,168,7.0
2024-10-05,19,32.0,59,3.8,215,107,150,6.4
2024-10-05,20,25.5,55,28.2,213,106,149,7.3
2024-10-05,21,32.1,89,5.7,97,48,67,8.1
2024-10-05,22,22.8,77,26.0,175,87,122,5.7
2024-10-05,23,24.6,40,25.1,247,123,172,9.3
2024-10-05,24,28.9,56,24.9,136,68,95,6.9
2024-10-05,25,30.3,51,3.4,178,89,124,7.8
2024-10-05,26,32.4,72,18.0,120,60,84,8.3
2024-10-05,27,31.9,87,19.5,179,89,125,8.3
2024-10-05,28,26.3,41,30.0,152,76,106,5.3
2024-10-05,29,37.6,80,29.8,102,51,71,5.5
2024-10-05,30,34.1,52,8.7,157,78,109,5.5
2024-10-05,31,31.7,77,9.8,191,95,133,5.4
2024-10-05,32,27.9,73,22.9,112,56,78,6.7
2024-10-05,33,27.8,50,11.3,143,71,100,8.5
2024-10-05,34,31.7,60,9.7,165,82,115,5.4
2024-10-05,35,31.0,54,20.9,149,74,104,5.7
2024-10-05,36,29.9,72,7.1,124,62,86,8.6
2024-10-05,37,24.1,65,17.6,199,99,139,7.3
2024-10-05,38,31.6,41,13.9,92,46,64,8.3
2024-10-05,39,29.8,47,15.6,245,122,171,6.4
2024-10-05,40,20.5,65,3.3,222,111,155,7.1
2024-10-05,41,27.2,76,7.4,104,52,72,6.3
2024-10-05,42,27.1,62,24.4,197,98,137,8.6
2024-10-05,43,37.2,84,24.7,196,98,137,5.7
2024-10-05,44,20.1,86,2.1,232,116,162,8.2
2024-10-05,45,24.4,50,11.4,157,78,109,8.6
2024-10-05,46,36.8,61,5.8,167,83,116,5.4
2024-10-05,47,28.7,87,15.7,116,58,81,5.7
2024-10-05,48,36.7,67,16.2,233,116,163,7.6
2024-10-05,49,21.6,69,21.5,166,83,116,9.1
2024-10-05,50,27.4,64,15.7,96,48,67,6.1
2024-10-05,51,32.3,49,24.0,248,124,173,6.4
2024-10-05,52,32.8,88,17.0,131,65,91,6.3
2024-10-05,53,36.5,59,14.5,96,48,67,6.0
2024-10-05,54,34.7,83,1.3,195,97,136,5.3
2024-10-05,55,22.0,52,18.0,207,103,144,6.2
2024-10-05,56,29.3,67,6.8,98,49,68,5.6
2024-10-05,57,31.6,63,12.3,214,107,149,6.5
2024-10-05,58,36.3,63,10.6,243,121,170,7.6
2024-10-05,59,24.6,43,8.2,108,54,75,7.2
2024-10-05,60,35.3,78,20.0,235,117,164,6.9
2024-10-05,61,33.8,49,13.6,158,79,110,6.8
2024-10-05,62,23.0,74,26.1,208,104,145,7.2
2024-10-05,63,29.6,61,0.7,232,116,162,7.8
2024-10-05,64,24.1,46,16.4,227,113,158,6.6
2024-10-05,65,24.6,52,17.8,242,121,169,7.3
2024-10-05,66,37.8,74,17.9,235,117,164,5.6
2024-10-05,67,27.3,78,21.7,113,56,79,7.8
2024-10-05,68,22.3,58,18.1,191,95,133,8.6
2024-10-05,69,30.4,78,23.2,125,62,87,8.5
2024-10-05,70,21.5,72,17.9,162,81,113,8.1
2024-10-05,71,25.8,45,10.6,102,51,71,6.0
2024-10-05,72,29.3,41,20.1,116,58,81,6.8
2024-10-05,73,31.5,47,26.4,139,69,97,8.6
2024-10-05,74,32.2,83,9.7,92,46,64,8.6
2024-10-05,75,23.4,41,29.8,91,45,63,6.2
2024-10-05,76,26.5,74,21.9,119,59,83,8.5
2024-10-05,77,26.0,61,16.9,125,62,87,7.9
2024-10-05,78,37.3,68,20.7,144,72,100,7.2
2024-10-05,79,29.6,69,13.5,233,116,163,6.8
2024-10-05,80,20.0,55,19.9,92,46,64,7.7
2024-10-05,81,36.7,84,3.6,204,102,142,7.3
2024-10-05,82,22.7,44,22.1,197,98,137,7.6
2024-10-05,83,24.4,69,15.6,239,119,167,8.3
2024-10-05,84,21.6,78,25.9,105,52,73,5.5
2024-10-05,85,29.1,73,1.9,125,62,87,6.9
2024-10-05,86,25.5,89,10.3,194,97,135,7.9
2024-10-05,87,21.6,66,7.2,164,82,114,5.7
2024-10-05,88,34.9,62,28.3,144,72,100,6.6
2024-10-05,89,22.9,61,14.9,175,87,122,6.0
2024-10-05,90,30.2,81,15.0,138,69,96,5.4
2024-10-05,91,22.1,57,18.8,247,123,172,7.0
2024-10-05,92,35.8,69,21.6,156,78,109,7.6
2024-10-05,93,34.2,53,2.4,238,119,166,6.6
2024-10-05,94,20.4,66,20.8,109,54,76,6.5
2024-10-05,95,30.3,49,24.7,114,57,79,5.9
2024-10-05,96,28.6,72,27.7,103,51,72,5.8
2024-10-05,97,22.5,55,22.9,214,107,149,6.5
2024-10-05,98,25.7,74,12.0,114,57,79,8.4
2024-10-05,99,32.0,73,2.0,114,57,79,6.9
2024-10-05,100,24.2,84,16.5,121,60,84,5.4
2024-10-06,1,22.2,67,9.4,167,83,116,7.6
2024-10-06,2,35.8,68,3.2,223,111,156,7.1
2024-10-06,3,20.0,82,18.6,149,74,104,7.3
2024-10-06,4,26.6,70,1.8,99,49,69,5.6
2024-10-06,5,23.8,50,22.6,248,124,173,8.2
2024-10-06,6,32.5,48,12.9,226,113,158,8.1
2024-10-06,7,22.6,48,23.5,204,102,142,7.2
2024-10-06,8,23.2,55,1.9,93,46,65,7.7
2024-10-06,9,31.4,79,24.4,192,96,134,7.5
2024-10-06,10,24.0,68,18.7,213,106,149,7.7
2024-10-06,11,35.3,89,3.9,205,102,143,5.6
2024-10-06,12,27.3,74,11.0,181,90,126,5.3
2024-10-06,13,28.7,46,22.0,175,87,122,9.1
2024-10-06,14,37.3,41,4.0,238,119,166,7.6
2024-10-06,15,20.3,54,17.5,147,73,102,6.2
2024-10-06,16,23.4,44,6.5,171,85,119,8.1
2024-10-06,17,21.2,71,14.6,228,114,159,5.9
2024-10-06,18,28.2,65,3.8,123,61,86,7.3
2024-10-06,19,25.8,57,14.3,246,123,172,6.3
2024-10-06,20,28.3,60,28.7,202,101,141,6.6
2024-10-06,21,37.2,56,19.8,218,109,152,8.5
2024-10-06,22,34.6,87,7.6,99,49,69,5.4
2024-10-06,23,36.7,79,13.8,123,61,86,8.5
2024-10-06,24,27.0,61,19.1,168,84,117,6.8
2024-10-06,25,36.0,62,15.6,158,79,110,7.1
2024-10-06,26,33.3,40,13.3,97,48,67,8.5
2024-10-06,27,20.8,62,21.5,198,99,138,8.1
2024-10-06,28,34.4,74,0.4,222,111,155,5.3
2024-10-06,29,29.2,79,10.6,199,99,139,5.1
2024-10-06,30,37.8,54,28.3,117,58,81,5.8
2024-10-06,31,26.4,44,16.5,185,92,129,5.1
2024-10-06,32,21.2,49,0.6,201,100,140,6.9
2024-10-06,33,37.4,70,23.5,193,96,135,8.3
2024-10-06,34,31.2,41,20.0,138,69,96,5.4
2024-10-06,35,24.6,43,23.2,211,105,147,5.1
2024-10-06,36,28.6,89,9.7,229,114,160,8.3
2024-10-06,37,28.5,41,18.1,249,124,174,7.4
2024-10-06,38,33.5,71,18.5,100,50,70,8.5
2024-10-06,39,20.8,56,27.8,242,121,169,6.7
2024-10-06,40,26.8,53,13.2,203,101,142,7.7
2024-10-06,41,37.0,69,27.8,121,60,84,5.8
2024-10-06,42,28.9,88,19.4,211,105,147,9.1
2024-10-06,43,34.7,78,25.4,107,53,74,6.1
2024-10-06,44,31.4,60,29.4,135,67,94,8.8
2024-10-06,45,33.1,46,5.4,175,87,122,8.0
2024-10-06,46,33.6,64,28.1,118,59,82,5.2
2024-10-06,47,33.1,41,4.0,116,58,81,5.1
2024-10-06,48,37.4,54,15.2,177,88,123,7.6
2024-10-06,49,26.2,61,16.3,186,93,130,8.6
2024-10-06,50,29.2,58,4.5,119,59,83,5.3
2024-10-06,51,35.7,86,26.3,200,100,140,6.9
2024-10-06,52,22.9,55,24.4,197,98,137,6.1
2024-10-06,53,33.1,40,8.3,153,76,107,6.1
2024-10-06,54,34.4,82,9.3,238,119,166,5.8
2024-10-06,55,33.2,78,18.4,155,77,108,6.0
2024-10-06,56,26.4,52,16.2,175,87,122,6.1
2024-10-06,57,35.3,51,22.4,103,51,72,6.5
2024-10-06,58,33.5,59,9.8,159,79,111,7.6
2024-10-06,59,35.8,76,3.7,200,100,140,7.5
2024-10-06,60,28.1,59,23.4,243,121,170,6.5
2024-10-06,61,27.0,60,0.1,192,96,134,7.4
2024-10-06,62,20.1,77,5.0,146,73,102,7.2
2024-10-06,63,27.0,56,17.6,93,46,65,7.8
2024-10-06,64,29.2,42,1.9,169,84,118,6.4
2024-10-06,65,24.1,43,1.6,113,56,79,7.4
2024-10-06,66,32.2,57,18.1,149,74,104,5.4
2024-10-06,67,25.8,85,4.5,241,120,168,7.4
2024-10-06,68,26.0,69,29.5,206,103,144,8.6
2024-10-06,69,34.2,58,13.2,183,91,128,8.0
2024-10-06,70,25.9,72,2.7,205,102,143,8.4
2024-10-06,71,21.1,67,22.1,146,73,102,6.0
2024-10-06,72,36.8,84,5.2,93,46,65,6.7
2024-10-06,73,28.9,86,3.6,136,68,95,8.5
2024-10-06,74,35.1,50,22.2,179,89,125,8.5
2024-10-06,75,30.6,49,10.0,196,98,137,6.9
2024-10-06,76,20.4,84,20.9,198,99,138,9.1
2024-10-06,77,34.1,58,7.8,135,67,94,7.7
2024-10-06,78,24.1,44,25.3,138,69,96,7.3
2024-10-06,79,27.8,44,21.2,179,89,125,6.7
2024-10-06,80,21.5,78,27.1,218,109,152,8.5
2024-10-06,81,34.0,75,23.0,149,74,104,7.5
2024-10-06,82,22.4,70,27.7,125,62,87,7.3
2024-10-06,83,20.2,63,1.7,247,123,172,8.7
2024-10-06,84,20.7,46,7.4,103,51,72,5.4
2024-10-06,85,24.5,55,11.1,195,97,136,6.7
2024-10-06,86,35.2,45,2.0,134,67,93,8.4
2024-10-06,87,35.4,82,1.9,196,98,137,5.6
2024-10-06,88,22.5,43,9.5,96,48,67,6.3
2024-10-06,89,21.6,54,0.7,237,118,165,6.0
2024-10-06,90,22.3,87,28.1,243,121,170,5.2
2024-10-06,91,27.5,53,21.9,147,73,102,7.1
2024-10-06,92,37.6,44,19.6,138,69,96,7.6
2024-10-06,93,28.4,64,28.4,229,114,160,6.3
2024-10-06,94,26.3,80,0.7,206,103,144,6.9
2024-10-06,95,24.1,81,2.7,175,87,122,5.1
2024-10-06,96,30.1,56,29.4,150,75,105,6.2
2024-10-06,97,35.5,82,2.0,175,87,122,6.1
2024-10-06,98,29.9,73,2.5,187,93,130,9.0
2024-10-06,99,28.7,60,4.2,111,55,77,7.8
2024-10-06,100,35.3,41,2.9,233,116,163,5.7
2024-10-07,1,27.4,78,16.4,177,88,123,7.2
2024-10-07,2,34.2,77,24.2,227,113,158,7.4
2024-10-07,3,37.6,88,6.0,224,112,156,7.5
2024-10-07,4,35.7,65,9.9,199,99,139,5.6
2024-10-07,5,33.6,54,6.1,168,84,117,8.3
2024-10-07,6,35.8,67,7.7,214,107,149,8.3
2024-10-07,7,28.1,67,23.2,155,77,108,8.1
2024-10-07,8,21.2,42,27.3,186,93,130,7.5
2024-10-07,9,27.0,74,3.2,112,56,78,7.7
2024-10-07,10,34.8,89,2.8,140,70,98,8.0
2024-10-07,11,23.5,51,15.7,241,120,168,6.3
2024-10-07,12,26.4,80,17.3,174,87,121,5.2
2024-10-07,13,25.6,48,11.9,193,96,135,8.7
2024-10-07,14,29.4,59,16.7,219,109,153,7.5
2024-10-07,15,25.7,42,10.9,116,58,81,6.7
2024-10-07,16,25.0,79,15.2,218,109,152,8.2
2024-10-07,17,20.6,47,26.8,213,106,149,5.6
2024-10-07,18,34.8,76,13.2,199,99,139,7.1
2024-10-07,19,21.5,71,3.5,228,114,159,6.4
2024-10-07,20,29.1,55,29.7,198,99,138,7.4
2024-10-07,21,37.7,60,21.8,93,46,65,8.4
2024-10-07,22,37.9,70,19.7,217,108,151,5.8
2024-10-07,23,20.2,64,2.8,114,57,79,9.1
2024-10-07,24,34.8,65,2.4,222,111,155,6.4
2024-10-07,25,37.5,67,25.7,205,102,143,7.5
2024-10-07,26,36.5,45,21.3,210,105,147,8.2
2024-10-07,27,28.5,86,19.6,220,110,154,7.7
2024-10-07,28,35.8,69,5.2,110,55,77,5.5
2024-10-07,29,22.0,65,3.0,123,61,86,5.1
2024-10-07,30,26.3,86,5.7,164,82,114,5.4
2024-10-07,31,31.7,87,17.3,106,53,74,5.6
2024-10-07,32,35.1,50,25.3,180,90,125,7.4
2024-10-07,33,31.4,59,22.2,155,77,108,8.8
2024-10-07,34,25.7,67,20.5,237,118,165,5.3
2024-10-07,35,24.1,47,2.2,217,108,151,4.8
2024-10-07,36,31.6,43,26.0,136,68,95,8.6
2024-10-07,37,25.5,60,1.0,206,103,144,7.7
2024-10-07,38,27.3,53,27.1,234,117,163,8.5
2024-10-07,39,33.8,74,1.8,204,102,142,7.0
2024-10-07,40,36.3,66,16.8,180,90,125,7.4
2024-10-07,41,27.0,85,13.8,189,94,132,5.7
2024-10-07,42,26.9,74,12.4,167,83,116,8.9
2024-10-07,43,28.6,88,1.3,177,88,123,5.7
2024-10-07,44,20.5,77,8.4,172,86,120,8.7
2024-10-07,45,37.5,42,22.6,117,58,81,8.2
2024-10-07,46,20.3,46,18.6,162,81,113,5.1
2024-10-07,47,25.5,58,26.2,231,115,161,5.1
2024-10-07,48,23.9,75,2.9,119,59,83,7.9
2024-10-07,49,20.8,72,14.1,178,89,124,9.1
2024-10-07,50,34.8,74,6.8,167,83,116,6.2
2024-10-07,51,33.4,43,1.9,97,48,67,6.9
2024-10-07,52,35.8,85,10.2,209,104,146,5.5
2024-10-07,53,23.3,55,7.2,202,101,141,6.6
2024-10-07,54,25.1,51,17.5,153,76,107,5.5
2024-10-07,55,34.2,60,15.6,158,79,110,5.9
2024-10-07,56,24.5,76,18.0,226,113,158,5.8
2024-10-07,57,32.0,56,1.9,154,77,107,7.0
2024-10-07,58,20.5,62,12.9,165,82,115,7.7
2024-10-07,59,36.4,85,23.2,194,97,135,7.5
2024-10-07,60,26.1,68,5.1,110,55,77,6.3
2024-10-07,61,31.4,59,23.7,221,110,154,7.4
2024-10-07,62,32.2,67,3.1,239,119,167,6.8
2024-10-07,63,34.2,42,19.6,180,90,125,8.0
2024-10-07,64,33.4,40,8.1,95,47,66,7.1
2024-10-07,65,36.0,57,10.9,101,50,70,7.6
2024-10-07,66,30.9,66,4.2,213,106,149,5.7
2024-10-07,67,28.5,68,14.2,188,94,131,7.9
2024-10-07,68,23.5,74,13.4,173,86,121,8.3
2024-10-07,69,23.7,52,16.1,138,69,96,8.6
2024-10-07,70,20.1,47,1.1,213,106,149,8.3
2024-10-07,71,25.1,78,24.1,151,75,105,6.0
2024-10-07,72,27.1,80,11.9,126,63,88,6.8
2024-10-07,73,25.1,56,3.4,140,70,98,8.1
2024-10-07,74,35.8,80,0.9,100,50,70,8.1
2024-10-07,75,20.8,50,3.9,135,67,94,6.9
2024-10-07,76,23.0,79,12.7,165,82,115,8.8
2024-10-07,77,35.9,84,18.2,134,67,93,8.0
2024-10-07,78,32.9,67,24.6,97,48,67,7.0
2024-10-07,79,35.5,85,1.5,173,86,121,6.4
2024-10-07,80,32.4,41,20.0,216,108,151,7.9
2024-10-07,81,31.9,76,3.6,245,122,171,7.9
2024-10-07,82,29.9,88,2.1,211,105,147,7.9
2024-10-07,83,25.8,80,28.3,118,59,82,8.8
2024-10-07,84,32.2,41,26.6,99,49,69,5.6
2024-10-07,85,29.0,48,18.4,117,58,81,6.7
2024-10-07,86,23.1,45,3.6,91,45,63,8.0
2024-10-07,87,29.5,42,16.0,129,64,90,5.4
2024-10-07,88,34.8,80,12.7,154,77,107,7.2
2024-10-07,89,21.5,54,1.3,151,75,105,6.3
2024-10-07,90,30.1,70,14.0,241,120,168,6.1
2024-10-07,91,31.7,67,11.6,196,98,137,6.9
2024-10-07,92,27.7,74,2.3,162,81,113,8.0
2024-10-07,93,25.5,69,13.4,187,93,130,6.3
2024-10-07,94,26.9,42,25.7,168,84,117,6.3
2024-10-07,95,33.7,62,9.6,137,68,95,5.8
2024-10-07,96,20.2,75,11.8,241,120,168,6.4
2024-10-07,97,26.7,67,12.9,145,72,101,6.2
2024-10-07,98,33.7,86,4.6,246,123,172,8.8
2024-10-07,99,29.3,57,19.1,215,107,150,7.0
2024-10-07,100,30.7,88,20.3,158,79,110,5.2
2024-10-08,1,29.6,87,6.5,154,77,107,7.8
2024-10-08,2,21.9,88,4.2,158,79,110,7.4
2024-10-08,3,24.1,63,15.2,164,82,114,7.0
2024-10-08,4,22.4,65,1.2,196,98,137,5.9
2024-10-08,5,27.0,81,11.9,95,47,66,8.1
2024-10-08,6,33.6,54,14.6,211,105,147,8.7
2024-10-08,7,22.1,81,11.2,124,62,86,7.8
2024-10-08,8,36.0,43,29.8,202,101,141,7.5
2024-10-08,9,21.6,86,4.5,234,117,163,7.0
2024-10-08,10,26.9,87,23.2,158,79,110,7.3
2024-10-08,11,22.8,88,16.0,198,99,138,5.5
2024-10-08,12,33.7,62,13.2,131,65,91,5.5
2024-10-08,13,34.9,84,5.8,174,87,121,8.6
2024-10-08,14,26.2,83,7.1,228,114,159,8.3
2024-10-08,15,30.0,40,17.4,113,56,79,6.1
2024-10-08,16,38.0,52,18.8,228,114,159,8.1
2024-10-08,17,23.7,56,22.0,171,85,119,5.9
2024-10-08,18,31.2,63,18.6,174,87,121,7.4
2024-10-08,19,22.7,44,14.3,207,103,144,6.9
2024-10-08,20,24.1,66,27.3,100,50,70,6.9
2024-10-08,21,26.4,86,26.1,238,119,166,8.4
2024-10-08,22,33.4,78,3.7,109,54,76,5.4
2024-10-08,23,28.4,51,29.1,204,102,142,8.8
2024-10-08,24,28.3,87,2.8,141,70,98,6.4
2024-10-08,25,35.5,75,8.6,240,120,168,7.1
2024-10-08,26,27.0,50,27.6,171,85,119,8.2
2024-10-08,27,28.0,86,22.9,93,46,65,7.5
2024-10-08,28,34.5,74,6.0,162,81,113,5.6
2024-10-08,29,21.1,84,13.2,202,101,141,5.0
2024-10-08,30,25.4,47,1.9,127,63,88,5.2
2024-10-08,31,24.6,44,15.3,120,60,84,4.7
2024-10-08,32,33.2,89,14.3,182,91,127,7.3
2024-10-08,33,20.5,42,20.8,131,65,91,8.7
2024-10-08,34,31.4,60,10.8,241,120,168,5.9
2024-10-08,35,33.2,69,28.7,136,68,95,5.5
2024-10-08,36,37.8,89,20.3,202,101,141,8.4
2024-10-08,37,21.6,69,0.4,154,77,107,7.4
2024-10-08,38,26.2,76,22.2,126,63,88,9.1
2024-10-08,39,20.1,47,23.1,217,108,151,6.3
2024-10-08,40,34.6,40,25.4,193,96,135,6.9
2024-10-08,41,27.2,73,2.3,217,108,151,5.7
2024-10-08,42,32.4,70,2.0,188,94,131,9.1
2024-10-08,43,29.9,53,24.2,123,61,86,6.2
2024-10-08,44,20.1,58,15.7,105,52,73,8.5
2024-10-08,45,32.3,56,15.0,213,106,149,8.4
2024-10-08,46,32.7,41,2.2,102,51,71,5.0
2024-10-08,47,32.0,70,7.0,128,64,89,5.1
2024-10-08,48,27.2,62,27.9,215,107,150,7.4
2024-10-08,49,24.8,68,17.5,128,64,89,8.8
2024-10-08,50,24.1,80,6.6,102,51,71,5.8
2024-10-08,51,30.9,58,19.4,120,60,84,6.1
2024-10-08,52,36.0,62,26.0,163,81,114,6.2
2024-10-08,53,30.5,47,16.6,237,118,165,6.4
2024-10-08,54,32.3,53,13.9,199,99,139,5.5
2024-10-08,55,34.8,63,8.7,119,59,83,6.5
2024-10-08,56,29.4,52,27.5,97,48,67,6.1
2024-10-08,57,24.9,70,8.5,171,85,119,6.7
2024-10-08,58,34.8,50,8.1,138,69,96,7.7
2024-10-08,59,25.7,70,5.7,182,91,127,6.7
2024-10-08,60,20.8,71,17.8,176,88,123,6.5
2024-10-08,61,30.5,47,0.1,158,79,110,7.0
2024-10-08,62,36.9,68,27.9,210,105,147,6.8
2024-10-08,63,26.5,58,16.9,189,94,132,8.4
2024-10-08,64,36.3,52,12.7,201,100,140,6.8
2024-10-08,65,36.9,76,3.5,246,123,172,7.5
2024-10-08,66,27.0,66,25.3,227,113,158,6.2
2024-10-08,67,22.5,60,21.4,102,51,71,7.7
2024-10-08,68,23.3,63,22.8,106,53,74,8.6
2024-10-08,69,32.2,64,8.9,110,55,77,8.4
2024-10-08,70,28.6,58,19.3,131,65,91,7.4
2024-10-08,71,21.9,87,11.6,130,65,91,6.3
2024-10-08,72,28.6,87,6.3,194,97,135,6.2
2024-10-08,73,20.9,80,5.6,230,115,161,8.3
2024-10-08,74,27.5,41,6.4,162,81,113,8.3
2024-10-08,75,35.7,61,6.5,198,99,138,6.9
2024-10-08,76,33.6,84,8.9,97,48,67,8.6
2024-10-08,77,31.7,57,22.1,159,79,111,7.2
2024-10-08,78,31.6,60,20.5,143,71,100,6.5
2024-10-08,79,23.6,75,2.6,102,51,71,7.1
2024-10-08,80,21.0,49,16.3,136,68,95,7.6
2024-10-08,81,35.0,85,7.3,191,95,133,7.8
2024-10-08,82,26.1,61,21.3,231,115,161,7.7
2024-10-08,83,27.4,64,22.1,191,95,133,8.3
2024-10-08,84,29.6,63,21.7,242,121,169,5.2
2024-10-08,85,37.3,65,20.3,173,86,121,6.2
2024-10-08,86,28.2,55,23.2,193,96,135,8.4
2024-10-08,87,22.4,51,3.8,223,111,156,6.0
2024-10-08,88,27.8,71,8.8,122,61,85,6.9
2024-10-08,89,33.3,46,10.4,215,107,150,6.5
2024-10-08,90,30.3,55,9.0,224,112,156,5.7
2024-10-08,91,35.8,48,16.4,97,48,67,6.9
2024-10-08,92,34.1,64,8.7,134,67,93,7.4
2024-10-08,93,27.2,43,27.0,246,123,172,6.4
2024-10-08,94,24.1,73,18.1,168,84,117,6.8
2024-10-08,95,21.1,83,1.7,179,89,125,5.0
2024-10-08,96,37.8,44,15.9,164,82,114,5.8
2024-10-08,97,37.3,67,23.3,106,53,74,6.5
2024-10-08,98,24.1,83,18.6,115,57,80,9.3
2024-10-08,99,35.2,84,8.3,193,96,135,7.1
2024-10-08,100,36.3,70,20.2,154,77,107,5.3
2024-10-09,1,26.2,77,8.7,146,73,102,7.6
2024-10-09,2,36.0,80,20.7,115,57,80,7.3
2024-10-09,3,22.7,44,14.9,194,97,135,7.4
2024-10-09,4,28.1,72,28.7,244,122,170,5.4
2024-10-09,5,33.7,71,15.0,110,55,77,8.3
2024-10-09,6,37.3,45,8.2,175,87,122,8.1
2024-10-09,7,33.7,53,16.4,230,115,161,8.0
2024-10-09,8,28.3,42,5.0,182,91,127,7.0
2024-10-09,9,28.7,84,1.5,164,82,114,7.6
2024-10-09,10,34.3,50,11.8,159,79,111,7.5
2024-10-09,11,22.0,43,28.5,137,68,95,6.1
2024-10-09,12,27.3,65,15.7,165,82,115,5.5
2024-10-09,13,24.7,64,27.6,144,72,100,8.5
2024-10-09,14,23.9,57,29.4,93,46,65,7.9
2024-10-09,15,34.9,68,27.2,187,93,130,7.0
2024-10-09,16,32.6,82,15.6,97,48,67,7.5
2024-10-09,17,22.9,47,23.2,183,91,128,5.3
2024-10-09,18,31.5,78,23.4,173,86,121,7.2
2024-10-09,19,30.2,61,25.7,133,66,93,6.4
2024-10-09,20,20.2,49,23.5,245,122,171,7.3
2024-10-09,21,24.1,82,1.4,193,96,135,8.3
2024-10-09,22,35.3,47,24.2,111,55,77,5.1
2024-10-09,23,27.7,68,14.4,230,115,161,8.8
2024-10-09,24,20.0,75,8.7,244,122,170,6.7
2024-10-09,25,37.2,40,1.3,182,91,127,7.9
2024-10-09,26,28.7,42,11.8,206,103,144,8.1
2024-10-09,27,20.6,74,28.5,180,90,125,7.7
2024-10-09,28,25.0,56,23.6,205,102,143,5.0
2024-10-09,29,27.0,66,12.5,203,101,142,5.0
2024-10-09,30,36.2,65,27.5,205,102,143,5.4
2024-10-09,31,20.5,50,22.6,222,111,155,5.1
2024-10-09,32,20.6,56,4.4,157,78,109,7.1
2024-10-09,33,30.5,50,16.9,238,119,166,8.4
2024-10-09,34,29.3,65,25.2,198,99,138,5.5
2024-10-09,35,26.4,86,27.1,243,121,170,5.1
2024-10-09,36,36.1,60,22.9,112,56,78,8.6
2024-10-09,37,28.6,54,16.3,198,99,138,7.7
2024-10-09,38,30.6,80,8.9,201,100,140,8.8
2024-10-09,39,35.4,67,19.1,157,78,109,6.7
2024-10-09,40,25.3,74,15.2,200,100,140,7.3
2024-10-09,41,34.6,79,1.4,113,56,79,6.4
2024-10-09,42,26.3,43,4.5,205,102,143,8.3
2024-10-09,43,27.7,44,11.8,151,75,105,6.3
2024-10-09,44,29.6,45,1.6,227,113,158,8.5
2024-10-09,45,23.6,78,9.1,150,75,105,8.1
2024-10-09,46,27.9,61,21.9,165,82,115,5.5
2024-10-09,47,24.0,75,22.3,230,115,161,5.2
2024-10-09,48,27.6,89,26.9,190,95,133,7.2
2024-10-09,49,32.8,66,8.1,215,107,150,9.0
2024-10-09,50,26.1,86,24.2,128,64,89,5.9
2024-10-09,51,24.0,61,11.8,238,119,166,6.4
2024-10-09,52,22.7,55,2.4,120,60,84,5.5
2024-10-09,53,33.6,71,5.0,98,49,68,6.1
2024-10-09,54,24.8,71,1.3,106,53,74,5.6
2024-10-09,55,30.8,86,21.4,238,119,166,6.3
2024-10-09,56,30.1,88,15.4,140,70,98,6.4
2024-10-09,57,26.6,80,13.5,193,96,135,6.0
2024-10-09,58,23.2,78,13.9,90,45,62,7.6
2024-10-09,59,22.2,78,25.5,146,73,102,7.1
2024-10-09,60,24.9,80,5.9,230,115,161,6.5
2024-10-09,61,23.8,59,29.4,92,46,64,6.8
2024-10-09,62,22.1,88,21.8,198,99,138,6.7
2024-10-09,63,37.0,40,9.4,104,52,72,7.8
2024-10-09,64,29.1,71,22.0,235,117,164,6.7
2024-10-09,65,20.3,82,25.2,167,83,116,7.4
2024-10-09,66,32.7,53,25.3,221,110,154,5.5
2024-10-09,67,30.1,68,24.5,210,105,147,8.2
2024-10-09,68,29.6,79,1.6,116,58,81,7.8
2024-10-09,69,28.7,79,5.4,153,76,107,8.1
2024-10-09,70,32.9,58,11.9,212,106,148,7.9
2024-10-09,71,35.8,64,4.7,240,120,168,6.3
2024-10-09,72,25.7,61,20.2,161,80,112,6.3
2024-10-09,73,24.5,42,25.5,172,86,120,8.7
2024-10-09,74,31.3,55,4.9,202,101,141,8.6
2024-10-09,75,20.4,50,5.7,229,114,160,6.4
2024-10-09,76,31.2,72,12.9,245,122,171,8.8
2024-10-09,77,27.3,72,8.6,201,100,140,7.8
2024-10-09,78,26.0,61,10.0,136,68,95,7.3
2024-10-09,79,26.9,72,19.3,224,112,156,6.6
2024-10-09,80,31.4,53,23.4,217,108,151,7.6
2024-10-09,81,33.5,59,8.3,171,85,119,7.3
2024-10-09,82,36.9,80,29.4,151,75,105,7.1
2024-10-09,83,29.3,56,3.1,147,73,102,8.9
2024-10-09,84,22.0,80,22.1,160,80,112,5.8
2024-10-09,85,24.8,49,15.5,124,62,86,6.7
2024-10-09,86,24.8,63,19.7,111,55,77,8.8
2024-10-09,87,22.6,78,5.2,109,54,76,6.2
2024-10-09,88,25.4,59,18.0,173,86,121,6.9
2024-10-09,89,21.7,41,8.0,123,61,86,6.2
2024-10-09,90,32.7,45,7.5,99,49,69,5.7
2024-10-09,91,28.1,71,18.3,189,94,132,7.0
2024-10-09,92,24.5,41,26.0,154,77,107,7.6
2024-10-09,93,22.1,64,4.6,168,84,117,5.9
2024-10-09,94,23.8,87,0.2,111,55,77,6.6
2024-10-09,95,31.3,69,20.4,117,58,81,5.7
2024-10-09,96,31.3,84,17.5,138,69,96,5.8
2024-10-09,97,29.8,58,28.7,162,81,113,6.1
2024-10-09,98,35.1,81,22.2,95,47,66,8.6
2024-10-09,99,37.6,56,14.9,116,58,81,7.8
2024-10-09,100,27.8,74,26.7,174,87,121,5.8
2024-10-10,1,36.5,67,25.8,221,110,154,7.4
2024-10-10,2,27.8,48,13.2,236,118,165,7.0
2024-10-10,3,30.6,56,16.4,130,65,91,7.3
2024-10-10,4,24.4,59,6.1,128,64,89,6.0
2024-10-10,5,23.6,62,1.5,136,68,95,8.2
2024-10-10,6,20.5,72,6.4,158,79,110,8.8
2024-10-10,7,21.4,73,1.9,150,75,105,7.2
2024-10-10,8,27.6,72,20.2,171,85,119,7.9
2024-10-10,9,26.7,49,26.5,216,108,151,7.0
2024-10-10,10,34.8,52,23.6,220,110,154,7.6
2024-10-10,11,31.1,40,7.6,180,90,125,6.0
2024-10-10,12,29.4,85,11.1,162,81,113,5.6
2024-10-10,13,23.7,82,16.1,202,101,141,8.5
2024-10-10,14,35.6,72,26.9,226,113,158,7.9
2024-10-10,15,20.6,60,12.3,147,73,102,6.6
2024-10-10,16,24.5,77,12.8,203,101,142,7.3
2024-10-10,17,31.7,76,23.5,107,53,74,5.4
2024-10-10,18,34.8,61,23.6,93,46,65,6.6
2024-10-10,19,30.6,46,1.7,143,71,100,6.5
2024-10-10,20,20.5,67,3.2,144,72,100,7.0
2024-10-10,21,32.8,77,19.7,218,109,152,8.1
2024-10-10,22,36.6,60,4.8,222,111,155,5.8
2024-10-10,23,34.2,67,19.9,198,99,138,9.0
2024-10-10,24,34.9,58,3.3,158,79,110,6.9
2024-10-10,25,20.1,51,7.5,145,72,101,7.7
2024-10-10,26,30.0,64,10.7,152,76,106,8.0
2024-10-10,27,21.4,63,23.7,144,72,100,7.9
2024-10-10,28,23.9,71,23.6,199,99,139,5.8
2024-10-10,29,26.4,81,8.1,169,84,118,5.5
2024-10-10,30,35.8,60,27.1,95,47,66,5.6
2024-10-10,31,30.0,74,10.5,207,103,144,5.0
2024-10-10,32,34.3,62,25.1,247,123,172,6.6
2024-10-10,33,27.9,61,8.9,176,88,123,9.1
2024-10-10,34,23.2,85,11.5,201,100,140,5.3
2024-10-10,35,22.1,56,22.2,174,87,121,5.6
2024-10-10,36,32.9,45,23.7,183,91,128,8.4
2024-10-10,37,22.9,72,10.4,215,107,150,7.1
2024-10-10,38,23.0,81,26.4,211,105,147,8.3
2024-10-10,39,26.4,75,3.6,117,58,81,6.5
2024-10-10,40,25.6,78,1.7,216,108,151,7.7
2024-10-10,41,24.2,54,22.5,241,120,168,5.9
2024-10-10,42,31.1,48,12.5,108,54,75,8.8
2024-10-10,43,32.2,79,21.1,246,123,172,6.2
2024-10-10,44,29.0,52,26.1,182,91,127,8.2
2024-10-10,45,29.6,52,20.9,153,76,107,8.2
2024-10-10,46,36.8,78,4.3,115,57,80,5.4
2024-10-10,47,29.2,52,11.8,138,69,96,5.6
2024-10-10,48,32.2,88,28.5,151,75,105,7.4
2024-10-10,49,34.3,64,20.2,220,110,154,8.8
2024-10-10,50,30.1,82,20.7,213,106,149,6.1
2024-10-10,51,35.9,67,20.9,145,72,101,6.3
2024-10-10,52,35.1,61,25.3,197,98,137,6.3
2024-10-10,53,26.0,80,15.9,246,123,172,5.9
2024-10-10,54,23.3,41,12.1,104,52,72,5.9
2024-10-10,55,28.4,85,11.6,235,117,164,6.0
2024-10-10,56,36.2,87,6.2,225,112,157,6.4
2024-10-10,57,35.8,51,5.5,193,96,135,6.8
2024-10-10,58,37.4,67,16.4,138,69,96,7.7
2024-10-10,59,21.3,41,15.4,168,84,117,6.9
2024-10-10,60,24.2,68,16.8,156,78,109,6.7
2024-10-10,61,24.0,53,11.2,148,74,103,7.0
2024-10-10,62,32.7,43,13.9,205,102,143,6.6
2024-10-10,63,20.8,70,21.3,180,90,125,8.6
2024-10-10,64,26.8,41,19.9,138,69,96,6.8
2024-10-10,65,26.7,70,24.1,150,75,105,7.7
2024-10-10,66,21.9,87,2.0,225,112,157,5.5
2024-10-10,67,27.7,76,15.6,151,75,105,7.4
2024-10-10,68,34.5,56,0.4,133,66,93,8.6
2024-10-10,69,33.4,46,19.9,216,108,151,8.3
2024-10-10,70,36.0,68,4.8,233,116,163,7.9
2024-10-10,71,33.7,42,13.0,179,89,125,6.1
2024-10-10,72,36.0,76,16.2,151,75,105,6.4
2024-10-10,73,22.8,81,12.4,100,50,70,8.3
2024-10-10,74,24.9,47,17.7,146,73,102,8.4
2024-10-10,75,24.3,41,12.7,227,113,158,6.5
2024-10-10,76,29.1,54,16.7,91,45,63,8.3
2024-10-10,77,22.4,65,13.5,151,75,105,8.0
2024-10-10,78,34.3,77,16.0,150,75,105,6.6
2024-10-10,79,25.8,84,24.8,238,119,166,7.4
2024-10-10,80,32.5,52,19.6,224,112,156,7.8
2024-10-10,81,24.8,78,23.3,221,110,154,7.6
2024-10-10,82,28.3,45,23.6,190,95,133,7.7
2024-10-10,83,33.5,72,13.0,90,45,62,8.7
2024-10-10,84,28.4,61,1.0,238,119,166,4.9
2024-10-10,85,36.0,54,16.7,209,104,146,6.1
2024-10-10,86,35.4,87,9.7,145,72,101,7.9
2024-10-10,87,23.6,79,22.1,193,96,135,5.6
2024-10-10,88,32.0,57,25.3,164,82,114,6.3
2024-10-10,89,34.6,77,2.8,109,54,76,5.6
2024-10-10,90,36.3,70,24.0,150,75,105,6.1
2024-10-10,91,35.4,84,14.0,184,92,128,7.6
2024-10-10,92,20.7,52,3.9,238,119,166,7.7
2024-10-10,93,34.1,50,0.4,137,68,95,6.7
2024-10-10,94,25.6,61,0.4,241,120,168,6.8
2024-10-10,95,31.2,71,9.3,188,94,131,5.8
2024-10-10,96,36.9,44,25.9,227,113,158,6.5
2024-10-10,97,27.0,43,29.7,216,108,151,6.4
2024-10-10,98,33.2,41,21.2,242,121,169,8.6
2024-10-10,99,24.1,58,26.1,228,114,159,7.0
2024-10-10,100,36.7,67,15.8,148,74,103,6.0
2024-10-11,1,28.4,60,29.4,221,110,154,7.7
2024-10-11,2,35.5,81,21.5,242,121,169,7.4
2024-10-11,3,29.1,71,13.6,235,117,164,7.4
2024-10-11,4,26.5,57,3.3,164,82,114,5.5
2024-10-11,5,23.0,44,1.6,148,74,103,8.1
2024-10-11,6,32.5,80,2.1,239,119,167,8.3
2024-10-11,7,22.8,46,18.0,232,116,162,7.3
2024-10-11,8,23.7,61,13.7,182,91,127,7.6
2024-10-11,9,37.1,89,0.6,201,100,140,6.9
2024-10-11,10,20.4,82,13.6,129,64,90,7.5
2024-10-11,11,34.5,69,27.3,245,122,171,5.9
2024-10-11,12,28.8,69,26.4,155,77,108,5.9
2024-10-11,13,30.3,77,19.3,115,57,80,8.8
2024-10-11,14,33.3,83,10.6,239,119,167,7.8
2024-10-11,15,32.6,68,12.7,247,123,172,6.0
2024-10-11,16,36.5,59,26.4,233,116,163,7.3
2024-10-11,17,32.4,82,6.3,134,67,93,5.2
2024-10-11,18,37.6,87,11.3,177,88,123,6.8
2024-10-11,19,35.9,48,29.9,126,63,88,6.4
2024-10-11,20,36.2,86,18.1,146,73,102,6.9
2024-10-11,21,28.4,70,23.3,199,99,139,8.0
2024-10-11,22,26.0,78,13.1,101,50,70,5.1
2024-10-11,23,34.7,81,28.1,236,118,165,9.0
2024-10-11,24,29.9,73,2.1,197,98,137,6.7
2024-10-11,25,23.0,59,1.7,227,113,158,7.2
2024-10-11,26,21.3,54,4.4,220,110,154,8.3
2024-10-11,27,37.7,79,3.4,145,72,101,7.9
2024-10-11,28,22.8,50,9.8,225,112,157,5.4
2024-10-11,29,24.0,49,7.7,138,69,96,5.5
2024-10-11,30,26.4,52,1.9,190,95,133,5.7
2024-10-11,31,23.1,43,4.4,216,108,151,5.3
2024-10-11,32,37.8,62,3.0,120,60,84,6.5
2024-10-11,33,25.4,67,18.5,99,49,69,8.3
2024-10-11,34,29.1,85,9.4,201,100,140,5.5
2024-10-11,35,23.1,62,2.5,146,73,102,5.7
2024-10-11,36,32.9,73,13.8,230,115,161,8.5
2024-10-11,37,26.2,57,20.0,234,117,163,7.2
2024-10-11,38,35.5,54,1.3,102,51,71,8.3
2024-10-11,39,37.8,48,28.2,171,85,119,6.9
2024-10-11,40,28.5,48,14.8,127,63,88,7.1
2024-10-11,41,35.1,46,3.5,137,68,95,5.6
2024-10-11,42,27.3,78,13.6,178,89,124,8.2
2024-10-11,43,29.2,79,5.9,170,85,118,6.3
2024-10-11,44,34.7,45,17.0,179,89,125,8.9
2024-10-11,45,35.7,43,29.1,161,80,112,8.1
2024-10-11,46,26.7,71,8.4,209,104,146,4.9
2024-10-11,47,23.3,69,25.6,220,110,154,5.9
2024-10-11,48,23.3,73,27.1,185,92,129,7.3
2024-10-11,49,36.7,47,16.8,151,75,105,9.1
2024-10-11,50,22.6,53,7.6,227,113,158,5.5
2024-10-11,51,26.6,51,16.7,120,60,84,6.4
2024-10-11,52,30.3,44,5.3,178,89,124,6.0
2024-10-11,53,20.5,70,6.5,173,86,121,6.7
2024-10-11,54,24.5,61,22.6,134,67,93,5.6
2024-10-11,55,35.7,89,1.6,170,85,118,6.4
2024-10-11,56,22.7,72,16.6,106,53,74,6.0
2024-10-11,57,25.3,47,27.6,198,99,138,6.5
2024-10-11,58,37.0,47,6.2,200,100,140,8.0
2024-10-11,59,36.4,78,0.2,245,122,171,7.2
2024-10-11,60,33.7,55,18.5,234,117,163,6.1
2024-10-11,61,32.7,52,23.1,183,91,128,6.7
2024-10-11,62,28.6,82,0.9,238,119,166,6.7
2024-10-11,63,20.8,56,15.3,205,102,143,8.1
2024-10-11,64,32.1,49,23.2,142,71,99,6.6
2024-10-11,65,20.9,69,16.5,141,70,98,8.0
2024-10-11,66,36.7,86,4.8,164,82,114,6.1
2024-10-11,67,28.1,48,10.1,229,114,160,7.8
2024-10-11,68,33.0,53,27.4,225,112,157,8.4
2024-10-11,69,25.1,51,11.4,131,65,91,8.2
2024-10-11,70,27.1,50,17.1,184,92,128,8.1
2024-10-11,71,33.9,71,16.7,174,87,121,6.4
2024-10-11,72,35.0,45,11.0,191,95,133,6.8
2024-10-11,73,20.3,47,23.3,204,102,142,8.1
2024-10-11,74,26.2,88,10.0,152,76,106,8.0
2024-10-11,75,20.7,78,8.0,106,53,74,6.7
2024-10-11,76,31.8,77,8.9,127,63,88,8.7
2024-10-11,77,37.0,43,10.5,132,66,92,7.8
2024-10-11,78,26.1,52,0.3,121,60,84,7.1
2024-10-11,79,29.8,75,18.7,172,86,120,6.8
2024-10-11,80,25.6,74,4.3,117,58,81,8.3
2024-10-11,81,24.7,57,29.8,186,93,130,7.4
2024-10-11,82,36.8,47,28.2,203,101,142,7.5
2024-10-11,83,36.7,83,4.9,200,100,140,8.9
2024-10-11,84,22.9,51,8.2,208,104,145,5.0
2024-10-11,85,37.4,64,27.4,156,78,109,6.3
2024-10-11,86,24.4,81,27.1,237,118,165,8.2
2024-10-11,87,33.6,49,5.3,241,120,168,5.6
2024-10-11,88,34.7,66,1.7,104,52,72,6.4
2024-10-11,89,28.3,80,19.9,115,57,80,6.0
2024-10-11,90,32.9,62,26.5,173,86,121,5.8
2024-10-11,91,33.6,43,9.4,201,100,140,7.2
2024-10-11,92,24.9,64,21.9,220,110,154,8.1
2024-10-11,93,26.2,64,25.9,205,102,143,6.4
2024-10-11,94,22.2,72,3.5,232,116,162,6.6
2024-10-11,95,37.1,85,17.9,135,67,94,5.5
2024-10-11,96,31.4,63,3.5,222,111,155,6.2
2024-10-11,97,26.4,82,10.3,136,68,95,6.7
2024-10-11,98,20.3,66,27.9,193,96,135,8.9
2024-10-11,99,31.8,42,12.3,227,113,158,7.2
2024-10-11,100,25.9,88,2.5,150,75,105,6.0
2024-10-12,1,34.0,84,2.3,126,63,88,7.7
2024-10-12,2,22.1,84,17.6,162,81,113,7.0
2024-10-12,3,36.1,41,22.2,140,70,98,7.4
2024-10-12,4,31.9,67,6.7,179,89,125,6.1
2024-10-12,5,34.2,47,8.9,214,107,149,8.6
2024-10-12,6,34.7,69,7.8,120,60,84,8.5
2024-10-12,7,20.9,51,15.7,111,55,77,7.9
2024-10-12,8,24.1,86,17.2,238,119,166,7.3
2024-10-12,9,33.4,61,14.3,97,48,67,7.4
2024-10-12,10,22.8,56,9.8,179,89,125,8.2
2024-10-12,11,22.8,77,14.0,167,83,116,5.6
2024-10-12,12,36.4,74,6.6,161,80,112,5.4
2024-10-12,13,34.6,66,23.4,248,124,173,9.0
2024-10-12,14,25.5,74,0.5,147,73,102,8.5
2024-10-12,15,32.3,64,18.1,136,68,95,6.8
2024-10-12,16,28.6,59,7.5,148,74,103,7.9
2024-10-12,17,31.8,57,10.0,103,51,72,5.8
2024-10-12,18,35.2,46,12.5,208,104,145,7.0
2024-10-12,19,29.2,82,1.3,170,85,118,6.5
2024-10-12,20,31.7,59,16.5,249,124,174,7.1
2024-10-12,21,36.9,83,24.4,150,75,105,8.9
2024-10-12,22,27.9,46,7.7,154,77,107,5.7
2024-10-12,23,28.0,75,12.4,147,73,102,8.7
2024-10-12,24,29.7,76,2.1,157,78,109,6.9
2024-10-12,25,30.0,55,24.8,221,110,154,7.4
2024-10-12,26,27.5,67,15.5,120,60,84,8.8
2024-10-12,27,21.7,47,15.1,248,124,173,7.8
2024-10-12,28,37.2,84,25.1,160,80,112,5.2
2024-10-12,29,36.8,78,19.1,146,73,102,5.5
2024-10-12,30,25.1,69,22.6,235,117,164,5.2
2024-10-12,31,20.8,68,11.9,187,93,130,4.7
2024-10-12,32,34.8,84,19.7,183,91,128,7.4
2024-10-12,33,29.7,85,3.2,182,91,127,8.3
2024-10-12,34,36.5,71,13.0,104,52,72,6.0
2024-10-12,35,28.7,71,8.2,95,47,66,5.4
2024-10-12,36,25.9,42,24.9,132,66,92,8.6
2024-10-12,37,37.6,43,9.7,170,85,118,7.0
2024-10-12,38,33.1,44,25.7,124,62,86,9.0
2024-10-12,39,37.0,59,11.5,100,50,70,6.6
2024-10-12,40,28.2,81,0.8,149,74,104,7.3
2024-10-12,41,23.4,53,20.6,202,101,141,5.9
2024-10-12,42,25.5,48,5.4,172,86,120,8.3
2024-10-12,43,36.0,44,9.2,119,59,83,6.3
2024-10-12,44,34.0,73,5.1,201,100,140,8.3
2024-10-12,45,28.0,49,26.9,147,73,102,7.7
2024-10-12,46,26.1,80,1.6,188,94,131,5.7
2024-10-12,47,30.8,73,2.3,100,50,70,5.2
2024-10-12,48,34.9,61,29.2,215,107,150,7.4
2024-10-12,49,35.6,51,1.1,143,71,100,8.3
2024-10-12,50,23.8,55,17.2,107,53,74,5.5
2024-10-12,51,35.4,65,28.4,197,98,137,6.5
2024-10-12,52,25.6,86,1.2,165,82,115,6.1
2024-10-12,53,26.6,43,29.2,219,109,153,6.0
2024-10-12,54,21.1,66,21.3,161,80,112,6.0
2024-10-12,55,36.3,86,15.4,152,76,106,6.9
2024-10-12,56,20.9,51,12.3,132,66,92,5.7
2024-10-12,57,34.5,56,6.8,97,48,67,6.7
2024-10-12,58,36.7,55,5.8,207,103,144,8.3
2024-10-12,59,26.1,51,8.6,240,120,168,7.2
2024-10-12,60,23.8,49,19.9,213,106,149,6.8
2024-10-12,61,33.7,68,10.0,108,54,75,7.2
2024-10-12,62,23.9,60,24.2,116,58,81,6.9
2024-10-12,63,36.4,68,4.5,159,79,111,8.0
2024-10-12,64,26.2,41,12.3,105,52,73,6.4
2024-10-12,65,23.1,75,17.5,108,54,75,7.9
2024-10-12,66,32.5,52,7.4,207,103,144,5.9
2024-10-12,67,24.7,61,10.1,200,100,140,7.4
2024-10-12,68,25.4,78,3.3,127,63,88,8.5
2024-10-12,69,24.3,86,23.7,237,118,165,8.8
2024-10-12,70,32.1,43,3.2,94,47,65,7.4
2024-10-12,71,22.8,50,10.8,157,78,109,6.3
2024-10-12,72,24.9,73,0.9,226,113,158,6.6
2024-10-12,73,22.8,46,3.5,248,124,173,8.7
2024-10-12,74,31.9,60,26.0,172,86,120,8.8
2024-10-12,75,37.7,71,18.6,205,102,143,6.2
2024-10-12,76,28.0,41,9.9,106,53,74,9.0
2024-10-12,77,29.0,55,6.0,248,124,173,7.9
2024-10-12,78,32.4,40,3.9,174,87,121,6.5
2024-10-12,79,34.0,65,15.7,229,114,160,7.1
2024-10-12,80,20.7,72,14.8,154,77,107,8.4
2024-10-12,81,31.7,81,23.7,195,97,136,7.5
2024-10-12,82,35.6,83,1.8,129,64,90,6.9
2024-10-12,83,21.7,50,25.4,101,50,70,8.5
2024-10-12,84,22.7,66,17.8,138,69,96,5.4
2024-10-12,85,32.3,69,11.3,117,58,81,6.8
2024-10-12,86,33.8,49,20.8,129,64,90,8.1
2024-10-12,87,25.8,80,19.6,136,68,95,5.7
2024-10-12,88,21.1,55,6.4,196,98,137,6.8
2024-10-12,89,22.0,55,10.2,178,89,124,6.0
2024-10-12,90,36.7,79,3.8,179,89,125,6.1
2024-10-12,91,20.2,71,24.2,109,54,76,6.8
2024-10-12,92,28.7,41,12.8,213,106,149,7.8
2024-10-12,93,33.0,66,19.0,146,73,102,6.0
2024-10-12,94,37.4,68,24.2,190,95,133,6.7
2024-10-12,95,30.4,78,15.0,227,113,158,5.3
2024-10-12,96,29.8,76,18.0,231,115,161,6.3
2024-10-12,97,34.4,51,4.5,125,62,87,6.3
2024-10-12,98,37.8,61,15.8,169,84,118,9.1
2024-10-12,99,37.9,64,9.2,237,118,165,6.8
2024-10-12,100,37.0,42,7.6,198,99,138,5.3
2024-10-13,1,24.9,44,19.9,193,96,135,7.5
2024-10-13,2,22.3,78,0.5,229,114,160,7.2
2024-10-13,3,25.8,84,25.1,150,75,105,7.1
2024-10-13,4,26.2,71,24.4,234,117,163,6.0
2024-10-13,5,35.0,86,15.0,94,47,65,8.3
2024-10-13,6,21.9,62,21.9,212,106,148,8.2
2024-10-13,7,25.4,82,0.0,120,60,84,7.5
2024-10-13,8,25.8,67,7.6,121,60,84,7.3
2024-10-13,9,35.3,59,17.0,118,59,82,7.3
2024-10-13,10,21.5,64,11.5,158,79,110,7.3
2024-10-13,11,27.0,64,11.7,218,109,152,6.3
2024-10-13,12,25.7,62,2.4,143,71,100,5.6
2024-10-13,13,28.0,68,2.6,105,52,73,9.0
2024-10-13,14,37.9,85,13.9,216,108,151,7.5
2024-10-13,15,25.9,86,9.5,246,123,172,6.4
2024-10-13,16,35.5,47,9.5,220,110,154,7.6
2024-10-13,17,33.3,44,17.4,198,99,138,5.4
2024-10-13,18,24.6,78,26.2,108,54,75,6.8
2024-10-13,19,33.1,84,23.4,230,115,161,6.6
2024-10-13,20,20.5,61,9.2,200,100,140,7.1
2024-10-13,21,31.1,61,7.0,131,65,91,8.3
2024-10-13,22,29.4,65,8.9,166,83,116,5.4
2024-10-13,23,29.7,59,19.6,128,64,89,8.6
2024-10-13,24,37.6,54,16.3,100,50,70,7.0
2024-10-13,25,31.5,66,28.0,187,93,130,7.4
2024-10-13,26,29.0,45,7.6,202,101,141,8.1
2024-10-13,27,31.0,40,29.3,161,80,112,8.1
2024-10-13,28,30.5,86,10.9,100,50,70,5.8
2024-10-13,29,36.3,43,5.7,243,121,170,5.6
2024-10-13,30,33.9,51,10.8,206,103,144,5.9
2024-10-13,31,29.5,63,27.7,102,51,71,5.4
2024-10-13,32,33.8,43,11.9,138,69,96,7.0
2024-10-13,33,32.2,50,11.1,112,56,78,9.1
2024-10-13,34,25.7,82,29.1,115,57,80,5.5
2024-10-13,35,34.7,68,10.2,103,51,72,4.9
2024-10-13,36,22.9,69,15.0,247,123,172,8.9
2024-10-13,37,36.9,84,3.5,191,95,133,7.3
2024-10-13,38,27.0,86,18.5,153,76,107,8.7
2024-10-13,39,34.6,81,21.9,170,85,118,7.3
2024-10-13,40,37.2,80,5.4,224,112,156,7.1
2024-10-13,41,29.5,89,12.0,141,70,98,6.3
2024-10-13,42,25.4,83,11.8,93,46,65,9.1
2024-10-13,43,33.2,82,20.9,93,46,65,6.4
2024-10-13,44,29.9,69,10.9,124,62,86,8.9
2024-10-13,45,22.1,63,24.1,212,106,148,8.4
2024-10-13,46,32.2,71,27.2,235,117,164,5.6
2024-10-13,47,23.1,68,4.3,136,68,95,5.7
2024-10-13,48,35.7,70,17.9,106,53,74,7.8
2024-10-13,49,29.4,85,22.7,128,64,89,9.0
2024-10-13,50,29.0,69,2.4,155,77,108,5.7
2024-10-13,51,31.3,69,10.8,179,89,125,6.5
2024-10-13,52,25.0,46,20.4,216,108,151,5.8
2024-10-13,53,35.8,62,9.8,223,111,156,6.8
2024-10-13,54,33.0,47,24.1,108,54,75,5.1
2024-10-13,55,29.3,70,29.9,119,59,83,6.7
2024-10-13,56,32.1,72,4.5,101,50,70,6.4
2024-10-13,57,37.1,66,10.3,238,119,166,6.2
2024-10-13,58,20.2,68,8.4,206,103,144,7.9
2024-10-13,59,27.9,78,11.4,107,53,74,6.9
2024-10-13,60,30.8,82,13.8,197,98,137,7.0
2024-10-13,61,20.9,50,24.8,202,101,141,6.8
2024-10-13,62,29.1,63,16.6,216,108,151,7.3
2024-10-13,63,31.4,64,13.4,174,87,121,8.4
2024-10-13,64,27.5,55,26.0,245,122,171,6.8
2024-10-13,65,27.5,88,17.1,239,119,167,8.0
2024-10-13,66,21.1,62,23.6,142,71,99,5.6
2024-10-13,67,29.4,49,16.3,211,105,147,7.3
2024-10-13,68,21.4,68,0.4,220,110,154,7.9
2024-10-13,69,23.3,67,7.3,124,62,86,8.3
2024-10-13,70,20.9,86,25.6,182,91,127,8.0
2024-10-13,71,28.7,47,8.1,211,105,147,6.0
2024-10-13,72,22.6,43,0.2,134,67,93,6.9
2024-10-13,73,30.0,55,17.0,98,49,68,8.2
2024-10-13,74,30.0,52,3.4,160,80,112,7.9
2024-10-13,75,21.8,77,24.7,111,55,77,6.5
2024-10-13,76,29.7,76,13.5,99,49,69,8.2
2024-10-13,77,37.0,85,13.6,202,101,141,7.3
2024-10-13,78,21.4,51,29.5,243,121,170,6.4
2024-10-13,79,33.6,53,7.4,210,105,147,6.8
2024-10-13,80,21.1,45,20.5,114,57,79,8.2
2024-10-13,81,22.6,52,2.7,117,58,81,7.7
2024-10-13,82,21.4,67,19.3,244,122,170,7.0
2024-10-13,83,33.8,48,12.5,157,78,109,9.1
2024-10-13,84,23.2,73,1.2,243,121,170,5.8
2024-10-13,85,30.8,55,28.9,183,91,128,6.4
2024-10-13,86,28.8,44,2.9,207,103,144,8.1
2024-10-13,87,31.1,57,20.3,134,67,93,5.4
2024-10-13,88,28.6,51,2.2,203,101,142,6.3
2024-10-13,89,31.3,50,25.3,142,71,99,6.1
2024-10-13,90,32.4,53,24.9,140,70,98,5.9
2024-10-13,91,33.3,61,5.4,108,54,75,7.7
2024-10-13,92,26.0,67,12.6,122,61,85,7.7
2024-10-13,93,35.0,88,28.7,188,94,131,6.6
2024-10-13,94,22.5,74,13.8,127,63,88,6.3
2024-10-13,95,27.2,62,17.1,239,119,167,5.9
2024-10-13,96,22.4,87,23.1,135,67,94,6.0
2024-10-13,97,20.2,61,26.4,174,87,121,5.8
2024-10-13,98,37.8,40,10.6,204,102,142,9.4
2024-10-13,99,32.0,82,21.0,185,92,129,7.7
2024-10-13,100,26.4,82,10.5,238,119,166,5.1
2024-10-14,1,28.5,62,9.5,177,88,123,8.1
2024-10-14,2,33.4,79,7.6,224,112,156,6.6
2024-10-14,3,34.0,59,21.0,180,90,125,7.9
2024-10-14,4,32.5,84,12.4,110,55,77,5.8
2024-10-14,5,33.2,87,3.9,176,88,123,7.8
2024-10-14,6,25.7,67,18.0,114,57,79,8.8
2024-10-14,7,25.7,80,14.9,127,63,88,7.9
2024-10-14,8,21.6,50,17.5,92,46,64,7.8
2024-10-14,9,23.1,74,1.8,108,54,75,7.9
2024-10-14,10,31.3,88,10.8,177,88,123,7.7
2024-10-14,11,29.4,40,5.9,215,107,150,6.0
2024-10-14,12,30.4,64,9.5,236,118,165,5.5
2024-10-14,13,34.6,64,22.5,162,81,113,8.5
2024-10-14,14,30.3,58,4.9,169,84,118,7.7
2024-10-14,15,23.6,57,9.2,214,107,149,6.5
2024-10-14,16,30.7,60,12.8,185,92,129,7.4
2024-10-14,17,35.0,82,2.6,99,49,69,5.3
2024-10-14,18,29.3,57,8.5,214,107,149,7.4
2024-10-14,19,34.6,54,11.6,98,49,68,6.8
2024-10-14,20,25.6,65,28.0,105,52,73,6.5
2024-10-14,21,26.0,44,13.8,109,54,76,8.7
2024-10-14,22,34.5,86,20.4,102,51,71,5.6
2024-10-14,23,20.3,84,21.6,184,92,128,9.3
2024-10-14,24,22.4,42,1.5,199,99,139,7.2
2024-10-14,25,21.0,69,7.7,188,94,131,7.1
2024-10-14,26,36.3,81,25.8,209,104,146,8.0
2024-10-14,27,27.5,76,7.2,162,81,113,8.0
2024-10-14,28,33.7,41,20.4,149,74,104,5.3
2024-10-14,29,23.8,79,24.1,174,87,121,5.4
2024-10-14,30,36.8,53,11.2,178,89,124,6.0
2024-10-14,31,22.7,59,11.8,219,109,153,4.9
2024-10-14,32,37.4,78,19.0,208,104,145,6.4
2024-10-14,33,29.1,74,12.8,207,103,144,8.6
2024-10-14,34,25.6,44,7.0,148,74,103,5.6
2024-10-14,35,20.1,86,27.6,217,108,151,5.5
2024-10-14,36,36.4,43,23.9,124,62,86,8.7
2024-10-14,37,35.2,88,19.7,189,94,132,6.9
2024-10-14,38,26.8,58,23.6,233,116,163,9.2
2024-10-14,39,28.8,79,24.4,169,84,118,6.5
2024-10-14,40,34.6,81,16.4,96,48,67,7.6
2024-10-14,41,35.4,73,8.2,95,47,66,6.2
2024-10-14,42,32.4,62,25.6,215,107,150,8.8
2024-10-14,43,26.0,56,20.1,164,82,114,6.4
2024-10-14,44,29.2,73,1.9,164,82,114,8.9
2024-10-14,45,35.5,53,13.4,110,55,77,7.8
2024-10-14,46,32.3,78,22.6,161,80,112,5.7
2024-10-14,47,35.7,87,9.4,148,74,103,6.0
2024-10-14,48,34.5,84,21.2,145,72,101,7.7
2024-10-14,49,31.6,74,26.2,193,96,135,8.6
2024-10-14,50,35.5,40,14.3,176,88,123,5.5
2024-10-14,51,23.0,50,20.3,152,76,106,6.6
2024-10-14,52,33.0,80,9.2,222,111,155,6.0
2024-10-14,53,37.7,42,21.3,188,94,131,6.6
2024-10-14,54,35.1,87,20.9,248,124,173,5.2
2024-10-14,55,22.6,63,4.2,171,85,119,6.6
2024-10-14,56,27.3,53,9.8,168,84,117,6.1
2024-10-14,57,37.3,54,25.9,97,48,67,6.0
2024-10-14,58,32.5,86,25.9,187,93,130,7.7
2024-10-14,59,34.0,71,17.5,205,102,143,7.3
2024-10-14,60,29.8,40,1.7,168,84,117,6.5
2024-10-14,61,26.4,68,15.6,248,124,173,6.9
2024-10-14,62,22.2,64,4.2,225,112,157,7.3
2024-10-14,63,27.1,41,2.2,178,89,124,8.1
2024-10-14,64,30.7,68,14.0,111,55,77,6.6
2024-10-14,65,23.5,55,25.6,217,108,151,7.3
2024-10-14,66,27.5,56,8.3,219,109,153,5.7
2024-10-14,67,36.8,78,9.6,223,111,156,7.4
2024-10-14,68,25.6,64,13.1,237,118,165,8.0
2024-10-14,69,20.0,80,17.1,155,77,108,8.8
2024-10-14,70,20.0,75,15.4,111,55,77,7.5
2024-10-14,71,34.8,68,3.6,199,99,139,5.9
2024-10-14,72,35.8,46,27.9,186,93,130,6.3
2024-10-14,73,32.7,43,15.4,171,85,119,8.3
2024-10-14,74,21.3,71,21.3,195,97,136,8.3
2024-10-14,75,22.0,75,27.5,151,75,105,6.7
2024-10-14,76,24.2,62,22.5,145,72,101,8.6
2024-10-14,77,31.2,57,13.6,202,101,141,7.4
2024-10-14,78,28.0,78,24.5,168,84,117,6.6
2024-10-14,79,33.9,69,23.3,147,73,102,6.5
2024-10-14,80,20.7,46,14.5,195,97,136,7.9
2024-10-14,81,30.1,45,7.5,157,78,109,7.6
2024-10-14,82,37.9,89,2.9,238,119,166,7.4
2024-10-14,83,29.6,48,0.2,165,82,115,9.0
2024-10-14,84,37.2,45,10.1,244,122,170,4.9
2024-10-14,85,20.0,40,28.5,202,101,141,6.3
2024-10-14,86,24.2,86,5.5,152,76,106,8.4
2024-10-14,87,21.1,74,10.9,111,55,77,5.2
2024-10-14,88,37.6,68,22.1,131,65,91,6.3
2024-10-14,89,21.9,70,10.2,235,117,164,6.3
2024-10-14,90,25.4,56,9.4,199,99,139,5.8
2024-10-14,91,36.5,42,19.0,236,118,165,7.4
2024-10-14,92,25.9,73,27.3,214,107,149,7.5
2024-10-14,93,20.8,60,16.3,154,77,107,5.9
2024-10-14,94,37.2,66,22.1,105,52,73,6.8
2024-10-14,95,23.0,79,6.4,154,77,107,5.3
2024-10-14,96,35.1,82,0.4,112,56,78,6.5
2024-10-14,97,37.7,46,15.1,135,67,94,5.9
2024-10-14,98,37.1,53,16.3,160,80,112,8.6
2024-10-14,99,30.7,41,5.0,214,107,149,7.5
2024-10-14,100,28.0,51,23.9,121,60,84,5.7
2024-10-15,1,27.4,40,4.7,147,73,102,8.0
2024-10-15,2,21.6,57,6.6,186,93,130,7.4
2024-10-15,3,20.7,65,6.3,168,84,117,7.6
2024-10-15,4,37.2,65,22.0,125,62,87,6.1
2024-10-15,5,23.2,66,28.4,150,75,105,8.1
2024-10-15,6,29.1,72,15.2,127,63,88,8.0
2024-10-15,7,26.9,53,14.3,124,62,86,7.4
2024-10-15,8,31.3,62,19.0,186,93,130,7.3
2024-10-15,9,36.9,62,22.4,147,73,102,7.4
2024-10-15,10,31.3,57,27.7,194,97,135,7.8
2024-10-15,11,26.0,53,20.1,95,47,66,5.6
2024-10-15,12,26.4,46,24.7,247,123,172,5.5
2024-10-15,13,34.7,56,12.8,204,102,142,9.0
2024-10-15,14,24.3,81,16.9,145,72,101,8.0
2024-10-15,15,30.6,71,10.9,244,122,170,6.8
2024-10-15,16,32.8,85,14.1,219,109,153,7.9
2024-10-15,17,26.8,89,26.5,104,52,72,5.9
2024-10-15,18,23.6,61,2.2,163,81,114,6.8
2024-10-15,19,33.1,87,7.2,130,65,91,6.2
2024-10-15,20,21.5,79,6.2,186,93,130,6.8
2024-10-15,21,21.6,76,25.5,185,92,129,8.0
2024-10-15,22,28.7,63,9.2,170,85,118,5.9
2024-10-15,23,22.0,89,29.0,174,87,121,9.1
2024-10-15,24,29.8,68,16.6,198,99,138,6.3
2024-10-15,25,35.8,81,5.0,190,95,133,7.5
2024-10-15,26,30.8,56,11.2,246,123,172,8.5
2024-10-15,27,26.1,57,15.1,209,104,146,8.1
2024-10-15,28,30.8,82,1.6,168,84,117,5.2
2024-10-15,29,29.0,67,6.8,108,54,75,4.9
2024-10-15,30,21.6,65,12.7,243,121,170,5.3
2024-10-15,31,24.7,88,13.3,220,110,154,5.3
2024-10-15,32,26.3,81,16.6,165,82,115,6.6
2024-10-15,33,34.6,42,13.0,144,72,100,8.8
2024-10-15,34,35.0,47,23.8,206,103,144,6.0
2024-10-15,35,30.8,85,22.2,233,116,163,5.0
2024-10-15,36,20.7,40,1.5,99,49,69,8.7
2024-10-15,37,21.1,55,13.5,246,123,172,7.3
2024-10-15,38,28.4,45,19.0,169,84,118,8.9
2024-10-15,39,31.9,53,16.4,179,89,125,7.0
2024-10-15,40,30.7,72,22.5,134,67,93,7.2
2024-10-15,41,26.8,42,29.0,243,121,170,6.3
2024-10-15,42,37.2,53,24.2,138,69,96,8.6
2024-10-15,43,36.2,83,16.1,167,83,116,5.7
2024-10-15,44,24.5,73,20.0,238,119,166,8.6
2024-10-15,45,23.7,75,1.6,176,88,123,7.8
2024-10-15,46,24.4,62,11.6,137,68,95,5.7
2024-10-15,47,29.9,59,25.7,135,67,94,6.0
2024-10-15,48,30.8,51,21.0,189,94,132,8.2
2024-10-15,49,27.5,58,10.2,223,111,156,8.7
2024-10-15,50,29.0,75,3.6,101,50,70,6.0
2024-10-15,51,35.2,69,9.8,160,80,112,6.1
2024-10-15,52,30.0,58,10.2,244,122,170,6.2
2024-10-15,53,35.3,76,23.3,158,79,110,5.9
2024-10-15,54,23.3,42,5.0,112,56,78,5.0
2024-10-15,55,34.2,48,19.1,182,91,127,6.0
2024-10-15,56,25.2,65,1.2,238,119,166,6.1
2024-10-15,57,35.1,77,25.7,214,107,149,6.1
2024-10-15,58,27.8,53,8.0,99,49,69,7.6
2024-10-15,59,36.7,83,2.8,123,61,86,6.9
2024-10-15,60,21.0,56,3.6,204,102,142,6.6
2024-10-15,61,28.7,78,18.0,230,115,161,6.5
2024-10-15,62,32.7,60,18.5,221,110,154,7.2
2024-10-15,63,30.5,58,27.7,170,85,118,8.6
2024-10-15,64,33.0,45,5.8,140,70,98,7.2
2024-10-15,65,28.8,51,14.7,97,48,67,7.8
2024-10-15,66,25.0,75,5.9,201,100,140,5.2
2024-10-15,67,23.3,68,11.6,103,51,72,7.7
2024-10-15,68,35.4,89,8.3,238,119,166,8.2
2024-10-15,69,22.5,69,28.0,176,88,123,7.9
2024-10-15,70,29.0,40,21.7,127,63,88,8.1
2024-10-15,71,20.7,83,9.5,163,81,114,5.9
2024-10-15,72,36.6,45,16.6,127,63,88,6.5
2024-10-15,73,28.7,49,20.2,238,119,166,8.4
2024-10-15,74,29.3,60,8.4,128,64,89,8.6
2024-10-15,75,28.7,57,2.2,146,73,102,6.6
2024-10-15,76,28.2,51,7.2,116,58,81,9.1
2024-10-15,77,24.6,81,1.9,115,57,80,7.3
2024-10-15,78,28.4,62,1.1,215,107,150,7.2
2024-10-15,79,26.9,70,1.4,122,61,85,6.9
2024-10-15,80,35.2,57,3.0,173,86,121,7.7
2024-10-15,81,28.1,89,10.4,235,117,164,7.8
2024-10-15,82,26.0,63,18.5,119,59,83,7.2
2024-10-15,83,26.6,49,12.1,228,114,159,8.6
2024-10-15,84,35.6,65,26.0,102,51,71,5.6
2024-10-15,85,32.6,43,25.4,183,91,128,6.0
2024-10-15,86,28.7,62,8.0,154,77,107,8.8
2024-10-15,87,21.7,73,1.7,225,112,157,5.7
2024-10-15,88,23.1,87,18.3,247,123,172,6.4
2024-10-15,89,21.1,58,10.3,179,89,125,6.2
2024-10-15,90,29.3,51,27.2,197,98,137,5.5
2024-10-15,91,37.3,52,25.8,91,45,63,7.5
2024-10-15,92,20.2,46,28.0,177,88,123,7.4
2024-10-15,93,26.2,62,17.5,162,81,113,6.7
2024-10-15,94,27.3,76,16.1,163,81,114,6.5
2024-10-15,95,32.9,80,3.9,232,116,162,5.0
2024-10-15,96,23.6,46,22.8,249,124,174,6.0
2024-10-15,97,25.4,54,5.5,174,87,121,6.1
2024-10-15,98,26.7,43,6.8,115,57,80,8.9
2024-10-15,99,37.0,62,9.8,240,120,168,7.4
2024-10-15,100,37.1,69,23.1,157,78,109,5.7
2024-10-16,1,35.1,70,0.6,242,121,169,7.3
2024-10-16,2,20.2,65,24.5,186,93,130,7.3
2024-10-16,3,21.6,51,12.1,117,58,81,7.5
2024-10-16,4,34.9,44,29.3,166,83,116,5.7
2024-10-16,5,28.0,84,20.3,167,83,116,8.7
2024-10-16,6,21.8,77,8.3,122,61,85,8.8
2024-10-16,7,23.9,80,23.0,140,70,98,8.0
2024-10-16,8,23.7,54,22.2,94,47,65,7.9
2024-10-16,9,27.2,49,9.1,93,46,65,7.1
2024-10-16,10,36.5,55,21.5,114,57,79,8.1
2024-10-16,11,27.3,73,24.1,98,49,68,6.0
2024-10-16,12,35.7,57,22.2,152,76,106,5.7
2024-10-16,13,31.8,73,22.7,93,46,65,8.4
2024-10-16,14,28.8,84,7.3,117,58,81,8.4
2024-10-16,15,24.1,51,6.9,187,93,130,6.7
2024-10-16,16,28.5,78,19.9,106,53,74,7.5
2024-10-16,17,27.2,66,26.0,179,89,125,5.6
2024-10-16,18,30.8,77,23.9,221,110,154,7.2
2024-10-16,19,32.6,48,17.6,219,109,153,6.2
2024-10-16,20,36.8,79,19.8,248,124,173,7.4
2024-10-16,21,33.5,87,12.6,187,93,130,8.0
2024-10-16,22,35.4,88,21.5,169,84,118,5.2
2024-10-16,23,29.7,52,25.9,247,123,172,8.5
2024-10-16,24,37.4,61,20.7,203,101,142,7.1
2024-10-16,25,35.5,88,3.3,145,72,101,7.7
2024-10-16,26,33.1,83,6.1,176,88,123,8.8
2024-10-16,27,22.9,59,1.6,245,122,171,7.7
2024-10-16,28,25.6,60,8.7,126,63,88,5.5
2024-10-16,29,35.4,69,18.5,151,75,105,5.3
2024-10-16,30,29.2,59,23.4,198,99,138,5.9
2024-10-16,31,23.6,83,2.3,123,61,86,5.4
2024-10-16,32,34.8,49,13.7,130,65,91,6.9
2024-10-16,33,23.2,44,13.5,99,49,69,8.6
2024-10-16,34,32.8,60,2.9,181,90,126,5.8
2024-10-16,35,37.3,53,5.5,138,69,96,5.5
2024-10-16,36,20.4,44,0.6,151,75,105,8.6
2024-10-16,37,28.4,79,12.9,152,76,106,6.9
2024-10-16,38,25.2,89,0.3,167,83,116,8.9
2024-10-16,39,31.0,68,23.8,125,62,87,6.6
2024-10-16,40,28.6,49,15.3,146,73,102,6.8
2024-10-16,41,36.1,66,18.5,216,108,151,5.8
2024-10-16,42,21.0,85,15.3,237,118,165,8.3
2024-10-16,43,29.9,64,28.8,209,104,146,6.2
2024-10-16,44,28.5,86,8.5,182,91,127,8.7
2024-10-16,45,34.8,72,30.0,220,110,154,8.2
2024-10-16,46,34.8,74,2.5,156,78,109,5.8
2024-10-16,47,33.1,84,15.3,144,72,100,5.3
2024-10-16,48,21.3,83,2.6,201,100,140,7.8
2024-10-16,49,37.0,52,10.4,170,85,118,9.0
2024-10-16,50,31.3,58,28.5,224,112,156,5.7
2024-10-16,51,30.3,81,28.8,109,54,76,6.2
2024-10-16,52,34.2,66,7.7,152,76,106,6.0
2024-10-16,53,32.4,58,22.0,206,103,144,6.3
2024-10-16,54,37.2,46,16.0,125,62,87,5.2
2024-10-16,55,21.7,43,29.3,247,123,172,6.5
2024-10-16,56,29.0,63,1.8,140,70,98,5.9
2024-10-16,57,21.9,44,15.5,146,73,102,6.8
2024-10-16,58,32.0,57,11.1,177,88,123,7.7
2024-10-16,59,34.7,62,11.5,168,84,117,6.9
2024-10-16,60,20.5,48,23.5,241,120,168,6.2
2024-10-16,61,26.0,74,17.3,198,99,138,6.7
2024-10-16,62,34.6,40,5.6,198,99,138,7.0
2024-10-16,63,29.1,86,4.3,185,92,129,8.5
2024-10-16,64,31.7,61,13.4,249,124,174,6.5
2024-10-16,65,30.3,57,19.6,171,85,119,7.5
2024-10-16,66,35.6,70,21.5,160,80,112,5.6
2024-10-16,67,27.0,77,7.9,226,113,158,7.3
2024-10-16,68,35.6,85,3.7,124,62,86,8.7
2024-10-16,69,29.9,53,10.4,93,46,65,8.3
2024-10-16,70,35.1,64,26.7,239,119,167,8.2
2024-10-16,71,24.8,87,22.1,144,72,100,5.5
2024-10-16,72,20.9,63,4.2,224,112,156,6.3
2024-10-16,73,25.7,51,28.5,197,98,137,8.3
2024-10-16,74,23.5,77,22.9,192,96,134,8.5
2024-10-16,75,27.4,49,15.7,197,98,137,6.7
2024-10-16,76,37.7,43,12.2,130,65,91,8.3
2024-10-16,77,32.9,78,20.3,134,67,93,7.2
2024-10-16,78,33.3,73,25.2,167,83,116,6.9
2024-10-16,79,34.7,76,13.8,92,46,64,7.0
2024-10-16,80,22.4,49,3.6,165,82,115,8.3
2024-10-16,81,28.7,56,18.6,209,104,146,8.1
2024-10-16,82,35.8,49,8.7,106,53,74,6.9
2024-10-16,83,24.9,58,12.3,226,113,158,8.6
2024-10-16,84,23.9,58,4.2,93,46,65,5.6
2024-10-16,85,35.7,74,24.0,190,95,133,6.6
2024-10-16,86,21.2,74,8.0,197,98,137,8.4
2024-10-16,87,27.8,52,25.7,167,83,116,6.2
2024-10-16,88,20.2,45,20.6,188,94,131,6.4
2024-10-16,89,31.4,41,0.3,155,77,108,6.0
2024-10-16,90,25.9,82,26.0,111,55,77,5.9
2024-10-16,91,25.5,42,8.8,229,114,160,6.9
2024-10-16,92,33.1,59,25.6,102,51,71,7.6
2024-10-16,93,24.1,84,18.3,209,104,146,6.0
2024-10-16,94,28.2,79,12.9,217,108,151,6.0
2024-10-16,95,24.9,42,7.8,100,50,70,5.2
2024-10-16,96,33.0,49,19.0,156,78,109,5.9
2024-10-16,97,20.9,50,13.5,155,77,108,6.0
2024-10-16,98,36.7,71,19.6,242,121,169,9.2
2024-10-16,99,30.0,78,27.8,228,114,159,7.2
2024-10-16,100,22.9,62,3.2,159,79,111,5.9
2024-10-17,1,25.4,61,18.9,168,84,117,7.9
2024-10-17,2,31.6,68,15.0,138,69,96,7.0
2024-10-17,3,31.6,61,24.2,222,111,155,7.5
2024-10-17,4,20.6,77,2.6,126,63,88,5.9
2024-10-17,5,27.8,70,8.9,168,84,117,7.8
2024-10-17,6,22.4,87,30.0,176,88,123,7.8
2024-10-17,7,22.9,77,4.4,245,122,171,7.5
2024-10-17,8,29.4,52,14.0,148,74,103,7.8
2024-10-17,9,36.4,67,26.0,134,67,93,7.3
2024-10-17,10,33.4,66,9.5,244,122,170,8.1
2024-10-17,11,24.0,46,4.1,142,71,99,5.7
2024-10-17,12,22.4,44,28.3,142,71,99,5.5
2024-10-17,13,35.0,65,15.2,236,118,165,8.9
2024-10-17,14,33.2,68,25.7,128,64,89,8.2
2024-10-17,15,38.0,42,23.7,118,59,82,6.6
2024-10-17,16,36.8,72,29.9,244,122,170,7.5
2024-10-17,17,24.0,78,29.2,135,67,94,5.7
2024-10-17,18,20.4,75,24.7,171,85,119,7.2
2024-10-17,19,35.8,74,16.2,245,122,171,6.5
2024-10-17,20,37.7,64,22.6,173,86,121,6.7
2024-10-17,21,20.7,41,24.8,158,79,110,8.4
2024-10-17,22,35.4,73,14.1,248,124,173,5.3
2024-10-17,23,31.5,51,11.9,174,87,121,9.1
2024-10-17,24,21.2,45,27.4,220,110,154,6.9
2024-10-17,25,28.6,85,24.5,179,89,125,7.9
2024-10-17,26,32.9,83,1.7,94,47,65,8.7
2024-10-17,27,22.3,55,1.2,92,46,64,7.7
2024-10-17,28,35.7,70,29.2,144,72,100,5.2
2024-10-17,29,28.9,41,20.1,179,89,125,5.5
2024-10-17,30,24.4,77,25.2,228,114,159,5.5
2024-10-17,31,26.3,72,16.5,153,76,107,5.6
2024-10-17,32,26.0,47,27.3,174,87,121,6.6
2024-10-17,33,33.7,59,15.4,135,67,94,9.2
2024-10-17,34,27.9,68,16.4,104,52,72,5.3
2024-10-17,35,32.3,49,17.5,169,84,118,5.5
2024-10-17,36,35.7,84,5.5,175,87,122,7.9
2024-10-17,37,37.1,80,25.2,169,84,118,7.5
2024-10-17,38,29.5,87,17.2,103,51,72,9.1
2024-10-17,39,38.0,48,8.5,180,90,125,6.5
2024-10-17,40,24.9,65,13.2,138,69,96,7.5
2024-10-17,41,31.3,67,21.5,222,111,155,6.4
2024-10-17,42,36.1,81,10.6,116,58,81,8.3
2024-10-17,43,32.5,41,20.3,206,103,144,6.4
2024-10-17,44,31.2,62,18.9,242,121,169,8.9
2024-10-17,45,21.9,42,18.1,147,73,102,8.3
2024-10-17,46,31.1,41,2.1,171,85,119,4.9
2024-10-17,47,35.0,51,20.2,237,118,165,5.3
2024-10-17,48,35.3,87,9.0,218,109,152,7.5
2024-10-17,49,20.6,84,17.4,92,46,64,8.4
2024-10-17,50,32.8,50,6.5,134,67,93,5.6
2024-10-17,51,36.5,40,0.4,124,62,86,6.4
2024-10-17,52,37.6,75,27.4,105,52,73,5.8
2024-10-17,53,33.6,54,4.7,100,50,70,6.5
2024-10-17,54,35.0,65,9.3,132,66,92,5.6
2024-10-17,55,36.7,52,29.5,192,96,134,6.4
2024-10-17,56,36.3,89,16.9,148,74,103,6.4
2024-10-17,57,28.2,51,8.0,115,57,80,6.9
2024-10-17,58,23.5,87,19.7,216,108,151,7.8
2024-10-17,59,23.0,43,16.4,206,103,144,6.7
2024-10-17,60,37.0,67,15.6,145,72,101,7.1
2024-10-17,61,21.3,69,2.8,169,84,118,7.1
2024-10-17,62,27.6,40,3.2,140,70,98,7.4
2024-10-17,63,22.3,82,22.0,190,95,133,8.3
2024-10-17,64,21.8,75,2.6,235,117,164,7.2
2024-10-17,65,29.7,60,6.5,133,66,93,7.2
2024-10-17,66,31.3,78,3.1,179,89,125,5.4
2024-10-17,67,28.2,55,15.3,162,81,113,7.9
2024-10-17,68,27.6,88,4.9,231,115,161,8.0
2024-10-17,69,37.6,74,6.8,91,45,63,8.5
2024-10-17,70,21.9,58,25.7,171,85,119,8.0
2024-10-17,71,26.9,51,14.7,103,51,72,6.0
2024-10-17,72,27.9,74,17.2,195,97,136,6.8
2024-10-17,73,28.1,82,5.2,134,67,93,8.9
2024-10-17,74,24.3,88,7.6,189,94,132,8.2
2024-10-17,75,35.8,68,19.0,242,121,169,7.0
2024-10-17,76,24.6,81,0.8,182,91,127,8.3
2024-10-17,77,25.4,89,4.4,164,82,114,7.2
2024-10-17,78,31.7,89,17.9,153,76,107,6.5
2024-10-17,79,20.8,81,27.3,109,54,76,7.1
2024-10-17,80,34.8,64,24.2,208,104,145,8.1
2024-10-17,81,31.9,67,7.1,97,48,67,7.9
2024-10-17,82,29.1,83,18.9,158,79,110,7.1
2024-10-17,83,37.6,48,1.9,122,61,85,8.6
2024-10-17,84,25.4,69,6.4,118,59,82,5.3
2024-10-17,85,34.7,69,2.8,219,109,153,6.6
2024-10-17,86,37.7,85,15.4,230,115,161,8.5
2024-10-17,87,36.3,74,24.6,226,113,158,5.4
2024-10-17,88,20.3,80,19.7,120,60,84,7.2
2024-10-17,89,30.5,41,7.3,166,83,116,6.0
2024-10-17,90,35.2,81,21.3,145,72,101,5.5
2024-10-17,91,23.1,64,22.6,119,59,83,7.6
2024-10-17,92,21.3,45,17.5,156,78,109,7.4
2024-10-17,93,37.9,65,19.0,241,120,168,6.5
2024-10-17,94,27.8,82,11.7,138,69,96,6.6
2024-10-17,95,36.0,88,21.4,100,50,70,5.3
2024-10-17,96,31.3,65,4.6,189,94,132,5.9
2024-10-17,97,21.7,85,19.3,203,101,142,6.5
2024-10-17,98,26.2,69,15.2,146,73,102,8.9
2024-10-17,99,37.3,59,21.5,108,54,75,7.1
2024-10-17,100,27.3,54,0.6,244,122,170,5.1
2024-10-18,1,20.4,65,13.1,172,86,120,7.9
2024-10-18,2,29.3,81,22.5,122,61,85,7.0
2024-10-18,3,28.0,58,8.1,105,52,73,7.0
2024-10-18,4,34.6,65,5.3,161,80,112,5.4
2024-10-18,5,24.3,67,2.1,115,57,80,8.4
2024-10-18,6,30.8,54,26.0,196,98,137,7.8
2024-10-18,7,28.1,82,21.0,206,103,144,7.4
2024-10-18,8,31.3,55,21.1,243,121,170,7.1
2024-10-18,9,27.9,88,17.0,202,101,141,7.7
2024-10-18,10,35.6,89,13.5,235,117,164,8.1
2024-10-18,11,30.6,47,18.6,106,53,74,6.0
2024-10-18,12,28.4,68,7.5,239,119,167,5.6
2024-10-18,13,28.3,65,16.0,188,94,131,8.7
2024-10-18,14,31.5,62,13.7,193,96,135,7.8
2024-10-18,15,21.8,52,13.8,227,113,158,6.4
2024-10-18,16,34.0,48,4.9,219,109,153,7.7
2024-10-18,17,35.4,73,21.3,123,61,86,5.9
2024-10-18,18,22.3,42,2.5,209,104,146,7.1
2024-10-18,19,35.4,87,18.9,236,118,165,6.2
2024-10-18,20,22.0,78,9.2,222,111,155,7.2
2024-10-18,21,37.4,69,14.4,218,109,152,8.4
2024-10-18,22,32.1,68,26.8,166,83,116,5.7
2024-10-18,23,29.2,76,7.4,113,56,79,9.3
2024-10-18,24,27.0,75,29.9,147,73,102,6.7
2024-10-18,25,23.8,74,19.1,232,116,162,7.3
2024-10-18,26,27.4,81,27.8,163,81,114,7.9
2024-10-18,27,21.9,71,10.2,91,45,63,7.6
2024-10-18,28,24.8,41,20.4,204,102,142,5.2
2024-10-18,29,27.3,68,4.8,167,83,116,5.4
2024-10-18,30,33.4,87,1.3,156,78,109,5.9
2024-10-18,31,31.4,57,11.1,176,88,123,5.3
2024-10-18,32,22.4,40,12.0,195,97,136,7.2
2024-10-18,33,22.5,83,14.5,106,53,74,8.7
2024-10-18,34,36.3,79,10.2,220,110,154,5.5
2024-10-18,35,34.9,51,6.5,135,67,94,4.9
2024-10-18,36,34.5,69,4.4,174,87,121,8.0
2024-10-18,37,37.1,74,17.0,248,124,173,7.5
2024-10-18,38,30.4,69,12.0,204,102,142,8.7
2024-10-18,39,37.3,70,15.1,210,105,147,7.3
2024-10-18,40,20.3,80,0.4,91,45,63,7.0
2024-10-18,41,32.0,60,10.3,174,87,121,6.0
2024-10-18,42,28.3,77,20.0,114,57,79,8.6
2024-10-18,43,29.1,71,6.3,156,78,109,5.7
2024-10-18,44,31.7,44,26.2,229,114,160,8.5
2024-10-18,45,30.9,74,15.6,94,47,65,8.1
2024-10-18,46,30.5,78,7.6,220,110,154,5.0
2024-10-18,47,31.2,59,15.1,193,96,135,5.7
2024-10-18,48,33.6,47,15.6,105,52,73,8.0
2024-10-18,49,21.6,51,8.9,128,64,89,9.1
2024-10-18,50,37.3,71,22.9,201,100,140,5.8
2024-10-18,51,35.7,48,3.1,217,108,151,6.7
2024-10-18,52,31.1,71,23.7,125,62,87,5.7
2024-10-18,53,21.7,44,7.1,163,81,114,6.1
2024-10-18,54,35.7,88,11.6,93,46,65,5.1
2024-10-18,55,30.7,55,13.5,118,59,82,6.3
2024-10-18,56,33.7,53,17.4,122,61,85,5.6
2024-10-18,57,34.7,56,14.2,231,115,161,6.4
2024-10-18,58,29.5,69,25.4,192,96,134,8.0
2024-10-18,59,26.1,57,14.7,122,61,85,7.3
2024-10-18,60,35.0,57,17.6,249,124,174,6.5
2024-10-18,61,28.9,56,27.5,159,79,111,6.9
2024-10-18,62,34.3,76,15.8,242,121,169,7.1
2024-10-18,63,21.9,49,23.2,100,50,70,8.6
2024-10-18,64,25.5,65,5.1,216,108,151,7.2
2024-10-18,65,23.8,46,9.7,105,52,73,7.3
2024-10-18,66,29.9,51,9.0,110,55,77,5.4
2024-10-18,67,37.4,75,8.3,121,60,84,7.5
2024-10-18,68,24.4,63,8.3,242,121,169,8.0
2024-10-18,69,23.7,67,19.9,92,46,64,8.7
2024-10-18,70,28.8,78,10.2,90,45,62,8.0
2024-10-18,71,37.0,84,22.3,115,57,80,6.3
2024-10-18,72,34.7,46,10.6,211,105,147,7.2
2024-10-18,73,27.7,70,8.5,106,53,74,8.4
2024-10-18,74,29.3,75,2.5,113,56,79,8.1
2024-10-18,75,37.0,66,11.3,121,60,84,6.6
2024-10-18,76,20.6,85,8.1,115,57,80,8.8
2024-10-18,77,28.9,74,29.7,237,118,165,7.8
2024-10-18,78,33.1,61,1.6,142,71,99,6.7
2024-10-18,79,22.0,82,30.0,120,60,84,6.9
2024-10-18,80,35.6,78,15.3,176,88,123,8.2
2024-10-18,81,22.1,54,8.5,190,95,133,7.6
2024-10-18,82,23.6,68,16.2,243,121,170,7.1
2024-10-18,83,25.6,59,3.1,221,110,154,8.8
2024-10-18,84,32.6,77,19.1,179,89,125,5.6
2024-10-18,85,29.6,67,10.8,212,106,148,6.1
2024-10-18,86,33.3,50,23.5,139,69,97,7.8
2024-10-18,87,20.5,49,18.8,228,114,159,5.4
2024-10-18,88,30.4,51,5.2,167,83,116,6.5
2024-10-18,89,29.1,50,1.0,110,55,77,6.3
2024-10-18,90,33.4,54,4.1,175,87,122,5.8
2024-10-18,91,28.9,83,0.5,240,120,168,7.5
2024-10-18,92,26.7,43,1.9,98,49,68,7.8
2024-10-18,93,23.7,74,1.7,235,117,164,6.2
2024-10-18,94,21.0,88,1.6,132,66,92,6.5
2024-10-18,95,22.9,45,15.8,156,78,109,5.3
2024-10-18,96,35.9,51,5.9,91,45,63,6.1
2024-10-18,97,33.0,68,6.3,224,112,156,6.7
2024-10-18,98,22.0,53,0.7,249,124,174,8.9
2024-10-18,99,34.2,63,4.1,171,85,119,7.6
2024-10-18,100,21.7,63,6.0,136,68,95,5.8
2024-10-19,1,20.0,61,4.7,154,77,107,7.6
2024-10-19,2,36.6,51,6.3,245,122,171,6.7
2024-10-19,3,31.0,46,12.1,228,114,159,7.3
2024-10-19,4,31.7,74,23.0,131,65,91,6.1
2024-10-19,5,24.7,57,9.5,113,56,79,8.4
2024-10-19,6,32.3,84,20.8,221,110,154,8.0
2024-10-19,7,26.3,44,3.1,187,93,130,8.0
2024-10-19,8,22.8,78,17.0,115,57,80,7.0
2024-10-19,9,22.7,73,10.8,181,90,126,7.2
2024-10-19,10,34.6,78,3.2,142,71,99,8.1
2024-10-19,11,22.2,43,2.1,197,98,137,5.4
2024-10-19,12,27.0,46,14.8,156,78,109,6.0
2024-10-19,13,29.0,86,11.4,237,118,165,8.2
2024-10-19,14,22.9,50,12.6,96,48,67,8.3
2024-10-19,15,32.0,46,2.8,195,97,136,6.2
2024-10-19,16,33.1,48,22.7,130,65,91,7.9
2024-10-19,17,23.0,81,0.3,167,83,116,5.8
2024-10-19,18,21.6,58,26.8,168,84,117,7.4
2024-10-19,19,26.1,79,3.5,157,78,109,6.6
2024-10-19,20,29.9,67,19.9,227,113,158,6.9
2024-10-19,21,28.5,61,4.7,194,97,135,8.6
2024-10-19,22,28.3,87,15.0,143,71,100,5.8
2024-10-19,23,35.5,79,27.0,212,106,148,9.2
2024-10-19,24,26.3,48,19.9,182,91,127,7.1
2024-10-19,25,29.9,73,28.8,190,95,133,7.5
2024-10-19,26,31.2,72,25.3,216,108,151,8.4
2024-10-19,27,34.9,58,15.3,90,45,62,8.0
2024-10-19,28,32.8,72,13.3,121,60,84,5.1
2024-10-19,29,35.6,47,29.0,187,93,130,5.7
2024-10-19,30,25.5,62,11.7,143,71,100,5.4
2024-10-19,31,35.6,64,8.8,241,120,168,5.3
2024-10-19,32,26.7,61,23.5,97,48,67,7.4
2024-10-19,33,20.4,74,23.3,127,63,88,8.7
2024-10-19,34,30.2,76,11.3,129,64,90,6.0
2024-10-19,35,26.5,54,24.3,106,53,74,5.5
2024-10-19,36,36.0,85,20.1,98,49,68,8.0
2024-10-19,37,26.2,88,21.7,238,119,166,7.6
2024-10-19,38,25.7,44,0.9,204,102,142,8.6
2024-10-19,39,29.2,40,2.3,135,67,94,6.4
2024-10-19,40,28.0,48,28.5,228,114,159,7.0
2024-10-19,41,28.4,64,7.1,100,50,70,6.3
2024-10-19,42,27.0,75,15.3,145,72,101,8.9
2024-10-19,43,23.0,43,27.0,101,50,70,5.7
2024-10-19,44,24.5,52,20.2,191,95,133,8.2
2024-10-19,45,34.8,43,24.8,224,112,156,7.9
2024-10-19,46,24.9,50,20.9,147,73,102,5.0
2024-10-19,47,32.8,78,15.5,217,108,151,5.8
2024-10-19,48,22.7,78,27.6,179,89,125,7.6
2024-10-19,49,29.7,80,27.6,166,83,116,8.3
2024-10-19,50,32.1,75,25.5,234,117,163,5.8
2024-10-19,51,29.7,70,13.7,117,58,81,6.6
2024-10-19,52,34.4,54,4.9,122,61,85,5.8
2024-10-19,53,34.9,51,18.5,112,56,78,6.0
2024-10-19,54,36.8,87,20.3,242,121,169,5.8
2024-10-19,55,20.7,60,17.4,211,105,147,6.7
2024-10-19,56,36.0,44,5.2,132,66,92,5.9
2024-10-19,57,20.5,74,26.8,160,80,112,6.7
2024-10-19,58,31.3,42,29.8,126,63,88,8.1
2024-10-19,59,35.0,61,2.6,141,70,98,7.6
2024-10-19,60,33.5,85,4.2,201,100,140,6.6
2024-10-19,61,30.1,66,9.9,240,120,168,6.9
2024-10-19,62,36.5,88,16.5,203,101,142,7.2
2024-10-19,63,35.7,56,19.8,209,104,146,8.6
2024-10-19,64,25.9,77,12.4,182,91,127,7.1
2024-10-19,65,36.9,65,6.2,165,82,115,7.2
2024-10-19,66,23.4,54,6.0,229,114,160,6.2
2024-10-19,67,33.9,78,22.9,95,47,66,7.8
2024-10-19,68,37.8,82,4.1,151,75,105,8.5
2024-10-19,69,33.1,55,23.0,185,92,129,8.8
2024-10-19,70,28.9,61,22.0,227,113,158,8.2
2024-10-19,71,35.9,51,2.3,159,79,111,5.8
2024-10-19,72,30.1,44,11.4,147,73,102,7.2
2024-10-19,73,22.3,55,21.2,111,55,77,8.7
2024-10-19,74,20.4,59,1.0,128,64,89,8.4
2024-10-19,75,22.6,73,29.1,193,96,135,6.5
2024-10-19,76,27.8,83,25.2,211,105,147,8.5
2024-10-19,77,27.7,62,27.2,224,112,156,7.6
2024-10-19,78,21.1,42,6.9,202,101,141,6.4
2024-10-19,79,24.8,83,26.5,148,74,103,7.3
2024-10-19,80,24.8,59,21.1,134,67,93,8.3
2024-10-19,81,29.7,88,23.0,249,124,174,8.1
2024-10-19,82,34.8,77,23.9,123,61,86,7.7
2024-10-19,83,33.6,56,3.5,129,64,90,8.2
2024-10-19,84,30.7,57,10.8,153,76,107,5.4
2024-10-19,85,20.2,45,3.4,235,117,164,6.7
2024-10-19,86,28.9,82,12.7,202,101,141,7.8
2024-10-19,87,30.9,49,21.2,144,72,100,6.1
2024-10-19,88,23.9,75,13.3,205,102,143,6.4
2024-10-19,89,26.7,64,4.4,182,91,127,6.0
2024-10-19,90,23.6,72,29.5,113,56,79,6.2
2024-10-19,91,20.2,51,19.8,230,115,161,7.1
2024-10-19,92,35.4,81,27.7,177,88,123,8.3
2024-10-19,93,34.1,51,0.9,164,82,114,6.6
2024-10-19,94,29.2,52,22.4,192,96,134,6.8
2024-10-19,95,37.7,50,22.1,164,82,114,5.3
2024-10-19,96,28.5,55,20.3,126,63,88,6.5
2024-10-19,97,38.0,83,22.1,191,95,133,6.6
2024-10-19,98,26.5,76,16.6,150,75,105,8.5
2024-10-19,99,24.0,78,26.0,196,98,137,7.2
2024-10-19,100,36.0,78,21.4,157,78,109,5.1
2024-10-20,1,23.4,88,16.8,150,75,105,7.9
2024-10-20,2,24.8,46,29.4,216,108,151,7.1
2024-10-20,3,32.1,45,4.3,181,90,126,7.0
2024-10-20,4,33.5,40,15.7,173,86,121,6.0
2024-10-20,5,25.3,42,22.8,120,60,84,8.4
2024-10-20,6,26.6,85,22.6,243,121,170,8.6
2024-10-20,7,24.3,61,18.2,91,45,63,7.5
2024-10-20,8,30.4,44,5.7,95,47,66,7.1
2024-10-20,9,32.5,52,19.7,178,89,124,7.0
2024-10-20,10,33.5,78,0.2,103,51,72,7.4
2024-10-20,11,23.0,56,2.3,233,116,163,5.4
2024-10-20,12,34.9,59,11.3,97,48,67,5.7
2024-10-20,13,30.2,64,19.9,155,77,108,8.6
2024-10-20,14,33.3,49,20.1,135,67,94,7.9
2024-10-20,15,26.1,52,1.5,166,83,116,6.0
2024-10-20,16,34.2,53,9.0,204,102,142,7.5
2024-10-20,17,35.4,69,11.7,101,50,70,5.2
2024-10-20,18,24.5,68,27.1,129,64,90,7.4
2024-10-20,19,29.6,62,11.0,210,105,147,6.7
2024-10-20,20,28.5,49,3.9,189,94,132,7.0
2024-10-20,21,36.9,82,5.9,244,122,170,8.2
2024-10-20,22,33.8,84,1.7,154,77,107,5.1
2024-10-20,23,21.8,61,19.9,242,121,169,9.2
2024-10-20,24,26.7,65,6.0,191,95,133,6.4
2024-10-20,25,27.3,74,16.2,149,74,104,7.3
2024-10-20,26,37.5,51,2.1,101,50,70,8.2
2024-10-20,27,30.0,78,13.1,125,62,87,7.8
2024-10-20,28,22.5,72,27.9,147,73,102,5.7
2024-10-20,29,21.2,48,27.2,144,72,100,5.6
2024-10-20,30,24.6,49,13.5,104,52,72,5.7
2024-10-20,31,34.3,70,20.9,145,72,101,5.4
2024-10-20,32,24.8,54,7.9,181,90,126,6.5
2024-10-20,33,36.1,86,26.8,160,80,112,8.8
2024-10-20,34,23.6,57,9.6,177,88,123,5.7
2024-10-20,35,27.7,59,12.5,243,121,170,4.9
2024-10-20,36,22.7,69,4.0,228,114,159,8.3
2024-10-20,37,30.1,40,24.3,237,118,165,7.0
2024-10-20,38,34.3,60,22.7,216,108,151,8.9
2024-10-20,39,36.8,59,4.6,119,59,83,7.2
2024-10-20,40,25.0,63,24.2,113,56,79,7.3
2024-10-20,41,35.0,52,18.2,241,120,168,6.0
2024-10-20,42,35.7,41,15.8,154,77,107,8.4
2024-10-20,43,24.2,74,9.3,170,85,118,6.5
2024-10-20,44,20.3,78,8.9,118,59,82,8.2
2024-10-20,45,29.8,49,23.7,231,115,161,7.7
2024-10-20,46,27.5,81,24.1,121,60,84,5.5
2024-10-20,47,28.7,65,19.9,145,72,101,5.4
2024-10-20,48,31.0,81,8.8,247,123,172,7.6
2024-10-20,49,20.4,46,11.4,226,113,158,9.0
2024-10-20,50,27.3,85,24.5,162,81,113,5.4
2024-10-20,51,24.8,58,19.8,134,67,93,6.6
2024-10-20,52,21.8,80,13.2,235,117,164,5.6
2024-10-20,53,34.8,82,0.4,223,111,156,6.5
2024-10-20,54,21.6,86,6.9,105,52,73,5.7
2024-10-20,55,33.9,76,26.7,214,107,149,6.2
2024-10-20,56,30.7,65,23.6,161,80,112,6.4
2024-10-20,57,21.6,72,25.7,109,54,76,6.0
2024-10-20,58,20.1,82,28.0,241,120,168,8.2
2024-10-20,59,22.8,76,16.9,178,89,124,7.6
2024-10-20,60,23.2,63,28.2,122,61,85,6.3
2024-10-20,61,33.8,48,17.1,214,107,149,7.0
2024-10-20,62,33.3,81,20.4,200,100,140,6.8
2024-10-20,63,37.9,44,8.6,239,119,167,8.1
2024-10-20,64,29.3,62,2.6,240,120,168,6.9
2024-10-20,65,37.3,66,25.1,208,104,145,7.9
2024-10-20,66,36.5,48,8.6,138,69,96,6.0
2024-10-20,67,30.8,45,1.9,151,75,105,7.4
2024-10-20,68,36.3,53,15.6,168,84,117,8.2
2024-10-20,69,24.8,75,3.4,117,58,81,8.1
2024-10-20,70,34.5,55,4.9,140,70,98,8.0
2024-10-20,71,25.2,81,0.5,216,108,151,5.5
2024-10-20,72,37.8,81,4.1,90,45,62,7.1
2024-10-20,73,28.7,40,18.0,150,75,105,7.9
2024-10-20,74,27.2,62,28.2,213,106,149,8.3
2024-10-20,75,35.5,72,16.5,150,75,105,6.5
2024-10-20,76,26.0,59,12.0,90,45,62,8.6
2024-10-20,77,32.4,54,8.6,112,56,78,7.9
2024-10-20,78,25.6,82,4.4,187,93,130,6.7
2024-10-20,79,21.0,50,18.8,188,94,131,6.9
2024-10-20,80,29.6,70,24.5,99,49,69,7.7
2024-10-20,81,34.8,52,9.5,119,59,83,7.7
2024-10-20,82,21.0,50,23.9,219,109,153,7.9
2024-10-20,83,22.4,43,16.1,211,105,147,8.3
2024-10-20,84,35.5,48,24.3,123,61,86,5.4
2024-10-20,85,37.6,69,22.4,219,109,153,5.9
2024-10-20,86,21.1,71,6.4,90,45,62,8.0
2024-10-20,87,27.3,87,25.6,104,52,72,6.1
2024-10-20,88,29.2,47,28.1,158,79,110,7.1
2024-10-20,89,22.8,86,3.2,228,114,159,5.9
2024-10-20,90,22.9,59,17.6,171,85,119,5.5
2024-10-20,91,23.0,49,22.4,247,123,172,7.4
2024-10-20,92,36.4,70,12.5,157,78,109,8.1
2024-10-20,93,29.1,45,2.2,179,89,125,6.1
2024-10-20,94,27.8,78,27.3,159,79,111,6.3
2024-10-20,95,25.9,50,22.1,242,121,169,5.6
2024-10-20,96,36.4,46,2.2,111,55,77,6.1
2024-10-20,97,35.7,70,2.3,112,56,78,5.9
2024-10-20,98,32.9,64,5.4,233,116,163,8.5
2024-10-20,99,22.7,52,15.1,120,60,84,6.9
2024-10-20,100,31.2,73,25.7,130,65,91,5.9
2024-10-21,1,28.6,77,5.7,211,105,147,8.2
2024-10-21,2,24.8,80,0.3,163,81,114,6.7
2024-10-21,3,25.8,74,25.6,164,82,114,7.2
2024-10-21,4,36.9,51,10.7,164,82,114,6.0
2024-10-21,5,28.3,42,14.3,109,54,76,8.5
2024-10-21,6,26.9,73,14.5,120,60,84,8.4
2024-10-21,7,34.5,81,24.0,247,123,172,7.7
2024-10-21,8,28.7,58,25.8,225,112,157,7.3
2024-10-21,9,31.6,42,23.0,175,87,122,7.3
2024-10-21,10,24.2,56,24.0,98,49,68,8.2
2024-10-21,11,28.7,60,2.1,228,114,159,5.5
2024-10-21,12,36.7,86,11.4,225,112,157,5.3
2024-10-21,13,32.1,83,18.5,136,68,95,9.0
2024-10-21,14,34.6,87,1.5,173,86,121,7.6
2024-10-21,15,35.8,50,1.2,162,81,113,6.6
2024-10-21,16,26.9,48,20.9,243,121,170,7.3
2024-10-21,17,25.8,52,15.3,147,73,102,5.8
2024-10-21,18,22.3,58,13.4,166,83,116,7.2
2024-10-21,19,25.7,41,14.9,147,73,102,6.2
2024-10-21,20,30.7,53,20.2,173,86,121,6.5
2024-10-21,21,21.3,72,22.9,247,123,172,8.1
2024-10-21,22,22.6,86,0.6,132,66,92,5.0
2024-10-21,23,28.0,42,14.0,173,86,121,8.9
2024-10-21,24,26.5,55,12.4,152,76,106,6.6
2024-10-21,25,26.8,88,15.9,122,61,85,7.4
2024-10-21,26,37.4,51,19.3,181,90,126,8.7
2024-10-21,27,22.3,53,27.1,134,67,93,7.7
2024-10-21,28,31.9,46,3.4,135,67,94,5.3
2024-10-21,29,30.4,85,12.4,164,82,114,5.4
2024-10-21,30,23.0,64,10.6,177,88,123,6.0
2024-10-21,31,20.7,41,15.3,122,61,85,5.4
2024-10-21,32,36.8,85,9.8,146,73,102,6.5
2024-10-21,33,25.5,64,24.1,205,102,143,9.1
2024-10-21,34,34.4,40,7.2,191,95,133,5.4
2024-10-21,35,22.9,75,17.4,194,97,135,5.1
2024-10-21,36,28.2,49,10.4,200,100,140,8.4
2024-10-21,37,24.3,66,11.8,222,111,155,7.1
2024-10-21,38,33.8,68,10.4,200,100,140,9.2
2024-10-21,39,20.0,51,20.3,220,110,154,6.9
2024-10-21,40,20.3,80,8.4,219,109,153,7.2
2024-10-21,41,32.8,60,1.1,102,51,71,6.1
2024-10-21,42,21.4,56,16.5,235,117,164,8.3
2024-10-21,43,37.3,48,21.0,144,72,100,6.5
2024-10-21,44,28.9,82,22.0,241,120,168,8.3
2024-10-21,45,22.7,80,8.5,237,118,165,7.8
2024-10-21,46,31.5,84,13.4,229,114,160,5.6
2024-10-21,47,36.5,69,13.5,152,76,106,5.9
2024-10-21,48,31.9,51,17.7,100,50,70,7.9
2024-10-21,49,31.6,89,28.0,178,89,124,8.3
2024-10-21,50,32.4,71,0.6,90,45,62,5.9
2024-10-21,51,22.4,47,24.9,194,97,135,6.0
2024-10-21,52,36.7,62,8.2,183,91,128,6.3
2024-10-21,53,22.2,72,13.7,90,45,62,5.9
2024-10-21,54,27.3,64,28.3,179,89,125,5.0
2024-10-21,55,25.1,55,23.4,241,120,168,6.3
2024-10-21,56,28.1,54,1.0,219,109,153,6.4
2024-10-21,57,22.8,74,15.7,161,80,112,6.2
2024-10-21,58,27.8,43,29.2,206,103,144,8.4
2024-10-21,59,29.1,40,1.7,152,76,106,6.7
2024-10-21,60,31.5,88,17.1,192,96,134,6.9
2024-10-21,61,26.0,71,12.2,102,51,71,7.1
2024-10-21,62,28.7,58,0.6,177,88,123,7.3
2024-10-21,63,29.4,61,9.3,130,65,91,7.9
2024-10-21,64,37.9,48,27.7,117,58,81,6.5
2024-10-21,65,28.1,70,10.7,152,76,106,8.0
2024-10-21,66,25.8,68,1.3,127,63,88,5.5
2024-10-21,67,25.0,45,0.3,142,71,99,8.0
2024-10-21,68,38.0,49,5.7,168,84,117,8.4
2024-10-21,69,21.2,80,7.3,128,64,89,8.0
2024-10-21,70,33.0,76,27.5,132,66,92,8.1
2024-10-21,71,23.4,76,27.2,157,78,109,5.5
2024-10-21,72,25.9,78,20.8,181,90,126,6.4
2024-10-21,73,22.0,84,3.7,133,66,93,8.4
2024-10-21,74,34.1,65,14.5,105,52,73,7.9
2024-10-21,75,21.3,89,28.4,160,80,112,6.6
2024-10-21,76,36.4,47,20.1,192,96,134,9.1
2024-10-21,77,33.8,61,22.2,146,73,102,8.0
2024-10-21,78,23.6,70,20.1,102,51,71,7.1
2024-10-21,79,33.9,74,4.0,153,76,107,6.7
2024-10-21,80,30.3,73,28.0,104,52,72,7.6
2024-10-21,81,33.6,45,15.2,186,93,130,7.7
2024-10-21,82,25.5,58,3.1,207,103,144,7.3
2024-10-21,83,34.8,54,24.7,196,98,137,8.5
2024-10-21,84,25.7,45,9.4,190,95,133,5.6
2024-10-21,85,33.3,77,12.3,181,90,126,6.6
2024-10-21,86,29.0,48,18.3,142,71,99,8.0
2024-10-21,87,35.5,45,22.7,177,88,123,5.6
2024-10-21,88,36.3,82,26.6,108,54,75,7.2
2024-10-21,89,34.5,58,3.0,245,122,171,6.5
2024-10-21,90,31.7,57,6.3,246,123,172,6.0
2024-10-21,91,24.2,83,4.0,212,106,148,7.4
2024-10-21,92,33.9,49,14.3,156,78,109,7.8
2024-10-21,93,30.7,64,15.1,115,57,80,6.5
2024-10-21,94,36.5,66,14.6,90,45,62,6.1
2024-10-21,95,23.2,78,26.6,130,65,91,5.9
2024-10-21,96,24.0,54,28.0,203,101,142,5.6
2024-10-21,97,33.2,86,4.1,227,113,158,6.2
2024-10-21,98,21.5,88,28.0,119,59,83,9.0
2024-10-21,99,28.8,70,12.2,120,60,84,7.5
2024-10-21,100,27.6,78,13.7,112,56,78,5.0
2024-10-22,1,24.8,79,25.6,189,94,132,7.5
2024-10-22,2,21.9,44,21.4,160,80,112,7.3
2024-10-22,3,36.4,54,7.3,228,114,159,7.3
2024-10-22,4,29.7,65,26.9,113,56,79,6.1
2024-10-22,5,35.5,81,3.3,135,67,94,8.0
2024-10-22,6,26.2,82,0.3,182,91,127,8.0
2024-10-22,7,33.8,49,16.3,120,60,84,8.1
2024-10-22,8,26.6,42,20.9,103,51,72,7.4
2024-10-22,9,31.9,54,29.0,153,76,107,7.9
2024-10-22,10,20.4,75,16.0,244,122,170,8.2
2024-10-22,11,34.9,69,20.1,115,57,80,5.4
2024-10-22,12,23.0,43,25.6,90,45,62,5.4
2024-10-22,13,35.0,85,27.1,163,81,114,8.1
2024-10-22,14,27.1,56,1.5,200,100,140,7.7
2024-10-22,15,37.7,60,13.3,228,114,159,6.8
2024-10-22,16,25.9,40,20.1,145,72,101,7.6
2024-10-22,17,33.4,76,5.7,203,101,142,6.0
2024-10-22,18,28.1,86,26.9,125,62,87,7.0
2024-10-22,19,22.2,46,0.9,170,85,118,6.7
2024-10-22,20,25.4,52,22.8,122,61,85,7.1
2024-10-22,21,30.3,65,3.1,190,95,133,8.5
2024-10-22,22,23.7,69,25.7,137,68,95,5.6
2024-10-22,23,25.1,86,16.6,101,50,70,8.8
2024-10-22,24,33.0,45,3.2,114,57,79,6.9
2024-10-22,25,31.6,81,29.3,138,69,96,7.0
2024-10-22,26,31.8,82,10.9,91,45,63,8.6
2024-10-22,27,34.4,56,12.9,150,75,105,7.5
2024-10-22,28,36.0,51,2.2,220,110,154,5.2
2024-10-22,29,32.9,89,23.7,126,63,88,5.6
2024-10-22,30,37.4,54,23.1,228,114,159,6.0
2024-10-22,31,26.5,77,20.1,207,103,144,5.1
2024-10-22,32,30.9,73,13.3,177,88,123,7.2
2024-10-22,33,35.6,51,16.0,178,89,124,8.5
2024-10-22,34,27.2,54,2.0,116,58,81,5.6
2024-10-22,35,33.4,70,5.7,135,67,94,4.9
2024-10-22,36,30.4,71,25.8,150,75,105,8.8
2024-10-22,37,26.3,49,23.5,93,46,65,6.9
2024-10-22,38,24.8,64,16.0,201,100,140,9.0
2024-10-22,39,29.2,56,15.4,247,123,172,6.4
2024-10-22,40,22.2,77,14.1,132,66,92,6.8
2024-10-22,41,34.0,66,9.9,202,101,141,6.0
2024-10-22,42,20.2,55,16.3,243,121,170,8.5
2024-10-22,43,21.4,58,29.5,243,121,170,5.7
2024-10-22,44,23.5,67,13.6,189,94,132,8.5
2024-10-22,45,27.0,41,14.4,174,87,121,8.4
2024-10-22,46,28.9,52,15.4,233,116,163,5.3
2024-10-22,47,32.5,81,19.0,215,107,150,5.5
2024-10-22,48,30.9,56,2.4,247,123,172,8.1
2024-10-22,49,27.3,58,20.5,143,71,100,8.3
2024-10-22,50,23.1,57,25.2,91,45,63,6.0
2024-10-22,51,32.4,50,8.5,169,84,118,6.3
2024-10-22,52,20.4,46,19.5,215,107,150,6.1
2024-10-22,53,30.6,53,8.3,196,98,137,6.5
2024-10-22,54,34.6,56,26.9,223,111,156,5.2
2024-10-22,55,32.4,48,2.0,184,92,128,6.8
2024-10-22,56,22.7,44,17.6,148,74,103,5.6
2024-10-22,57,32.1,63,5.3,234,117,163,6.7
2024-10-22,58,21.6,43,13.4,90,45,62,8.4
2024-10-22,59,34.9,60,20.6,156,78,109,7.1
2024-10-22,60,23.3,83,3.5,153,76,107,6.1
2024-10-22,61,23.5,44,5.6,117,58,81,6.7
2024-10-22,62,27.5,43,15.8,197,98,137,7.4
2024-10-22,63,25.6,86,26.6,112,56,78,7.9
2024-10-22,64,25.2,74,5.5,148,74,103,7.3
2024-10-22,65,20.4,42,15.6,118,59,82,8.0
2024-10-22,66,20.1,75,3.8,211,105,147,5.8
2024-10-22,67,34.0,88,4.0,239,119,167,7.8
2024-10-22,68,33.9,62,16.7,240,120,168,7.9
2024-10-22,69,23.0,76,3.5,115,57,80,8.0
2024-10-22,70,27.9,74,20.3,100,50,70,8.2
2024-10-22,71,35.7,86,8.7,150,75,105,5.5
2024-10-22,72,25.8,85,14.4,167,83,116,6.3
2024-10-22,73,31.0,53,27.0,186,93,130,8.7
2024-10-22,74,26.9,88,25.0,140,70,98,8.1
2024-10-22,75,31.1,72,8.7,158,79,110,6.4
2024-10-22,76,20.7,55,0.6,201,100,140,8.6
2024-10-22,77,27.2,52,25.6,163,81,114,7.8
2024-10-22,78,29.8,52,13.4,203,101,142,7.2
2024-10-22,79,21.0,88,13.2,176,88,123,6.5
2024-10-22,80,32.9,52,20.4,158,79,110,8.1
2024-10-22,81,37.2,46,3.3,240,120,168,8.1
2024-10-22,82,30.3,57,6.4,142,71,99,7.0
2024-10-22,83,21.3,44,26.0,214,107,149,9.2
2024-10-22,84,32.0,43,25.0,210,105,147,5.0
2024-10-22,85,22.3,73,6.8,218,109,152,6.5
2024-10-22,86,27.5,65,16.8,109,54,76,8.6
2024-10-22,87,24.0,84,0.7,216,108,151,5.3
2024-10-22,88,33.9,57,24.6,131,65,91,7.0
2024-10-22,89,24.3,81,23.5,204,102,142,6.3
2024-10-22,90,33.0,81,16.8,167,83,116,5.3
2024-10-22,91,34.2,73,17.6,241,120,168,7.6
2024-10-22,92,35.2,41,7.8,216,108,151,7.4
2024-10-22,93,26.9,64,6.7,249,124,174,6.6
2024-10-22,94,28.9,60,23.7,161,80,112,6.3
2024-10-22,95,27.3,48,8.8,91,45,63,5.7
2024-10-22,96,33.9,59,29.7,159,79,111,6.1
2024-10-22,97,28.3,64,7.6,183,91,128,6.1
2024-10-22,98,30.9,62,28.4,243,121,170,8.8
2024-10-22,99,29.0,47,15.9,210,105,147,7.2
2024-10-22,100,23.4,84,7.0,217,108,151,5.9
2024-10-23,1,34.6,63,0.9,126,63,88,7.5
2024-10-23,2,22.0,72,8.8,214,107,149,6.9
2024-10-23,3,36.1,63,25.0,146,73,102,7.0
2024-10-23,4,34.8,61,2.8,205,102,143,6.0
2024-10-23,5,29.8,53,21.2,169,84,118,8.3
2024-10-23,6,20.2,43,17.4,214,107,149,8.4
2024-10-23,7,28.8,72,20.2,238,119,166,7.6
2024-10-23,8,33.0,48,3.6,106,53,74,7.9
2024-10-23,9,28.8,84,12.5,235,117,164,7.4
2024-10-23,10,34.8,72,2.2,95,47,66,7.3
2024-10-23,11,37.0,44,21.7,107,53,74,5.7
2024-10-23,12,38.0,40,29.7,225,112,157,5.5
2024-10-23,13,20.2,64,22.0,171,85,119,8.7
2024-10-23,14,34.2,70,27.1,235,117,164,8.3
2024-10-23,15,35.1,78,5.6,169,84,118,6.2
2024-10-23,16,35.9,80,6.3,152,76,106,8.2
2024-10-23,17,36.0,71,11.9,233,116,163,5.6
2024-10-23,18,28.1,55,1.5,153,76,107,6.5
2024-10-23,19,37.3,52,25.8,94,47,65,6.4
2024-10-23,20,21.7,42,20.7,210,105,147,7.2
2024-10-23,21,32.3,83,4.4,118,59,82,8.5
2024-10-23,22,33.5,75,1.2,145,72,101,5.8
2024-10-23,23,25.9,42,25.1,156,78,109,8.7
2024-10-23,24,20.8,69,3.1,240,120,168,6.9
2024-10-23,25,30.0,49,13.5,105,52,73,7.2
2024-10-23,26,20.8,76,4.9,207,103,144,8.2
2024-10-23,27,23.6,48,20.6,209,104,146,7.4
2024-10-23,28,20.4,61,17.1,225,112,157,5.5
2024-10-23,29,33.5,56,5.7,206,103,144,4.7
2024-10-23,30,32.0,80,19.3,96,48,67,5.9
2024-10-23,31,33.1,44,9.0,119,59,83,5.0
2024-10-23,32,26.4,64,0.9,155,77,108,7.2
2024-10-23,33,35.0,76,10.3,166,83,116,8.7
2024-10-23,34,23.1,86,26.5,209,104,146,5.5
2024-10-23,35,29.2,49,22.5,246,123,172,5.3
2024-10-23,36,25.2,40,1.6,220,110,154,8.1
2024-10-23,37,23.1,75,18.4,182,91,127,7.0
2024-10-23,38,29.0,57,22.4,149,74,104,8.4
2024-10-23,39,25.5,40,17.1,210,105,147,6.5
2024-10-23,40,22.5,42,17.8,232,116,162,7.2
2024-10-23,41,22.3,82,12.4,179,89,125,6.4
2024-10-23,42,36.2,72,8.3,94,47,65,8.9
2024-10-23,43,33.5,66,16.8,193,96,135,6.4
2024-10-23,44,20.9,58,16.6,221,110,154,9.0
2024-10-23,45,28.6,70,25.2,142,71,99,8.2
2024-10-23,46,25.9,85,13.4,201,100,140,5.8
2024-10-23,47,21.0,62,6.7,198,99,138,5.4
2024-10-23,48,31.5,89,12.2,90,45,62,8.1
2024-10-23,49,20.1,61,17.0,129,64,90,9.2
2024-10-23,50,21.0,50,21.2,196,98,137,5.4
2024-10-23,51,34.5,61,4.2,226,113,158,6.2
2024-10-23,52,34.6,55,26.2,179,89,125,5.7
2024-10-23,53,23.8,67,17.4,113,56,79,6.6
2024-10-23,54,30.9,76,4.0,209,104,146,5.4
2024-10-23,55,37.8,89,18.0,114,57,79,6.5
2024-10-23,56,20.8,41,27.6,165,82,115,6.2
2024-10-23,57,32.4,80,26.7,127,63,88,6.4
2024-10-23,58,24.4,85,7.9,107,53,74,8.0
2024-10-23,59,36.1,55,18.4,102,51,71,6.8
2024-10-23,60,27.0,46,18.7,121,60,84,7.0
2024-10-23,61,34.2,52,21.6,151,75,105,7.2
2024-10-23,62,28.5,61,7.5,137,68,95,7.4
2024-10-23,63,36.6,74,0.8,190,95,133,8.7
2024-10-23,64,34.5,74,13.1,227,113,158,6.8
2024-10-23,65,28.2,47,8.6,149,74,104,7.3
2024-10-23,66,25.2,46,14.7,135,67,94,5.2
2024-10-23,67,36.6,60,17.4,236,118,165,7.3
2024-10-23,68,24.7,72,12.9,92,46,64,8.4
2024-10-23,69,36.8,80,0.0,159,79,111,7.9
2024-10-23,70,35.4,83,5.6,233,116,163,7.9
2024-10-23,71,34.4,44,29.6,166,83,116,5.7
2024-10-23,72,25.7,44,3.2,181,90,126,6.8
2024-10-23,73,24.5,57,7.7,188,94,131,8.7
2024-10-23,74,24.3,78,1.7,149,74,104,8.2
2024-10-23,75,28.7,64,6.9,190,95,133,6.4
2024-10-23,76,30.6,41,28.2,196,98,137,9.0
2024-10-23,77,31.4,57,11.4,160,80,112,8.0
2024-10-23,78,33.1,74,25.7,124,62,86,6.4
2024-10-23,79,23.3,83,16.8,114,57,79,6.5
2024-10-23,80,27.3,59,12.4,221,110,154,8.2
2024-10-23,81,20.6,86,13.7,175,87,122,7.3
2024-10-23,82,32.5,56,14.1,194,97,135,7.0
2024-10-23,83,30.2,52,2.0,219,109,153,8.7
2024-10-23,84,32.2,52,18.4,140,70,98,5.2
2024-10-23,85,35.6,57,3.6,131,65,91,6.0
2024-10-23,86,32.6,54,25.1,201,100,140,8.5
2024-10-23,87,27.3,79,4.1,196,98,137,5.9
2024-10-23,88,27.4,70,5.9,214,107,149,6.8
2024-10-23,89,30.3,45,11.2,197,98,137,5.8
2024-10-23,90,23.5,57,29.5,224,112,156,5.5
2024-10-23,91,30.8,82,22.5,129,64,90,7.7
2024-10-23,92,36.1,41,26.1,203,101,142,8.0
2024-10-23,93,27.8,61,19.4,223,111,156,6.1
2024-10-23,94,21.0,50,2.8,181,90,126,6.5
2024-10-23,95,30.2,52,24.7,233,116,163,5.5
2024-10-23,96,26.9,57,9.5,201,100,140,5.9
2024-10-23,97,30.3,88,15.1,205,102,143,6.4
2024-10-23,98,32.7,74,25.5,214,107,149,9.0
2024-10-23,99,37.7,51,7.7,141,70,98,7.7
2024-10-23,100,27.3,72,6.6,144,72,100,5.6
2024-10-24,1,33.7,83,1.3,182,91,127,7.6
2024-10-24,2,22.3,64,24.3,181,90,126,7.2
2024-10-24,3,28.9,82,20.1,228,114,159,7.7
2024-10-24,4,29.7,40,20.4,138,69,96,5.8
2024-10-24,5,24.4,68,13.4,182,91,127,8.4
2024-10-24,6,27.4,72,13.1,184,92,128,8.1
2024-10-24,7,23.2,59,9.5,170,85,118,7.3
2024-10-24,8,24.7,40,3.2,200,100,140,7.0
2024-10-24,9,21.7,59,24.7,198,99,138,7.6
2024-10-24,10,37.6,54,7.9,108,54,75,7.8
2024-10-24,11,29.2,68,29.9,113,56,79,6.2
2024-10-24,12,26.5,49,19.4,234,117,163,5.9
2024-10-24,13,26.9,83,29.1,144,72,100,8.7
2024-10-24,14,31.9,41,28.5,224,112,156,7.7
2024-10-24,15,21.4,86,1.7,220,110,154,6.3
2024-10-24,16,34.9,55,20.1,181,90,126,8.0
2024-10-24,17,38.0,82,1.2,113,56,79,5.7
2024-10-24,18,22.3,43,26.9,133,66,93,7.1
2024-10-24,19,20.6,68,20.6,118,59,82,6.1
2024-10-24,20,27.6,65,7.0,204,102,142,7.0
2024-10-24,21,24.7,42,27.2,132,66,92,8.3
2024-10-24,22,36.5,88,27.7,130,65,91,5.1
2024-10-24,23,33.2,54,24.1,180,90,125,8.7
2024-10-24,24,28.0,71,13.2,227,113,158,6.6
2024-10-24,25,25.8,68,13.6,97,48,67,7.5
2024-10-24,26,35.1,80,20.6,238,119,166,8.9
2024-10-24,27,24.9,41,16.8,220,110,154,8.2
2024-10-24,28,23.8,43,8.8,242,121,169,5.6
2024-10-24,29,33.0,81,10.4,106,53,74,5.4
2024-10-24,30,36.6,62,10.9,137,68,95,5.4
2024-10-24,31,34.8,41,20.8,244,122,170,4.7
2024-10-24,32,21.0,53,13.4,230,115,161,6.6
2024-10-24,33,27.2,83,20.3,223,111,156,8.9
2024-10-24,34,31.1,49,21.7,112,56,78,5.5
2024-10-24,35,35.2,59,17.7,194,97,135,5.5
2024-10-24,36,24.1,85,6.4,173,86,121,8.6
2024-10-24,37,24.1,47,24.6,228,114,159,6.8
2024-10-24,38,26.4,57,11.3,110,55,77,8.6
2024-10-24,39,21.8,57,8.1,99,49,69,6.7
2024-10-24,40,29.6,46,29.4,203,101,142,6.9
2024-10-24,41,36.0,72,3.0,136,68,95,6.0
2024-10-24,42,24.9,40,26.1,212,106,148,9.1
2024-10-24,43,27.9,58,5.3,121,60,84,6.0
2024-10-24,44,36.4,52,23.2,159,79,111,8.5
2024-10-24,45,23.3,44,14.4,128,64,89,8.4
2024-10-24,46,31.4,43,28.5,110,55,77,5.6
2024-10-24,47,37.4,80,0.3,96,48,67,5.6
2024-10-24,48,26.0,56,6.3,176,88,123,8.0
2024-10-24,49,27.8,73,21.5,155,77,108,8.4
2024-10-24,50,32.3,62,8.5,187,93,130,5.7
2024-10-24,51,33.1,49,11.1,182,91,127,6.8
2024-10-24,52,37.1,56,23.3,203,101,142,5.4
2024-10-24,53,21.9,55,13.4,140,70,98,5.9
2024-10-24,54,37.1,70,25.5,169,84,118,5.3
2024-10-24,55,35.9,61,11.2,205,102,143,6.0
2024-10-24,56,30.5,45,4.0,177,88,123,5.8
2024-10-24,57,36.3,49,5.7,154,77,107,6.9
2024-10-24,58,24.5,65,29.6,231,115,161,7.6
2024-10-24,59,27.0,82,24.0,227,113,158,6.8
2024-10-24,60,23.6,75,22.3,139,69,97,7.0
2024-10-24,61,29.0,55,23.6,131,65,91,7.4
2024-10-24,62,31.9,61,9.9,155,77,108,6.9
2024-10-24,63,33.2,58,5.2,242,121,169,8.7
2024-10-24,64,34.3,62,18.9,228,114,159,7.2
2024-10-24,65,37.7,43,8.5,247,123,172,7.8
2024-10-24,66,22.3,65,25.2,189,94,132,5.6
2024-10-24,67,24.2,48,17.0,94,47,65,7.9
2024-10-24,68,28.6,61,1.9,157,78,109,8.4
2024-10-24,69,31.1,68,16.2,227,113,158,8.3
2024-10-24,70,35.8,81,12.1,99,49,69,7.5
2024-10-24,71,26.7,88,21.3,212,106,148,5.7
2024-10-24,72,36.6,86,7.6,140,70,98,7.2
2024-10-24,73,32.1,43,3.1,137,68,95,8.3
2024-10-24,74,21.9,74,21.4,159,79,111,8.5
2024-10-24,75,27.2,55,17.2,108,54,75,7.1
2024-10-24,76,22.3,70,21.7,170,85,118,8.7
2024-10-24,77,26.8,78,0.6,184,92,128,7.8
2024-10-24,78,32.3,74,29.6,154,77,107,6.6
2024-10-24,79,34.7,57,6.0,236,118,165,6.5
2024-10-24,80,25.4,45,29.5,140,70,98,7.9
2024-10-24,81,22.4,63,2.8,172,86,120,7.7
2024-10-24,82,24.0,49,8.7,209,104,146,7.4
2024-10-24,83,24.3,49,0.6,159,79,111,8.3
2024-10-24,84,27.1,76,3.6,207,103,144,4.8
2024-10-24,85,25.7,63,17.5,249,124,174,6.0
2024-10-24,86,30.4,50,20.5,212,106,148,8.6
2024-10-24,87,27.3,57,3.3,179,89,125,5.8
2024-10-24,88,24.6,40,1.8,123,61,86,6.7
2024-10-24,89,35.7,59,29.4,169,84,118,5.6
2024-10-24,90,20.3,51,11.4,115,57,80,5.4
2024-10-24,91,30.1,86,8.9,131,65,91,7.3
2024-10-24,92,36.7,73,2.9,124,62,86,8.3
2024-10-24,93,26.2,65,16.5,148,74,103,6.2
2024-10-24,94,22.3,61,12.7,177,88,123,6.0
2024-10-24,95,28.1,68,3.3,185,92,129,5.8
2024-10-24,96,29.9,44,3.1,175,87,122,6.1
2024-10-24,97,22.7,56,9.8,113,56,79,6.6
2024-10-24,98,33.1,54,20.1,126,63,88,8.7
2024-10-24,99,32.0,42,27.4,213,106,149,7.4
2024-10-24,100,34.5,69,0.3,243,121,170,5.4
2024-10-25,1,21.9,56,29.4,146,73,102,7.6
2024-10-25,2,25.9,70,14.3,229,114,160,6.9
2024-10-25,3,20.4,83,9.6,163,81,114,7.1
2024-10-25,4,31.8,59,14.4,160,80,112,5.4
2024-10-25,5,21.1,53,14.8,118,59,82,8.1
2024-10-25,6,30.6,48,19.5,163,81,114,8.1
2024-10-25,7,29.2,70,4.2,186,93,130,7.9
2024-10-25,8,23.2,63,29.3,233,116,163,7.6
2024-10-25,9,33.0,45,17.6,228,114,159,7.1
2024-10-25,10,22.3,81,2.2,174,87,121,7.9
2024-10-25,11,37.4,89,23.5,177,88,123,5.4
2024-10-25,12,23.4,51,24.9,214,107,149,5.8
2024-10-25,13,31.6,41,6.2,134,67,93,8.9
2024-10-25,14,34.2,48,15.4,175,87,122,7.9
2024-10-25,15,23.9,51,17.6,239,119,167,6.8
2024-10-25,16,23.2,58,22.7,204,102,142,7.4
2024-10-25,17,29.2,81,29.6,243,121,170,5.2
2024-10-25,18,20.5,57,28.4,176,88,123,6.9
2024-10-25,19,26.9,64,22.4,152,76,106,6.5
2024-10-25,20,28.9,78,5.5,113,56,79,7.5
2024-10-25,21,23.7,85,21.4,206,103,144,8.7
2024-10-25,22,34.9,55,21.1,238,119,166,5.9
2024-10-25,23,35.6,78,3.3,158,79,110,9.0
2024-10-25,24,34.5,84,17.0,93,46,65,6.5
2024-10-25,25,36.9,50,10.1,174,87,121,7.2
2024-10-25,26,34.1,82,4.9,206,103,144,8.3
2024-10-25,27,35.8,87,24.3,197,98,137,8.3
2024-10-25,28,35.7,73,19.4,231,115,161,4.9
2024-10-25,29,37.3,48,14.7,170,85,118,5.3
2024-10-25,30,23.6,45,10.4,130,65,91,5.6
2024-10-25,31,29.6,45,15.8,113,56,79,5.3
2024-10-25,32,22.4,55,13.6,221,110,154,7.4
2024-10-25,33,33.7,77,29.0,170,85,118,8.3
2024-10-25,34,31.1,61,1.9,141,70,98,6.0
2024-10-25,35,32.4,54,16.1,247,123,172,5.1
2024-10-25,36,25.3,50,6.8,161,80,112,8.8
2024-10-25,37,26.1,52,5.1,204,102,142,7.0
2024-10-25,38,21.2,88,7.7,181,90,126,8.4
2024-10-25,39,32.1,67,10.0,114,57,79,6.5
2024-10-25,40,28.5,85,18.2,223,111,156,6.7
2024-10-25,41,37.5,58,21.5,98,49,68,5.7
2024-10-25,42,21.2,75,17.7,241,120,168,8.9
2024-10-25,43,34.5,44,15.0,208,104,145,5.8
2024-10-25,44,30.5,65,10.7,246,123,172,8.9
2024-10-25,45,23.8,46,12.7,107,53,74,7.7
2024-10-25,46,29.2,77,15.7,133,66,93,5.4
2024-10-25,47,26.3,62,22.8,179,89,125,5.3
2024-10-25,48,20.9,47,17.1,220,110,154,7.9
2024-10-25,49,26.8,59,7.6,185,92,129,9.0
2024-10-25,50,36.3,45,3.9,140,70,98,5.3
2024-10-25,51,32.6,52,9.3,90,45,62,6.6
2024-10-25,52,20.5,50,1.4,242,121,169,6.0
2024-10-25,53,35.5,63,12.6,220,110,154,6.8
2024-10-25,54,26.0,66,20.1,151,75,105,5.5
2024-10-25,55,33.5,84,19.6,114,57,79,6.8
2024-10-25,56,24.7,83,20.7,231,115,161,5.5
2024-10-25,57,35.5,53,7.3,171,85,119,6.7
2024-10-25,58,32.1,63,19.1,144,72,100,8.0
2024-10-25,59,36.5,54,19.3,177,88,123,7.5
2024-10-25,60,37.2,47,22.3,129,64,90,6.2
2024-10-25,61,24.9,53,29.9,142,71,99,6.5
2024-10-25,62,27.9,66,18.3,204,102,142,7.2
2024-10-25,63,20.3,72,0.7,105,52,73,8.3
2024-10-25,64,28.0,84,27.2,182,91,127,7.3
2024-10-25,65,32.2,61,19.5,136,68,95,7.2
2024-10-25,66,27.1,84,7.4,98,49,68,5.3
2024-10-25,67,27.6,75,21.6,190,95,133,8.0
2024-10-25,68,21.6,76,0.5,211,105,147,8.6
2024-10-25,69,23.3,79,27.0,215,107,150,8.8
2024-10-25,70,23.3,73,29.8,110,55,77,8.3
2024-10-25,71,22.5,40,9.5,140,70,98,6.3
2024-10-25,72,25.6,55,29.2,212,106,148,6.5
2024-10-25,73,33.2,68,3.5,149,74,104,8.6
2024-10-25,74,36.5,56,5.6,228,114,159,8.5
2024-10-25,75,32.8,81,1.5,137,68,95,6.7
2024-10-25,76,27.5,60,27.7,237,118,165,8.4
2024-10-25,77,26.4,52,13.6,151,75,105,7.5
2024-10-25,78,34.3,76,12.8,115,57,80,6.9
2024-10-25,79,28.8,47,13.3,93,46,65,7.1
2024-10-25,80,27.1,60,19.1,232,116,162,7.9
2024-10-25,81,20.3,88,12.2,126,63,88,7.6
2024-10-25,82,29.7,86,5.3,231,115,161,7.8
2024-10-25,83,36.0,59,22.0,186,93,130,8.9
2024-10-25,84,30.5,44,3.8,177,88,123,4.8
2024-10-25,85,31.9,46,10.1,141,70,98,6.4
2024-10-25,86,34.4,62,11.6,232,116,162,8.1
2024-10-25,87,37.3,82,19.4,110,55,77,5.6
2024-10-25,88,23.0,81,20.4,104,52,72,6.5
2024-10-25,89,26.4,43,23.2,182,91,127,6.3
2024-10-25,90,32.0,48,19.7,209,104,146,5.5
2024-10-25,91,34.3,82,16.3,93,46,65,7.5
2024-10-25,92,36.2,50,6.1,169,84,118,8.2
2024-10-25,93,28.0,69,8.6,91,45,63,6.4
2024-10-25,94,25.1,89,2.1,132,66,92,6.9
2024-10-25,95,25.9,83,10.3,245,122,171,5.2
2024-10-25,96,24.9,58,9.4,189,94,132,5.9
2024-10-25,97,24.0,88,24.1,144,72,100,6.4
2024-10-25,98,35.7,80,23.9,104,52,72,9.2
2024-10-25,99,32.1,58,4.4,191,95,133,7.1
2024-10-25,100,27.3,70,19.7,134,67,93,5.7
2024-10-26,1,29.8,76,2.0,234,117,163,7.8
2024-10-26,2,29.4,42,0.0,248,124,173,6.6
2024-10-26,3,33.6,69,4.6,153,76,107,7.3
2024-10-26,4,31.4,80,14.6,163,81,114,6.3
2024-10-26,5,35.8,86,9.9,218,109,152,8.1
2024-10-26,6,30.3,58,7.0,161,80,112,8.3
2024-10-26,7,37.7,65,2.9,104,52,72,7.6
2024-10-26,8,31.6,40,25.3,92,46,64,7.4
2024-10-26,9,35.3,73,24.0,178,89,124,7.0
2024-10-26,10,35.5,78,12.9,200,100,140,8.0
2024-10-26,11,24.3,68,1.0,217,108,151,5.4
2024-10-26,12,37.6,74,24.3,172,86,120,5.8
2024-10-26,13,28.2,54,26.6,179,89,125,8.5
2024-10-26,14,34.9,52,12.5,221,110,154,8.3
2024-10-26,15,24.8,88,13.5,126,63,88,6.5
2024-10-26,16,36.7,40,21.6,229,114,160,7.8
2024-10-26,17,31.7,83,12.4,197,98,137,5.3
2024-10-26,18,29.0,73,11.1,221,110,154,7.4
2024-10-26,19,29.7,65,4.7,198,99,138,6.2
2024-10-26,20,28.7,58,12.4,97,48,67,6.6
2024-10-26,21,37.3,42,21.2,104,52,72,8.0
2024-10-26,22,31.8,57,24.3,117,58,81,5.1
2024-10-26,23,24.0,86,14.9,155,77,108,8.8
2024-10-26,24,20.6,55,15.0,108,54,75,6.5
2024-10-26,25,32.8,67,12.0,176,88,123,7.3
2024-10-26,26,20.2,52,29.6,232,116,162,8.4
2024-10-26,27,27.1,89,17.6,93,46,65,7.8
2024-10-26,28,31.7,76,18.2,186,93,130,5.8
2024-10-26,29,27.7,79,23.7,219,109,153,5.4
2024-10-26,30,20.2,49,0.2,179,89,125,5.3
2024-10-26,31,37.3,83,27.4,165,82,115,5.2
2024-10-26,32,30.3,67,10.5,175,87,122,6.8
2024-10-26,33,25.8,72,7.9,180,90,125,9.2
2024-10-26,34,35.5,61,2.0,190,95,133,5.6
2024-10-26,35,34.5,73,19.9,206,103,144,5.3
2024-10-26,36,33.4,58,25.4,122,61,85,8.2
2024-10-26,37,20.6,67,26.5,178,89,124,7.6
2024-10-26,38,34.8,63,22.6,120,60,84,8.5
2024-10-26,39,33.1,69,26.0,101,50,70,7.1
2024-10-26,40,31.2,88,6.4,241,120,168,6.8
2024-10-26,41,31.8,50,5.3,163,81,114,5.6
2024-10-26,42,24.5,59,11.6,160,80,112,8.2
2024-10-26,43,28.7,41,2.4,97,48,67,6.5
2024-10-26,44,27.7,86,18.0,112,56,78,8.9
2024-10-26,45,25.1,54,1.6,204,102,142,7.8
2024-10-26,46,20.6,75,3.1,156,78,109,5.0
2024-10-26,47,36.8,58,18.3,167,83,116,5.2
2024-10-26,48,35.0,49,6.4,191,95,133,7.4
2024-10-26,49,25.9,64,12.5,136,68,95,8.9
2024-10-26,50,22.0,69,15.7,210,105,147,5.7
2024-10-26,51,24.5,82,24.1,90,45,62,6.9
2024-10-26,52,20.5,60,12.0,234,117,163,6.4
2024-10-26,53,36.3,70,7.9,143,71,100,6.6
2024-10-26,54,20.7,45,3.8,179,89,125,5.5
2024-10-26,55,22.0,85,23.2,195,97,136,6.0
2024-10-26,56,34.6,65,4.9,118,59,82,5.7
2024-10-26,57,30.2,47,0.5,195,97,136,6.8
2024-10-26,58,33.2,74,20.0,94,47,65,7.6
2024-10-26,59,37.4,71,4.2,109,54,76,7.3
2024-10-26,60,27.3,41,15.0,90,45,62,7.0
2024-10-26,61,22.8,68,22.9,95,47,66,7.1
2024-10-26,62,28.7,89,16.6,177,88,123,7.3
2024-10-26,63,25.1,53,23.0,129,64,90,8.0
2024-10-26,64,22.8,55,6.1,169,84,118,7.2
2024-10-26,65,21.6,53,10.4,122,61,85,8.0
2024-10-26,66,25.3,59,17.6,96,48,67,5.7
2024-10-26,67,30.4,42,7.1,113,56,79,7.4
2024-10-26,68,37.9,87,29.0,143,71,100,8.1
2024-10-26,69,22.5,55,19.5,134,67,93,8.4
2024-10-26,70,29.6,63,7.9,217,108,151,8.0
2024-10-26,71,21.1,66,0.2,107,53,74,6.0
2024-10-26,72,37.0,78,9.3,166,83,116,6.2
2024-10-26,73,30.5,69,23.5,205,102,143,8.9
2024-10-26,74,25.4,75,7.3,114,57,79,8.9
2024-10-26,75,21.5,75,22.0,108,54,75,7.0
2024-10-26,76,29.2,71,1.3,126,63,88,8.8
2024-10-26,77,29.5,52,0.9,98,49,68,7.7
2024-10-26,78,36.6,53,3.7,208,104,145,6.6
2024-10-26,79,27.6,67,3.1,183,91,128,7.1
2024-10-26,80,29.1,65,25.8,207,103,144,8.0
2024-10-26,81,34.8,50,20.9,152,76,106,7.5
2024-10-26,82,23.6,67,19.5,176,88,123,7.2
2024-10-26,83,31.5,52,6.7,203,101,142,8.5
2024-10-26,84,20.1,50,16.8,148,74,103,5.1
2024-10-26,85,34.3,86,11.2,230,115,161,6.6
2024-10-26,86,34.7,84,13.3,122,61,85,8.8
2024-10-26,87,36.5,54,24.3,209,104,146,5.9
2024-10-26,88,33.0,83,12.9,93,46,65,6.4
2024-10-26,89,21.8,43,11.9,184,92,128,6.0
2024-10-26,90,35.3,83,0.3,98,49,68,5.4
2024-10-26,91,29.1,47,17.4,176,88,123,6.8
2024-10-26,92,29.5,51,11.0,230,115,161,8.2
2024-10-26,93,26.1,43,22.7,204,102,142,6.5
2024-10-26,94,29.6,53,19.1,225,112,157,6.3
2024-10-26,95,22.0,77,29.6,91,45,63,5.3
2024-10-26,96,23.5,53,24.2,217,108,151,5.7
2024-10-26,97,21.5,70,4.3,150,75,105,5.7
2024-10-26,98,34.9,88,22.0,178,89,124,8.9
2024-10-26,99,20.7,76,19.6,176,88,123,7.1
2024-10-26,100,30.7,64,3.7,149,74,104,5.9
2024-10-27,1,21.9,52,6.8,223,111,156,7.6
2024-10-27,2,32.0,89,19.3,129,64,90,7.2
2024-10-27,3,21.1,47,11.7,123,61,86,7.5
2024-10-27,4,33.6,75,11.7,111,55,77,6.4
2024-10-27,5,34.6,84,25.9,175,87,122,8.5
2024-10-27,6,34.9,52,7.4,173,86,121,8.1
2024-10-27,7,25.0,68,5.1,187,93,130,7.8
2024-10-27,8,30.2,76,26.3,175,87,122,7.7
2024-10-27,9,35.3,89,10.2,104,52,72,7.5
2024-10-27,10,29.4,48,19.6,242,121,169,7.7
2024-10-27,11,34.0,88,17.8,239,119,167,6.2
2024-10-27,12,21.2,88,20.4,104,52,72,5.5
2024-10-27,13,24.9,69,8.0,122,61,85,8.4
2024-10-27,14,30.0,75,19.4,166,83,116,7.7
2024-10-27,15,31.6,67,7.9,209,104,146,6.7
2024-10-27,16,31.5,50,18.4,101,50,70,7.8
2024-10-27,17,32.5,53,25.1,185,92,129,5.4
2024-10-27,18,34.7,56,13.8,246,123,172,7.0
2024-10-27,19,23.7,43,14.3,105,52,73,6.7
2024-10-27,20,21.7,60,23.7,230,115,161,7.2
2024-10-27,21,30.1,71,27.4,168,84,117,8.6
2024-10-27,22,24.5,88,13.1,123,61,86,5.9
2024-10-27,23,30.1,87,9.0,109,54,76,9.3
2024-10-27,24,22.9,44,17.4,191,95,133,7.2
2024-10-27,25,36.7,56,2.5,218,109,152,7.6
2024-10-27,26,24.6,66,23.1,95,47,66,8.1
2024-10-27,27,34.6,85,8.8,227,113,158,7.6
2024-10-27,28,24.9,67,14.5,173,86,121,5.8
2024-10-27,29,21.8,66,11.5,151,75,105,5.1
2024-10-27,30,37.9,46,10.4,115,57,80,6.0
2024-10-27,31,24.4,58,25.0,109,54,76,5.1
2024-10-27,32,29.4,89,3.2,170,85,118,7.0
2024-10-27,33,32.6,51,6.4,247,123,172,8.7
2024-10-27,34,25.7,61,12.7,98,49,68,5.2
2024-10-27,35,20.5,65,15.5,189,94,132,4.8
2024-10-27,36,37.9,47,24.6,196,98,137,8.5
2024-10-27,37,20.7,53,29.9,232,116,162,7.4
2024-10-27,38,37.1,57,28.2,240,120,168,8.8
2024-10-27,39,24.0,62,17.4,232,116,162,6.8
2024-10-27,40,35.3,67,22.1,193,96,135,6.9
2024-10-27,41,28.4,41,8.3,197,98,137,5.7
2024-10-27,42,20.5,48,25.7,246,123,172,8.9
2024-10-27,43,27.6,61,19.8,241,120,168,6.1
2024-10-27,44,33.3,87,15.7,186,93,130,8.5
2024-10-27,45,23.7,62,22.4,203,101,142,8.5
2024-10-27,46,33.5,86,9.9,222,111,155,5.0
2024-10-27,47,31.3,44,24.1,110,55,77,6.0
2024-10-27,48,26.8,57,3.1,227,113,158,7.5
2024-10-27,49,32.6,86,3.6,205,102,143,9.2
2024-10-27,50,25.2,62,15.6,209,104,146,6.1
2024-10-27,51,29.4,70,9.7,131,65,91,7.0
2024-10-27,52,23.4,55,8.7,234,117,163,5.5
2024-10-27,53,34.4,45,6.7,198,99,138,6.8
2024-10-27,54,24.8,89,15.8,192,96,134,5.2
2024-10-27,55,24.3,87,9.8,137,68,95,6.0
2024-10-27,56,30.1,83,29.6,225,112,157,5.8
2024-10-27,57,29.9,86,26.7,202,101,141,7.0
2024-10-27,58,35.8,71,11.8,100,50,70,7.7
2024-10-27,59,27.5,65,21.3,237,118,165,6.8
2024-10-27,60,24.5,43,22.4,240,120,168,6.6
2024-10-27,61,32.2,49,23.3,186,93,130,6.6
2024-10-27,62,34.3,89,23.8,116,58,81,7.4
2024-10-27,63,31.1,49,6.0,158,79,110,8.3
2024-10-27,64,20.6,60,22.0,220,110,154,6.5
2024-10-27,65,27.6,80,1.9,91,45,63,7.9
2024-10-27,66,29.8,88,5.6,131,65,91,6.0
2024-10-27,67,34.7,43,5.1,164,82,114,7.3
2024-10-27,68,31.8,86,18.1,138,69,96,8.2
2024-10-27,69,24.3,73,27.3,235,117,164,8.3
2024-10-27,70,36.8,53,11.1,188,94,131,7.8
2024-10-27,71,34.8,56,16.0,161,80,112,5.9
2024-10-27,72,24.9,75,8.1,222,111,155,6.2
2024-10-27,73,20.5,82,18.7,109,54,76,8.4
2024-10-27,74,23.6,65,17.7,225,112,157,8.6
2024-10-27,75,20.2,42,12.9,248,124,173,7.2
2024-10-27,76,23.0,65,20.3,123,61,86,9.1
2024-10-27,77,28.3,52,0.0,166,83,116,7.9
2024-10-27,78,37.7,86,14.1,99,49,69,6.8
2024-10-27,79,34.6,45,2.8,229,114,160,6.4
2024-10-27,80,29.7,87,20.4,163,81,114,7.5
2024-10-27,81,37.0,46,3.8,201,100,140,7.9
2024-10-27,82,29.2,88,2.3,203,101,142,7.1
2024-10-27,83,32.6,61,23.8,158,79,110,9.1
2024-10-27,84,30.0,72,1.9,188,94,131,5.1
2024-10-27,85,31.4,50,9.9,113,56,79,6.0
2024-10-27,86,28.1,45,25.4,198,99,138,8.3
2024-10-27,87,31.4,81,17.7,122,61,85,5.5
2024-10-27,88,25.2,75,27.0,236,118,165,6.3
2024-10-27,89,29.0,50,26.7,229,114,160,5.5
2024-10-27,90,24.6,64,14.3,92,46,64,6.1
2024-10-27,91,33.6,62,13.6,196,98,137,7.2
2024-10-27,92,22.8,59,3.0,213,106,149,7.8
2024-10-27,93,22.3,83,10.0,102,51,71,6.2
2024-10-27,94,35.1,86,21.1,238,119,166,6.3
2024-10-27,95,24.3,70,14.7,199,99,139,5.7
2024-10-27,96,24.8,53,9.2,149,74,104,5.7
2024-10-27,97,31.4,70,26.3,246,123,172,6.7
2024-10-27,98,33.9,65,7.3,172,86,120,8.9
2024-10-27,99,37.8,79,3.9,104,52,72,7.6
2024-10-27,100,27.8,49,19.0,234,117,163,5.2
2024-10-28,1,20.8,50,17.0,158,79,110,8.1
2024-10-28,2,22.6,53,6.6,161,80,112,7.3
2024-10-28,3,29.4,55,11.4,190,95,133,6.9
2024-10-28,4,34.6,43,8.7,106,53,74,5.6
2024-10-28,5,20.4,45,26.8,127,63,88,8.7
2024-10-28,6,34.9,87,25.4,125,62,87,8.0
2024-10-28,7,31.6,43,24.6,131,65,91,7.1
2024-10-28,8,31.3,89,15.4,110,55,77,7.5
2024-10-28,9,28.0,44,26.3,156,78,109,7.0
2024-10-28,10,37.0,75,0.8,248,124,173,7.9
2024-10-28,11,24.7,66,15.2,190,95,133,6.1
2024-10-28,12,23.2,65,14.8,111,55,77,5.5
2024-10-28,13,23.0,82,8.1,126,63,88,8.7
2024-10-28,14,26.3,50,16.7,131,65,91,8.3
2024-10-28,15,30.0,82,24.2,170,85,118,6.6
2024-10-28,16,37.1,84,21.8,235,117,164,7.8
2024-10-28,17,31.1,55,18.5,171,85,119,5.1
2024-10-28,18,28.3,56,29.3,204,102,142,6.6
2024-10-28,19,23.7,53,27.1,200,100,140,6.8
2024-10-28,20,26.8,72,13.2,118,59,82,6.5
2024-10-28,21,22.5,76,6.3,185,92,129,8.1
2024-10-28,22,23.1,45,9.3,199,99,139,5.4
2024-10-28,23,26.2,68,26.5,226,113,158,8.5
2024-10-28,24,33.7,65,7.5,189,94,132,6.6
2024-10-28,25,35.8,55,12.2,193,96,135,7.6
2024-10-28,26,35.8,40,8.9,142,71,99,8.1
2024-10-28,27,34.2,83,5.4,131,65,91,8.1
2024-10-28,28,29.4,58,16.4,174,87,121,4.9
2024-10-28,29,23.5,58,24.1,155,77,108,5.1
2024-10-28,30,34.5,71,18.5,128,64,89,5.2
2024-10-28,31,23.5,86,2.4,97,48,67,5.2
2024-10-28,32,28.9,51,20.9,199,99,139,7.0
2024-10-28,33,36.6,84,8.9,138,69,96,8.9
2024-10-28,34,23.2,48,17.3,154,77,107,5.5
2024-10-28,35,31.1,46,26.3,169,84,118,5.6
2024-10-28,36,24.8,49,10.2,190,95,133,8.4
2024-10-28,37,33.0,66,19.0,192,96,134,7.4
2024-10-28,38,20.1,66,16.2,93,46,65,8.5
2024-10-28,39,28.8,87,11.9,92,46,64,7.1
2024-10-28,40,25.3,67,0.3,248,124,173,7.2
2024-10-28,41,23.0,61,2.9,202,101,141,6.2
2024-10-28,42,29.6,62,15.3,178,89,124,9.0
2024-10-28,43,32.6,59,22.6,224,112,156,6.4
2024-10-28,44,28.4,68,19.2,91,45,63,9.1
2024-10-28,45,24.8,77,25.0,160,80,112,8.0
2024-10-28,46,36.6,46,18.5,121,60,84,5.2
2024-10-28,47,27.2,69,0.9,149,74,104,5.2
2024-10-28,48,25.1,67,16.8,109,54,76,7.7
2024-10-28,49,34.9,57,27.7,146,73,102,9.1
2024-10-28,50,31.9,56,7.9,175,87,122,5.9
2024-10-28,51,33.1,87,4.9,137,68,95,6.5
2024-10-28,52,28.2,45,3.1,167,83,116,5.6
2024-10-28,53,21.3,59,0.4,133,66,93,5.9
2024-10-28,54,37.5,65,4.0,103,51,72,5.1
2024-10-28,55,25.7,75,26.6,239,119,167,6.0
2024-10-28,56,27.9,49,11.4,110,55,77,6.1
2024-10-28,57,25.5,72,10.3,238,119,166,6.5
2024-10-28,58,28.1,43,14.6,221,110,154,8.3
2024-10-28,59,24.7,69,27.8,93,46,65,7.5
2024-10-28,60,25.1,84,10.8,111,55,77,6.2
2024-10-28,61,33.1,87,26.5,196,98,137,7.1
2024-10-28,62,34.7,55,11.9,154,77,107,7.5
2024-10-28,63,25.0,84,20.7,241,120,168,8.3
2024-10-28,64,22.9,48,24.1,176,88,123,6.8
2024-10-28,65,21.5,85,5.6,105,52,73,8.1
2024-10-28,66,29.1,75,15.0,158,79,110,5.5
2024-10-28,67,23.0,67,19.4,128,64,89,7.3
2024-10-28,68,23.8,82,28.7,238,119,166,8.6
2024-10-28,69,31.1,57,28.5,199,99,139,8.8
2024-10-28,70,36.7,76,28.5,232,116,162,8.3
2024-10-28,71,21.6,89,1.2,190,95,133,5.8
2024-10-28,72,21.1,82,16.0,171,85,119,6.9
2024-10-28,73,32.6,56,6.6,173,86,121,8.3
2024-10-28,74,28.4,87,8.3,205,102,143,8.0
2024-10-28,75,25.8,83,29.0,180,90,125,7.1
2024-10-28,76,25.1,65,13.8,133,66,93,9.1
2024-10-28,77,21.7,76,10.7,123,61,86,7.1
2024-10-28,78,21.4,84,6.8,164,82,114,6.4
2024-10-28,79,27.5,50,19.0,98,49,68,7.0
2024-10-28,80,20.6,42,2.1,208,104,145,7.8
2024-10-28,81,34.2,57,1.3,222,111,155,8.1
2024-10-28,82,22.6,61,13.5,165,82,115,7.9
2024-10-28,83,37.2,86,21.1,235,117,164,8.5
2024-10-28,84,25.6,41,7.5,186,93,130,5.5
2024-10-28,85,21.9,69,15.2,174,87,121,6.3
2024-10-28,86,35.9,59,2.2,248,124,173,8.1
2024-10-28,87,24.5,69,11.4,122,61,85,5.3
2024-10-28,88,27.9,75,14.9,104,52,72,6.6
2024-10-28,89,27.2,50,4.7,154,77,107,6.0
2024-10-28,90,20.9,55,10.6,195,97,136,6.0
2024-10-28,91,32.9,56,7.6,151,75,105,7.4
2024-10-28,92,24.9,45,10.1,107,53,74,7.8
2024-10-28,93,27.6,63,15.3,157,78,109,6.1
2024-10-28,94,26.4,79,19.8,155,77,108,6.8
2024-10-28,95,22.3,87,21.8,191,95,133,5.2
2024-10-28,96,24.7,85,27.4,238,119,166,5.7
2024-10-28,97,26.2,82,12.0,98,49,68,6.4
2024-10-28,98,29.4,63,5.1,123,61,86,9.4
2024-10-28,99,28.8,80,23.2,139,69,97,7.6
2024-10-28,100,20.4,78,22.1,202,101,141,5.1
2024-10-29,1,28.4,67,13.5,116,58,81,8.1
2024-10-29,2,37.7,56,21.2,151,75,105,7.0
2024-10-29,3,36.9,63,5.7,110,55,77,7.5
2024-10-29,4,25.0,87,27.5,220,110,154,5.8
2024-10-29,5,30.1,58,17.9,170,85,118,8.3
2024-10-29,6,20.9,84,28.7,153,76,107,8.6
2024-10-29,7,32.5,54,8.8,134,67,93,7.7
2024-10-29,8,25.2,42,24.0,113,56,79,7.9
2024-10-29,9,23.5,79,9.6,240,120,168,7.8
2024-10-29,10,26.8,60,12.5,124,62,86,7.9
2024-10-29,11,29.6,46,9.5,112,56,78,6.2
2024-10-29,12,29.2,51,7.5,99,49,69,5.6
2024-10-29,13,32.6,63,16.9,128,64,89,8.6
2024-10-29,14,31.6,41,8.1,162,81,113,8.4
2024-10-29,15,24.6,42,1.2,133,66,93,6.4
2024-10-29,16,23.9,61,23.5,172,86,120,7.3
2024-10-29,17,29.3,58,11.6,115,57,80,5.8
2024-10-29,18,27.6,75,17.4,197,98,137,6.5
2024-10-29,19,21.2,46,14.3,184,92,128,6.9
2024-10-29,20,29.1,56,2.2,231,115,161,7.0
2024-10-29,21,34.8,52,28.9,220,110,154,8.7
2024-10-29,22,20.2,63,29.0,103,51,72,5.7
2024-10-29,23,31.9,86,25.4,243,121,170,8.6
2024-10-29,24,29.9,79,15.7,140,70,98,7.3
2024-10-29,25,29.6,79,6.2,224,112,156,7.8
2024-10-29,26,23.9,50,27.3,231,115,161,8.4
2024-10-29,27,23.1,85,28.2,99,49,69,8.1
2024-10-29,28,29.0,85,5.6,226,113,158,5.5
2024-10-29,29,31.7,79,4.4,190,95,133,5.1
2024-10-29,30,20.3,75,2.2,114,57,79,5.8
2024-10-29,31,32.9,53,4.0,163,81,114,5.2
2024-10-29,32,32.9,44,7.8,211,105,147,7.1
2024-10-29,33,26.1,79,6.1,95,47,66,8.8
2024-10-29,34,22.4,75,4.2,92,46,64,5.2
2024-10-29,35,35.2,76,22.4,107,53,74,5.5
2024-10-29,36,33.1,82,0.6,220,110,154,8.8
2024-10-29,37,31.5,47,12.8,169,84,118,7.4
2024-10-29,38,31.9,53,9.2,194,97,135,8.2
2024-10-29,39,36.8,76,19.4,219,109,153,7.2
2024-10-29,40,28.9,83,17.3,191,95,133,7.2
2024-10-29,41,24.9,49,2.4,106,53,74,6.1
2024-10-29,42,23.6,48,0.1,226,113,158,8.7
2024-10-29,43,37.5,80,22.0,164,82,114,5.8
2024-10-29,44,23.9,71,22.8,237,118,165,8.9
2024-10-29,45,24.8,47,23.0,196,98,137,7.9
2024-10-29,46,24.9,58,16.0,129,64,90,5.1
2024-10-29,47,24.6,75,11.0,226,113,158,5.3
2024-10-29,48,32.5,84,1.6,139,69,97,7.7
2024-10-29,49,33.8,75,19.4,121,60,84,8.8
2024-10-29,50,20.0,48,22.9,155,77,108,5.6
2024-10-29,51,20.7,48,15.4,149,74,104,6.8
2024-10-29,52,36.7,44,12.4,154,77,107,5.5
2024-10-29,53,34.1,69,29.1,203,101,142,6.3
2024-10-29,54,32.2,43,12.9,224,112,156,5.6
2024-10-29,55,31.3,43,0.5,146,73,102,6.0
2024-10-29,56,22.0,53,1.0,116,58,81,6.0
2024-10-29,57,25.3,76,20.9,242,121,169,6.3
2024-10-29,58,28.3,43,8.2,168,84,117,8.4
2024-10-29,59,31.5,49,25.9,105,52,73,7.4
2024-10-29,60,37.9,68,23.7,107,53,74,6.1
2024-10-29,61,30.3,55,10.9,219,109,153,6.8
2024-10-29,62,27.4,78,21.6,94,47,65,6.6
2024-10-29,63,37.9,75,0.4,154,77,107,8.2
2024-10-29,64,34.2,80,21.9,121,60,84,7.1
2024-10-29,65,37.9,54,29.7,195,97,136,7.9
2024-10-29,66,32.8,51,23.7,206,103,144,6.2
2024-10-29,67,35.3,89,1.3,175,87,122,7.8
2024-10-29,68,29.5,51,17.2,136,68,95,8.7
2024-10-29,69,37.1,60,2.4,216,108,151,8.5
2024-10-29,70,26.0,45,12.0,95,47,66,8.1
2024-10-29,71,34.5,78,0.2,231,115,161,5.9
2024-10-29,72,26.0,78,27.3,129,64,90,6.5
2024-10-29,73,33.8,57,21.4,121,60,84,8.7
2024-10-29,74,23.1,52,14.9,122,61,85,8.7
2024-10-29,75,33.2,69,12.7,123,61,86,7.0
2024-10-29,76,30.1,61,28.1,129,64,90,8.5
2024-10-29,77,32.9,52,26.7,205,102,143,7.9
2024-10-29,78,23.2,87,8.9,150,75,105,6.9
2024-10-29,79,23.6,57,24.1,169,84,118,7.1
2024-10-29,80,34.3,52,21.5,226,113,158,7.9
2024-10-29,81,24.0,80,1.2,98,49,68,7.7
2024-10-29,82,26.7,51,16.8,121,60,84,7.0
2024-10-29,83,27.0,55,17.4,145,72,101,8.9
2024-10-29,84,20.3,55,2.9,247,123,172,4.8
2024-10-29,85,28.1,73,7.9,197,98,137,6.3
2024-10-29,86,23.8,54,13.0,249,124,174,8.4
2024-10-29,87,29.8,88,18.1,180,90,125,6.0
2024-10-29,88,21.7,67,19.4,90,45,62,6.7
2024-10-29,89,35.0,70,9.3,192,96,134,5.9
2024-10-29,90,24.1,62,28.6,119,59,83,5.3
2024-10-29,91,31.2,55,26.2,134,67,93,7.6
2024-10-29,92,32.2,51,1.6,113,56,79,7.8
2024-10-29,93,31.9,59,7.6,142,71,99,6.5
2024-10-29,94,22.4,73,15.3,219,109,153,6.6
2024-10-29,95,30.2,69,20.2,136,68,95,5.4
2024-10-29,96,26.4,81,5.0,164,82,114,5.9
2024-10-29,97,33.4,62,20.0,141,70,98,5.9
2024-10-29,98,37.6,57,17.1,223,111,156,8.5
2024-10-29,99,35.4,63,14.8,245,122,171,7.7
2024-10-29,100,33.3,89,3.3,150,75,105,5.2
2024-10-30,1,25.5,89,2.0,148,74,103,8.0
2024-10-30,2,37.2,78,22.5,237,118,165,6.7
2024-10-30,3,28.5,73,24.9,120,60,84,7.2
2024-10-30,4,31.1,58,10.6,173,86,121,6.2
2024-10-30,5,32.0,78,28.6,207,103,144,7.7
2024-10-30,6,30.0,71,14.4,136,68,95,8.4
2024-10-30,7,20.6,85,2.4,183,91,128,7.8
2024-10-30,8,37.1,86,24.6,213,106,149,7.1
2024-10-30,9,35.0,53,26.9,139,69,97,7.8
2024-10-30,10,27.8,79,20.6,185,92,129,7.7
2024-10-30,11,26.0,76,27.4,244,122,170,5.9
2024-10-30,12,28.6,70,9.5,191,95,133,5.6
2024-10-30,13,31.6,83,1.6,146,73,102,9.1
2024-10-30,14,35.9,43,17.9,135,67,94,7.5
2024-10-30,15,26.0,50,18.7,209,104,146,6.7
2024-10-30,16,20.1,77,12.9,199,99,139,7.8
2024-10-30,17,24.7,65,22.5,97,48,67,5.5
2024-10-30,18,30.6,73,1.0,233,116,163,7.1
2024-10-30,19,36.4,62,17.4,239,119,167,6.9
2024-10-30,20,24.9,88,29.3,91,45,63,7.3
2024-10-30,21,36.1,72,28.8,172,86,120,8.9
2024-10-30,22,36.1,72,23.1,97,48,67,5.7
2024-10-30,23,29.3,56,4.2,156,78,109,8.6
2024-10-30,24,25.4,70,22.9,135,67,94,7.1
2024-10-30,25,24.2,74,0.8,140,70,98,7.0
2024-10-30,26,37.7,55,26.5,222,111,155,8.6
2024-10-30,27,28.4,59,15.7,123,61,86,8.0
2024-10-30,28,26.1,87,24.6,234,117,163,5.2
2024-10-30,29,29.7,57,1.1,142,71,99,5.6
2024-10-30,30,31.0,66,4.4,230,115,161,5.5
2024-10-30,31,24.4,59,22.6,155,77,108,5.3
2024-10-30,32,36.2,58,29.7,211,105,147,7.1
2024-10-30,33,31.4,53,10.1,116,58,81,8.4
2024-10-30,34,30.4,86,29.4,169,84,118,5.5
2024-10-30,35,30.0,54,21.6,184,92,128,5.0
2024-10-30,36,20.6,53,0.5,170,85,118,8.2
2024-10-30,37,27.5,56,19.5,128,64,89,7.6
2024-10-30,38,22.9,83,25.4,199,99,139,8.3
2024-10-30,39,37.4,49,8.0,138,69,96,6.9
2024-10-30,40,24.8,57,29.2,187,93,130,7.6
2024-10-30,41,28.8,62,10.1,237,118,165,6.1
2024-10-30,42,24.0,62,15.4,156,78,109,9.0
2024-10-30,43,31.4,85,7.9,236,118,165,6.1
2024-10-30,44,25.1,54,14.8,167,83,116,8.4
2024-10-30,45,24.5,88,3.1,249,124,174,8.3
2024-10-30,46,37.2,67,0.6,186,93,130,5.4
2024-10-30,47,32.3,61,21.6,216,108,151,5.2
2024-10-30,48,35.5,41,25.4,117,58,81,7.4
2024-10-30,49,27.8,57,7.0,208,104,145,8.9
2024-10-30,50,28.3,75,14.6,247,123,172,5.9
2024-10-30,51,34.9,85,17.0,177,88,123,6.9
2024-10-30,52,25.5,52,14.1,230,115,161,5.5
2024-10-30,53,31.2,53,26.8,116,58,81,6.6
2024-10-30,54,35.4,43,14.4,128,64,89,6.0
2024-10-30,55,24.3,77,14.8,161,80,112,6.1
2024-10-30,56,29.7,55,6.9,233,116,163,6.0
2024-10-30,57,27.8,48,25.0,141,70,98,6.6
2024-10-30,58,34.6,57,14.2,137,68,95,8.1
2024-10-30,59,29.3,88,12.6,218,109,152,7.5
2024-10-30,60,28.0,47,13.7,183,91,128,6.7
2024-10-30,61,23.3,54,22.9,211,105,147,7.0
2024-10-30,62,28.4,77,21.8,204,102,142,7.5
2024-10-30,63,27.4,49,11.6,224,112,156,8.4
2024-10-30,64,36.0,78,14.8,140,70,98,7.0
2024-10-30,65,21.7,70,12.7,102,51,71,8.0
2024-10-30,66,31.3,87,15.6,97,48,67,5.7
2024-10-30,67,21.5,60,27.9,174,87,121,8.1
2024-10-30,68,32.0,62,7.0,132,66,92,8.2
2024-10-30,69,23.1,81,12.8,161,80,112,7.9
2024-10-30,70,34.2,78,21.9,240,120,168,7.5
2024-10-30,71,35.3,86,3.6,155,77,108,5.8
2024-10-30,72,36.0,62,21.0,214,107,149,6.3
2024-10-30,73,25.7,72,21.2,168,84,117,8.0
2024-10-30,74,32.2,42,7.1,97,48,67,8.2
2024-10-30,75,20.3,68,14.2,202,101,141,7.0
2024-10-30,76,34.2,84,12.5,109,54,76,9.2
2024-10-30,77,29.2,76,17.7,212,106,148,7.8
2024-10-30,78,28.1,84,2.5,235,117,164,6.4
2024-10-30,79,27.5,64,8.2,195,97,136,6.5
2024-10-30,80,23.9,83,10.1,236,118,165,8.3
2024-10-30,81,24.8,70,3.9,244,122,170,7.4
2024-10-30,82,37.7,41,21.0,113,56,79,7.4
2024-10-30,83,20.7,81,27.7,98,49,68,8.6
2024-10-30,84,20.2,69,15.0,170,85,118,5.3
2024-10-30,85,32.3,46,15.4,134,67,93,6.5
2024-10-30,86,37.0,45,2.7,190,95,133,8.5
2024-10-30,87,27.2,51,13.5,131,65,91,5.8
2024-10-30,88,34.0,44,14.9,117,58,81,6.4
2024-10-30,89,28.6,88,24.9,90,45,62,6.1
2024-10-30,90,34.4,87,12.3,168,84,117,5.6
2024-10-30,91,28.2,65,24.9,166,83,116,7.2
2024-10-30,92,37.8,47,12.8,112,56,78,8.1
2024-10-30,93,37.2,53,4.3,100,50,70,6.4
2024-10-30,94,31.8,50,9.5,101,50,70,6.6
2024-10-30,95,26.4,74,23.5,234,117,163,5.0
2024-10-30,96,26.5,61,7.5,104,52,72,6.0
2024-10-30,97,36.4,63,8.4,119,59,83,6.1
2024-10-30,98,38.0,41,21.4,130,65,91,9.2
2024-10-30,99,36.3,83,0.1,102,51,71,7.5
2024-10-30,100,25.6,51,8.9,137,68,95,6.0
2024-10-31,1,21.0,79,16.0,197,98,137,7.3
2024-10-31,2,21.4,72,5.7,143,71,100,7.2
2024-10-31,3,34.4,53,28.7,191,95,133,7.1
2024-10-31,4,23.6,78,1.8,249,124,174,6.3
2024-10-31,5,25.4,60,8.7,149,74,104,8.6
2024-10-31,6,30.4,63,10.0,172,86,120,8.2
2024-10-31,7,23.0,86,27.5,103,51,72,7.3
2024-10-31,8,27.5,59,8.6,119,59,83,7.6
2024-10-31,9,22.3,69,29.1,146,73,102,7.6
2024-10-31,10,32.7,88,13.0,177,88,123,7.6
2024-10-31,11,24.1,47,15.6,155,77,108,5.9
2024-10-31,12,29.6,40,20.7,212,106,148,5.8
2024-10-31,13,33.8,64,13.1,220,110,154,8.3
2024-10-31,14,31.2,65,23.1,96,48,67,8.2
2024-10-31,15,35.8,58,28.7,167,83,116,6.2
2024-10-31,16,26.8,67,11.0,127,63,88,7.6
2024-10-31,17,34.5,60,11.0,186,93,130,6.1
2024-10-31,18,30.0,54,3.9,132,66,92,6.6
2024-10-31,19,28.9,53,1.6,221,110,154,7.0
2024-10-31,20,34.7,51,1.5,124,62,86,7.2
2024-10-31,21,32.7,87,13.0,110,55,77,8.1
2024-10-31,22,20.3,87,3.9,174,87,121,5.0
2024-10-31,23,25.6,83,26.8,94,47,65,8.7
2024-10-31,24,28.9,57,14.1,163,81,114,6.6
2024-10-31,25,26.0,63,12.7,127,63,88,7.1
2024-10-31,26,25.0,88,29.2,184,92,128,8.7
2024-10-31,27,34.7,61,1.3,129,64,90,7.4
2024-10-31,28,22.8,86,16.9,198,99,138,5.4
2024-10-31,29,21.3,43,28.1,125,62,87,5.6
2024-10-31,30,30.0,67,2.5,180,90,125,5.1
2024-10-31,31,29.7,78,13.4,183,91,128,5.6
2024-10-31,32,23.7,77,10.4,132,66,92,7.0
2024-10-31,33,35.2,43,25.1,212,106,148,9.0
2024-10-31,34,21.5,64,20.1,246,123,172,5.7
2024-10-31,35,36.3,53,22.0,115,57,80,5.5
2024-10-31,36,28.2,78,24.7,211,105,147,8.2
2024-10-31,37,33.7,71,10.3,145,72,101,7.6
2024-10-31,38,24.8,66,7.7,209,104,146,8.8
2024-10-31,39,37.0,54,29.8,235,117,164,6.4
2024-10-31,40,30.8,84,26.4,99,49,69,7.4
2024-10-31,41,34.7,73,8.1,143,71,100,6.1
2024-10-31,42,26.7,80,5.0,231,115,161,9.2
2024-10-31,43,20.4,47,27.3,143,71,100,6.1
2024-10-31,44,32.5,86,5.4,185,92,129,8.9
2024-10-31,45,34.4,73,13.1,135,67,94,7.8
2024-10-31,46,34.5,58,6.3,143,71,100,5.3
2024-10-31,47,27.8,56,9.8,108,54,75,5.4
2024-10-31,48,28.8,58,22.4,96,48,67,7.5
2024-10-31,49,33.9,82,2.5,202,101,141,9.1
2024-10-31,50,35.3,47,28.1,131,65,91,5.9
2024-10-31,51,29.6,57,7.4,202,101,141,6.3
2024-10-31,52,24.2,76,21.3,168,84,117,5.7
2024-10-31,53,29.2,73,17.7,112,56,78,6.9
2024-10-31,54,20.6,88,6.5,143,71,100,5.6
2024-10-31,55,33.3,62,1.9,162,81,113,6.4
2024-10-31,56,27.8,80,26.5,206,103,144,6.1
2024-10-31,57,32.8,64,16.7,152,76,106,6.8
2024-10-31,58,32.6,54,19.4,154,77,107,8.0
2024-10-31,59,25.8,48,16.3,245,122,171,6.8
2024-10-31,60,24.0,67,16.0,223,111,156,6.4
2024-10-31,61,37.9,43,13.0,153,76,107,6.6
2024-10-31,62,34.9,74,17.5,101,50,70,7.2
2024-10-31,63,32.9,69,0.9,174,87,121,8.6
2024-10-31,64,30.3,79,28.6,118,59,82,6.5
2024-10-31,65,30.7,60,9.9,235,117,164,7.1
2024-10-31,66,30.1,76,24.6,229,114,160,6.1
2024-10-31,67,31.0,88,23.0,218,109,152,7.6
2024-10-31,68,25.8,60,26.0,172,86,120,8.6
2024-10-31,69,22.9,85,12.1,151,75,105,8.0
2024-10-31,70,22.3,66,22.5,116,58,81,7.7
2024-10-31,71,32.8,72,9.3,185,92,129,6.1
2024-10-31,72,26.0,79,28.7,248,124,173,6.2
2024-10-31,73,24.2,84,29.9,226,113,158,8.4
2024-10-31,74,29.8,52,27.9,105,52,73,8.7
2024-10-31,75,24.5,65,25.4,127,63,88,6.7
2024-10-31,76,23.5,75,27.2,135,67,94,8.7
2024-10-31,77,28.1,67,27.1,137,68,95,7.6
2024-10-31,78,25.2,70,12.3,160,80,112,6.6
2024-10-31,79,36.1,41,16.6,134,67,93,7.1
2024-10-31,80,28.6,83,2.3,127,63,88,7.8
2024-10-31,81,24.0,86,4.2,95,47,66,7.3
2024-10-31,82,30.1,76,12.3,223,111,156,7.0
2024-10-31,83,20.3,61,16.4,189,94,132,9.2
2024-10-31,84,21.6,75,16.9,226,113,158,5.6
2024-10-31,85,31.9,52,9.8,121,60,84,6.4
2024-10-31,86,23.7,70,26.1,136,68,95,8.4
2024-10-31,87,25.5,68,26.7,108,54,75,5.4
2024-10-31,88,22.5,76,17.8,181,90,126,6.8
2024-10-31,89,29.2,63,6.4,205,102,143,5.7
2024-10-31,90,22.4,64,14.9,167,83,116,5.9
2024-10-31,91,25.2,47,17.2,104,52,72,7.5
2024-10-31,92,27.1,56,25.1,207,103,144,7.5
2024-10-31,93,23.7,57,17.4,190,95,133,6.5
2024-10-31,94,25.5,41,10.9,181,90,126,6.8
2024-10-31,95,32.5,66,21.5,136,68,95,5.7
2024-10-31,96,23.0,89,26.8,233,116,163,6.0
2024-10-31,97,29.5,61,2.2,130,65,91,6.5
2024-10-31,98,28.5,64,29.8,158,79,110,8.5
2024-10-31,99,27.1,78,24.8,96,48,67,7.5
2024-10-31,100,28.9,86,28.0,141,70,98,5.0
2024-11-01,1,29.7,63,13.4,179,89,125,7.9
2024-11-01,2,32.9,56,26.5,91,45,63,6.5
2024-11-01,3,32.8,66,4.2,207,103,144,7.0
2024-11-01,4,32.7,62,13.9,162,81,113,5.6
2024-11-01,5,23.9,68,2.2,132,66,92,8.0
2024-11-01,6,33.5,67,26.3,173,86,121,7.9
2024-11-01,7,30.2,79,8.6,114,57,79,7.9
2024-11-01,8,20.3,52,7.4,175,87,122,7.9
2024-11-01,9,36.6,87,8.9,151,75,105,7.3
2024-11-01,10,24.1,84,24.0,149,74,104,7.7
2024-11-01,11,33.1,81,3.8,180,90,125,5.7
2024-11-01,12,23.5,78,26.4,145,72,101,5.4
2024-11-01,13,37.4,67,22.3,199,99,139,8.5
2024-11-01,14,26.7,65,0.7,220,110,154,7.6
2024-11-01,15,23.0,46,2.0,151,75,105,6.0
2024-11-01,16,30.6,78,9.8,180,90,125,7.9
2024-11-01,17,33.5,89,22.9,243,121,170,5.2
2024-11-01,18,24.4,53,8.6,221,110,154,7.2
2024-11-01,19,20.2,71,28.5,195,97,136,6.0
2024-11-01,20,29.2,49,8.0,123,61,86,7.3
2024-11-01,21,23.0,66,13.7,216,108,151,8.4
2024-11-01,22,37.7,46,10.9,222,111,155,5.5
2024-11-01,23,30.9,62,18.3,178,89,124,8.7
2024-11-01,24,35.4,52,23.3,228,114,159,7.0
2024-11-01,25,22.6,56,5.9,173,86,121,7.5
2024-11-01,26,20.8,71,15.8,193,96,135,8.2
2024-11-01,27,30.4,83,25.0,201,100,140,8.3
2024-11-01,28,28.1,61,21.7,246,123,172,5.3
2024-11-01,29,25.1,56,19.4,214,107,149,5.5
2024-11-01,30,33.5,60,21.3,193,96,135,5.1
2024-11-01,31,36.8,80,21.2,236,118,165,4.9
2024-11-01,32,24.7,56,17.6,210,105,147,6.6
2024-11-01,33,37.1,41,17.9,207,103,144,8.9
2024-11-01,34,33.9,70,6.1,183,91,128,5.9
2024-11-01,35,24.9,54,9.0,105,52,73,5.5
2024-11-01,36,23.0,83,6.1,184,92,128,8.2
2024-11-01,37,25.6,68,27.5,242,121,169,7.4
2024-11-01,38,32.0,85,7.0,148,74,103,8.5
2024-11-01,39,32.9,61,15.3,162,81,113,7.2
2024-11-01,40,26.1,44,21.2,218,109,152,7.7
2024-11-01,41,23.1,40,20.1,192,96,134,6.5
2024-11-01,42,20.3,44,2.9,159,79,111,8.8
2024-11-01,43,29.5,50,28.3,187,93,130,6.6
2024-11-01,44,21.2,83,9.0,156,78,109,8.1
2024-11-01,45,30.7,44,9.6,114,57,79,8.5
2024-11-01,46,22.1,61,7.6,185,92,129,4.9
2024-11-01,47,36.0,84,21.7,109,54,76,5.0
2024-11-01,48,32.0,43,1.7,109,54,76,7.8
2024-11-01,49,22.3,55,19.7,114,57,79,8.6
2024-11-01,50,20.5,84,25.6,206,103,144,5.7
2024-11-01,51,37.4,60,1.8,126,63,88,6.1
2024-11-01,52,24.6,85,23.9,98,49,68,5.6
2024-11-01,53,30.3,53,11.9,104,52,72,6.6
2024-11-01,54,28.6,73,12.1,185,92,129,5.7
2024-11-01,55,35.6,44,3.9,237,118,165,6.1
2024-11-01,56,22.4,46,26.7,219,109,153,6.4
2024-11-01,57,37.6,70,15.0,130,65,91,6.9
2024-11-01,58,35.4,50,23.8,246,123,172,7.5
2024-11-01,59,30.0,88,22.9,125,62,87,6.9
2024-11-01,60,34.7,61,28.5,106,53,74,6.7
2024-11-01,61,22.1,56,13.0,235,117,164,6.7
2024-11-01,62,33.6,53,25.4,139,69,97,6.7
2024-11-01,63,21.2,55,30.0,224,112,156,8.4
2024-11-01,64,25.1,49,22.2,220,110,154,6.9
2024-11-01,65,28.1,83,12.2,231,115,161,7.2
2024-11-01,66,36.8,57,2.4,127,63,88,6.0
2024-11-01,67,30.8,63,17.8,140,70,98,8.2
2024-11-01,68,21.0,43,7.0,230,115,161,8.3
2024-11-01,69,21.4,84,2.8,247,123,172,8.5
2024-11-01,70,35.2,63,18.4,122,61,85,7.5
2024-11-01,71,25.4,49,6.5,108,54,75,6.1
2024-11-01,72,37.2,58,15.4,131,65,91,6.5
2024-11-01,73,34.2,43,18.3,94,47,65,8.1
2024-11-01,74,22.9,62,12.4,190,95,133,8.5
2024-11-01,75,22.8,50,13.0,114,57,79,7.2
2024-11-01,76,36.0,57,18.6,171,85,119,8.6
2024-11-01,77,21.1,89,19.3,104,52,72,7.8
2024-11-01,78,32.9,69,20.4,120,60,84,6.5
2024-11-01,79,20.5,52,12.4,203,101,142,6.7
2024-11-01,80,35.0,81,24.2,204,102,142,7.6
2024-11-01,81,24.6,59,11.1,97,48,67,7.4
2024-11-01,82,30.5,71,29.1,91,45,63,7.4
2024-11-01,83,36.3,67,25.7,125,62,87,8.5
2024-11-01,84,20.4,81,7.3,98,49,68,5.5
2024-11-01,85,25.6,89,27.4,219,109,153,6.6
2024-11-01,86,32.2,89,10.5,211,105,147,8.0
2024-11-01,87,24.0,50,10.5,245,122,171,5.8
2024-11-01,88,29.8,59,2.4,164,82,114,7.0
2024-11-01,89,37.0,40,12.1,131,65,91,6.5
2024-11-01,90,30.0,75,19.8,166,83,116,5.4
2024-11-01,91,29.4,59,26.9,164,82,114,7.0
2024-11-01,92,36.0,71,5.2,117,58,81,8.1
2024-11-01,93,23.5,56,28.4,185,92,129,6.4
2024-11-01,94,20.0,85,26.5,245,122,171,6.5
2024-11-01,95,32.7,75,20.8,226,113,158,5.3
2024-11-01,96,30.1,51,10.7,184,92,128,6.0
2024-11-01,97,23.8,43,3.9,242,121,169,6.4
2024-11-01,98,32.2,44,2.1,97,48,67,8.7
2024-11-01,99,35.3,75,17.9,96,48,67,7.3
2024-11-01,100,26.5,86,22.6,172,86,120,5.4
2024-11-02,1,36.0,58,27.5,170,85,118,8.0
2024-11-02,2,30.6,70,16.3,99,49,69,7.0
2024-11-02,3,31.5,42,20.3,235,117,164,7.0
2024-11-02,4,26.4,59,7.2,175,87,122,6.0
2024-11-02,5,37.3,54,14.0,238,119,166,7.8
2024-11-02,6,36.6,68,27.9,99,49,69,8.1
2024-11-02,7,20.6,62,21.1,221,110,154,7.9
2024-11-02,8,36.3,42,13.8,219,109,153,7.9
2024-11-02,9,35.2,54,14.1,224,112,156,7.1
2024-11-02,10,20.3,40,0.1,198,99,138,7.9
2024-11-02,11,27.5,51,24.0,231,115,161,5.9
2024-11-02,12,31.0,83,27.7,141,70,98,5.8
2024-11-02,13,24.7,80,11.1,130,65,91,9.0
2024-11-02,14,25.6,76,11.6,168,84,117,8.3
2024-11-02,15,23.0,72,0.7,185,92,129,6.6
2024-11-02,16,31.8,57,4.0,163,81,114,8.0
2024-11-02,17,28.1,72,28.1,94,47,65,5.7
2024-11-02,18,26.7,56,22.6,181,90,126,7.3
2024-11-02,19,35.5,61,1.5,104,52,72,6.2
2024-11-02,20,21.6,64,2.5,191,95,133,6.5
2024-11-02,21,24.0,88,8.0,172,86,120,8.3
2024-11-02,22,37.3,73,9.0,237,118,165,5.9
2024-11-02,23,20.2,58,8.2,247,123,172,8.9
2024-11-02,24,23.9,83,4.7,98,49,68,7.0
2024-11-02,25,26.9,75,14.1,92,46,64,7.0
2024-11-02,26,30.1,67,23.1,224,112,156,8.3
2024-11-02,27,34.3,53,10.0,104,52,72,8.3
2024-11-02,28,25.7,85,24.8,152,76,106,5.5
2024-11-02,29,37.9,55,26.2,95,47,66,5.6
2024-11-02,30,26.4,70,22.0,246,123,172,5.2
2024-11-02,31,34.2,42,0.7,203,101,142,5.2
2024-11-02,32,31.8,55,14.0,122,61,85,6.5
2024-11-02,33,20.5,44,12.7,133,66,93,8.6
2024-11-02,34,35.8,83,12.1,233,116,163,5.1
2024-11-02,35,33.6,76,3.4,238,119,166,4.9
2024-11-02,36,23.7,60,19.0,110,55,77,8.9
2024-11-02,37,36.0,45,19.3,165,82,115,7.8
2024-11-02,38,28.1,45,12.3,123,61,86,8.9
2024-11-02,39,25.2,42,28.5,95,47,66,7.1
2024-11-02,40,30.1,59,13.4,179,89,125,6.8
2024-11-02,41,32.4,49,23.6,159,79,111,5.8
2024-11-02,42,37.0,88,6.1,167,83,116,8.8
2024-11-02,43,20.4,71,4.4,194,97,135,6.2
2024-11-02,44,26.2,61,23.5,194,97,135,9.0
2024-11-02,45,20.4,59,22.2,136,68,95,7.7
2024-11-02,46,27.5,87,18.6,228,114,159,5.5
2024-11-02,47,33.6,89,19.9,176,88,123,5.9
2024-11-02,48,25.8,83,0.4,191,95,133,7.2
2024-11-02,49,29.6,56,6.3,201,100,140,9.0
2024-11-02,50,31.3,54,18.7,165,82,115,5.4
2024-11-02,51,32.5,81,17.8,184,92,128,6.3
2024-11-02,52,25.0,55,19.3,167,83,116,5.6
2024-11-02,53,33.0,48,19.0,179,89,125,6.6
2024-11-02,54,32.1,47,7.1,247,123,172,5.5
2024-11-02,55,36.5,48,22.3,197,98,137,6.7
2024-11-02,56,26.3,43,18.6,218,109,152,5.9
2024-11-02,57,23.4,86,25.1,94,47,65,6.9
2024-11-02,58,28.8,86,15.4,245,122,171,8.3
2024-11-02,59,27.0,69,22.8,171,85,119,6.7
2024-11-02,60,36.2,70,13.1,182,91,127,6.7
2024-11-02,61,20.4,55,29.9,229,114,160,6.5
2024-11-02,62,32.8,73,8.3,240,120,168,7.6
2024-11-02,63,25.3,88,13.0,238,119,166,8.3
2024-11-02,64,27.7,70,8.6,139,69,97,6.6
2024-11-02,65,21.8,62,27.5,144,72,100,7.8
2024-11-02,66,27.6,84,25.3,191,95,133,5.8
2024-11-02,67,24.8,86,11.8,180,90,125,7.8
2024-11-02,68,31.0,78,25.0,134,67,93,8.2
2024-11-02,69,23.4,86,13.8,217,108,151,8.3
2024-11-02,70,35.8,57,20.1,95,47,66,8.0
2024-11-02,71,24.2,44,17.6,127,63,88,6.3
2024-11-02,72,28.5,60,10.4,135,67,94,6.3
2024-11-02,73,35.3,88,29.1,128,64,89,8.2
2024-11-02,74,25.9,69,17.1,249,124,174,8.9
2024-11-02,75,34.9,47,8.2,204,102,142,6.4
2024-11-02,76,34.8,58,18.4,247,123,172,8.6
2024-11-02,77,33.1,83,20.2,167,83,116,7.9
2024-11-02,78,31.5,87,7.9,102,51,71,6.6
2024-11-02,79,21.6,83,19.9,244,122,170,7.2
2024-11-02,80,25.4,74,18.1,96,48,67,8.4
2024-11-02,81,33.7,85,4.4,135,67,94,7.2
2024-11-02,82,37.4,77,19.0,121,60,84,7.8
2024-11-02,83,23.6,78,18.5,139,69,97,8.6
2024-11-02,84,27.9,61,6.8,142,71,99,5.0
2024-11-02,85,25.7,79,6.7,171,85,119,6.4
2024-11-02,86,20.8,80,25.0,224,112,156,8.1
2024-11-02,87,32.0,40,10.4,167,83,116,5.4
2024-11-02,88,23.6,41,21.7,231,115,161,6.4
2024-11-02,89,20.9,81,28.4,238,119,166,6.1
2024-11-02,90,34.4,47,15.3,105,52,73,6.0
2024-11-02,91,21.1,66,28.3,235,117,164,7.4
2024-11-02,92,33.2,54,3.9,180,90,125,7.7
2024-11-02,93,37.0,41,25.8,120,60,84,6.0
2024-11-02,94,24.2,76,0.6,187,93,130,6.0
2024-11-02,95,25.6,42,23.0,135,67,94,5.7
2024-11-02,96,34.9,40,4.2,246,123,172,6.1
2024-11-02,97,36.6,72,4.9,179,89,125,6.3
2024-11-02,98,25.6,57,25.8,244,122,170,9.0
2024-11-02,99,36.5,49,5.1,239,119,167,7.2
2024-11-02,100,32.9,50,10.9,218,109,152,5.2
2024-11-03,1,22.1,51,4.3,142,71,99,7.3
2024-11-03,2,30.7,76,11.8,138,69,96,7.1
2024-11-03,3,37.4,54,17.9,168,84,117,7.0
2024-11-03,4,34.1,78,22.5,147,73,102,5.9
2024-11-03,5,33.8,57,0.5,111,55,77,8.6
2024-11-03,6,33.5,74,21.9,206,103,144,7.9
2024-11-03,7,22.5,47,28.0,127,63,88,7.3
2024-11-03,8,21.2,76,13.0,229,114,160,7.9
2024-11-03,9,24.9,53,22.3,118,59,82,7.4
2024-11-03,10,32.7,57,6.0,91,45,63,7.6
2024-11-03,11,25.6,49,18.2,172,86,120,6.3
2024-11-03,12,33.0,40,14.4,248,124,173,5.7
2024-11-03,13,37.7,41,0.3,184,92,128,9.0
2024-11-03,14,37.8,61,19.0,232,116,162,8.2
2024-11-03,15,33.2,62,9.7,198,99,138,6.8
2024-11-03,16,35.9,78,13.6,107,53,74,8.1
2024-11-03,17,35.0,66,25.2,126,63,88,5.3
2024-11-03,18,31.3,78,17.4,224,112,156,7.1
2024-11-03,19,35.2,49,3.6,157,78,109,6.5
2024-11-03,20,21.8,53,3.0,234,117,163,7.0
2024-11-03,21,21.6,66,27.8,196,98,137,8.2
2024-11-03,22,30.7,51,15.9,168,84,117,5.4
2024-11-03,23,33.7,72,28.3,141,70,98,8.5
2024-11-03,24,32.5,68,11.0,186,93,130,6.9
2024-11-03,25,30.6,43,11.1,149,74,104,7.7
2024-11-03,26,25.9,80,29.4,202,101,141,8.5
2024-11-03,27,34.7,54,12.8,237,118,165,7.9
2024-11-03,28,36.2,66,3.5,222,111,155,5.1
2024-11-03,29,24.0,42,19.0,177,88,123,5.4
2024-11-03,30,35.0,84,12.5,156,78,109,6.0
2024-11-03,31,27.1,89,5.2,121,60,84,5.3
2024-11-03,32,25.0,48,12.0,231,115,161,6.5
2024-11-03,33,21.8,59,6.9,166,83,116,8.6
2024-11-03,34,35.6,78,2.4,178,89,124,5.2
2024-11-03,35,27.1,67,20.2,106,53,74,4.7
2024-11-03,36,32.3,52,20.6,169,84,118,8.4
2024-11-03,37,35.3,50,1.8,168,84,117,7.7
2024-11-03,38,29.7,81,5.5,198,99,138,8.9
2024-11-03,39,37.8,67,9.4,104,52,72,7.1
2024-11-03,40,27.5,54,16.7,164,82,114,7.3
2024-11-03,41,29.8,43,12.1,141,70,98,5.8
2024-11-03,42,24.5,69,22.8,118,59,82,9.1
2024-11-03,43,33.0,68,8.8,110,55,77,6.2
2024-11-03,44,34.2,49,10.4,119,59,83,9.0
2024-11-03,45,21.0,72,3.3,111,55,77,8.1
2024-11-03,46,38.0,40,29.9,205,102,143,5.6
2024-11-03,47,32.2,75,26.4,121,60,84,5.1
2024-11-03,48,22.0,72,14.7,112,56,78,7.9
2024-11-03,49,20.8,41,27.9,246,123,172,9.1
2024-11-03,50,33.3,42,11.3,118,59,82,5.7
2024-11-03,51,32.8,88,12.1,134,67,93,6.0
2024-11-03,52,29.1,70,2.1,211,105,147,6.3
2024-11-03,53,26.1,82,25.2,104,52,72,6.6
2024-11-03,54,37.3,56,29.1,109,54,76,5.4
2024-11-03,55,22.1,84,3.8,93,46,65,6.3
2024-11-03,56,31.6,78,17.8,144,72,100,6.4
2024-11-03,57,35.0,75,3.1,101,50,70,6.7
2024-11-03,58,28.1,89,18.4,222,111,155,7.8
2024-11-03,59,37.0,45,26.0,192,96,134,7.6
2024-11-03,60,23.2,78,25.3,103,51,72,6.6
2024-11-03,61,33.7,48,16.9,216,108,151,7.2
2024-11-03,62,34.8,47,9.5,238,119,166,7.0
2024-11-03,63,27.5,58,3.7,184,92,128,8.5
2024-11-03,64,27.8,43,3.3,131,65,91,7.2
2024-11-03,65,20.1,83,5.6,136,68,95,7.9
2024-11-03,66,33.6,70,13.3,128,64,89,5.8
2024-11-03,67,20.7,69,4.5,246,123,172,7.6
2024-11-03,68,36.5,53,14.9,119,59,83,8.1
2024-11-03,69,20.4,78,21.5,216,108,151,8.7
2024-11-03,70,27.5,75,15.8,246,123,172,8.3
2024-11-03,71,37.3,61,10.1,202,101,141,5.5
2024-11-03,72,34.6,43,8.0,131,65,91,6.8
2024-11-03,73,22.4,54,7.7,105,52,73,8.4
2024-11-03,74,22.3,48,28.5,116,58,81,8.2
2024-11-03,75,26.8,66,19.1,175,87,122,6.2
2024-11-03,76,22.3,69,11.6,223,111,156,8.9
2024-11-03,77,35.4,81,6.2,249,124,174,7.1
2024-11-03,78,20.5,63,27.9,207,103,144,6.8
2024-11-03,79,20.7,89,21.0,176,88,123,6.9
2024-11-03,80,29.9,64,2.0,184,92,128,7.9
2024-11-03,81,30.8,85,2.1,121,60,84,7.4
2024-11-03,82,28.4,67,12.6,107,53,74,7.7
2024-11-03,83,25.1,55,21.5,164,82,114,8.6
2024-11-03,84,32.6,51,20.8,134,67,93,4.9
2024-11-03,85,35.0,40,29.6,207,103,144,6.3
2024-11-03,86,29.1,82,26.6,163,81,114,8.4
2024-11-03,87,21.8,78,15.8,203,101,142,5.5
2024-11-03,88,34.7,49,11.4,168,84,117,6.7
2024-11-03,89,37.1,68,26.7,139,69,97,6.1
2024-11-03,90,21.0,56,30.0,206,103,144,5.8
2024-11-03,91,34.6,83,16.2,149,74,104,7.7
2024-11-03,92,31.3,80,6.5,213,106,149,7.7
2024-11-03,93,26.4,75,25.0,140,70,98,5.9
2024-11-03,94,21.4,53,10.1,90,45,62,6.5
2024-11-03,95,37.9,87,1.1,103,51,72,5.6
2024-11-03,96,23.1,56,17.4,129,64,90,5.8
2024-11-03,97,23.9,41,26.6,184,92,128,6.3
2024-11-03,98,29.0,59,8.5,114,57,79,8.9
2024-11-03,99,22.1,83,21.9,192,96,134,7.8
2024-11-03,100,28.0,65,8.4,105,52,73,5.6
2024-11-04,1,25.1,63,27.8,226,113,158,8.0
2024-11-04,2,20.8,68,13.9,237,118,165,6.9
2024-11-04,3,23.2,66,2.7,133,66,93,7.0
2024-11-04,4,28.4,46,3.2,176,88,123,6.3
2024-11-04,5,22.7,73,11.5,221,110,154,7.8
2024-11-04,6,37.9,62,7.7,123,61,86,8.0
2024-11-04,7,35.4,56,16.1,201,100,140,7.9
2024-11-04,8,26.9,52,12.1,144,72,100,7.9
2024-11-04,9,22.4,68,23.0,115,57,80,7.0
2024-11-04,10,33.6,67,14.8,107,53,74,7.7
2024-11-04,11,37.5,66,22.4,195,97,136,6.1
2024-11-04,12,24.8,50,21.3,107,53,74,5.9
2024-11-04,13,28.1,43,8.2,205,102,143,8.7
2024-11-04,14,31.6,52,8.8,244,122,170,8.2
2024-11-04,15,33.8,88,9.2,172,86,120,6.1
2024-11-04,16,37.9,79,4.9,175,87,122,7.6
2024-11-04,17,36.1,78,7.3,249,124,174,5.7
2024-11-04,18,32.9,83,25.7,221,110,154,7.3
2024-11-04,19,33.6,72,12.0,169,84,118,6.8
2024-11-04,20,34.6,86,27.3,226,113,158,7.0
2024-11-04,21,29.3,62,3.4,140,70,98,8.6
2024-11-04,22,31.5,64,19.0,234,117,163,5.1
2024-11-04,23,32.7,66,0.3,170,85,118,8.7
2024-11-04,24,29.3,55,3.3,123,61,86,6.7
2024-11-04,25,24.0,47,26.1,94,47,65,7.5
2024-11-04,26,20.8,65,11.5,112,56,78,8.6
2024-11-04,27,25.3,48,29.3,181,90,126,8.3
2024-11-04,28,32.8,76,26.1,122,61,85,5.3
2024-11-04,29,33.3,87,12.9,197,98,137,5.4
2024-11-04,30,27.6,88,0.2,103,51,72,5.4
2024-11-04,31,33.2,42,13.5,249,124,174,5.7
2024-11-04,32,24.1,81,20.2,214,107,149,6.5
2024-11-04,33,27.1,56,8.7,182,91,127,9.0
2024-11-04,34,37.9,68,21.8,118,59,82,5.3
2024-11-04,35,32.9,74,3.2,212,106,148,5.2
2024-11-04,36,25.4,85,5.8,97,48,67,7.9
2024-11-04,37,34.7,52,17.1,248,124,173,7.7
2024-11-04,38,33.6,75,2.8,141,70,98,9.1
2024-11-04,39,31.8,75,27.3,174,87,121,6.8
2024-11-04,40,34.5,86,10.2,111,55,77,6.9
2024-11-04,41,20.8,69,24.0,195,97,136,6.4
2024-11-04,42,38.0,49,16.0,243,121,170,8.7
2024-11-04,43,35.7,44,23.4,107,53,74,6.3
2024-11-04,44,24.7,79,0.4,249,124,174,8.7
2024-11-04,45,27.8,54,20.1,152,76,106,8.3
2024-11-04,46,21.1,59,0.9,223,111,156,5.2
2024-11-04,47,25.7,47,8.6,201,100,140,5.7
2024-11-04,48,29.6,84,22.7,171,85,119,8.2
2024-11-04,49,22.2,79,16.9,159,79,111,8.3
2024-11-04,50,24.9,64,27.3,215,107,150,5.5
2024-11-04,51,28.6,72,23.7,241,120,168,6.4
2024-11-04,52,30.8,63,0.6,187,93,130,6.1
2024-11-04,53,32.6,65,29.6,156,78,109,6.3
2024-11-04,54,28.5,79,1.0,112,56,78,5.2
2024-11-04,55,36.9,40,26.6,217,108,151,5.9
2024-11-04,56,31.4,56,3.6,93,46,65,6.2
2024-11-04,57,23.1,46,3.6,98,49,68,6.9
2024-11-04,58,22.0,72,28.8,154,77,107,7.9
2024-11-04,59,30.1,73,18.0,177,88,123,7.4
2024-11-04,60,21.0,64,15.0,106,53,74,6.7
2024-11-04,61,24.3,52,2.0,93,46,65,7.0
2024-11-04,62,30.1,46,3.6,113,56,79,6.9
2024-11-04,63,31.9,76,20.4,128,64,89,8.5
2024-11-04,64,37.2,58,23.4,209,104,146,6.5
2024-11-04,65,20.2,51,25.7,164,82,114,8.1
2024-11-04,66,23.7,87,18.5,107,53,74,5.7
2024-11-04,67,37.8,66,1.4,152,76,106,7.6
2024-11-04,68,24.4,73,22.0,191,95,133,7.8
2024-11-04,69,24.2,64,5.3,230,115,161,8.1
2024-11-04,70,35.7,88,9.7,225,112,157,7.9
2024-11-04,71,30.7,57,20.7,249,124,174,6.0
2024-11-04,72,21.4,46,13.2,201,100,140,6.7
2024-11-04,73,33.9,65,12.5,248,124,173,8.2
2024-11-04,74,36.0,65,2.7,121,60,84,8.0
2024-11-04,75,23.4,59,24.8,103,51,72,6.7
2024-11-04,76,29.9,61,29.8,182,91,127,8.5
2024-11-04,77,20.4,85,20.8,92,46,64,7.6
2024-11-04,78,35.2,44,2.6,246,123,172,7.1
2024-11-04,79,29.2,41,1.4,158,79,110,6.7
2024-11-04,80,35.2,62,17.7,177,88,123,7.9
2024-11-04,81,29.8,83,3.0,142,71,99,7.6
2024-11-04,82,33.5,88,20.4,184,92,128,7.4
2024-11-04,83,27.0,43,25.2,234,117,163,8.4
2024-11-04,84,35.5,45,0.8,173,86,121,5.1
2024-11-04,85,28.4,48,19.9,208,104,145,6.7
2024-11-04,86,20.1,59,17.2,174,87,121,8.5
2024-11-04,87,27.7,62,8.3,96,48,67,6.1
2024-11-04,88,20.3,78,3.0,214,107,149,7.1
2024-11-04,89,35.1,73,1.1,96,48,67,6.0
2024-11-04,90,20.1,78,16.5,111,55,77,5.5
2024-11-04,91,25.7,59,2.4,222,111,155,7.1
2024-11-04,92,33.0,65,15.9,210,105,147,8.1
2024-11-04,93,22.3,81,26.1,158,79,110,5.9
2024-11-04,94,34.2,52,28.8,239,119,167,6.6
2024-11-04,95,34.8,65,25.4,226,113,158,5.8
2024-11-04,96,24.7,48,2.2,196,98,137,6.0
2024-11-04,97,36.4,41,2.1,129,64,90,6.1
2024-11-04,98,32.7,55,25.6,182,91,127,8.9
2024-11-04,99,25.3,45,1.8,155,77,108,7.5
2024-11-04,100,30.2,50,20.9,203,101,142,5.3
2024-11-05,1,29.0,63,22.7,104,52,72,7.5
2024-11-05,2,23.9,77,16.3,101,50,70,6.9
2024-11-05,3,35.3,71,6.3,224,112,156,7.6
2024-11-05,4,31.2,78,25.3,220,110,154,5.7
2024-11-05,5,31.0,82,11.9,92,46,64,8.3
2024-11-05,6,34.6,86,19.2,156,78,109,8.0
2024-11-05,7,31.7,49,21.8,135,67,94,7.4
2024-11-05,8,29.2,50,12.1,115,57,80,7.2
2024-11-05,9,20.3,61,28.6,162,81,113,7.5
2024-11-05,10,23.4,88,12.9,101,50,70,7.4
2024-11-05,11,27.2,77,19.1,223,111,156,6.0
2024-11-05,12,28.3,61,4.5,98,49,68,6.0
2024-11-05,13,27.3,51,21.7,151,75,105,8.3
2024-11-05,14,29.9,48,20.1,224,112,156,8.2
2024-11-05,15,30.0,89,6.0,181,90,126,6.2
2024-11-05,16,31.3,60,13.2,142,71,99,7.4
2024-11-05,17,29.9,48,19.0,140,70,98,5.4
2024-11-05,18,22.5,74,18.5,236,118,165,6.7
2024-11-05,19,26.2,50,26.2,125,62,87,6.8
2024-11-05,20,20.9,71,12.2,235,117,164,7.3
2024-11-05,21,37.6,47,12.9,168,84,117,8.4
2024-11-05,22,35.3,75,25.5,174,87,121,5.8
2024-11-05,23,37.4,71,3.3,189,94,132,8.5
2024-11-05,24,24.8,46,26.9,134,67,93,6.4
2024-11-05,25,26.2,47,24.1,231,115,161,7.9
2024-11-05,26,35.1,50,13.6,236,118,165,8.4
2024-11-05,27,26.0,57,27.7,151,75,105,7.4
2024-11-05,28,30.4,58,20.1,145,72,101,5.8
2024-11-05,29,34.3,61,8.2,99,49,69,5.7
2024-11-05,30,24.2,72,3.4,212,106,148,5.9
2024-11-05,31,33.7,49,24.1,156,78,109,5.1
2024-11-05,32,21.8,81,28.8,171,85,119,6.7
2024-11-05,33,33.9,60,14.2,158,79,110,9.1
2024-11-05,34,22.8,88,23.4,162,81,113,6.0
2024-11-05,35,24.5,88,12.7,224,112,156,5.3
2024-11-05,36,22.5,78,24.1,97,48,67,8.2
2024-11-05,37,25.3,54,15.6,136,68,95,7.0
2024-11-05,38,27.1,89,17.5,203,101,142,9.0
2024-11-05,39,31.3,42,7.4,135,67,94,6.8
2024-11-05,40,26.2,52,11.3,222,111,155,7.1
2024-11-05,41,28.0,77,10.9,127,63,88,6.4
2024-11-05,42,21.4,87,25.1,148,74,103,8.3
2024-11-05,43,32.3,65,18.2,144,72,100,6.1
2024-11-05,44,34.6,43,25.4,204,102,142,8.5
2024-11-05,45,30.9,76,2.2,108,54,75,8.5
2024-11-05,46,36.6,62,18.4,240,120,168,4.8
2024-11-05,47,36.3,45,28.2,166,83,116,5.3
2024-11-05,48,25.6,47,24.2,248,124,173,8.1
2024-11-05,49,28.6,84,20.4,225,112,157,9.0
2024-11-05,50,29.0,84,3.9,245,122,171,5.7
2024-11-05,51,37.6,56,0.4,226,113,158,6.1
2024-11-05,52,30.5,71,23.3,202,101,141,5.9
2024-11-05,53,31.1,69,18.6,140,70,98,6.2
2024-11-05,54,37.7,48,14.8,139,69,97,5.0
2024-11-05,55,20.1,65,3.0,127,63,88,6.6
2024-11-05,56,21.4,64,14.0,156,78,109,5.9
2024-11-05,57,26.8,87,10.1,129,64,90,6.1
2024-11-05,58,29.9,80,18.4,204,102,142,7.8
2024-11-05,59,22.0,64,14.2,149,74,104,7.6
2024-11-05,60,30.9,85,26.9,106,53,74,6.3
2024-11-05,61,33.7,75,3.1,105,52,73,6.7
2024-11-05,62,35.4,64,4.0,246,123,172,6.9
2024-11-05,63,22.0,45,2.5,218,109,152,8.7
2024-11-05,64,20.2,42,23.4,192,96,134,6.6
2024-11-05,65,26.7,69,23.9,111,55,77,7.3
2024-11-05,66,25.7,85,28.7,229,114,160,5.6
2024-11-05,67,31.4,54,22.9,208,104,145,7.6
2024-11-05,68,33.3,68,11.1,154,77,107,8.6
2024-11-05,69,23.0,86,18.3,111,55,77,8.3
2024-11-05,70,36.6,65,25.1,184,92,128,7.8
2024-11-05,71,32.7,82,2.3,103,51,72,5.9
2024-11-05,72,33.3,63,18.5,209,104,146,6.8
2024-11-05,73,27.0,41,29.7,125,62,87,8.9
2024-11-05,74,31.6,67,8.8,93,46,65,8.6
2024-11-05,75,30.8,45,8.8,199,99,139,7.0
2024-11-05,76,20.2,82,12.1,206,103,144,8.9
2024-11-05,77,36.0,81,7.7,104,52,72,7.9
2024-11-05,78,28.8,57,12.9,165,82,115,6.9
2024-11-05,79,26.9,63,9.4,247,123,172,7.3
2024-11-05,80,26.2,77,27.3,187,93,130,7.7
2024-11-05,81,36.0,80,12.7,94,47,65,8.0
2024-11-05,82,33.0,47,24.6,96,48,67,7.6
2024-11-05,83,26.3,69,11.3,233,116,163,8.7
2024-11-05,84,23.9,42,12.0,163,81,114,4.8
2024-11-05,85,20.1,54,26.8,97,48,67,6.3
2024-11-05,86,37.4,41,0.2,176,88,123,7.9
2024-11-05,87,23.6,43,8.2,108,54,75,6.1
2024-11-05,88,22.0,57,19.6,176,88,123,6.8
2024-11-05,89,21.9,86,26.5,186,93,130,6.0
2024-11-05,90,26.2,67,24.9,108,54,75,5.5
2024-11-05,91,22.7,63,9.7,148,74,103,7.2
2024-11-05,92,21.2,72,4.7,190,95,133,7.6
2024-11-05,93,21.2,48,27.5,228,114,159,6.6
2024-11-05,94,35.4,81,28.7,120,60,84,5.9
2024-11-05,95,23.8,58,14.5,227,113,158,5.1
2024-11-05,96,22.6,47,23.5,164,82,114,5.8
2024-11-05,97,26.1,59,1.5,104,52,72,5.9
2024-11-05,98,22.7,72,10.7,152,76,106,8.7
2024-11-05,99,35.1,60,25.5,174,87,121,7.6
2024-11-05,100,30.2,87,27.4,205,102,143,5.1
2024-11-06,1,32.9,72,18.7,128,64,89,7.9
2024-11-06,2,33.5,54,14.7,145,72,101,6.8
2024-11-06,3,23.7,40,24.7,189,94,132,7.3
2024-11-06,4,37.3,47,16.2,140,70,98,6.0
2024-11-06,5,36.9,64,22.1,101,50,70,8.5
2024-11-06,6,30.8,56,0.1,103,51,72,8.1
2024-11-06,7,24.1,56,15.8,154,77,107,7.5
2024-11-06,8,25.5,89,30.0,236,118,165,7.4
2024-11-06,9,20.8,44,20.6,128,64,89,7.6
2024-11-06,10,37.6,51,17.0,125,62,87,7.8
2024-11-06,11,27.1,51,4.3,140,70,98,5.9
2024-11-06,12,20.0,73,17.2,138,69,96,5.7
2024-11-06,13,32.4,68,13.0,113,56,79,8.6
2024-11-06,14,28.4,77,25.0,215,107,150,8.5
2024-11-06,15,31.6,63,5.7,110,55,77,6.3
2024-11-06,16,36.0,49,0.5,232,116,162,7.5
2024-11-06,17,26.8,79,5.4,223,111,156,5.6
2024-11-06,18,24.8,51,18.4,112,56,78,7.3
2024-11-06,19,22.8,70,3.6,90,45,62,6.4
2024-11-06,20,34.9,76,20.8,109,54,76,6.6
2024-11-06,21,35.8,54,14.0,197,98,137,8.6
2024-11-06,22,34.7,71,16.8,215,107,150,5.5
2024-11-06,23,21.5,89,26.1,182,91,127,9.4
2024-11-06,24,23.1,44,23.9,248,124,173,7.2
2024-11-06,25,34.0,46,7.3,207,103,144,7.5
2024-11-06,26,26.3,46,16.5,176,88,123,8.8
2024-11-06,27,32.7,68,25.8,130,65,91,7.8
2024-11-06,28,32.3,43,12.0,212,106,148,5.5
2024-11-06,29,26.7,47,2.6,111,55,77,5.1
2024-11-06,30,26.9,41,1.9,233,116,163,6.0
2024-11-06,31,20.5,69,11.8,115,57,80,4.8
2024-11-06,32,24.1,44,9.7,145,72,101,6.7
2024-11-06,33,23.7,73,2.8,145,72,101,8.5
2024-11-06,34,21.3,89,9.0,242,121,169,5.8
2024-11-06,35,29.8,86,25.2,201,100,140,5.4
2024-11-06,36,32.0,41,11.3,183,91,128,8.5
2024-11-06,37,32.0,77,6.0,113,56,79,7.2
2024-11-06,38,26.7,76,4.7,228,114,159,9.1
2024-11-06,39,27.8,55,29.6,93,46,65,7.1
2024-11-06,40,36.0,86,13.9,222,111,155,7.6
2024-11-06,41,24.9,84,17.8,120,60,84,6.3
2024-11-06,42,37.7,60,18.5,144,72,100,8.7
2024-11-06,43,26.0,44,19.6,163,81,114,6.1
2024-11-06,44,30.2,69,4.5,174,87,121,8.3
2024-11-06,45,23.5,79,21.6,168,84,117,8.5
2024-11-06,46,20.9,84,2.4,222,111,155,4.9
2024-11-06,47,31.1,71,8.9,115,57,80,5.2
2024-11-06,48,21.8,68,9.2,230,115,161,7.5
2024-11-06,49,31.6,59,22.0,238,119,166,8.9
2024-11-06,50,25.2,59,18.4,143,71,100,5.9
2024-11-06,51,31.4,76,19.1,100,50,70,6.2
2024-11-06,52,25.3,58,23.4,176,88,123,5.8
2024-11-06,53,32.2,42,23.5,231,115,161,6.0
2024-11-06,54,34.0,44,27.0,231,115,161,5.9
2024-11-06,55,37.4,88,14.8,161,80,112,6.4
2024-11-06,56,22.2,70,4.9,164,82,114,5.6
2024-11-06,57,20.6,66,17.2,243,121,170,6.8
2024-11-06,58,21.8,76,2.6,92,46,64,7.9
2024-11-06,59,21.3,44,6.3,209,104,146,7.7
2024-11-06,60,29.6,52,21.5,161,80,112,6.2
2024-11-06,61,28.8,70,11.6,243,121,170,7.0
2024-11-06,62,31.3,57,0.9,201,100,140,6.7
2024-11-06,63,28.5,55,16.6,149,74,104,8.6
2024-11-06,64,31.7,42,14.1,189,94,132,6.7
2024-11-06,65,22.3,48,13.5,234,117,163,7.3
2024-11-06,66,30.8,59,26.0,116,58,81,5.9
2024-11-06,67,24.9,63,3.0,175,87,122,7.6
2024-11-06,68,25.0,49,29.6,110,55,77,7.9
2024-11-06,69,22.8,48,21.6,243,121,170,8.4
2024-11-06,70,30.2,74,12.6,125,62,87,7.6
2024-11-06,71,24.3,48,14.4,158,79,110,5.4
2024-11-06,72,30.4,77,8.6,196,98,137,6.6
2024-11-06,73,30.1,59,16.1,126,63,88,8.8
2024-11-06,74,23.9,70,25.3,238,119,166,8.8
2024-11-06,75,33.4,81,29.3,225,112,157,6.7
2024-11-06,76,22.9,53,10.4,110,55,77,9.1
2024-11-06,77,23.0,57,7.3,153,76,107,8.0
2024-11-06,78,36.5,71,2.1,208,104,145,6.8
2024-11-06,79,25.1,72,28.3,235,117,164,6.5
2024-11-06,80,24.2,64,0.2,99,49,69,8.4
2024-11-06,81,24.5,73,8.0,225,112,157,7.7
2024-11-06,82,27.8,82,13.4,132,66,92,7.5
2024-11-06,83,33.7,81,14.5,120,60,84,8.7
2024-11-06,84,21.3,77,11.4,221,110,154,5.5
2024-11-06,85,26.1,51,21.6,199,99,139,6.8
2024-11-06,86,35.9,85,21.9,137,68,95,8.2
2024-11-06,87,27.9,54,6.3,157,78,109,5.8
2024-11-06,88,35.2,61,22.5,104,52,72,6.7
2024-11-06,89,27.7,61,22.0,98,49,68,6.4
2024-11-06,90,33.0,48,7.5,134,67,93,5.7
2024-11-06,91,35.0,67,4.1,105,52,73,6.9
2024-11-06,92,24.7,47,1.4,107,53,74,7.4
2024-11-06,93,34.3,82,5.4,148,74,103,6.0
2024-11-06,94,31.0,45,9.5,224,112,156,6.3
2024-11-06,95,31.9,70,2.8,170,85,118,5.2
2024-11-06,96,34.0,68,22.3,232,116,162,5.6
2024-11-06,97,21.5,51,16.8,130,65,91,6.2
2024-11-06,98,23.1,83,27.2,120,60,84,9.2
2024-11-06,99,36.7,42,3.6,234,117,163,6.9
2024-11-06,100,30.3,41,6.5,113,56,79,5.3
2024-11-07,1,25.9,71,20.5,194,97,135,7.7
2024-11-07,2,24.7,41,22.0,174,87,121,7.2
2024-11-07,3,36.6,82,0.2,96,48,67,7.4
2024-11-07,4,30.5,72,5.6,234,117,163,6.2
2024-11-07,5,29.8,69,2.7,218,109,152,8.0
2024-11-07,6,22.0,64,4.1,208,104,145,8.6
2024-11-07,7,33.1,75,25.1,141,70,98,7.9
2024-11-07,8,32.1,68,6.4,193,96,135,7.6
2024-11-07,9,26.5,75,18.6,158,79,110,7.7
2024-11-07,10,31.0,63,29.2,141,70,98,7.7
2024-11-07,11,36.8,56,4.8,160,80,112,5.5
2024-11-07,12,30.6,42,5.4,143,71,100,6.0
2024-11-07,13,28.4,89,6.0,158,79,110,8.5
2024-11-07,14,31.1,60,4.4,136,68,95,7.7
2024-11-07,15,31.3,62,7.5,110,55,77,6.7
2024-11-07,16,27.0,56,1.1,103,51,72,7.8
2024-11-07,17,27.7,89,10.8,95,47,66,5.9
2024-11-07,18,37.6,45,23.7,96,48,67,6.7
2024-11-07,19,27.4,40,8.3,116,58,81,6.1
2024-11-07,20,32.1,42,7.3,186,93,130,7.1
2024-11-07,21,21.0,84,22.3,118,59,82,8.5
2024-11-07,22,25.8,66,17.9,193,96,135,5.8
2024-11-07,23,31.0,62,8.9,126,63,88,9.0
2024-11-07,24,37.9,44,29.5,141,70,98,7.0
2024-11-07,25,27.7,49,4.4,112,56,78,7.2
2024-11-07,26,23.8,85,18.3,130,65,91,8.5
2024-11-07,27,38.0,85,22.9,139,69,97,7.9
2024-11-07,28,34.3,43,3.3,240,120,168,5.2
2024-11-07,29,37.0,58,11.2,184,92,128,4.9
2024-11-07,30,27.6,42,6.4,107,53,74,5.2
2024-11-07,31,37.3,49,7.2,162,81,113,4.8
2024-11-07,32,37.5,87,16.3,218,109,152,6.5
2024-11-07,33,22.8,70,2.5,137,68,95,8.7
2024-11-07,34,28.9,86,20.1,202,101,141,5.6
2024-11-07,35,29.5,45,6.2,104,52,72,5.4
2024-11-07,36,25.2,69,14.0,235,117,164,8.4
2024-11-07,37,26.0,65,12.0,129,64,90,7.1
2024-11-07,38,35.4,47,10.2,132,66,92,8.4
2024-11-07,39,29.6,70,20.0,116,58,81,7.3
2024-11-07,40,35.9,72,5.1,133,66,93,6.7
2024-11-07,41,29.5,40,27.2,234,117,163,6.6
2024-11-07,42,29.8,89,8.9,161,80,112,8.5
2024-11-07,43,34.5,64,23.8,219,109,153,5.7
2024-11-07,44,21.3,49,2.4,177,88,123,8.5
2024-11-07,45,22.5,56,19.8,144,72,100,7.6
2024-11-07,46,32.9,87,11.3,154,77,107,4.9
2024-11-07,47,35.7,54,10.0,110,55,77,5.0
2024-11-07,48,36.0,62,25.8,209,104,146,7.4
2024-11-07,49,36.4,78,17.9,145,72,101,8.6
2024-11-07,50,34.2,65,23.6,178,89,124,6.0
2024-11-07,51,30.3,48,29.9,99,49,69,6.5
2024-11-07,52,33.8,65,15.0,149,74,104,5.8
2024-11-07,53,26.8,82,1.7,232,116,162,6.6
2024-11-07,54,32.3,84,6.4,167,83,116,5.0
2024-11-07,55,36.5,62,18.4,135,67,94,6.0
2024-11-07,56,27.9,59,3.8,141,70,98,6.3
2024-11-07,57,34.4,64,26.4,208,104,145,6.1
2024-11-07,58,29.6,89,2.2,245,122,171,7.7
2024-11-07,59,32.9,44,1.7,214,107,149,7.1
2024-11-07,60,36.2,86,23.9,242,121,169,6.6
2024-11-07,61,33.6,54,3.3,140,70,98,6.6
2024-11-07,62,29.5,84,26.5,212,106,148,7.5
2024-11-07,63,30.9,45,25.5,110,55,77,8.0
2024-11-07,64,25.6,88,12.6,179,89,125,6.7
2024-11-07,65,22.2,88,26.8,141,70,98,7.1
2024-11-07,66,29.6,54,0.1,193,96,135,6.2
2024-11-07,67,20.9,76,6.0,135,67,94,7.9
2024-11-07,68,22.5,62,12.8,92,46,64,8.2
2024-11-07,69,37.5,78,7.1,90,45,62,8.9
2024-11-07,70,22.0,68,24.5,223,111,156,7.6
2024-11-07,71,22.9,60,1.1,220,110,154,6.4
2024-11-07,72,25.3,70,5.5,109,54,76,6.4
2024-11-07,73,21.2,79,25.5,104,52,72,8.6
2024-11-07,74,36.3,41,0.2,168,84,117,8.0
2024-11-07,75,25.6,74,27.3,180,90,125,6.9
2024-11-07,76,35.0,53,3.3,90,45,62,8.4
2024-11-07,77,36.9,63,1.0,166,83,116,7.5
2024-11-07,78,28.7,48,29.2,156,78,109,7.3
2024-11-07,79,37.1,49,5.8,111,55,77,7.3
2024-11-07,80,37.6,50,18.5,225,112,157,7.7
2024-11-07,81,33.2,71,19.1,93,46,65,7.9
2024-11-07,82,27.5,83,28.8,210,105,147,7.6
2024-11-07,83,33.7,78,16.2,152,76,106,8.7
2024-11-07,84,24.4,76,17.5,163,81,114,4.9
2024-11-07,85,33.4,78,20.3,228,114,159,6.4
2024-11-07,86,20.1,83,7.7,211,105,147,8.1
2024-11-07,87,23.3,40,20.4,206,103,144,5.6
2024-11-07,88,26.5,77,9.0,226,113,158,6.3
2024-11-07,89,20.8,56,22.6,141,70,98,6.2
2024-11-07,90,33.1,72,16.4,164,82,114,6.2
2024-11-07,91,31.5,69,25.2,222,111,155,6.9
2024-11-07,92,36.4,40,5.3,217,108,151,7.7
2024-11-07,93,29.3,65,27.7,212,106,148,5.7
2024-11-07,94,25.9,61,1.3,197,98,137,6.7
2024-11-07,95,24.9,78,7.4,110,55,77,5.6
2024-11-07,96,25.0,87,5.0,125,62,87,6.0
2024-11-07,97,32.7,80,10.8,235,117,164,5.9
2024-11-07,98,33.9,45,16.8,117,58,81,9.4
2024-11-07,99,29.1,60,12.1,177,88,123,7.4
2024-11-07,100,37.0,89,28.5,120,60,84,5.7
2024-11-08,1,37.6,41,19.6,183,91,128,7.9
2024-11-08,2,24.6,46,8.2,236,118,165,6.7
2024-11-08,3,35.4,54,8.9,214,107,149,7.7
2024-11-08,4,20.1,42,3.0,213,106,149,5.6
2024-11-08,5,32.5,88,8.2,167,83,116,8.2
2024-11-08,6,26.4,52,25.9,188,94,131,8.5
2024-11-08,7,36.3,41,4.9,201,100,140,7.4
2024-11-08,8,25.9,42,10.6,203,101,142,8.0
2024-11-08,9,25.4,54,11.2,150,75,105,7.7
2024-11-08,10,31.4,77,27.3,134,67,93,7.3
2024-11-08,11,23.1,40,1.4,220,110,154,5.7
2024-11-08,12,21.6,40,17.5,102,51,71,5.3
2024-11-08,13,30.2,53,16.3,240,120,168,8.6
2024-11-08,14,23.7,46,1.3,155,77,108,7.6
2024-11-08,15,36.4,86,3.1,141,70,98,6.5
2024-11-08,16,23.1,57,11.8,229,114,160,7.5
2024-11-08,17,23.6,65,17.2,219,109,153,5.7
2024-11-08,18,24.7,72,29.9,236,118,165,7.1
2024-11-08,19,35.9,84,13.8,230,115,161,6.3
2024-11-08,20,25.1,46,28.6,244,122,170,7.4
2024-11-08,21,22.0,73,28.3,210,105,147,8.7
2024-11-08,22,26.7,87,22.9,157,78,109,5.0
2024-11-08,23,25.4,56,10.5,227,113,158,8.8
2024-11-08,24,21.8,66,5.4,223,111,156,7.0
2024-11-08,25,36.5,43,21.1,193,96,135,7.2
2024-11-08,26,29.8,88,9.6,198,99,138,7.9
2024-11-08,27,29.7,70,1.8,195,97,136,8.1
2024-11-08,28,32.5,69,19.8,230,115,161,5.5
2024-11-08,29,27.0,63,23.7,246,123,172,5.2
2024-11-08,30,33.2,44,18.8,166,83,116,5.6
2024-11-08,31,37.3,53,2.8,111,55,77,5.3
2024-11-08,32,30.3,79,5.6,214,107,149,6.9
2024-11-08,33,26.0,61,12.6,127,63,88,8.5
2024-11-08,34,37.8,53,25.1,162,81,113,5.6
2024-11-08,35,26.6,86,17.1,159,79,111,5.6
2024-11-08,36,21.5,55,29.9,220,110,154,8.5
2024-11-08,37,33.4,56,0.1,202,101,141,7.7
2024-11-08,38,21.8,40,15.0,192,96,134,8.4
2024-11-08,39,29.8,69,19.5,103,51,72,6.8
2024-11-08,40,35.4,65,6.5,226,113,158,7.1
2024-11-08,41,23.4,51,2.4,130,65,91,6.4
2024-11-08,42,32.0,41,22.8,105,52,73,8.7
2024-11-08,43,27.7,47,3.6,227,113,158,6.1
2024-11-08,44,20.1,63,7.0,157,78,109,8.9
2024-11-08,45,30.3,81,3.3,240,120,168,8.1
2024-11-08,46,35.3,73,4.4,119,59,83,5.5
2024-11-08,47,20.4,81,13.0,177,88,123,5.9
2024-11-08,48,24.3,68,11.5,165,82,115,7.8
2024-11-08,49,37.3,48,15.9,135,67,94,8.6
2024-11-08,50,22.7,56,12.0,94,47,65,5.8
2024-11-08,51,32.1,87,3.6,180,90,125,6.3
2024-11-08,52,29.1,47,13.2,185,92,129,5.5
2024-11-08,53,27.8,57,6.3,165,82,115,6.9
2024-11-08,54,35.0,77,28.4,205,102,143,5.8
2024-11-08,55,20.6,85,9.8,120,60,84,6.1
2024-11-08,56,24.5,74,0.6,118,59,82,6.2
2024-11-08,57,29.8,85,25.9,121,60,84,6.8
2024-11-08,58,23.1,63,12.6,220,110,154,7.6
2024-11-08,59,25.7,49,18.0,213,106,149,7.0
2024-11-08,60,27.6,68,5.2,210,105,147,6.5
2024-11-08,61,31.2,44,23.7,198,99,138,6.7
2024-11-08,62,37.2,87,0.7,168,84,117,6.7
2024-11-08,63,25.2,61,13.3,140,70,98,8.4
2024-11-08,64,22.1,65,1.9,214,107,149,6.3
2024-11-08,65,36.4,55,9.4,99,49,69,8.0
2024-11-08,66,29.3,77,16.1,201,100,140,5.4
2024-11-08,67,31.1,85,21.1,151,75,105,7.2
2024-11-08,68,29.2,60,5.6,93,46,65,7.9
2024-11-08,69,24.1,65,3.1,219,109,153,8.1
2024-11-08,70,22.3,84,22.0,131,65,91,7.4
2024-11-08,71,26.1,64,27.8,131,65,91,6.0
2024-11-08,72,20.9,42,7.4,188,94,131,6.6
2024-11-08,73,25.9,61,13.8,134,67,93,8.4
2024-11-08,74,25.6,79,1.2,211,105,147,8.5
2024-11-08,75,36.9,87,9.3,95,47,66,6.8
2024-11-08,76,26.4,50,11.5,130,65,91,8.2
2024-11-08,77,34.6,83,17.0,102,51,71,7.3
2024-11-08,78,29.7,71,5.9,189,94,132,7.0
2024-11-08,79,29.0,69,13.4,180,90,125,6.4
2024-11-08,80,35.6,56,0.6,210,105,147,8.4
2024-11-08,81,32.2,44,29.9,145,72,101,7.9
2024-11-08,82,30.6,89,7.7,190,95,133,7.8
2024-11-08,83,27.3,89,11.2,157,78,109,9.0
2024-11-08,84,36.1,63,4.9,208,104,145,5.3
2024-11-08,85,35.3,75,23.6,194,97,135,6.5
2024-11-08,86,31.1,47,7.0,234,117,163,8.2
2024-11-08,87,23.2,45,19.0,138,69,96,5.9
2024-11-08,88,21.5,57,19.7,163,81,114,7.1
2024-11-08,89,27.8,83,10.8,230,115,161,6.3
2024-11-08,90,30.9,87,21.0,153,76,107,6.0
2024-11-08,91,23.1,73,11.0,191,95,133,6.8
2024-11-08,92,30.0,51,1.6,108,54,75,7.9
2024-11-08,93,29.9,56,14.4,128,64,89,6.2
2024-11-08,94,33.1,51,29.6,104,52,72,6.6
2024-11-08,95,31.0,75,14.1,187,93,130,5.8
2024-11-08,96,31.7,78,26.9,186,93,130,5.7
2024-11-08,97,37.1,65,6.4,186,93,130,5.9
2024-11-08,98,22.5,45,2.1,212,106,148,8.9
2024-11-08,99,32.6,80,22.6,102,51,71,6.9
2024-11-08,100,24.0,41,8.3,148,74,103,5.2
2024-11-09,1,35.7,49,10.4,219,109,153,7.6
2024-11-09,2,23.7,85,9.9,239,119,167,6.7
2024-11-09,3,23.7,54,8.7,238,119,166,7.6
2024-11-09,4,27.6,85,28.8,180,90,125,6.0
2024-11-09,5,28.8,61,25.7,162,81,113,8.6
2024-11-09,6,27.1,57,22.4,116,58,81,8.4
2024-11-09,7,26.8,71,22.8,192,96,134,7.7
2024-11-09,8,27.0,53,13.7,243,121,170,7.7
2024-11-09,9,23.4,71,0.1,249,124,174,7.7
2024-11-09,10,31.1,57,25.0,208,104,145,7.8
2024-11-09,11,29.8,79,29.7,225,112,157,6.0
2024-11-09,12,37.6,44,1.9,167,83,116,5.8
2024-11-09,13,25.8,63,17.4,229,114,160,8.5
2024-11-09,14,35.2,64,9.0,164,82,114,7.6
2024-11-09,15,30.7,64,10.0,113,56,79,6.8
2024-11-09,16,29.1,64,26.3,171,85,119,7.7
2024-11-09,17,27.7,42,23.8,184,92,128,5.6
2024-11-09,18,20.1,89,26.0,156,78,109,7.2
2024-11-09,19,34.1,83,6.5,152,76,106,6.5
2024-11-09,20,32.3,58,28.3,199,99,139,7.1
2024-11-09,21,23.0,80,13.4,226,113,158,8.9
2024-11-09,22,20.6,88,27.8,171,85,119,5.9
2024-11-09,23,34.7,54,21.3,194,97,135,9.0
2024-11-09,24,23.0,43,19.4,199,99,139,7.3
2024-11-09,25,36.7,73,27.9,149,74,104,7.7
2024-11-09,26,26.0,83,6.0,125,62,87,8.3
2024-11-09,27,37.0,84,4.8,240,120,168,8.0
2024-11-09,28,20.8,70,3.7,108,54,75,5.7
2024-11-09,29,37.4,67,8.1,169,84,118,5.0
2024-11-09,30,24.4,77,28.3,189,94,132,5.3
2024-11-09,31,22.2,75,8.5,213,106,149,5.2
2024-11-09,32,25.7,52,12.7,178,89,124,6.8
2024-11-09,33,27.1,81,29.5,247,123,172,8.8
2024-11-09,34,24.5,57,11.7,110,55,77,5.8
2024-11-09,35,35.0,89,1.3,223,111,156,5.1
2024-11-09,36,35.7,41,27.7,119,59,83,8.4
2024-11-09,37,36.0,76,3.9,218,109,152,7.8
2024-11-09,38,35.5,42,10.4,234,117,163,8.2
2024-11-09,39,32.7,72,6.5,194,97,135,6.3
2024-11-09,40,20.9,76,5.7,198,99,138,7.0
2024-11-09,41,31.1,67,15.4,242,121,169,5.6
2024-11-09,42,26.4,61,9.5,197,98,137,8.3
2024-11-09,43,27.3,46,28.6,96,48,67,6.5
2024-11-09,44,28.2,59,28.2,147,73,102,8.1
2024-11-09,45,32.9,66,8.6,233,116,163,8.6
2024-11-09,46,29.7,51,9.4,156,78,109,5.0
2024-11-09,47,37.9,77,20.2,241,120,168,5.3
2024-11-09,48,35.9,85,6.1,171,85,119,8.0
2024-11-09,49,37.5,41,0.6,123,61,86,9.1
2024-11-09,50,36.3,87,0.3,112,56,78,6.0
2024-11-09,51,36.4,42,12.7,119,59,83,6.9
2024-11-09,52,21.0,40,13.7,207,103,144,5.9
2024-11-09,53,32.3,74,7.3,99,49,69,6.5
2024-11-09,54,36.9,77,17.1,225,112,157,5.6
2024-11-09,55,28.5,56,6.0,232,116,162,6.0
2024-11-09,56,35.9,60,20.5,124,62,86,6.0
2024-11-09,57,27.6,55,8.9,148,74,103,6.2
2024-11-09,58,37.8,51,14.7,229,114,160,7.7
2024-11-09,59,34.9,79,12.7,149,74,104,7.6
2024-11-09,60,24.5,78,14.5,212,106,148,6.3
2024-11-09,61,35.4,75,18.1,160,80,112,6.7
2024-11-09,62,34.2,65,18.3,129,64,90,6.9
2024-11-09,63,36.1,86,12.5,98,49,68,8.3
2024-11-09,64,22.2,60,28.1,105,52,73,6.9
2024-11-09,65,28.1,65,6.7,228,114,159,7.3
2024-11-09,66,29.2,54,13.6,104,52,72,5.3
2024-11-09,67,30.0,73,5.6,91,45,63,7.5
2024-11-09,68,26.1,58,15.6,167,83,116,8.3
2024-11-09,69,37.4,87,7.3,198,99,138,8.4
2024-11-09,70,30.6,63,29.2,118,59,82,8.3
2024-11-09,71,33.0,87,9.6,96,48,67,6.1
2024-11-09,72,24.5,84,0.5,243,121,170,7.0
2024-11-09,73,25.1,76,25.8,231,115,161,8.0
2024-11-09,74,38.0,48,2.7,234,117,163,8.5
2024-11-09,75,34.4,61,16.8,245,122,171,6.2
2024-11-09,76,36.0,48,26.6,219,109,153,9.0
2024-11-09,77,36.9,73,25.3,102,51,71,7.5
2024-11-09,78,34.2,62,11.7,177,88,123,7.1
2024-11-09,79,37.7,86,14.6,146,73,102,7.3
2024-11-09,80,28.1,88,22.9,167,83,116,7.8
2024-11-09,81,31.4,70,28.4,94,47,65,8.1
2024-11-09,82,24.1,54,22.7,228,114,159,7.3
2024-11-09,83,29.0,62,22.7,219,109,153,9.1
2024-11-09,84,30.1,62,29.4,193,96,135,4.9
2024-11-09,85,36.9,85,26.8,247,123,172,6.7
2024-11-09,86,22.2,40,6.8,225,112,157,8.5
2024-11-09,87,23.8,57,27.0,185,92,129,6.0
2024-11-09,88,28.4,71,25.9,134,67,93,7.1
2024-11-09,89,24.0,75,15.3,248,124,173,6.1
2024-11-09,90,23.9,85,5.6,210,105,147,5.8
2024-11-09,91,26.1,85,28.7,170,85,118,6.8
2024-11-09,92,33.0,84,12.7,136,68,95,7.8
2024-11-09,93,27.5,63,26.1,112,56,78,6.0
2024-11-09,94,21.5,76,20.4,96,48,67,6.5
2024-11-09,95,25.7,83,20.4,117,58,81,5.3
2024-11-09,96,23.8,57,17.3,90,45,62,6.3
2024-11-09,97,25.7,81,17.2,218,109,152,5.9
2024-11-09,98,21.7,78,24.6,176,88,123,9.1
2024-11-09,99,36.9,73,29.3,195,97,136,7.8
2024-11-09,100,28.8,44,14.7,247,123,172,6.0
2024-11-10,1,33.7,46,11.7,93,46,65,8.0
2024-11-10,2,36.1,42,24.1,116,58,81,7.1
2024-11-10,3,24.7,52,12.2,121,60,84,7.0
2024-11-10,4,32.5,56,20.9,241,120,168,5.8
2024-11-10,5,26.4,89,23.1,192,96,134,8.5
2024-11-10,6,24.0,62,23.5,244,122,170,7.9
2024-11-10,7,33.3,88,7.5,242,121,169,7.4
2024-11-10,8,31.3,41,3.8,104,52,72,7.5
2024-11-10,9,35.3,89,7.9,207,103,144,7.6
2024-11-10,10,36.4,41,17.8,190,95,133,7.7
2024-11-10,11,20.2,54,17.9,226,113,158,5.6
2024-11-10,12,22.3,53,9.1,201,100,140,5.5
2024-11-10,13,25.2,81,8.2,156,78,109,8.5
2024-11-10,14,28.4,58,5.2,233,116,163,8.2
2024-11-10,15,25.6,67,3.7,107,53,74,6.8
2024-11-10,16,22.2,69,11.6,118,59,82,7.7
2024-11-10,17,37.0,60,18.0,213,106,149,5.3
2024-11-10,18,22.6,74,1.0,189,94,132,6.9
2024-11-10,19,27.2,72,15.5,170,85,118,6.6
2024-11-10,20,32.1,40,18.7,201,100,140,7.1
2024-11-10,21,21.9,71,13.9,210,105,147,9.0
2024-11-10,22,20.5,51,15.4,234,117,163,5.5
2024-11-10,23,26.8,46,12.8,217,108,151,8.6
2024-11-10,24,35.0,79,13.7,137,68,95,6.6
2024-11-10,25,34.8,86,4.2,164,82,114,7.3
2024-11-10,26,37.7,60,18.0,130,65,91,8.6
2024-11-10,27,35.7,72,8.5,123,61,86,8.0
2024-11-10,28,29.4,66,24.4,99,49,69,5.0
2024-11-10,29,35.9,79,20.1,94,47,65,5.1
2024-11-10,30,20.3,51,1.3,175,87,122,5.5
2024-11-10,31,30.2,52,19.3,127,63,88,4.9
2024-11-10,32,29.5,84,2.0,90,45,62,6.7
2024-11-10,33,36.3,82,20.2,133,66,93,8.9
2024-11-10,34,29.1,70,3.1,94,47,65,5.9
2024-11-10,35,32.8,87,20.1,98,49,68,4.9
2024-11-10,36,23.7,53,13.2,202,101,141,8.2
2024-11-10,37,32.3,64,27.9,187,93,130,7.6
2024-11-10,38,33.7,42,17.9,201,100,140,9.0
2024-11-10,39,24.9,57,3.7,139,69,97,6.9
2024-11-10,40,31.1,68,21.1,179,89,125,7.1
2024-11-10,41,26.8,41,15.5,236,118,165,6.5
2024-11-10,42,35.4,58,21.3,180,90,125,8.4
2024-11-10,43,22.5,88,14.2,158,79,110,6.3
2024-11-10,44,33.7,56,22.1,142,71,99,8.3
2024-11-10,45,28.0,87,3.1,202,101,141,8.3
2024-11-10,46,33.4,49,12.5,137,68,95,4.9
2024-11-10,47,33.2,83,24.9,159,79,111,5.7
2024-11-10,48,20.4,62,26.8,155,77,108,7.4
2024-11-10,49,37.6,78,26.2,129,64,90,8.8
2024-11-10,50,32.2,64,8.6,171,85,119,5.3
2024-11-10,51,34.1,76,8.4,228,114,159,6.8
2024-11-10,52,26.4,69,7.2,167,83,116,5.7
2024-11-10,53,20.4,46,12.8,205,102,143,6.2
2024-11-10,54,36.2,82,21.1,244,122,170,5.8
2024-11-10,55,37.5,68,2.2,215,107,150,6.2
2024-11-10,56,21.4,60,10.1,178,89,124,6.0
2024-11-10,57,26.3,62,10.8,109,54,76,6.3
2024-11-10,58,36.8,79,17.5,249,124,174,8.1
2024-11-10,59,33.0,43,19.6,95,47,66,6.9
2024-11-10,60,33.7,44,0.8,212,106,148,6.6
2024-11-10,61,26.1,43,22.8,204,102,142,7.2
2024-11-10,62,23.5,61,18.3,150,75,105,7.1
2024-11-10,63,20.2,70,3.4,137,68,95,8.3
2024-11-10,64,35.1,70,28.8,224,112,156,7.3
2024-11-10,65,20.2,86,4.0,218,109,152,7.8
2024-11-10,66,21.9,42,0.9,232,116,162,5.9
2024-11-10,67,26.5,42,12.7,222,111,155,7.6
2024-11-10,68,30.0,64,12.0,101,50,70,8.7
2024-11-10,69,36.4,42,19.6,240,120,168,8.4
2024-11-10,70,23.6,72,27.5,176,88,123,7.7
2024-11-10,71,30.7,51,29.4,238,119,166,5.5
2024-11-10,72,36.8,81,7.6,130,65,91,6.4
2024-11-10,73,24.8,48,17.2,100,50,70,8.6
2024-11-10,74,20.3,63,13.3,191,95,133,8.2
2024-11-10,75,25.0,58,6.5,245,122,171,6.7
2024-11-10,76,28.9,81,19.7,202,101,141,9.1
2024-11-10,77,28.3,67,3.0,220,110,154,7.2
2024-11-10,78,28.8,58,26.6,146,73,102,7.0
2024-11-10,79,30.3,77,17.8,158,79,110,7.1
2024-11-10,80,27.4,81,0.5,186,93,130,8.4
2024-11-10,81,20.5,68,16.6,212,106,148,7.6
2024-11-10,82,34.4,42,10.1,127,63,88,7.0
2024-11-10,83,23.5,62,20.2,200,100,140,8.5
2024-11-10,84,31.8,76,9.9,186,93,130,5.7
2024-11-10,85,30.6,61,25.4,104,52,72,6.3
2024-11-10,86,28.4,64,12.2,139,69,97,8.8
2024-11-10,87,35.1,89,26.7,205,102,143,5.7
2024-11-10,88,29.9,84,26.4,177,88,123,6.9
2024-11-10,89,23.3,40,6.3,133,66,93,6.4
2024-11-10,90,35.6,54,27.9,139,69,97,5.7
2024-11-10,91,34.5,48,3.6,235,117,164,7.3
2024-11-10,92,30.1,79,18.9,179,89,125,7.4
2024-11-10,93,23.4,77,22.4,157,78,109,5.9
2024-11-10,94,22.0,72,1.2,177,88,123,6.9
2024-11-10,95,29.9,78,29.1,135,67,94,5.6
2024-11-10,96,32.9,51,21.1,97,48,67,6.3
2024-11-10,97,32.4,67,12.2,230,115,161,5.7
2024-11-10,98,33.2,43,4.7,163,81,114,9.3
2024-11-10,99,34.1,45,0.5,220,110,154,7.1
2024-11-10,100,31.5,58,3.3,213,106,149,5.5
2024-11-11,1,28.7,60,5.6,106,53,74,7.9
2024-11-11,2,20.8,84,10.5,228,114,159,6.5
2024-11-11,3,37.7,41,4.2,248,124,173,7.6
2024-11-11,4,26.7,76,15.5,189,94,132,5.8
2024-11-11,5,32.1,79,7.7,178,89,124,8.0
2024-11-11,6,22.1,76,14.8,239,119,167,8.8
2024-11-11,7,20.5,56,8.6,234,117,163,8.1
2024-11-11,8,28.4,65,3.5,169,84,118,7.3
2024-11-11,9,22.7,77,20.6,223,111,156,7.0
2024-11-11,10,33.2,45,16.1,164,82,114,7.5
2024-11-11,11,29.4,55,19.8,232,116,162,5.7
2024-11-11,12,22.5,80,27.8,241,120,168,6.1
2024-11-11,13,21.9,62,22.7,162,81,113,9.1
2024-11-11,14,35.9,73,25.8,108,54,75,8.4
2024-11-11,15,32.6,60,21.4,234,117,163,6.9
2024-11-11,16,36.2,41,14.2,132,66,92,7.4
2024-11-11,17,20.2,76,5.1,158,79,110,5.4
2024-11-11,18,22.3,51,0.9,144,72,100,6.9
2024-11-11,19,34.0,48,28.0,104,52,72,6.1
2024-11-11,20,22.5,64,17.6,96,48,67,7.2
2024-11-11,21,24.6,43,9.5,210,105,147,8.5
2024-11-11,22,26.2,69,22.6,198,99,138,5.7
2024-11-11,23,35.6,71,12.6,179,89,125,9.3
2024-11-11,24,28.8,82,21.3,132,66,92,7.0
2024-11-11,25,21.3,72,18.5,186,93,130,7.3
2024-11-11,26,33.0,84,6.7,184,92,128,8.5
2024-11-11,27,36.0,61,24.4,179,89,125,7.8
2024-11-11,28,26.4,89,13.7,199,99,139,5.2
2024-11-11,29,27.3,52,0.7,144,72,100,5.3
2024-11-11,30,37.2,67,8.3,236,118,165,5.5
2024-11-11,31,27.0,82,4.1,92,46,64,4.8
2024-11-11,32,22.8,64,25.7,150,75,105,7.1
2024-11-11,33,37.8,88,29.4,128,64,89,8.8
2024-11-11,34,29.7,42,20.7,202,101,141,5.8
2024-11-11,35,20.0,77,9.6,238,119,166,4.9
2024-11-11,36,32.7,66,9.5,226,113,158,8.0
2024-11-11,37,37.6,75,8.2,129,64,90,7.5
2024-11-11,38,35.9,78,24.2,232,116,162,9.1
2024-11-11,39,37.1,45,13.0,147,73,102,7.2
2024-11-11,40,32.2,46,15.4,216,108,151,7.1
2024-11-11,41,27.7,68,24.8,200,100,140,6.5
2024-11-11,42,36.5,45,28.5,155,77,108,9.0
2024-11-11,43,35.0,64,12.9,176,88,123,6.3
2024-11-11,44,36.2,75,21.6,204,102,142,8.7
2024-11-11,45,23.8,82,25.0,166,83,116,7.8
2024-11-11,46,36.2,71,0.8,213,106,149,4.9
2024-11-11,47,27.6,51,10.7,208,104,145,5.5
2024-11-11,48,29.1,86,14.7,130,65,91,7.9
2024-11-11,49,24.2,78,20.7,177,88,123,8.4
2024-11-11,50,28.1,63,16.1,168,84,117,6.0
2024-11-11,51,35.5,46,21.1,188,94,131,6.1
2024-11-11,52,20.7,86,6.5,243,121,170,5.4
2024-11-11,53,23.3,71,22.7,163,81,114,6.2
2024-11-11,54,29.6,42,15.0,147,73,102,6.0
2024-11-11,55,20.8,61,12.9,219,109,153,6.9
2024-11-11,56,28.6,84,26.8,132,66,92,5.8
2024-11-11,57,23.3,49,26.6,248,124,173,6.7
2024-11-11,58,24.1,76,16.9,107,53,74,8.2
2024-11-11,59,27.9,79,0.6,173,86,121,7.3
2024-11-11,60,36.8,65,1.1,102,51,71,6.8
2024-11-11,61,22.7,85,28.8,246,123,172,6.6
2024-11-11,62,30.5,69,26.6,241,120,168,6.8
2024-11-11,63,25.3,70,16.2,174,87,121,7.8
2024-11-11,64,33.3,40,9.2,95,47,66,6.3
2024-11-11,65,34.1,77,29.6,191,95,133,8.1
2024-11-11,66,28.9,54,9.7,237,118,165,5.8
2024-11-11,67,37.7,58,21.3,177,88,123,7.8
2024-11-11,68,30.6,89,12.7,150,75,105,8.4
2024-11-11,69,26.5,54,23.1,175,87,122,8.5
2024-11-11,70,21.7,58,2.8,158,79,110,7.6
2024-11-11,71,30.5,51,26.3,147,73,102,5.4
2024-11-11,72,20.7,48,23.7,201,100,140,6.3
2024-11-11,73,29.4,81,2.3,204,102,142,8.7
2024-11-11,74,37.8,74,23.3,249,124,174,8.0
2024-11-11,75,35.7,71,0.4,190,95,133,7.0
2024-11-11,76,29.4,69,10.1,155,77,108,8.7
2024-11-11,77,34.1,59,14.8,191,95,133,7.7
2024-11-11,78,36.8,79,8.9,131,65,91,6.5
2024-11-11,79,34.9,80,27.7,247,123,172,6.8
2024-11-11,80,26.6,61,23.3,121,60,84,8.0
2024-11-11,81,30.3,46,22.9,198,99,138,7.4
2024-11-11,82,29.5,63,18.2,141,70,98,7.1
2024-11-11,83,33.9,43,19.4,154,77,107,8.6
2024-11-11,84,36.2,41,23.7,211,105,147,5.8
2024-11-11,85,24.7,82,1.2,178,89,124,6.8
2024-11-11,86,21.4,85,13.1,229,114,160,8.8
2024-11-11,87,22.0,68,6.7,169,84,118,5.4
2024-11-11,88,21.0,87,22.0,179,89,125,6.9
2024-11-11,89,34.9,49,16.7,178,89,124,5.7
2024-11-11,90,29.7,52,14.8,179,89,125,5.4
2024-11-11,91,26.9,83,21.2,140,70,98,6.9
2024-11-11,92,28.7,63,2.6,201,100,140,8.3
2024-11-11,93,26.1,78,0.6,204,102,142,6.1
2024-11-11,94,31.3,80,10.6,120,60,84,6.5
2024-11-11,95,26.4,82,10.2,102,51,71,5.7
2024-11-11,96,24.5,81,10.5,190,95,133,6.5
2024-11-11,97,37.7,65,14.9,192,96,134,6.6
2024-11-11,98,23.0,54,26.6,238,119,166,8.8
2024-11-11,99,31.5,66,29.1,101,50,70,7.6
2024-11-11,100,26.7,41,18.1,237,118,165,5.6
2024-11-12,1,33.3,61,10.9,162,81,113,8.0
2024-11-12,2,24.4,57,29.6,222,111,155,7.2
2024-11-12,3,25.6,86,27.7,215,107,150,7.3
2024-11-12,4,23.9,58,29.8,149,74,104,6.3
2024-11-12,5,35.5,42,15.7,139,69,97,8.3
2024-11-12,6,34.5,76,7.9,185,92,129,8.3
2024-11-12,7,35.9,56,16.9,200,100,140,7.7
2024-11-12,8,27.4,74,29.6,130,65,91,7.7
2024-11-12,9,20.7,72,3.2,126,63,88,6.9
2024-11-12,10,25.9,85,10.7,191,95,133,7.3
2024-11-12,11,23.9,58,18.5,158,79,110,5.8
2024-11-12,12,27.0,65,28.4,137,68,95,6.0
2024-11-12,13,33.5,46,9.9,238,119,166,9.0
2024-11-12,14,20.9,42,8.5,97,48,67,7.7
2024-11-12,15,36.3,46,10.8,108,54,75,6.5
2024-11-12,16,37.8,86,28.0,100,50,70,8.2
2024-11-12,17,23.2,89,11.4,181,90,126,5.1
2024-11-12,18,28.9,42,27.3,205,102,143,6.9
2024-11-12,19,20.2,76,9.3,133,66,93,6.8
2024-11-12,20,23.8,52,10.4,156,78,109,7.5
2024-11-12,21,26.5,50,13.6,174,87,121,8.2
2024-11-12,22,37.7,87,19.2,186,93,130,5.4
2024-11-12,23,31.5,40,18.3,166,83,116,9.3
2024-11-12,24,31.6,69,9.8,136,68,95,7.1
2024-11-12,25,30.8,53,14.2,223,111,156,7.2
2024-11-12,26,26.0,76,20.4,159,79,111,8.1
2024-11-12,27,23.1,42,9.2,90,45,62,7.7
2024-11-12,28,37.4,48,25.5,99,49,69,5.8
2024-11-12,29,30.3,83,15.0,95,47,66,5.4
2024-11-12,30,27.2,63,21.6,184,92,128,6.0
2024-11-12,31,28.4,80,10.4,229,114,160,5.2
2024-11-12,32,32.2,80,23.1,95,47,66,7.0
2024-11-12,33,27.0,55,28.2,246,123,172,8.3
2024-11-12,34,35.3,67,13.0,216,108,151,5.6
2024-11-12,35,37.7,71,4.9,244,122,170,4.9
2024-11-12,36,24.0,52,6.1,231,115,161,8.5
2024-11-12,37,28.3,89,29.7,106,53,74,7.7
2024-11-12,38,20.8,53,5.4,182,91,127,8.7
2024-11-12,39,22.4,43,17.8,208,104,145,6.7
2024-11-12,40,30.0,74,19.7,203,101,142,7.0
2024-11-12,41,22.1,40,11.9,247,123,172,5.6
2024-11-12,42,21.8,72,7.6,162,81,113,8.7
2024-11-12,43,24.9,70,25.6,137,68,95,6.5
2024-11-12,44,23.3,69,15.4,201,100,140,9.0
2024-11-12,45,27.0,85,14.6,101,50,70,8.5
2024-11-12,46,32.6,84,0.6,229,114,160,4.9
2024-11-12,47,21.2,55,14.8,246,123,172,5.3
2024-11-12,48,30.6,68,11.1,165,82,115,7.8
2024-11-12,49,28.0,41,15.5,210,105,147,8.9
2024-11-12,50,20.8,88,9.4,127,63,88,5.4
2024-11-12,51,34.0,62,17.2,174,87,121,6.7
2024-11-12,52,30.8,52,8.2,199,99,139,5.5
2024-11-12,53,32.6,53,22.6,123,61,86,6.6
2024-11-12,54,26.8,61,23.6,238,119,166,5.6
2024-11-12,55,35.9,65,19.2,119,59,83,6.0
2024-11-12,56,29.8,71,28.5,239,119,167,6.2
2024-11-12,57,26.2,83,14.3,126,63,88,6.7
2024-11-12,58,20.5,82,20.5,104,52,72,8.4
2024-11-12,59,37.7,65,9.1,133,66,93,7.3
2024-11-12,60,24.9,45,12.1,201,100,140,6.3
2024-11-12,61,22.6,55,27.5,172,86,120,7.0
2024-11-12,62,27.0,57,26.3,157,78,109,6.6
2024-11-12,63,31.3,86,5.1,147,73,102,7.9
2024-11-12,64,30.0,75,3.5,195,97,136,6.6
2024-11-12,65,32.9,63,16.8,240,120,168,8.0
2024-11-12,66,26.2,75,28.6,219,109,153,6.1
2024-11-12,67,37.2,85,5.7,160,80,112,7.4
2024-11-12,68,35.2,86,18.7,167,83,116,7.9
2024-11-12,69,22.4,46,3.7,135,67,94,8.7
2024-11-12,70,31.6,51,0.4,231,115,161,7.5
2024-11-12,71,26.7,69,27.4,151,75,105,5.7
2024-11-12,72,24.6,50,8.1,151,75,105,6.9
2024-11-12,73,31.4,84,16.5,177,88,123,8.9
2024-11-12,74,22.4,87,2.0,187,93,130,8.2
2024-11-12,75,34.3,44,18.4,137,68,95,6.4
2024-11-12,76,26.2,73,7.5,161,80,112,9.1
2024-11-12,77,35.3,85,4.6,112,56,78,8.1
2024-11-12,78,36.8,69,16.7,123,61,86,6.3
2024-11-12,79,22.3,68,17.2,128,64,89,7.2
2024-11-12,80,25.6,44,1.9,208,104,145,7.5
2024-11-12,81,23.4,77,10.7,194,97,135,7.7
2024-11-12,82,30.7,60,27.8,221,110,154,7.4
2024-11-12,83,22.0,47,27.6,215,107,150,9.0
2024-11-12,84,29.9,86,25.3,140,70,98,5.4
2024-11-12,85,27.4,56,26.2,232,116,162,6.4
2024-11-12,86,22.9,55,22.8,190,95,133,8.0
2024-11-12,87,20.5,86,20.3,215,107,150,5.9
2024-11-12,88,20.3,61,27.8,230,115,161,6.7
2024-11-12,89,29.9,70,6.0,199,99,139,5.9
2024-11-12,90,24.0,76,26.1,152,76,106,5.8
2024-11-12,91,29.3,85,29.3,117,58,81,6.7
2024-11-12,92,31.9,56,14.4,221,110,154,8.2
2024-11-12,93,37.3,42,28.7,186,93,130,6.0
2024-11-12,94,26.9,47,13.3,122,61,85,6.5
2024-11-12,95,37.0,52,16.1,151,75,105,5.8
2024-11-12,96,29.7,48,10.9,152,76,106,5.8
2024-11-12,97,27.2,69,6.3,110,55,77,5.9
2024-11-12,98,25.2,46,11.7,176,88,123,8.5
2024-11-12,99,24.1,44,24.3,148,74,103,7.1
2024-11-12,100,22.5,57,6.9,227,113,158,5.1
2024-11-13,1,31.1,71,20.2,105,52,73,7.2
2024-11-13,2,32.2,53,3.8,176,88,123,7.1
2024-11-13,3,24.3,79,11.6,133,66,93,7.5
2024-11-13,4,28.0,55,22.6,245,122,171,5.7
2024-11-13,5,29.0,51,9.2,138,69,96,7.8
2024-11-13,6,27.1,59,14.5,209,104,146,7.9
2024-11-13,7,32.5,48,24.1,187,93,130,8.1
2024-11-13,8,29.3,46,12.8,237,118,165,7.2
2024-11-13,9,27.8,50,27.9,92,46,64,7.2
2024-11-13,10,24.0,56,19.4,96,48,67,7.9
2024-11-13,11,30.4,73,20.5,150,75,105,6.0
2024-11-13,12,26.6,76,6.5,136,68,95,5.7
2024-11-13,13,21.2,89,10.6,111,55,77,8.7
2024-11-13,14,29.0,44,15.1,167,83,116,8.5
2024-11-13,15,27.5,67,25.3,111,55,77,6.7
2024-11-13,16,25.7,68,8.7,138,69,96,7.6
2024-11-13,17,27.5,58,22.9,110,55,77,5.1
2024-11-13,18,24.5,67,22.2,129,64,90,7.3
2024-11-13,19,30.9,59,12.4,163,81,114,6.3
2024-11-13,20,32.4,72,24.6,242,121,169,7.4
2024-11-13,21,25.1,43,14.0,115,57,80,8.8
2024-11-13,22,36.0,67,26.1,165,82,115,5.8
2024-11-13,23,37.0,71,20.5,102,51,71,9.2
2024-11-13,24,21.3,83,23.7,172,86,120,6.4
2024-11-13,25,23.4,51,16.1,107,53,74,7.4
2024-11-13,26,30.6,63,12.7,149,74,104,8.0
2024-11-13,27,21.2,61,2.3,132,66,92,8.3
2024-11-13,28,31.7,73,8.8,247,123,172,5.2
2024-11-13,29,29.9,85,7.7,168,84,117,5.1
2024-11-13,30,25.2,89,18.2,232,116,162,5.3
2024-11-13,31,24.4,56,10.9,150,75,105,4.9
2024-11-13,32,29.2,83,22.2,126,63,88,6.5
2024-11-13,33,21.2,62,15.3,110,55,77,8.8
2024-11-13,34,20.3,49,13.7,164,82,114,6.1
2024-11-13,35,22.3,64,27.3,167,83,116,5.2
2024-11-13,36,26.1,52,19.6,235,117,164,8.0
2024-11-13,37,33.9,60,20.6,233,116,163,7.5
2024-11-13,38,33.7,54,28.6,201,100,140,8.8
2024-11-13,39,26.2,59,29.9,170,85,118,7.1
2024-11-13,40,29.2,44,13.6,183,91,128,7.4
2024-11-13,41,22.7,62,20.2,174,87,121,6.0
2024-11-13,42,35.7,86,26.7,172,86,120,9.0
2024-11-13,43,34.6,51,11.7,213,106,149,5.9
2024-11-13,44,29.7,54,28.2,95,47,66,8.7
2024-11-13,45,27.8,76,20.1,211,105,147,8.2
2024-11-13,46,30.9,40,26.7,234,117,163,5.7
2024-11-13,47,23.8,65,26.6,230,115,161,5.6
2024-11-13,48,35.3,52,20.9,240,120,168,7.7
2024-11-13,49,28.2,69,11.2,200,100,140,8.9
2024-11-13,50,28.1,71,9.5,241,120,168,5.7
2024-11-13,51,32.0,72,17.5,220,110,154,6.8
2024-11-13,52,30.4,82,5.9,90,45,62,6.3
2024-11-13,53,33.6,66,17.0,143,71,100,6.1
2024-11-13,54,27.1,67,25.9,105,52,73,5.3
2024-11-13,55,30.1,75,13.3,176,88,123,6.1
2024-11-13,56,23.9,42,7.7,122,61,85,5.6
2024-11-13,57,30.9,75,29.5,213,106,149,6.5
2024-11-13,58,21.1,72,21.3,164,82,114,8.2
2024-11-13,59,31.4,72,20.7,145,72,101,7.4
2024-11-13,60,35.0,40,27.7,95,47,66,6.3
2024-11-13,61,29.8,40,9.1,121,60,84,7.0
2024-11-13,62,24.2,44,19.4,228,114,159,7.0
2024-11-13,63,20.7,43,20.5,212,106,148,7.7
2024-11-13,64,24.2,88,14.2,108,54,75,6.6
2024-11-13,65,29.6,50,20.8,150,75,105,7.9
2024-11-13,66,23.4,74,17.5,192,96,134,5.4
2024-11-13,67,28.4,46,10.7,208,104,145,7.8
2024-11-13,68,28.2,75,23.3,110,55,77,8.5
2024-11-13,69,20.9,74,14.2,157,78,109,8.2
2024-11-13,70,22.5,42,26.0,91,45,63,7.5
2024-11-13,71,27.9,40,3.3,224,112,156,5.7
2024-11-13,72,21.7,60,5.8,177,88,123,6.7
2024-11-13,73,32.5,84,20.9,162,81,113,8.7
2024-11-13,74,22.5,72,11.3,117,58,81,8.0
2024-11-13,75,24.1,71,20.5,227,113,158,6.5
2024-11-13,76,29.4,75,5.4,235,117,164,8.6
2024-11-13,77,21.4,76,26.5,114,57,79,7.7
2024-11-13,78,28.5,63,14.2,183,91,128,7.3
2024-11-13,79,24.4,57,16.6,156,78,109,7.2
2024-11-13,80,30.7,79,18.2,240,120,168,7.7
2024-11-13,81,31.5,65,12.0,150,75,105,8.0
2024-11-13,82,22.5,66,9.1,222,111,155,7.8
2024-11-13,83,32.1,61,14.0,134,67,93,8.7
2024-11-13,84,23.4,65,24.4,220,110,154,5.3
2024-11-13,85,29.5,67,14.2,202,101,141,5.9
2024-11-13,86,22.6,77,2.1,156,78,109,7.9
2024-11-13,87,28.4,73,6.5,149,74,104,5.4
2024-11-13,88,27.5,44,26.8,206,103,144,6.7
2024-11-13,89,25.7,60,17.1,191,95,133,6.4
2024-11-13,90,22.0,85,10.6,202,101,141,6.1
2024-11-13,91,31.6,81,14.0,192,96,134,7.2
2024-11-13,92,32.8,71,8.0,225,112,157,8.1
2024-11-13,93,36.2,73,0.9,195,97,136,6.6
2024-11-13,94,31.7,60,12.1,164,82,114,6.0
2024-11-13,95,24.8,50,23.7,197,98,137,5.5
2024-11-13,96,22.2,53,12.5,180,90,125,6.2
2024-11-13,97,32.4,56,21.3,235,117,164,6.4
2024-11-13,98,26.7,76,21.1,168,84,117,9.0
2024-11-13,99,31.7,65,22.3,130,65,91,6.8
2024-11-13,100,32.2,40,12.2,142,71,99,5.6
2024-11-14,1,26.0,70,9.5,247,123,172,7.5
2024-11-14,2,28.1,41,3.8,188,94,131,7.4
2024-11-14,3,22.9,52,11.3,172,86,120,7.7
2024-11-14,4,30.5,77,10.5,157,78,109,5.5
2024-11-14,5,33.5,46,27.8,148,74,103,7.8
2024-11-14,6,25.2,86,16.9,177,88,123,8.6
2024-11-14,7,23.0,67,23.2,155,77,108,7.4
2024-11-14,8,21.6,57,6.4,220,110,154,7.4
2024-11-14,9,37.6,69,9.7,200,100,140,7.4
2024-11-14,10,24.5,64,26.7,217,108,151,7.4
2024-11-14,11,26.3,62,16.3,157,78,109,5.9
2024-11-14,12,20.3,82,5.8,194,97,135,5.3
2024-11-14,13,34.3,60,5.3,178,89,124,8.2
2024-11-14,14,21.6,68,28.0,205,102,143,8.3
2024-11-14,15,35.4,65,15.8,153,76,107,6.3
2024-11-14,16,23.8,49,2.9,125,62,87,8.1
2024-11-14,17,24.8,59,26.0,151,75,105,5.8
2024-11-14,18,27.3,48,28.8,113,56,79,6.8
2024-11-14,19,37.5,59,4.4,105,52,73,6.1
2024-11-14,20,34.9,58,12.7,132,66,92,7.4
2024-11-14,21,31.2,59,13.9,97,48,67,8.4
2024-11-14,22,28.2,81,29.4,159,79,111,5.8
2024-11-14,23,27.9,44,26.8,95,47,66,8.7
2024-11-14,24,28.5,54,21.4,152,76,106,6.8
2024-11-14,25,21.2,65,28.6,196,98,137,7.1
2024-11-14,26,24.9,55,9.8,142,71,99,8.3
2024-11-14,27,23.5,72,18.3,187,93,130,7.4
2024-11-14,28,32.1,54,5.4,226,113,158,5.1
2024-11-14,29,30.2,75,20.1,151,75,105,4.8
2024-11-14,30,31.8,44,14.0,152,76,106,5.6
2024-11-14,31,25.7,64,5.5,175,87,122,5.5
2024-11-14,32,33.3,69,2.4,109,54,76,7.3
2024-11-14,33,30.9,54,27.5,187,93,130,8.4
2024-11-14,34,26.8,45,18.7,139,69,97,5.4
2024-11-14,35,31.7,48,28.9,147,73,102,5.2
2024-11-14,36,31.1,68,27.6,228,114,159,8.8
2024-11-14,37,29.7,85,22.3,218,109,152,7.1
2024-11-14,38,27.2,62,29.2,90,45,62,8.5
2024-11-14,39,31.7,43,26.8,152,76,106,7.1
2024-11-14,40,24.3,75,27.0,158,79,110,6.8
2024-11-14,41,31.3,86,25.0,233,116,163,6.6
2024-11-14,42,31.4,80,11.5,237,118,165,8.7
2024-11-14,43,21.4,68,10.5,137,68,95,6.6
2024-11-14,44,26.0,55,29.8,233,116,163,8.3
2024-11-14,45,23.5,82,8.4,221,110,154,7.6
2024-11-14,46,35.1,64,7.0,241,120,168,5.2
2024-11-14,47,27.3,67,23.5,125,62,87,5.9
2024-11-14,48,26.7,75,26.8,107,53,74,7.3
2024-11-14,49,37.7,67,19.3,229,114,160,8.5
2024-11-14,50,37.6,73,19.2,122,61,85,5.2
2024-11-14,51,36.4,45,15.8,226,113,158,6.8
2024-11-14,52,20.6,64,13.0,182,91,127,6.3
2024-11-14,53,21.4,79,10.1,231,115,161,6.2
2024-11-14,54,37.8,86,11.9,131,65,91,5.9
2024-11-14,55,24.1,41,13.5,131,65,91,6.0
2024-11-14,56,28.8,52,4.1,241,120,168,6.3
2024-11-14,57,26.9,45,16.0,197,98,137,6.7
2024-11-14,58,36.7,49,15.4,168,84,117,7.4
2024-11-14,59,36.0,75,4.1,218,109,152,7.5
2024-11-14,60,35.2,53,7.9,159,79,111,6.7
2024-11-14,61,23.9,80,4.4,137,68,95,6.6
2024-11-14,62,25.0,54,19.3,227,113,158,6.8
2024-11-14,63,27.6,89,24.9,221,110,154,8.0
2024-11-14,64,32.5,72,9.7,210,105,147,6.8
2024-11-14,65,32.8,48,28.3,212,106,148,7.9
2024-11-14,66,34.9,51,1.0,238,119,166,5.9
2024-11-14,67,22.7,68,8.7,107,53,74,7.5
2024-11-14,68,36.6,52,7.0,163,81,114,8.0
2024-11-14,69,34.4,84,14.6,244,122,170,8.0
2024-11-14,70,31.2,72,15.0,163,81,114,8.4
2024-11-14,71,31.8,72,13.1,232,116,162,6.0
2024-11-14,72,25.1,77,9.3,224,112,156,6.3
2024-11-14,73,30.0,60,16.7,183,91,128,8.4
2024-11-14,74,32.5,58,10.4,232,116,162,8.4
2024-11-14,75,27.2,81,10.7,235,117,164,6.5
2024-11-14,76,34.2,88,6.5,128,64,89,9.1
2024-11-14,77,36.8,73,4.9,221,110,154,7.9
2024-11-14,78,35.6,87,13.8,138,69,96,6.9
2024-11-14,79,37.6,62,2.0,110,55,77,6.6
2024-11-14,80,28.0,56,11.0,117,58,81,7.8
2024-11-14,81,37.2,55,0.7,141,70,98,8.1
2024-11-14,82,32.5,85,15.4,173,86,121,7.4
2024-11-14,83,34.9,80,9.8,182,91,127,8.3
2024-11-14,84,37.1,59,10.8,249,124,174,4.8
2024-11-14,85,37.9,79,29.7,207,103,144,6.8
2024-11-14,86,23.0,78,14.3,161,80,112,7.9
2024-11-14,87,20.4,81,27.6,109,54,76,5.6
2024-11-14,88,23.1,40,11.3,133,66,93,6.3
2024-11-14,89,25.3,86,22.5,184,92,128,5.9
2024-11-14,90,31.3,56,27.3,206,103,144,5.9
2024-11-14,91,34.0,77,19.6,163,81,114,7.6
2024-11-14,92,29.2,73,26.5,181,90,126,7.9
2024-11-14,93,27.0,52,5.5,139,69,97,6.4
2024-11-14,94,21.6,89,18.4,146,73,102,6.3
2024-11-14,95,23.4,47,24.5,226,113,158,5.4
2024-11-14,96,25.9,89,10.3,220,110,154,5.9
2024-11-14,97,29.0,48,10.7,141,70,98,5.9
2024-11-14,98,27.3,84,24.3,184,92,128,9.2
2024-11-14,99,25.5,84,1.7,152,76,106,7.6
2024-11-14,100,36.0,86,20.7,236,118,165,5.1
2024-11-15,1,30.6,69,19.9,182,91,127,8.1
2024-11-15,2,31.7,51,11.4,151,75,105,7.3
2024-11-15,3,34.2,63,23.3,242,121,169,7.5
2024-11-15,4,31.5,51,14.0,245,122,171,5.5
2024-11-15,5,21.0,64,24.4,214,107,149,8.5
2024-11-15,6,31.0,48,24.5,156,78,109,8.5
2024-11-15,7,21.1,85,16.0,142,71,99,7.2
2024-11-15,8,34.4,54,15.8,175,87,122,7.3
2024-11-15,9,35.4,46,19.7,109,54,76,7.5
2024-11-15,10,21.7,41,6.2,125,62,87,8.0
2024-11-15,11,29.8,46,16.0,111,55,77,5.8
2024-11-15,12,25.2,79,9.0,135,67,94,6.0
2024-11-15,13,28.8,62,22.4,246,123,172,8.2
2024-11-15,14,37.0,61,7.3,159,79,111,8.4
2024-11-15,15,27.1,72,3.1,154,77,107,6.3
2024-11-15,16,33.9,82,27.6,157,78,109,7.6
2024-11-15,17,33.3,46,27.2,222,111,155,5.3
2024-11-15,18,25.5,73,23.9,143,71,100,7.4
2024-11-15,19,30.6,49,15.4,242,121,169,6.3
2024-11-15,20,37.2,53,13.6,249,124,174,7.4
2024-11-15,21,21.3,79,26.4,102,51,71,8.3
2024-11-15,22,23.0,40,3.0,172,86,120,5.5
2024-11-15,23,31.9,53,15.0,235,117,164,8.5
2024-11-15,24,37.0,45,12.0,178,89,124,6.4
2024-11-15,25,35.5,62,8.7,187,93,130,7.4
2024-11-15,26,27.1,56,0.4,133,66,93,8.7
2024-11-15,27,31.8,74,11.4,219,109,153,7.7
2024-11-15,28,27.7,82,3.9,90,45,62,5.2
2024-11-15,29,30.3,66,6.0,227,113,158,5.3
2024-11-15,30,22.0,55,24.0,203,101,142,5.6
2024-11-15,31,23.8,89,20.6,238,119,166,5.1
2024-11-15,32,32.9,89,17.1,159,79,111,7.1
2024-11-15,33,37.6,83,16.4,94,47,65,8.3
2024-11-15,34,28.3,49,13.1,181,90,126,5.7
2024-11-15,35,35.2,89,14.7,201,100,140,4.8
2024-11-15,36,25.8,50,10.1,236,118,165,8.2
2024-11-15,37,35.9,84,12.9,143,71,100,7.3
2024-11-15,38,37.6,76,5.8,184,92,128,8.8
2024-11-15,39,20.5,75,19.0,131,65,91,6.5
2024-11-15,40,27.3,67,12.9,107,53,74,6.9
2024-11-15,41,27.5,88,28.2,128,64,89,5.8
2024-11-15,42,30.8,45,5.9,114,57,79,8.7
2024-11-15,43,20.5,44,23.1,128,64,89,5.7
2024-11-15,44,24.3,57,6.0,222,111,155,8.3
2024-11-15,45,37.5,83,7.3,183,91,128,8.3
2024-11-15,46,28.7,40,3.3,145,72,101,5.2
2024-11-15,47,26.8,87,26.2,248,124,173,6.0
2024-11-15,48,29.8,41,18.7,148,74,103,7.8
2024-11-15,49,36.8,48,5.9,170,85,118,8.5
2024-11-15,50,29.5,76,24.4,225,112,157,5.9
2024-11-15,51,30.6,41,25.9,241,120,168,6.2
2024-11-15,52,34.8,58,17.7,228,114,159,6.1
2024-11-15,53,33.7,71,13.9,102,51,71,6.6
2024-11-15,54,36.7,80,18.4,170,85,118,5.7
2024-11-15,55,32.3,51,19.6,100,50,70,6.7
2024-11-15,56,30.6,87,25.6,116,58,81,5.6
2024-11-15,57,29.9,80,15.0,204,102,142,6.6
2024-11-15,58,22.1,72,28.2,143,71,100,7.7
2024-11-15,59,36.9,63,12.6,108,54,75,6.8
2024-11-15,60,22.0,82,16.5,162,81,113,6.5
2024-11-15,61,20.6,67,25.6,209,104,146,6.7
2024-11-15,62,29.3,56,22.7,132,66,92,7.0
2024-11-15,63,27.2,69,7.0,216,108,151,8.3
2024-11-15,64,21.3,82,1.5,173,86,121,7.0
2024-11-15,65,33.0,86,1.5,115,57,80,7.7
2024-11-15,66,23.3,53,27.7,180,90,125,6.0
2024-11-15,67,28.5,89,10.9,175,87,122,7.5
2024-11-15,68,20.7,70,28.5,184,92,128,8.4
2024-11-15,69,27.3,49,16.2,200,100,140,8.0
2024-11-15,70,32.0,53,18.4,116,58,81,7.6
2024-11-15,71,31.5,59,12.8,168,84,117,5.5
2024-11-15,72,20.7,55,24.8,225,112,157,6.8
2024-11-15,73,26.9,85,4.6,100,50,70,8.7
2024-11-15,74,22.1,55,20.8,106,53,74,8.7
2024-11-15,75,25.3,63,20.0,173,86,121,7.0
2024-11-15,76,22.5,46,13.5,101,50,70,8.9
2024-11-15,77,31.1,44,13.6,143,71,100,7.6
2024-11-15,78,26.7,54,1.4,216,108,151,6.6
2024-11-15,79,36.4,62,19.4,211,105,147,7.0
2024-11-15,80,24.2,46,1.0,137,68,95,7.9
2024-11-15,81,29.2,55,20.5,227,113,158,7.4
2024-11-15,82,33.2,66,19.4,245,122,171,7.8
2024-11-15,83,25.8,55,10.2,170,85,118,8.5
2024-11-15,84,35.8,41,13.8,212,106,148,5.6
2024-11-15,85,32.4,68,6.3,91,45,63,6.6
2024-11-15,86,35.8,88,3.7,118,59,82,8.7
2024-11-15,87,31.1,80,17.1,151,75,105,6.1
2024-11-15,88,32.6,70,3.4,101,50,70,6.9
2024-11-15,89,37.3,55,26.6,180,90,125,6.4
2024-11-15,90,30.5,57,10.3,169,84,118,6.2
2024-11-15,91,32.9,88,21.8,107,53,74,7.3
2024-11-15,92,26.9,72,1.9,167,83,116,7.9
2024-11-15,93,26.6,63,23.8,143,71,100,6.2
2024-11-15,94,22.4,83,8.2,143,71,100,6.7
2024-11-15,95,30.6,44,7.7,198,99,138,5.9
2024-11-15,96,23.1,43,9.0,154,77,107,5.7
2024-11-15,97,24.4,78,24.1,200,100,140,6.6
2024-11-15,98,31.4,56,14.9,136,68,95,9.4
2024-11-15,99,36.1,59,6.5,102,51,71,6.8
2024-11-15,100,25.8,63,10.2,220,110,154,5.6
2024-11-16,1,33.0,49,8.4,213,106,149,8.2
2024-11-16,2,28.0,53,14.8,192,96,134,6.6
2024-11-16,3,24.5,70,6.9,126,63,88,7.2
2024-11-16,4,25.4,52,0.7,172,86,120,5.4
2024-11-16,5,36.9,81,13.2,129,64,90,8.1
2024-11-16,6,24.6,59,5.5,197,98,137,8.4
2024-11-16,7,34.4,78,1.3,95,47,66,7.7
2024-11-16,8,36.3,45,1.1,229,114,160,7.7
2024-11-16,9,22.9,65,9.7,163,81,114,7.3
2024-11-16,10,23.0,65,10.6,134,67,93,7.6
2024-11-16,11,24.0,56,23.9,192,96,134,5.5
2024-11-16,12,25.7,68,10.5,102,51,71,5.3
2024-11-16,13,32.4,66,4.0,122,61,85,8.2
2024-11-16,14,36.8,78,16.9,113,56,79,8.1
2024-11-16,15,35.4,76,22.2,142,71,99,6.8
2024-11-16,16,27.2,89,3.7,209,104,146,7.6
2024-11-16,17,26.9,66,9.8,115,57,80,5.5
2024-11-16,18,26.7,47,6.6,147,73,102,6.8
2024-11-16,19,22.6,68,28.0,160,80,112,6.9
2024-11-16,20,23.7,72,28.7,208,104,145,6.6
2024-11-16,21,33.6,75,3.1,191,95,133,8.0
2024-11-16,22,25.9,45,7.9,224,112,156,5.6
2024-11-16,23,21.9,75,23.4,113,56,79,8.5
2024-11-16,24,20.7,75,12.4,152,76,106,7.2
2024-11-16,25,25.3,84,4.6,99,49,69,7.6
2024-11-16,26,20.8,64,11.0,185,92,129,8.9
2024-11-16,27,25.2,43,26.7,156,78,109,7.5
2024-11-16,28,22.4,68,0.9,194,97,135,5.0
2024-11-16,29,26.8,80,21.1,117,58,81,5.5
2024-11-16,30,27.8,55,10.1,131,65,91,6.0
2024-11-16,31,25.1,89,16.4,203,101,142,5.6
2024-11-16,32,20.4,52,23.2,192,96,134,7.1
2024-11-16,33,23.1,51,10.0,245,122,171,9.1
2024-11-16,34,22.7,57,2.5,129,64,90,5.7
2024-11-16,35,28.7,89,29.4,219,109,153,5.2
2024-11-16,36,30.3,69,6.6,190,95,133,8.3
2024-11-16,37,33.8,72,14.6,180,90,125,7.6
2024-11-16,38,30.8,61,26.5,237,118,165,8.6
2024-11-16,39,27.0,45,15.3,112,56,78,6.5
2024-11-16,40,36.6,47,14.0,205,102,143,7.1
2024-11-16,41,21.2,71,25.5,234,117,163,5.6
2024-11-16,42,35.7,88,28.7,150,75,105,8.7
2024-11-16,43,29.5,61,29.4,239,119,167,6.3
2024-11-16,44,32.9,53,15.6,226,113,158,8.8
2024-11-16,45,27.1,89,24.7,112,56,78,7.9
2024-11-16,46,30.3,42,26.7,160,80,112,5.7
2024-11-16,47,36.3,88,28.8,221,110,154,5.6
2024-11-16,48,28.5,53,15.9,120,60,84,7.2
2024-11-16,49,24.0,41,2.4,111,55,77,8.2
2024-11-16,50,25.8,69,1.3,135,67,94,5.7
2024-11-16,51,32.1,85,12.4,242,121,169,6.4
2024-11-16,52,37.8,56,18.7,166,83,116,6.0
2024-11-16,53,37.4,78,3.2,185,92,129,6.9
2024-11-16,54,22.0,45,24.3,207,103,144,5.1
2024-11-16,55,31.7,82,7.6,222,111,155,6.6
2024-11-16,56,24.5,73,6.3,128,64,89,6.0
2024-11-16,57,27.7,75,22.5,138,69,96,6.9
2024-11-16,58,34.8,75,24.3,159,79,111,8.2
2024-11-16,59,25.6,78,3.3,194,97,135,7.0
2024-11-16,60,30.1,43,25.9,178,89,124,6.6
2024-11-16,61,20.7,54,27.7,100,50,70,6.9
2024-11-16,62,30.2,75,29.9,127,63,88,7.2
2024-11-16,63,26.2,57,22.7,154,77,107,7.9
2024-11-16,64,33.1,60,10.6,114,57,79,6.9
2024-11-16,65,37.8,89,0.7,121,60,84,7.8
2024-11-16,66,22.3,81,29.0,150,75,105,5.9
2024-11-16,67,30.1,41,2.2,120,60,84,7.9
2024-11-16,68,21.7,67,6.5,137,68,95,8.3
2024-11-16,69,35.8,83,10.5,217,108,151,8.5
2024-11-16,70,24.8,77,12.4,110,55,77,8.0
2024-11-16,71,21.3,48,3.8,222,111,155,6.3
2024-11-16,72,37.8,55,8.7,118,59,82,6.7
2024-11-16,73,28.7,45,19.4,249,124,174,7.9
2024-11-16,74,37.1,86,17.9,100,50,70,8.4
2024-11-16,75,25.9,66,29.4,198,99,138,7.1
2024-11-16,76,25.2,59,15.8,192,96,134,8.8
2024-11-16,77,31.6,54,3.5,208,104,145,7.4
2024-11-16,78,20.3,68,19.9,119,59,83,6.7
2024-11-16,79,28.5,71,23.3,140,70,98,7.4
2024-11-16,80,22.9,75,16.8,125,62,87,7.8
2024-11-16,81,31.8,75,24.8,151,75,105,7.4
2024-11-16,82,36.9,56,8.9,153,76,107,7.6
2024-11-16,83,34.9,88,0.4,109,54,76,8.8
2024-11-16,84,29.7,40,27.3,227,113,158,5.1
2024-11-16,85,31.7,88,27.2,246,123,172,6.7
2024-11-16,86,28.1,66,14.3,227,113,158,8.1
2024-11-16,87,25.5,49,28.3,103,51,72,5.8
2024-11-16,88,37.4,73,5.8,185,92,129,6.8
2024-11-16,89,28.0,54,14.4,127,63,88,6.1
2024-11-16,90,35.3,69,20.9,121,60,84,5.9
2024-11-16,91,29.6,73,29.3,236,118,165,7.0
2024-11-16,92,23.4,76,8.9,93,46,65,8.0
2024-11-16,93,22.7,66,9.1,223,111,156,5.7
2024-11-16,94,27.8,81,5.9,199,99,139,6.4
2024-11-16,95,31.7,71,4.8,179,89,125,5.1
2024-11-16,96,27.6,48,19.1,244,122,170,5.7
2024-11-16,97,27.5,65,19.5,110,55,77,6.5
2024-11-16,98,31.8,40,6.5,102,51,71,8.7
2024-11-16,99,38.0,45,21.3,201,100,140,7.4
2024-11-16,100,28.1,56,4.7,175,87,122,5.3
2024-11-17,1,28.3,51,23.8,197,98,137,7.5
2024-11-17,2,22.5,76,8.0,97,48,67,7.2
2024-11-17,3,26.9,80,19.4,132,66,92,7.5
2024-11-17,4,20.6,53,28.0,221,110,154,6.3
2024-11-17,5,36.2,72,21.3,164,82,114,8.4
2024-11-17,6,31.4,50,23.4,224,112,156,8.5
2024-11-17,7,24.8,47,29.3,210,105,147,7.5
2024-11-17,8,23.2,79,28.1,124,62,86,7.2
2024-11-17,9,32.4,80,17.8,213,106,149,7.7
2024-11-17,10,21.8,47,26.7,225,112,157,7.4
2024-11-17,11,25.9,62,3.9,141,70,98,5.5
2024-11-17,12,29.1,80,24.1,209,104,146,5.6
2024-11-17,13,26.5,56,5.4,113,56,79,8.1
2024-11-17,14,20.8,56,28.6,115,57,80,8.5
2024-11-17,15,21.5,41,23.7,239,119,167,7.0
2024-11-17,16,20.7,88,10.0,159,79,111,7.8
2024-11-17,17,25.2,70,21.2,125,62,87,5.9
2024-11-17,18,28.1,44,28.9,107,53,74,7.3
2024-11-17,19,30.9,72,6.0,193,96,135,6.8
2024-11-17,20,37.7,61,11.7,106,53,74,6.9
2024-11-17,21,35.4,84,1.4,245,122,171,8.4
2024-11-17,22,27.0,60,2.9,171,85,119,5.7
2024-11-17,23,20.9,46,22.1,129,64,90,9.1
2024-11-17,24,25.7,48,21.6,112,56,78,6.5
2024-11-17,25,34.2,70,18.0,192,96,134,7.5
2024-11-17,26,27.4,74,28.7,193,96,135,8.7
2024-11-17,27,35.8,45,10.4,114,57,79,7.5
2024-11-17,28,36.8,77,22.3,211,105,147,5.2
2024-11-17,29,23.8,50,26.5,198,99,138,5.5
2024-11-17,30,31.1,86,23.7,158,79,110,5.2
2024-11-17,31,30.6,79,19.4,138,69,96,5.2
2024-11-17,32,37.6,50,1.1,123,61,86,6.9
2024-11-17,33,23.5,76,23.1,229,114,160,8.7
2024-11-17,34,24.7,56,2.9,122,61,85,6.0
2024-11-17,35,36.4,82,20.2,203,101,142,5.6
2024-11-17,36,27.0,78,10.2,133,66,93,8.1
2024-11-17,37,35.9,62,8.8,137,68,95,7.5
2024-11-17,38,32.3,76,23.9,245,122,171,8.6
2024-11-17,39,35.2,58,7.3,151,75,105,6.6
2024-11-17,40,31.7,63,12.9,210,105,147,7.2
2024-11-17,41,24.4,75,23.9,212,106,148,6.0
2024-11-17,42,37.3,48,29.5,112,56,78,8.5
2024-11-17,43,34.1,82,0.2,199,99,139,6.4
2024-11-17,44,32.7,48,5.6,243,121,170,8.5
2024-11-17,45,33.4,83,3.1,239,119,167,7.9
2024-11-17,46,25.4,41,10.5,142,71,99,5.3
2024-11-17,47,26.7,61,0.3,153,76,107,6.0
2024-11-17,48,27.3,57,15.7,203,101,142,7.3
2024-11-17,49,33.5,49,3.7,219,109,153,8.7
2024-11-17,50,32.0,71,0.3,165,82,115,5.6
2024-11-17,51,29.3,83,27.5,160,80,112,6.8
2024-11-17,52,24.9,77,10.8,202,101,141,6.0
2024-11-17,53,20.6,88,11.2,135,67,94,6.6
2024-11-17,54,37.0,72,26.2,169,84,118,5.3
2024-11-17,55,27.8,72,17.6,161,80,112,6.2
2024-11-17,56,26.8,72,12.6,243,121,170,6.3
2024-11-17,57,26.9,70,4.6,130,65,91,6.3
2024-11-17,58,29.5,52,12.9,242,121,169,8.0
2024-11-17,59,28.2,44,15.5,155,77,108,7.2
2024-11-17,60,30.0,50,20.2,162,81,113,6.8
2024-11-17,61,31.5,45,7.5,120,60,84,6.6
2024-11-17,62,35.2,45,5.2,110,55,77,7.3
2024-11-17,63,22.2,69,29.2,189,94,132,8.5
2024-11-17,64,27.4,61,21.0,111,55,77,6.8
2024-11-17,65,27.7,79,26.4,248,124,173,7.8
2024-11-17,66,29.5,52,6.0,234,117,163,6.2
2024-11-17,67,36.2,71,7.4,100,50,70,7.5
2024-11-17,68,26.7,89,12.1,90,45,62,7.8
2024-11-17,69,37.2,75,21.9,232,116,162,7.9
2024-11-17,70,32.1,45,15.0,239,119,167,7.5
2024-11-17,71,29.4,48,7.4,186,93,130,5.8
2024-11-17,72,30.8,82,25.4,146,73,102,6.7
2024-11-17,73,25.2,54,25.1,113,56,79,8.6
2024-11-17,74,29.6,49,20.9,192,96,134,8.3
2024-11-17,75,36.7,76,11.8,173,86,121,6.9
2024-11-17,76,29.0,65,20.8,209,104,146,8.5
2024-11-17,77,22.3,54,24.8,95,47,66,7.1
2024-11-17,78,23.0,58,12.3,219,109,153,6.9
2024-11-17,79,31.0,75,21.6,132,66,92,6.5
2024-11-17,80,37.8,73,19.3,163,81,114,8.1
2024-11-17,81,24.4,42,4.5,92,46,64,8.1
2024-11-17,82,30.6,67,20.9,228,114,159,7.1
2024-11-17,83,35.7,47,5.1,172,86,120,8.8
2024-11-17,84,34.7,85,10.3,183,91,128,4.9
2024-11-17,85,33.8,45,24.5,157,78,109,6.9
2024-11-17,86,35.2,88,9.9,223,111,156,7.9
2024-11-17,87,26.7,77,1.2,182,91,127,5.8
2024-11-17,88,20.0,65,19.4,203,101,142,6.6
2024-11-17,89,22.7,51,6.4,112,56,78,6.3
2024-11-17,90,20.6,78,28.6,184,92,128,5.8
2024-11-17,91,30.5,81,13.0,156,78,109,7.5
2024-11-17,92,32.1,47,8.9,128,64,89,7.5
2024-11-17,93,26.6,70,21.4,109,54,76,5.8
2024-11-17,94,28.3,84,27.2,237,118,165,6.1
2024-11-17,95,36.6,40,6.4,133,66,93,5.3
2024-11-17,96,35.8,75,18.8,248,124,173,6.3
2024-11-17,97,28.3,78,16.4,225,112,157,5.8
2024-11-17,98,24.3,40,3.3,144,72,100,8.9
2024-11-17,99,20.7,84,25.1,160,80,112,7.8
2024-11-17,100,27.3,52,15.7,105,52,73,5.8
2024-11-18,1,32.2,87,28.8,248,124,173,7.9
2024-11-18,2,21.8,80,9.5,99,49,69,7.2
2024-11-18,3,27.4,81,0.5,160,80,112,7.7
2024-11-18,4,28.5,54,24.4,175,87,122,5.7
2024-11-18,5,27.6,81,22.8,213,106,149,8.5
2024-11-18,6,31.7,71,29.8,178,89,124,8.1
2024-11-18,7,29.5,89,2.7,146,73,102,7.2
2024-11-18,8,22.3,81,28.9,222,111,155,7.4
2024-11-18,9,33.1,81,19.2,100,50,70,7.9
2024-11-18,10,34.7,61,5.8,228,114,159,7.5
2024-11-18,11,21.9,81,15.3,90,45,62,6.1
2024-11-18,12,36.4,63,27.6,111,55,77,5.3
2024-11-18,13,37.9,41,29.9,127,63,88,8.2
2024-11-18,14,37.2,81,22.3,242,121,169,8.5
2024-11-18,15,37.7,85,21.7,146,73,102,6.2
2024-11-18,16,29.4,87,21.0,152,76,106,7.6
2024-11-18,17,20.1,60,24.5,116,58,81,5.7
2024-11-18,18,24.9,45,18.8,196,98,137,6.6
2024-11-18,19,37.1,75,19.6,117,58,81,6.5
2024-11-18,20,31.7,75,11.5,236,118,165,6.9
2024-11-18,21,32.7,60,23.2,112,56,78,8.6
2024-11-18,22,20.8,45,20.5,169,84,118,5.1
2024-11-18,23,23.9,64,18.1,166,83,116,8.8
2024-11-18,24,23.4,49,15.7,177,88,123,6.6
2024-11-18,25,29.5,83,1.4,159,79,111,6.9
2024-11-18,26,26.4,55,5.5,243,121,170,8.0
2024-11-18,27,32.1,64,17.4,134,67,93,8.1
2024-11-18,28,24.6,42,27.1,129,64,90,5.7
2024-11-18,29,30.8,80,14.8,170,85,118,4.7
2024-11-18,30,35.5,75,8.1,146,73,102,5.6
2024-11-18,31,24.1,69,14.7,150,75,105,5.4
2024-11-18,32,27.1,75,23.7,93,46,65,6.4
2024-11-18,33,26.3,86,21.5,153,76,107,8.2
2024-11-18,34,25.2,61,14.8,170,85,118,5.5
2024-11-18,35,30.7,83,6.5,233,116,163,4.9
2024-11-18,36,22.5,55,26.7,184,92,128,8.2
2024-11-18,37,30.3,79,28.2,155,77,108,7.2
2024-11-18,38,31.1,46,17.0,221,110,154,8.2
2024-11-18,39,28.1,75,0.7,171,85,119,7.0
2024-11-18,40,35.6,85,22.5,241,120,168,7.5
2024-11-18,41,22.8,41,27.0,240,120,168,6.1
2024-11-18,42,28.4,51,17.6,106,53,74,8.6
2024-11-18,43,32.6,56,22.5,212,106,148,6.3
2024-11-18,44,34.6,62,18.5,187,93,130,8.9
2024-11-18,45,33.5,79,11.9,157,78,109,7.7
2024-11-18,46,31.3,46,26.5,202,101,141,5.0
2024-11-18,47,27.1,50,25.2,228,114,159,5.4
2024-11-18,48,29.8,56,21.5,195,97,136,7.9
2024-11-18,49,24.2,74,23.5,239,119,167,9.0
2024-11-18,50,22.7,63,14.4,153,76,107,5.3
2024-11-18,51,21.4,53,6.2,189,94,132,6.5
2024-11-18,52,22.7,44,6.2,108,54,75,6.4
2024-11-18,53,21.4,69,29.2,233,116,163,6.2
2024-11-18,54,28.7,68,21.9,228,114,159,5.3
2024-11-18,55,28.9,75,9.7,108,54,75,6.0
2024-11-18,56,24.7,45,12.2,185,92,129,6.5
2024-11-18,57,27.9,61,10.7,240,120,168,6.6
2024-11-18,58,31.2,70,5.5,114,57,79,7.8
2024-11-18,59,34.4,51,16.0,173,86,121,7.6
2024-11-18,60,20.9,68,9.6,144,72,100,6.4
2024-11-18,61,24.1,84,23.3,131,65,91,7.2
2024-11-18,62,35.0,57,12.9,176,88,123,7.4
2024-11-18,63,36.3,82,2.8,178,89,124,8.0
2024-11-18,64,29.4,87,0.1,102,51,71,6.5
2024-11-18,65,34.3,84,24.2,132,66,92,7.7
2024-11-18,66,28.5,54,4.6,190,95,133,6.2
2024-11-18,67,37.5,84,21.8,200,100,140,7.9
2024-11-18,68,21.1,79,19.8,106,53,74,8.1
2024-11-18,69,26.4,80,6.5,245,122,171,8.3
2024-11-18,70,34.2,81,22.8,108,54,75,7.5
2024-11-18,71,35.4,43,21.3,227,113,158,6.1
2024-11-18,72,37.5,78,11.5,215,107,150,6.7
2024-11-18,73,21.9,85,9.4,196,98,137,8.8
2024-11-18,74,26.5,56,2.2,196,98,137,8.3
2024-11-18,75,26.5,85,17.7,120,60,84,6.4
2024-11-18,76,22.9,74,25.7,165,82,115,8.2
2024-11-18,77,30.5,87,29.1,163,81,114,7.1
2024-11-18,78,21.7,69,4.4,99,49,69,7.3
2024-11-18,79,25.2,67,9.3,207,103,144,6.6
2024-11-18,80,29.7,50,2.0,189,94,132,7.9
2024-11-18,81,34.2,48,29.0,245,122,171,8.0
2024-11-18,82,26.2,42,21.7,203,101,142,7.5
2024-11-18,83,37.0,45,22.7,229,114,160,8.7
2024-11-18,84,30.5,88,12.2,143,71,100,5.8
2024-11-18,85,21.1,71,21.3,138,69,96,6.7
2024-11-18,86,23.7,60,23.7,215,107,150,8.8
2024-11-18,87,37.1,83,2.4,225,112,157,5.2
2024-11-18,88,22.2,49,3.2,221,110,154,6.5
2024-11-18,89,36.3,54,0.9,151,75,105,5.8
2024-11-18,90,33.9,77,21.7,188,94,131,5.9
2024-11-18,91,30.7,76,6.1,226,113,158,7.1
2024-11-18,92,35.4,83,27.1,117,58,81,7.5
2024-11-18,93,26.8,85,20.4,105,52,73,6.4
2024-11-18,94,22.5,47,9.8,247,123,172,6.4
2024-11-18,95,37.1,40,0.5,137,68,95,5.9
2024-11-18,96,37.2,41,12.6,192,96,134,6.5
2024-11-18,97,32.4,72,21.3,248,124,173,6.2
2024-11-18,98,25.1,78,11.6,153,76,107,9.1
2024-11-18,99,37.6,57,11.4,138,69,96,7.0
2024-11-18,100,29.2,66,1.4,174,87,121,5.1
2024-11-19,1,32.0,62,8.1,197,98,137,7.9
2024-11-19,2,20.3,82,16.8,173,86,121,7.0
2024-11-19,3,34.6,54,6.8,136,68,95,6.9
2024-11-19,4,36.9,78,24.4,173,86,121,6.3
2024-11-19,5,30.3,88,16.2,149,74,104,8.3
2024-11-19,6,37.5,65,7.6,163,81,114,8.0
2024-11-19,7,31.0,51,25.5,120,60,84,7.7
2024-11-19,8,34.9,59,18.6,225,112,157,7.0
2024-11-19,9,21.2,88,18.6,142,71,99,7.5
2024-11-19,10,35.5,68,11.0,228,114,159,8.1
2024-11-19,11,28.1,57,29.3,239,119,167,6.1
2024-11-19,12,28.5,74,1.9,110,55,77,5.2
2024-11-19,13,34.8,51,1.0,249,124,174,8.7
2024-11-19,14,37.0,71,1.2,164,82,114,8.3
2024-11-19,15,21.3,78,23.0,228,114,159,6.1
2024-11-19,16,34.8,87,23.8,176,88,123,8.0
2024-11-19,17,33.2,87,26.9,171,85,119,5.2
2024-11-19,18,36.6,65,8.0,205,102,143,7.1
2024-11-19,19,23.0,77,18.7,234,117,163,6.6
2024-11-19,20,25.1,61,1.2,187,93,130,6.6
2024-11-19,21,26.8,48,7.4,219,109,153,8.2
2024-11-19,22,35.8,66,4.2,239,119,167,5.3
2024-11-19,23,20.6,73,28.4,204,102,142,9.2
2024-11-19,24,31.1,54,28.2,150,75,105,7.0
2024-11-19,25,26.3,86,23.5,174,87,121,7.3
2024-11-19,26,32.9,51,29.3,234,117,163,8.0
2024-11-19,27,35.4,74,6.1,222,111,155,8.1
2024-11-19,28,30.9,54,22.2,163,81,114,5.4
2024-11-19,29,34.9,83,21.0,111,55,77,5.0
2024-11-19,30,31.2,70,14.2,92,46,64,6.1
2024-11-19,31,34.4,71,15.2,198,99,138,4.9
2024-11-19,32,23.0,66,24.8,103,51,72,6.4
2024-11-19,33,21.8,53,25.8,169,84,118,8.4
2024-11-19,34,22.9,73,25.5,142,71,99,5.2
2024-11-19,35,20.1,65,5.2,187,93,130,5.0
2024-11-19,36,31.1,84,2.1,124,62,86,8.7
2024-11-19,37,21.9,78,2.8,245,122,171,7.0
2024-11-19,38,35.2,55,16.1,240,120,168,8.6
2024-11-19,39,26.1,89,4.1,144,72,100,6.5
2024-11-19,40,29.7,45,26.7,151,75,105,6.9
2024-11-19,41,20.1,51,26.0,120,60,84,6.2
2024-11-19,42,29.4,73,28.0,141,70,98,8.3
2024-11-19,43,34.7,53,23.9,224,112,156,6.4
2024-11-19,44,22.1,87,18.9,168,84,117,8.7
2024-11-19,45,25.7,43,22.4,208,104,145,8.0
2024-11-19,46,33.2,61,19.7,185,92,129,5.0
2024-11-19,47,20.4,72,9.5,94,47,65,5.9
2024-11-19,48,31.9,49,16.4,224,112,156,7.3
2024-11-19,49,28.0,64,25.0,166,83,116,8.2
2024-11-19,50,28.7,61,7.2,116,58,81,6.1
2024-11-19,51,22.5,50,26.4,194,97,135,6.7
2024-11-19,52,29.2,46,5.5,206,103,144,6.0
2024-11-19,53,23.7,71,17.2,186,93,130,6.2
2024-11-19,54,21.6,85,15.8,197,98,137,5.7
2024-11-19,55,31.6,47,2.7,135,67,94,6.7
2024-11-19,56,30.0,71,13.0,150,75,105,6.0
2024-11-19,57,28.4,64,29.7,215,107,150,6.1
2024-11-19,58,20.6,83,20.2,210,105,147,7.5
2024-11-19,59,20.4,49,24.4,100,50,70,7.0
2024-11-19,60,37.3,85,7.6,123,61,86,6.6
2024-11-19,61,21.2,46,18.5,146,73,102,6.6
2024-11-19,62,35.1,68,7.1,222,111,155,6.8
2024-11-19,63,34.8,74,22.2,233,116,163,8.4
2024-11-19,64,21.2,81,3.1,137,68,95,6.9
2024-11-19,65,30.2,68,20.0,157,78,109,7.8
2024-11-19,66,24.6,67,24.7,210,105,147,5.8
2024-11-19,67,21.6,87,12.7,172,86,120,7.3
2024-11-19,68,25.4,57,24.0,129,64,90,8.6
2024-11-19,69,33.4,68,15.0,118,59,82,8.2
2024-11-19,70,20.6,56,1.2,198,99,138,7.8
2024-11-19,71,31.4,82,7.6,149,74,104,6.0
2024-11-19,72,28.2,87,27.4,233,116,163,6.4
2024-11-19,73,21.6,65,22.4,140,70,98,8.9
2024-11-19,74,28.9,57,27.1,162,81,113,8.9
2024-11-19,75,33.0,81,4.7,243,121,170,6.8
2024-11-19,76,29.8,74,3.6,129,64,90,9.1
2024-11-19,77,29.5,45,29.8,113,56,79,8.1
2024-11-19,78,34.2,46,9.7,125,62,87,6.8
2024-11-19,79,30.1,55,23.1,177,88,123,6.9
2024-11-19,80,21.1,78,7.3,173,86,121,8.1
2024-11-19,81,30.1,80,8.8,110,55,77,7.4
2024-11-19,82,33.0,66,27.2,127,63,88,7.0
2024-11-19,83,30.7,45,28.0,244,122,170,8.3
2024-11-19,84,33.2,88,0.9,191,95,133,4.9
2024-11-19,85,37.2,58,13.7,236,118,165,6.7
2024-11-19,86,31.0,78,11.0,198,99,138,8.7
2024-11-19,87,35.0,54,21.9,167,83,116,5.7
2024-11-19,88,25.3,65,12.8,227,113,158,6.4
2024-11-19,89,30.6,69,18.8,177,88,123,6.4
2024-11-19,90,37.5,41,17.1,140,70,98,5.3
2024-11-19,91,33.9,46,12.8,186,93,130,7.1
2024-11-19,92,37.3,46,5.6,166,83,116,7.5
2024-11-19,93,32.0,41,12.8,236,118,165,6.0
2024-11-19,94,33.7,77,29.3,243,121,170,6.5
2024-11-19,95,32.2,62,9.2,223,111,156,5.9
2024-11-19,96,36.8,50,12.3,204,102,142,6.1
2024-11-19,97,23.5,63,2.1,212,106,148,5.8
2024-11-19,98,25.3,44,4.5,105,52,73,8.5
2024-11-19,99,21.9,41,26.6,203,101,142,7.3
2024-11-19,100,30.2,57,12.6,175,87,122,5.2
2024-11-20,1,29.4,76,14.0,221,110,154,7.2
2024-11-20,2,28.1,40,22.5,96,48,67,7.0
2024-11-20,3,33.5,42,0.1,120,60,84,7.0
2024-11-20,4,35.5,65,7.2,144,72,100,5.6
2024-11-20,5,20.6,56,5.8,119,59,83,8.1
2024-11-20,6,30.7,53,16.9,195,97,136,8.4
2024-11-20,7,30.2,50,18.1,196,98,137,7.5
2024-11-20,8,30.5,52,21.9,104,52,72,7.7
2024-11-20,9,21.7,55,19.9,240,120,168,7.8
2024-11-20,10,33.1,89,28.6,170,85,118,7.4
2024-11-20,11,24.6,69,9.4,119,59,83,5.4
2024-11-20,12,27.2,74,18.2,128,64,89,5.3
2024-11-20,13,34.0,42,26.6,103,51,72,8.3
2024-11-20,14,26.0,41,22.0,220,110,154,7.9
2024-11-20,15,23.9,65,24.3,154,77,107,6.2
2024-11-20,16,35.1,43,22.5,164,82,114,8.1
2024-11-20,17,31.8,86,19.1,192,96,134,5.2
2024-11-20,18,29.9,66,12.7,193,96,135,7.1
2024-11-20,19,35.4,86,17.6,219,109,153,6.1
2024-11-20,20,24.5,85,10.8,104,52,72,6.9
2024-11-20,21,37.3,81,22.5,223,111,156,8.2
2024-11-20,22,26.5,51,8.0,173,86,121,5.6
2024-11-20,23,25.8,85,18.7,96,48,67,8.6
2024-11-20,24,32.9,69,9.0,231,115,161,6.7
2024-11-20,25,34.6,57,14.0,141,70,98,7.4
2024-11-20,26,30.1,70,8.0,240,120,168,8.1
2024-11-20,27,34.7,56,3.8,202,101,141,7.8
2024-11-20,28,27.8,56,13.0,179,89,125,5.2
2024-11-20,29,21.6,81,8.9,196,98,137,5.0
2024-11-20,30,23.0,49,0.0,186,93,130,5.1
2024-11-20,31,27.1,76,17.9,133,66,93,5.3
2024-11-20,32,31.7,41,15.3,151,75,105,6.7
2024-11-20,33,29.8,57,18.3,204,102,142,8.3
2024-11-20,34,32.6,68,11.6,148,74,103,5.6
2024-11-20,35,31.2,44,0.9,97,48,67,5.1
2024-11-20,36,35.6,45,19.9,193,96,135,8.7
2024-11-20,37,26.3,63,22.0,112,56,78,7.0
2024-11-20,38,23.1,55,6.5,184,92,128,8.5
2024-11-20,39,37.8,76,7.9,195,97,136,6.5
2024-11-20,40,20.3,85,22.0,188,94,131,7.5
2024-11-20,41,32.5,88,20.6,158,79,110,6.6
2024-11-20,42,31.9,83,13.1,207,103,144,9.1
2024-11-20,43,22.1,85,5.4,126,63,88,6.2
2024-11-20,44,28.1,74,8.0,223,111,156,8.7
2024-11-20,45,25.0,87,24.2,170,85,118,7.8
2024-11-20,46,20.8,49,6.8,238,119,166,5.2
2024-11-20,47,23.4,66,2.3,182,91,127,5.5
2024-11-20,48,37.9,73,22.0,90,45,62,8.1
2024-11-20,49,34.8,43,20.5,199,99,139,8.4
2024-11-20,50,31.5,40,10.8,239,119,167,5.7
2024-11-20,51,26.0,67,21.6,175,87,122,6.5
2024-11-20,52,21.0,64,15.0,160,80,112,5.4
2024-11-20,53,33.6,74,18.7,219,109,153,6.3
2024-11-20,54,23.4,88,7.1,98,49,68,5.9
2024-11-20,55,30.5,41,26.4,149,74,104,6.1
2024-11-20,56,22.7,87,29.5,219,109,153,5.9
2024-11-20,57,27.9,79,4.8,215,107,150,6.2
2024-11-20,58,33.6,73,22.9,177,88,123,8.3
2024-11-20,59,29.0,64,8.8,220,110,154,7.6
2024-11-20,60,35.9,51,14.1,197,98,137,7.0
2024-11-20,61,29.5,50,4.9,208,104,145,7.3
2024-11-20,62,21.4,77,11.6,209,104,146,7.0
2024-11-20,63,29.6,85,19.3,235,117,164,7.7
2024-11-20,64,23.2,57,26.1,161,80,112,7.3
2024-11-20,65,26.7,77,4.4,98,49,68,7.8
2024-11-20,66,32.7,44,8.4,160,80,112,5.7
2024-11-20,67,29.8,56,18.0,196,98,137,7.6
2024-11-20,68,24.6,45,12.2,236,118,165,8.2
2024-11-20,69,33.4,58,28.0,209,104,146,8.7
2024-11-20,70,36.1,80,14.4,171,85,119,8.1
2024-11-20,71,34.1,55,15.4,122,61,85,5.5
2024-11-20,72,21.3,59,16.2,208,104,145,6.7
2024-11-20,73,29.8,40,28.4,185,92,129,8.0
2024-11-20,74,37.8,85,11.6,149,74,104,8.7
2024-11-20,75,29.0,87,4.2,96,48,67,6.9
2024-11-20,76,27.6,77,9.8,232,116,162,8.6
2024-11-20,77,23.7,49,9.4,169,84,118,7.3
2024-11-20,78,27.0,74,0.7,92,46,64,6.7
2024-11-20,79,25.6,53,20.7,136,68,95,6.6
2024-11-20,80,31.1,54,21.0,123,61,86,8.5
2024-11-20,81,26.0,48,9.0,221,110,154,7.2
2024-11-20,82,27.7,72,25.5,129,64,90,7.6
2024-11-20,83,27.0,57,0.2,176,88,123,8.4
2024-11-20,84,20.1,75,8.0,191,95,133,5.3
2024-11-20,85,34.6,72,18.1,220,110,154,6.5
2024-11-20,86,36.8,56,8.2,147,73,102,8.4
2024-11-20,87,34.6,46,17.8,232,116,162,6.2
2024-11-20,88,32.5,47,2.7,135,67,94,6.7
2024-11-20,89,36.2,68,2.3,94,47,65,5.6
2024-11-20,90,25.0,89,12.2,230,115,161,5.9
2024-11-20,91,21.1,64,14.4,197,98,137,6.9
2024-11-20,92,32.6,57,12.3,123,61,86,8.2
2024-11-20,93,32.5,49,5.7,228,114,159,6.3
2024-11-20,94,36.3,60,27.2,221,110,154,6.6
2024-11-20,95,32.8,88,19.0,173,86,121,5.0
2024-11-20,96,36.1,62,20.8,108,54,75,6.2
2024-11-20,97,37.1,80,7.4,149,74,104,6.1
2024-11-20,98,34.0,71,17.5,249,124,174,9.1
2024-11-20,99,28.2,65,18.6,222,111,155,7.3
2024-11-20,100,28.9,72,10.1,160,80,112,5.3
2024-11-21,1,32.2,70,11.8,216,108,151,8.0
2024-11-21,2,28.1,50,10.7,145,72,101,7.2
2024-11-21,3,29.7,59,19.2,146,73,102,7.5
2024-11-21,4,35.5,53,2.7,157,78,109,6.0
2024-11-21,5,22.7,63,19.8,92,46,64,7.9
2024-11-21,6,34.1,57,27.1,113,56,79,8.5
2024-11-21,7,37.8,72,18.3,229,114,160,7.7
2024-11-21,8,28.1,49,1.7,241,120,168,7.3
2024-11-21,9,37.4,54,15.0,188,94,131,7.8
2024-11-21,10,35.2,55,22.0,222,111,155,7.7
2024-11-21,11,24.8,46,16.8,244,122,170,6.2
2024-11-21,12,37.0,87,8.1,133,66,93,5.5
2024-11-21,13,24.1,48,17.8,122,61,85,8.2
2024-11-21,14,32.7,65,10.9,239,119,167,7.9
2024-11-21,15,34.7,74,19.7,170,85,118,6.5
2024-11-21,16,22.6,89,0.6,165,82,115,7.2
2024-11-21,17,33.3,72,14.3,101,50,70,5.5
2024-11-21,18,30.4,74,1.4,193,96,135,7.1
2024-11-21,19,33.2,64,11.1,170,85,118,6.7
2024-11-21,20,31.0,84,12.7,180,90,125,7.1
2024-11-21,21,37.1,87,24.5,166,83,116,8.8
2024-11-21,22,30.9,49,27.8,95,47,66,5.1
2024-11-21,23,28.7,87,21.0,183,91,128,8.7
2024-11-21,24,32.8,76,5.1,159,79,111,6.8
2024-11-21,25,30.9,48,19.2,233,116,163,7.5
2024-11-21,26,28.2,83,2.7,227,113,158,8.6
2024-11-21,27,28.8,57,6.2,126,63,88,8.2
2024-11-21,28,29.4,87,7.9,206,103,144,5.8
2024-11-21,29,37.2,83,1.4,213,106,149,5.4
2024-11-21,30,33.0,87,1.8,244,122,170,5.9
2024-11-21,31,25.4,87,21.7,107,53,74,5.5
2024-11-21,32,24.3,71,21.3,231,115,161,6.7
2024-11-21,33,21.3,43,2.4,171,85,119,9.1
2024-11-21,34,23.6,74,13.4,112,56,78,5.6
2024-11-21,35,35.4,57,19.5,106,53,74,5.1
2024-11-21,36,29.5,52,22.9,217,108,151,8.0
2024-11-21,37,20.3,84,24.3,154,77,107,7.2
2024-11-21,38,35.8,87,17.1,119,59,83,8.7
2024-11-21,39,35.7,73,18.8,118,59,82,6.8
2024-11-21,40,37.3,72,23.2,158,79,110,7.5
2024-11-21,41,26.3,86,17.7,173,86,121,6.1
2024-11-21,42,37.1,78,15.3,230,115,161,8.7
2024-11-21,43,25.1,64,0.5,243,121,170,6.4
2024-11-21,44,38.0,77,23.9,248,124,173,9.0
2024-11-21,45,22.7,75,11.4,224,112,156,8.1
2024-11-21,46,37.0,66,29.2,193,96,135,5.2
2024-11-21,47,30.5,60,26.4,224,112,156,5.7
2024-11-21,48,33.2,64,25.1,211,105,147,7.9
2024-11-21,49,25.2,43,8.8,222,111,155,9.2
2024-11-21,50,25.9,50,7.8,155,77,108,6.1
2024-11-21,51,36.2,49,13.1,152,76,106,6.2
2024-11-21,52,26.1,60,5.0,209,104,146,6.3
2024-11-21,53,31.6,50,18.4,218,109,152,6.0
2024-11-21,54,27.4,72,5.4,232,116,162,5.4
2024-11-21,55,27.2,62,15.3,209,104,146,6.1
2024-11-21,56,28.1,75,24.1,223,111,156,6.5
2024-11-21,57,34.2,89,20.1,170,85,118,6.1
2024-11-21,58,36.3,46,21.8,234,117,163,7.6
2024-11-21,59,22.3,87,16.3,149,74,104,6.8
2024-11-21,60,25.3,44,9.1,224,112,156,6.2
2024-11-21,61,22.1,56,12.1,239,119,167,6.6
2024-11-21,62,31.3,55,22.9,102,51,71,6.8
2024-11-21,63,34.9,75,17.9,181,90,126,8.7
2024-11-21,64,34.0,79,0.6,247,123,172,6.3
2024-11-21,65,23.4,85,24.5,126,63,88,7.5
2024-11-21,66,34.9,74,18.4,238,119,166,5.9
2024-11-21,67,30.0,63,25.0,210,105,147,8.1
2024-11-21,68,30.4,76,22.3,212,106,148,8.3
2024-11-21,69,30.2,74,0.5,142,71,99,8.3
2024-11-21,70,34.8,51,3.4,136,68,95,8.1
2024-11-21,71,23.1,72,8.3,167,83,116,5.4
2024-11-21,72,28.4,60,29.1,193,96,135,6.4
2024-11-21,73,36.4,64,5.0,198,99,138,7.9
2024-11-21,74,31.0,73,7.7,180,90,125,8.7
2024-11-21,75,37.0,45,3.7,195,97,136,7.0
2024-11-21,76,31.8,87,4.2,122,61,85,8.7
2024-11-21,77,32.1,51,27.2,138,69,96,7.4
2024-11-21,78,21.2,44,12.2,200,100,140,6.9
2024-11-21,79,22.2,88,13.5,135,67,94,7.1
2024-11-21,80,35.3,69,8.0,102,51,71,8.3
2024-11-21,81,31.9,75,12.9,202,101,141,7.7
2024-11-21,82,32.9,75,5.3,123,61,86,7.6
2024-11-21,83,26.6,87,7.0,180,90,125,8.7
2024-11-21,84,28.2,52,14.1,185,92,129,5.3
2024-11-21,85,27.8,55,1.6,239,119,167,6.4
2024-11-21,86,23.9,55,21.5,118,59,82,8.4
2024-11-21,87,20.2,41,29.9,92,46,64,6.1
2024-11-21,88,37.8,47,1.5,249,124,174,6.5
2024-11-21,89,26.4,63,26.3,105,52,73,6.3
2024-11-21,90,33.4,61,24.3,113,56,79,5.4
2024-11-21,91,37.9,85,4.8,178,89,124,7.1
2024-11-21,92,27.3,89,28.3,172,86,120,7.6
2024-11-21,93,32.5,73,2.4,150,75,105,6.5
2024-11-21,94,31.5,81,12.2,96,48,67,6.0
2024-11-21,95,37.2,64,3.1,133,66,93,5.3
2024-11-21,96,33.2,74,5.8,109,54,76,6.6
2024-11-21,97,28.8,76,23.4,209,104,146,6.3
2024-11-21,98,34.2,88,3.6,169,84,118,8.6
2024-11-21,99,26.0,71,15.8,240,120,168,7.3
2024-11-21,100,33.8,67,18.5,245,122,171,5.2
2024-11-22,1,36.9,78,28.3,136,68,95,7.4
2024-11-22,2,32.2,61,11.8,131,65,91,7.2
2024-11-22,3,29.3,49,17.6,183,91,128,7.8
2024-11-22,4,35.9,73,10.1,230,115,161,6.2
2024-11-22,5,27.1,60,3.6,158,79,110,7.9
2024-11-22,6,23.0,46,8.9,112,56,78,7.9
2024-11-22,7,20.6,59,6.3,98,49,68,8.1
2024-11-22,8,27.7,50,8.1,164,82,114,7.6
2024-11-22,9,22.1,54,28.2,114,57,79,7.3
2024-11-22,10,31.9,58,9.7,170,85,118,7.6
2024-11-22,11,23.0,62,1.8,90,45,62,5.5
2024-11-22,12,35.4,49,24.6,214,107,149,5.8
2024-11-22,13,30.3,58,0.9,218,109,152,8.8
2024-11-22,14,32.2,63,14.0,209,104,146,8.5
2024-11-22,15,33.3,42,19.3,195,97,136,6.1
2024-11-22,16,31.1,77,22.7,236,118,165,7.6
2024-11-22,17,25.5,88,24.2,102,51,71,6.1
2024-11-22,18,27.7,41,29.0,198,99,138,7.0
2024-11-22,19,29.6,41,19.5,93,46,65,6.1
2024-11-22,20,35.9,88,9.6,213,106,149,6.5
2024-11-22,21,22.1,42,28.8,214,107,149,8.9
2024-11-22,22,24.9,75,13.0,202,101,141,5.8
2024-11-22,23,28.9,43,23.9,242,121,169,9.3
2024-11-22,24,24.7,67,12.9,244,122,170,7.2
2024-11-22,25,20.6,54,1.9,192,96,134,7.1
2024-11-22,26,26.6,55,6.0,98,49,68,8.9
2024-11-22,27,23.3,79,24.0,241,120,168,7.9
2024-11-22,28,31.8,64,14.8,242,121,169,5.4
2024-11-22,29,28.2,50,9.6,122,61,85,5.3
2024-11-22,30,20.6,86,17.9,100,50,70,5.4
2024-11-22,31,32.7,73,21.8,114,57,79,5.6
2024-11-22,32,24.3,52,20.8,101,50,70,7.4
2024-11-22,33,31.6,60,0.1,210,105,147,9.0
2024-11-22,34,36.8,72,8.2,166,83,116,6.1
2024-11-22,35,26.4,80,17.4,103,51,72,5.4
2024-11-22,36,28.9,50,29.7,156,78,109,8.7
2024-11-22,37,29.7,87,6.2,202,101,141,7.5
2024-11-22,38,25.6,46,26.7,100,50,70,9.1
2024-11-22,39,21.1,63,8.1,172,86,120,6.6
2024-11-22,40,24.9,76,20.7,108,54,75,6.8
2024-11-22,41,36.8,60,23.1,100,50,70,6.1
2024-11-22,42,32.8,75,18.8,130,65,91,8.2
2024-11-22,43,27.3,82,24.3,111,55,77,6.3
2024-11-22,44,28.7,78,21.0,199,99,139,8.2
2024-11-22,45,31.9,40,23.8,247,123,172,7.6
2024-11-22,46,28.1,76,25.3,193,96,135,5.4
2024-11-22,47,21.5,43,4.2,207,103,144,5.2
2024-11-22,48,36.4,60,24.3,113,56,79,7.6
2024-11-22,49,21.9,79,3.9,214,107,149,8.5
2024-11-22,50,36.0,68,16.7,227,113,158,5.8
2024-11-22,51,22.5,43,26.8,129,64,90,6.2
2024-11-22,52,36.6,51,22.5,167,83,116,5.9
2024-11-22,53,34.3,66,23.0,111,55,77,6.7
2024-11-22,54,36.9,59,21.5,162,81,113,5.8
2024-11-22,55,21.1,73,8.0,132,66,92,6.1
2024-11-22,56,26.8,66,14.5,202,101,141,5.6
2024-11-22,57,25.9,70,20.5,223,111,156,6.8
2024-11-22,58,22.7,70,13.5,186,93,130,8.1
2024-11-22,59,24.3,52,11.7,174,87,121,7.7
2024-11-22,60,30.3,83,10.6,201,100,140,7.1
2024-11-22,61,27.8,76,9.1,118,59,82,6.8
2024-11-22,62,21.4,89,4.1,198,99,138,7.1
2024-11-22,63,26.8,59,9.7,213,106,149,8.3
2024-11-22,64,25.6,58,5.8,118,59,82,6.8
2024-11-22,65,35.3,73,1.4,137,68,95,7.2
2024-11-22,66,36.4,41,2.9,95,47,66,5.9
2024-11-22,67,26.5,45,24.7,183,91,128,7.6
2024-11-22,68,30.5,60,22.9,107,53,74,8.5
2024-11-22,69,37.6,62,5.4,114,57,79,8.3
2024-11-22,70,23.5,59,24.3,195,97,136,7.8
2024-11-22,71,28.9,54,21.9,199,99,139,5.4
2024-11-22,72,29.1,60,4.5,130,65,91,6.5
2024-11-22,73,35.7,83,28.3,247,123,172,8.2
2024-11-22,74,36.1,41,10.1,191,95,133,8.3
2024-11-22,75,33.1,60,14.9,118,59,82,6.8
2024-11-22,76,29.7,63,9.8,155,77,108,8.4
2024-11-22,77,22.5,69,22.0,230,115,161,8.0
2024-11-22,78,36.3,77,9.6,209,104,146,7.0
2024-11-22,79,21.9,88,0.4,243,121,170,6.8
2024-11-22,80,32.6,77,20.1,246,123,172,7.9
2024-11-22,81,33.3,78,23.5,171,85,119,7.4
2024-11-22,82,31.5,78,29.5,124,62,86,7.6
2024-11-22,83,25.3,79,2.0,200,100,140,9.1
2024-11-22,84,23.2,61,12.9,162,81,113,5.5
2024-11-22,85,26.8,85,2.3,107,53,74,6.3
2024-11-22,86,36.5,66,1.1,90,45,62,8.6
2024-11-22,87,37.8,66,3.4,218,109,152,5.8
2024-11-22,88,23.2,51,4.9,128,64,89,6.3
2024-11-22,89,22.3,70,4.9,186,93,130,5.8
2024-11-22,90,24.3,79,14.1,118,59,82,6.2
2024-11-22,91,33.8,52,4.2,236,118,165,7.2
2024-11-22,92,22.3,67,18.7,190,95,133,7.6
2024-11-22,93,26.4,80,9.6,194,97,135,6.6
2024-11-22,94,26.5,74,16.5,165,82,115,6.5
2024-11-22,95,25.1,89,20.0,247,123,172,5.4
2024-11-22,96,24.1,52,0.6,143,71,100,5.6
2024-11-22,97,20.4,60,21.1,117,58,81,6.3
2024-11-22,98,26.9,83,25.6,244,122,170,8.7
2024-11-22,99,28.8,89,10.9,146,73,102,7.0
2024-11-22,100,34.1,76,6.7,137,68,95,5.5
2024-11-23,1,30.6,69,0.8,93,46,65,7.8
2024-11-23,2,24.8,71,0.4,229,114,160,7.4
2024-11-23,3,22.7,68,10.8,160,80,112,7.1
2024-11-23,4,34.0,41,8.7,224,112,156,6.2
2024-11-23,5,33.4,47,16.8,132,66,92,8.0
2024-11-23,6,23.6,48,28.7,170,85,118,8.3
2024-11-23,7,34.9,41,24.9,111,55,77,7.9
2024-11-23,8,22.6,51,12.9,179,89,125,7.3
2024-11-23,9,27.4,72,12.8,184,92,128,7.5
2024-11-23,10,36.9,77,7.1,249,124,174,7.7
2024-11-23,11,31.9,59,28.5,131,65,91,6.0
2024-11-23,12,31.6,60,5.2,159,79,111,5.3
2024-11-23,13,31.3,42,20.6,105,52,73,8.9
2024-11-23,14,29.8,74,10.4,199,99,139,7.7
2024-11-23,15,33.3,49,28.6,90,45,62,6.3
2024-11-23,16,29.2,85,14.3,127,63,88,7.8
2024-11-23,17,21.6,75,1.4,134,67,93,5.7
2024-11-23,18,34.9,43,1.2,94,47,65,6.6
2024-11-23,19,28.1,63,13.8,119,59,83,6.7
2024-11-23,20,21.5,88,28.7,180,90,125,6.8
2024-11-23,21,31.3,80,19.1,239,119,167,8.2
2024-11-23,22,29.6,66,26.1,198,99,138,5.9
2024-11-23,23,21.5,41,15.1,115,57,80,9.0
2024-11-23,24,29.3,43,8.6,160,80,112,6.3
2024-11-23,25,28.1,50,14.0,225,112,157,7.7
2024-11-23,26,27.5,83,23.9,151,75,105,8.4
2024-11-23,27,38.0,51,9.7,118,59,82,8.4
2024-11-23,28,24.3,76,7.7,198,99,138,5.5
2024-11-23,29,24.3,88,22.1,232,116,162,5.1
2024-11-23,30,30.8,83,2.6,173,86,121,5.6
2024-11-23,31,32.2,51,16.5,127,63,88,5.1
2024-11-23,32,27.8,66,30.0,100,50,70,6.7
2024-11-23,33,33.8,78,6.1,246,123,172,8.9
2024-11-23,34,31.0,63,24.3,98,49,68,6.1
2024-11-23,35,29.1,80,0.9,134,67,93,5.5
2024-11-23,36,34.0,83,20.2,116,58,81,8.3
2024-11-23,37,24.6,58,23.2,115,57,80,7.5
2024-11-23,38,21.1,45,19.4,102,51,71,8.2
2024-11-23,39,29.1,52,14.4,129,64,90,6.6
2024-11-23,40,31.3,56,3.2,153,76,107,7.3
2024-11-23,41,20.7,76,28.3,114,57,79,5.7
2024-11-23,42,32.9,53,25.2,177,88,123,8.7
2024-11-23,43,30.4,81,19.1,205,102,143,6.3
2024-11-23,44,28.5,42,29.7,179,89,125,8.5
2024-11-23,45,23.9,40,19.9,224,112,156,7.7
2024-11-23,46,21.1,77,28.8,195,97,136,5.2
2024-11-23,47,30.2,65,22.9,249,124,174,5.6
2024-11-23,48,34.0,76,15.0,143,71,100,8.2
2024-11-23,49,23.0,60,6.7,105,52,73,8.2
2024-11-23,50,21.5,61,18.1,218,109,152,5.5
2024-11-23,51,25.6,81,17.1,159,79,111,6.6
2024-11-23,52,31.8,70,29.6,133,66,93,5.5
2024-11-23,53,35.4,63,1.5,188,94,131,6.1
2024-11-23,54,25.5,82,10.4,201,100,140,5.6
2024-11-23,55,35.4,41,29.0,149,74,104,6.7
2024-11-23,56,34.5,71,23.0,122,61,85,6.1
2024-11-23,57,23.9,51,21.3,127,63,88,6.2
2024-11-23,58,33.8,84,17.9,241,120,168,7.7
2024-11-23,59,24.4,70,27.3,234,117,163,7.0
2024-11-23,60,22.4,89,23.8,164,82,114,6.9
2024-11-23,61,20.0,88,15.2,192,96,134,7.2
2024-11-23,62,26.5,68,13.9,148,74,103,6.9
2024-11-23,63,24.9,47,4.6,187,93,130,8.4
2024-11-23,64,24.4,80,9.7,232,116,162,6.7
2024-11-23,65,25.9,84,5.8,102,51,71,7.6
2024-11-23,66,20.6,45,16.8,222,111,155,5.6
2024-11-23,67,34.3,79,26.1,245,122,171,7.3
2024-11-23,68,37.1,47,19.8,139,69,97,7.9
2024-11-23,69,29.0,67,25.8,205,102,143,8.2
2024-11-23,70,31.1,47,7.9,212,106,148,8.2
2024-11-23,71,36.6,48,3.3,114,57,79,5.8
2024-11-23,72,22.5,48,15.5,230,115,161,7.1
2024-11-23,73,27.9,55,22.9,96,48,67,8.1
2024-11-23,74,30.4,77,10.9,180,90,125,8.1
2024-11-23,75,30.9,56,14.0,96,48,67,6.7
2024-11-23,76,37.8,60,23.8,231,115,161,9.0
2024-11-23,77,28.3,57,9.0,134,67,93,7.9
2024-11-23,78,33.9,85,20.4,134,67,93,6.9
2024-11-23,79,22.7,52,7.9,151,75,105,7.1
2024-11-23,80,29.3,44,29.7,103,51,72,8.5
2024-11-23,81,32.0,67,3.9,184,92,128,8.0
2024-11-23,82,23.6,68,22.0,192,96,134,7.6
2024-11-23,83,35.5,56,12.1,167,83,116,8.9
2024-11-23,84,22.8,52,7.1,106,53,74,5.6
2024-11-23,85,34.4,89,27.2,213,106,149,6.3
2024-11-23,86,27.7,81,21.5,117,58,81,8.7
2024-11-23,87,27.2,69,2.1,207,103,144,5.3
2024-11-23,88,28.3,59,25.3,108,54,75,6.3
2024-11-23,89,24.1,81,17.3,156,78,109,5.5
2024-11-23,90,32.1,72,29.4,184,92,128,5.5
2024-11-23,91,27.3,59,5.9,165,82,115,7.4
2024-11-23,92,34.7,47,8.5,235,117,164,7.4
2024-11-23,93,34.0,69,7.0,197,98,137,6.1
2024-11-23,94,32.7,88,28.2,223,111,156,6.9
2024-11-23,95,27.9,47,4.1,243,121,170,5.5
2024-11-23,96,35.9,49,15.2,135,67,94,6.6
2024-11-23,97,26.3,40,29.8,151,75,105,5.9
2024-11-23,98,30.6,70,7.3,230,115,161,8.7
2024-11-23,99,33.1,59,4.2,180,90,125,7.5
2024-11-23,100,35.1,43,22.7,193,96,135,5.1
2024-11-24,1,36.0,82,4.5,182,91,127,7.3
2024-11-24,2,31.3,84,0.9,181,90,126,7.2
2024-11-24,3,32.6,80,17.6,166,83,116,7.6
2024-11-24,4,22.4,80,19.7,144,72,100,5.7
2024-11-24,5,31.5,75,22.8,203,101,142,7.9
2024-11-24,6,24.8,79,20.1,181,90,126,8.8
2024-11-24,7,21.1,76,4.7,233,116,163,7.5
2024-11-24,8,33.3,86,22.1,165,82,115,7.8
2024-11-24,9,21.6,83,23.5,103,51,72,7.0
2024-11-24,10,32.7,56,9.8,158,79,110,7.2
2024-11-24,11,28.2,46,11.9,170,85,118,5.8
2024-11-24,12,29.6,50,6.2,200,100,140,5.5
2024-11-24,13,25.0,68,23.2,142,71,99,8.3
2024-11-24,14,33.2,75,27.4,195,97,136,7.5
2024-11-24,15,29.8,41,18.2,183,91,128,6.7
2024-11-24,16,28.7,51,22.0,194,97,135,7.8
2024-11-24,17,34.3,62,29.3,232,116,162,5.6
2024-11-24,18,21.8,77,22.3,243,121,170,7.4
2024-11-24,19,25.6,53,18.8,179,89,125,6.0
2024-11-24,20,29.3,70,25.0,129,64,90,6.8
2024-11-24,21,20.5,85,14.6,235,117,164,8.0
2024-11-24,22,35.0,51,0.9,92,46,64,5.1
2024-11-24,23,24.0,70,20.7,153,76,107,8.5
2024-11-24,24,24.7,68,22.0,124,62,86,6.9
2024-11-24,25,34.2,58,25.2,230,115,161,7.5
2024-11-24,26,30.8,87,16.3,156,78,109,8.1
2024-11-24,27,37.0,59,1.1,114,57,79,8.1
2024-11-24,28,22.2,87,9.8,227,113,158,4.9
2024-11-24,29,38.0,74,23.3,199,99,139,4.8
2024-11-24,30,26.3,73,9.1,215,107,150,5.8
2024-11-24,31,23.9,45,3.6,175,87,122,5.0
2024-11-24,32,27.9,46,23.9,154,77,107,7.0
2024-11-24,33,33.0,86,29.0,189,94,132,8.6
2024-11-24,34,22.6,40,22.2,217,108,151,6.0
2024-11-24,35,29.9,74,20.5,111,55,77,5.5
2024-11-24,36,28.4,72,10.2,189,94,132,8.5
2024-11-24,37,26.0,66,22.3,154,77,107,7.3
2024-11-24,38,28.0,69,9.8,243,121,170,8.3
2024-11-24,39,26.0,50,10.3,242,121,169,7.1
2024-11-24,40,36.0,70,13.8,186,93,130,7.5
2024-11-24,41,21.6,73,29.0,126,63,88,6.1
2024-11-24,42,21.4,58,6.1,208,104,145,8.9
2024-11-24,43,20.3,49,10.1,193,96,135,6.6
2024-11-24,44,34.4,78,22.5,108,54,75,8.3
2024-11-24,45,20.2,88,5.9,222,111,155,8.4
2024-11-24,46,23.9,69,0.1,189,94,132,4.8
2024-11-24,47,31.2,57,27.8,189,94,132,5.7
2024-11-24,48,36.0,55,19.2,222,111,155,8.1
2024-11-24,49,27.0,73,22.6,237,118,165,9.1
2024-11-24,50,33.4,67,0.8,172,86,120,6.1
2024-11-24,51,36.4,69,10.9,92,46,64,6.5
2024-11-24,52,33.6,63,1.8,204,102,142,6.1
2024-11-24,53,31.0,75,23.2,127,63,88,6.1
2024-11-24,54,29.4,62,8.3,130,65,91,5.7
2024-11-24,55,31.9,63,22.1,203,101,142,6.0
2024-11-24,56,26.0,56,28.5,150,75,105,6.3
2024-11-24,57,31.3,56,21.0,148,74,103,7.0
2024-11-24,58,26.1,87,22.5,157,78,109,7.8
2024-11-24,59,36.5,52,24.9,244,122,170,7.2
2024-11-24,60,34.0,86,24.7,110,55,77,6.5
2024-11-24,61,23.5,80,0.9,199,99,139,7.2
2024-11-24,62,31.7,47,28.0,124,62,86,6.9
2024-11-24,63,22.7,75,17.8,145,72,101,8.2
2024-11-24,64,33.3,60,2.7,173,86,121,6.8
2024-11-24,65,30.5,57,26.7,91,45,63,7.6
2024-11-24,66,24.6,81,15.4,227,113,158,5.6
2024-11-24,67,21.0,65,12.7,145,72,101,7.5
2024-11-24,68,35.7,43,29.6,241,120,168,8.5
2024-11-24,69,26.7,42,24.5,219,109,153,8.0
2024-11-24,70,28.8,44,7.6,157,78,109,7.9
2024-11-24,71,35.9,80,12.7,182,91,127,5.8
2024-11-24,72,24.0,65,4.2,218,109,152,6.7
2024-11-24,73,25.0,43,20.3,182,91,127,8.6
2024-11-24,74,28.3,48,24.9,195,97,136,8.6
2024-11-24,75,31.6,43,9.4,199,99,139,7.0
2024-11-24,76,25.0,64,10.0,143,71,100,8.4
2024-11-24,77,36.3,40,21.8,224,112,156,7.5
2024-11-24,78,22.7,79,28.2,134,67,93,7.3
2024-11-24,79,23.4,66,19.4,139,69,97,6.8
2024-11-24,80,33.7,52,18.9,174,87,121,8.4
2024-11-24,81,20.6,70,29.3,122,61,85,8.1
2024-11-24,82,24.4,43,11.5,228,114,159,7.7
2024-11-24,83,20.6,58,29.3,123,61,86,9.1
2024-11-24,84,37.1,84,8.2,229,114,160,5.2
2024-11-24,85,27.3,41,4.5,137,68,95,5.9
2024-11-24,86,25.4,89,7.1,177,88,123,8.5
2024-11-24,87,20.4,79,13.1,191,95,133,5.9
2024-11-24,88,27.2,86,21.0,149,74,104,6.6
2024-11-24,89,28.8,52,27.3,124,62,86,6.0
2024-11-24,90,31.0,57,8.9,121,60,84,5.9
2024-11-24,91,30.7,62,18.9,107,53,74,6.8
2024-11-24,92,23.8,79,21.5,94,47,65,7.7
2024-11-24,93,33.2,61,2.8,163,81,114,6.4
2024-11-24,94,21.2,77,14.9,208,104,145,6.9
2024-11-24,95,30.6,53,20.0,117,58,81,5.7
2024-11-24,96,27.8,78,24.6,197,98,137,6.5
2024-11-24,97,28.8,57,27.7,150,75,105,5.9
2024-11-24,98,22.0,65,13.2,221,110,154,8.8
2024-11-24,99,34.7,77,7.5,111,55,77,7.0
2024-11-24,100,33.3,77,20.8,179,89,125,5.2
2024-11-25,1,30.2,52,13.1,140,70,98,8.0
2024-11-25,2,25.5,65,2.0,98,49,68,6.9
2024-11-25,3,20.8,86,5.8,228,114,159,7.1
2024-11-25,4,33.3,78,4.2,156,78,109,5.8
2024-11-25,5,31.1,76,0.1,105,52,73,8.2
2024-11-25,6,32.8,82,23.1,223,111,156,8.6
2024-11-25,7,36.3,41,27.4,178,89,124,7.9
2024-11-25,8,28.2,88,28.3,117,58,81,7.6
2024-11-25,9,36.6,80,1.7,125,62,87,7.7
2024-11-25,10,31.6,62,7.2,159,79,111,8.0
2024-11-25,11,22.3,84,17.5,181,90,126,6.2
2024-11-25,12,24.7,59,4.0,224,112,156,5.5
2024-11-25,13,34.7,89,26.4,126,63,88,8.8
2024-11-25,14,31.5,50,21.0,110,55,77,8.5
2024-11-25,15,23.4,77,6.8,126,63,88,7.0
2024-11-25,16,20.4,82,27.6,173,86,121,7.7
2024-11-25,17,37.8,79,7.4,200,100,140,5.2
2024-11-25,18,31.9,74,10.7,175,87,122,7.0
2024-11-25,19,31.6,77,0.0,245,122,171,6.1
2024-11-25,20,29.4,41,11.2,213,106,149,7.0
2024-11-25,21,27.4,84,25.8,123,61,86,8.2
2024-11-25,22,37.4,46,2.9,136,68,95,5.9
2024-11-25,23,36.6,87,25.5,112,56,78,8.4
2024-11-25,24,35.6,83,19.4,129,64,90,7.0
2024-11-25,25,34.5,88,6.1,138,69,96,7.7
2024-11-25,26,35.5,81,13.3,249,124,174,8.4
2024-11-25,27,25.6,46,2.2,180,90,125,7.4
2024-11-25,28,33.6,56,11.3,112,56,78,5.1
2024-11-25,29,25.1,41,8.6,107,53,74,5.3
2024-11-25,30,30.9,68,12.6,235,117,164,5.4
2024-11-25,31,22.9,87,26.9,122,61,85,5.0
2024-11-25,32,21.9,81,29.6,214,107,149,7.0
2024-11-25,33,29.1,60,3.9,157,78,109,9.0
2024-11-25,34,31.9,86,16.6,223,111,156,5.8
2024-11-25,35,31.6,52,12.0,93,46,65,5.2
2024-11-25,36,33.4,76,27.8,214,107,149,8.4
2024-11-25,37,37.1,68,9.9,249,124,174,7.3
2024-11-25,38,35.0,55,4.1,110,55,77,8.5
2024-11-25,39,27.4,61,0.2,94,47,65,6.8
2024-11-25,40,20.1,69,28.3,141,70,98,7.2
2024-11-25,41,30.2,56,7.6,160,80,112,6.1
2024-11-25,42,36.5,83,2.8,104,52,72,9.0
2024-11-25,43,36.2,87,0.9,93,46,65,6.1
2024-11-25,44,31.8,56,5.7,223,111,156,8.1
2024-11-25,45,31.8,78,5.0,155,77,108,8.4
2024-11-25,46,32.3,66,27.3,148,74,103,5.8
2024-11-25,47,31.6,87,28.7,101,50,70,5.9
2024-11-25,48,35.4,71,23.0,203,101,142,7.3
2024-11-25,49,27.1,44,15.9,191,95,133,8.7
2024-11-25,50,36.1,43,7.1,218,109,152,6.1
2024-11-25,51,20.7,42,26.9,114,57,79,6.4
2024-11-25,52,24.0,60,8.6,197,98,137,5.4
2024-11-25,53,31.9,83,28.6,213,106,149,6.1
2024-11-25,54,31.8,59,23.1,101,50,70,5.7
2024-11-25,55,30.7,50,10.4,199,99,139,6.7
2024-11-25,56,26.4,85,6.9,125,62,87,6.4
2024-11-25,57,37.9,78,11.5,193,96,135,6.2
2024-11-25,58,34.9,70,10.8,171,85,119,7.8
2024-11-25,59,33.4,81,5.4,191,95,133,7.0
2024-11-25,60,20.8,75,4.6,103,51,72,6.5
2024-11-25,61,34.8,68,29.4,139,69,97,7.2
2024-11-25,62,33.0,48,27.9,160,80,112,7.2
2024-11-25,63,37.7,81,8.9,220,110,154,8.2
2024-11-25,64,31.5,68,12.4,226,113,158,6.9
2024-11-25,65,31.1,66,18.0,147,73,102,7.6
2024-11-25,66,36.4,77,16.6,170,85,118,5.7
2024-11-25,67,32.9,72,10.0,245,122,171,7.8
2024-11-25,68,22.3,72,14.8,232,116,162,8.0
2024-11-25,69,29.9,75,27.7,151,75,105,8.0
2024-11-25,70,25.8,54,15.8,176,88,123,7.7
2024-11-25,71,37.3,87,18.4,118,59,82,6.0
2024-11-25,72,22.3,57,20.2,162,81,113,6.6
2024-11-25,73,28.2,56,6.6,225,112,157,8.6
2024-11-25,74,34.1,43,24.6,113,56,79,8.7
2024-11-25,75,21.2,57,1.5,125,62,87,6.5
2024-11-25,76,36.2,53,7.8,175,87,122,8.3
2024-11-25,77,23.3,87,13.8,149,74,104,7.7
2024-11-25,78,28.0,47,14.0,147,73,102,6.4
2024-11-25,79,26.9,85,30.0,206,103,144,6.8
2024-11-25,80,33.6,66,24.4,104,52,72,8.3
2024-11-25,81,32.4,56,20.3,94,47,65,7.8
2024-11-25,82,30.1,53,16.2,230,115,161,7.7
2024-11-25,83,31.6,76,29.4,120,60,84,8.8
2024-11-25,84,22.5,52,16.3,124,62,86,5.2
2024-11-25,85,20.4,43,25.7,95,47,66,6.3
2024-11-25,86,27.7,69,0.7,197,98,137,8.8
2024-11-25,87,37.7,78,16.5,249,124,174,5.6
2024-11-25,88,32.5,45,24.3,117,58,81,6.3
2024-11-25,89,26.1,87,26.9,194,97,135,5.7
2024-11-25,90,22.9,82,1.2,246,123,172,5.4
2024-11-25,91,33.6,55,22.8,221,110,154,7.0
2024-11-25,92,23.0,58,5.9,187,93,130,7.4
2024-11-25,93,30.8,55,10.9,149,74,104,6.4
2024-11-25,94,26.0,45,1.0,240,120,168,6.8
2024-11-25,95,28.7,86,11.5,190,95,133,5.1
2024-11-25,96,36.5,82,23.8,138,69,96,5.8
2024-11-25,97,20.3,66,18.9,167,83,116,6.2
2024-11-25,98,37.9,83,15.4,142,71,99,8.4
2024-11-25,99,37.2,62,18.8,177,88,123,7.5
2024-11-25,100,27.3,40,4.2,191,95,133,5.4
2024-11-26,1,27.8,54,25.7,240,120,168,7.7
2024-11-26,2,20.8,42,3.8,205,102,143,6.9
2024-11-26,3,30.0,86,15.7,160,80,112,6.9
2024-11-26,4,36.5,59,11.1,179,89,125,5.9
2024-11-26,5,21.8,76,23.0,196,98,137,7.7
2024-11-26,6,37.5,61,1.3,169,84,118,8.1
2024-11-26,7,28.1,76,13.3,202,101,141,7.7
2024-11-26,8,20.8,70,8.6,95,47,66,7.3
2024-11-26,9,22.9,88,19.1,149,74,104,7.0
2024-11-26,10,26.2,86,19.1,208,104,145,7.7
2024-11-26,11,35.7,61,7.0,247,123,172,6.0
2024-11-26,12,34.4,86,15.0,116,58,81,5.3
2024-11-26,13,22.7,56,17.4,99,49,69,8.6
2024-11-26,14,24.7,53,22.9,97,48,67,8.3
2024-11-26,15,27.5,73,7.8,130,65,91,6.7
2024-11-26,16,26.5,46,28.9,167,83,116,7.4
2024-11-26,17,20.3,53,16.4,146,73,102,5.4
2024-11-26,18,26.1,65,17.4,222,111,155,7.5
2024-11-26,19,20.1,67,5.3,217,108,151,6.2
2024-11-26,20,37.9,63,17.0,224,112,156,7.1
2024-11-26,21,21.5,46,28.4,147,73,102,9.0
2024-11-26,22,35.6,48,2.3,166,83,116,5.1
2024-11-26,23,21.1,48,25.8,205,102,143,9.3
2024-11-26,24,36.2,46,15.1,222,111,155,6.5
2024-11-26,25,26.8,40,13.0,120,60,84,7.2
2024-11-26,26,20.1,47,24.0,247,123,172,8.2
2024-11-26,27,37.1,60,19.5,145,72,101,8.0
2024-11-26,28,30.5,41,6.4,94,47,65,5.7
2024-11-26,29,20.5,43,25.1,170,85,118,5.3
2024-11-26,30,27.2,72,6.9,126,63,88,6.1
2024-11-26,31,25.8,62,1.9,206,103,144,5.4
2024-11-26,32,35.8,43,10.2,213,106,149,7.0
2024-11-26,33,24.9,71,1.9,198,99,138,8.8
2024-11-26,34,34.6,66,1.2,149,74,104,5.4
2024-11-26,35,22.6,88,21.7,196,98,137,5.3
2024-11-26,36,29.2,89,23.3,190,95,133,8.4
2024-11-26,37,33.5,84,22.0,175,87,122,7.2
2024-11-26,38,20.2,85,16.4,154,77,107,8.5
2024-11-26,39,20.9,80,21.1,139,69,97,6.4
2024-11-26,40,25.8,75,26.9,162,81,113,7.5
2024-11-26,41,36.0,46,18.3,199,99,139,6.1
2024-11-26,42,34.1,41,12.0,135,67,94,8.5
2024-11-26,43,33.0,52,7.3,138,69,96,6.3
2024-11-26,44,28.6,70,4.4,212,106,148,8.4
2024-11-26,45,29.1,61,7.9,214,107,149,8.0
2024-11-26,46,21.0,50,2.8,148,74,103,5.1
2024-11-26,47,29.6,41,26.9,175,87,122,5.5
2024-11-26,48,36.3,59,28.8,106,53,74,7.9
2024-11-26,49,36.6,57,3.9,142,71,99,8.7
2024-11-26,50,33.9,87,13.7,234,117,163,6.1
2024-11-26,51,28.0,81,14.0,124,62,86,6.6
2024-11-26,52,36.9,52,28.5,104,52,72,5.9
2024-11-26,53,22.5,67,23.2,96,48,67,6.1
2024-11-26,54,23.1,55,27.8,161,80,112,5.5
2024-11-26,55,22.9,79,11.6,125,62,87,6.6
2024-11-26,56,27.8,46,24.1,148,74,103,6.3
2024-11-26,57,23.5,41,11.5,208,104,145,6.9
2024-11-26,58,32.1,42,11.8,216,108,151,7.7
2024-11-26,59,24.4,72,29.3,181,90,126,7.3
2024-11-26,60,21.1,65,10.1,128,64,89,6.9
2024-11-26,61,31.0,75,25.6,174,87,121,7.3
2024-11-26,62,27.2,65,10.4,126,63,88,7.5
2024-11-26,63,21.8,41,11.1,245,122,171,8.6
2024-11-26,64,26.1,80,16.3,97,48,67,7.0
2024-11-26,65,33.1,88,8.8,212,106,148,7.2
2024-11-26,66,25.4,64,3.7,203,101,142,5.4
2024-11-26,67,38.0,74,5.7,198,99,138,7.7
2024-11-26,68,22.4,47,7.2,152,76,106,8.0
2024-11-26,69,27.8,87,27.4,213,106,149,8.6
2024-11-26,70,27.3,63,10.3,200,100,140,8.2
2024-11-26,71,36.5,68,18.4,224,112,156,6.2
2024-11-26,72,23.0,71,11.2,229,114,160,6.6
2024-11-26,73,26.9,63,0.0,135,67,94,8.8
2024-11-26,74,26.4,46,9.4,129,64,90,8.8
2024-11-26,75,25.6,72,30.0,120,60,84,6.8
2024-11-26,76,23.9,64,20.5,180,90,125,9.0
2024-11-26,77,23.4,43,20.0,188,94,131,7.4
2024-11-26,78,20.5,86,12.4,232,116,162,6.6
2024-11-26,79,33.3,79,18.5,166,83,116,6.6
2024-11-26,80,25.2,88,23.2,116,58,81,8.2
2024-11-26,81,34.2,71,1.2,107,53,74,7.4
2024-11-26,82,35.7,55,15.4,226,113,158,7.1
2024-11-26,83,33.5,76,6.6,229,114,160,8.3
2024-11-26,84,30.3,42,0.0,228,114,159,4.8
2024-11-26,85,38.0,84,1.6,208,104,145,6.7
2024-11-26,86,27.6,51,12.9,100,50,70,8.1
2024-11-26,87,30.7,46,26.4,150,75,105,5.7
2024-11-26,88,31.7,77,14.9,124,62,86,7.2
2024-11-26,89,31.9,82,28.6,155,77,108,5.9
2024-11-26,90,26.3,73,26.7,201,100,140,6.1
2024-11-26,91,23.3,64,7.8,200,100,140,6.9
2024-11-26,92,26.6,66,21.7,145,72,101,7.6
2024-11-26,93,35.5,57,29.3,218,109,152,5.7
2024-11-26,94,25.2,45,23.3,116,58,81,6.7
2024-11-26,95,30.1,49,3.1,194,97,135,5.3
2024-11-26,96,24.1,63,1.5,135,67,94,6.2
2024-11-26,97,29.3,53,22.1,177,88,123,6.3
2024-11-26,98,32.9,77,17.2,167,83,116,8.4
2024-11-26,99,33.3,73,4.7,209,104,146,7.5
2024-11-26,100,29.7,80,14.2,199,99,139,5.8
2024-11-27,1,22.8,46,20.8,176,88,123,7.3
2024-11-27,2,21.1,84,19.9,249,124,174,7.4
2024-11-27,3,38.0,70,20.2,228,114,159,7.2
2024-11-27,4,26.9,75,4.9,156,78,109,5.7
2024-11-27,5,21.0,68,17.1,95,47,66,7.8
2024-11-27,6,26.7,63,9.2,94,47,65,8.8
2024-11-27,7,30.9,51,12.6,237,118,165,8.0
2024-11-27,8,34.0,45,8.5,228,114,159,7.7
2024-11-27,9,29.2,67,8.7,209,104,146,7.8
2024-11-27,10,23.5,65,20.6,120,60,84,7.6
2024-11-27,11,33.1,77,3.0,116,58,81,6.1
2024-11-27,12,27.6,64,17.7,211,105,147,5.9
2024-11-27,13,22.4,72,26.1,209,104,146,8.3
2024-11-27,14,24.4,52,3.1,123,61,86,8.1
2024-11-27,15,28.7,58,17.2,233,116,163,6.5
2024-11-27,16,27.3,79,12.9,228,114,159,7.3
2024-11-27,17,25.3,86,11.8,160,80,112,5.8
2024-11-27,18,31.0,61,7.7,99,49,69,7.1
2024-11-27,19,35.7,87,24.6,215,107,150,6.8
2024-11-27,20,26.7,65,11.4,141,70,98,7.0
2024-11-27,21,35.9,45,14.3,165,82,115,8.5
2024-11-27,22,30.2,53,9.4,159,79,111,5.1
2024-11-27,23,32.1,76,17.9,191,95,133,9.0
2024-11-27,24,26.0,45,16.1,169,84,118,7.1
2024-11-27,25,24.0,69,25.3,90,45,62,7.2
2024-11-27,26,31.1,56,14.5,191,95,133,8.7
2024-11-27,27,29.1,61,10.3,188,94,131,8.1
2024-11-27,28,35.0,66,29.5,93,46,65,5.7
2024-11-27,29,23.1,44,12.3,167,83,116,5.4
2024-11-27,30,26.7,51,1.1,152,76,106,6.0
2024-11-27,31,24.8,57,20.5,236,118,165,4.9
2024-11-27,32,25.5,46,18.6,125,62,87,6.5
2024-11-27,33,27.7,53,18.0,208,104,145,8.4
2024-11-27,34,21.4,71,18.3,117,58,81,5.4
2024-11-27,35,22.2,57,13.7,213,106,149,5.1
2024-11-27,36,21.9,46,27.5,206,103,144,8.8
2024-11-27,37,28.4,71,8.3,159,79,111,6.9
2024-11-27,38,27.4,86,9.9,195,97,136,8.7
2024-11-27,39,22.3,71,7.3,177,88,123,7.0
2024-11-27,40,32.0,82,21.9,114,57,79,6.8
2024-11-27,41,29.0,61,17.3,124,62,86,6.1
2024-11-27,42,27.6,56,20.8,142,71,99,8.7
2024-11-27,43,24.5,88,12.4,136,68,95,5.8
2024-11-27,44,21.5,67,13.6,97,48,67,8.4
2024-11-27,45,22.1,73,27.0,190,95,133,8.4
2024-11-27,46,35.3,72,29.5,224,112,156,4.9
2024-11-27,47,22.8,87,2.7,94,47,65,5.5
2024-11-27,48,37.7,85,14.8,141,70,98,7.6
2024-11-27,49,29.4,74,9.6,174,87,121,8.5
2024-11-27,50,32.9,60,8.9,240,120,168,5.8
2024-11-27,51,26.7,65,22.9,96,48,67,6.9
2024-11-27,52,35.8,71,12.8,246,123,172,5.4
2024-11-27,53,23.0,70,15.6,164,82,114,6.6
2024-11-27,54,25.8,81,18.2,121,60,84,5.8
2024-11-27,55,30.3,53,20.7,111,55,77,6.0
2024-11-27,56,30.4,56,19.4,97,48,67,6.4
2024-11-27,57,36.1,78,23.3,122,61,85,6.7
2024-11-27,58,29.2,64,15.7,172,86,120,7.7
2024-11-27,59,31.4,74,8.8,140,70,98,7.1
2024-11-27,60,35.5,85,6.6,114,57,79,6.7
2024-11-27,61,33.4,56,17.9,130,65,91,7.1
2024-11-27,62,30.0,41,18.8,120,60,84,7.5
2024-11-27,63,31.0,75,29.6,241,120,168,8.4
2024-11-27,64,37.9,89,13.1,112,56,78,6.8
2024-11-27,65,34.0,89,10.8,119,59,83,7.3
2024-11-27,66,20.0,47,28.2,142,71,99,5.6
2024-11-27,67,28.4,53,7.8,142,71,99,7.2
2024-11-27,68,23.4,43,20.4,156,78,109,8.8
2024-11-27,69,24.9,50,9.6,236,118,165,8.8
2024-11-27,70,20.9,46,11.6,96,48,67,8.3
2024-11-27,71,36.0,42,10.5,134,67,93,5.7
2024-11-27,72,33.9,67,6.8,168,84,117,7.1
2024-11-27,73,20.8,57,13.1,172,86,120,8.7
2024-11-27,74,26.4,84,11.8,144,72,100,8.2
2024-11-27,75,21.5,66,8.2,170,85,118,7.1
2024-11-27,76,25.9,44,25.3,101,50,70,8.4
2024-11-27,77,32.9,50,28.0,96,48,67,7.5
2024-11-27,78,36.3,44,23.2,225,112,157,6.6
2024-11-27,79,26.5,44,2.5,196,98,137,7.2
2024-11-27,80,31.2,54,13.5,242,121,169,8.1
2024-11-27,81,31.2,50,7.8,105,52,73,8.0
2024-11-27,82,20.1,75,11.0,164,82,114,7.2
2024-11-27,83,32.9,42,4.8,178,89,124,8.3
2024-11-27,84,36.6,54,24.8,203,101,142,5.6
2024-11-27,85,30.4,74,4.7,103,51,72,6.4
2024-11-27,86,20.8,57,2.9,114,57,79,8.5
2024-11-27,87,36.1,78,8.1,151,75,105,6.1
2024-11-27,88,36.5,67,18.2,154,77,107,6.5
2024-11-27,89,21.9,89,22.2,125,62,87,5.9
2024-11-27,90,21.6,49,11.9,214,107,149,6.1
2024-11-27,91,23.5,71,23.5,244,122,170,6.8
2024-11-27,92,21.7,48,10.9,153,76,107,7.5
2024-11-27,93,24.9,52,10.1,217,108,151,6.0
2024-11-27,94,35.7,43,5.2,153,76,107,6.0
2024-11-27,95,26.4,65,1.7,91,45,63,5.4
2024-11-27,96,21.1,79,17.7,221,110,154,6.3
2024-11-27,97,24.7,86,24.6,94,47,65,6.2
2024-11-27,98,33.6,88,3.6,115,57,80,8.7
2024-11-27,99,34.5,83,21.5,170,85,118,7.5
2024-11-27,100,21.9,77,5.0,203,101,142,5.8
2024-11-28,1,25.1,45,29.3,165,82,115,7.8
2024-11-28,2,23.8,87,16.1,198,99,138,6.7
2024-11-28,3,22.9,78,23.1,155,77,108,7.3
2024-11-28,4,29.4,58,21.1,98,49,68,6.0
2024-11-28,5,30.9,56,24.0,202,101,141,7.7
2024-11-28,6,33.9,84,12.4,230,115,161,8.0
2024-11-28,7,23.3,77,5.8,248,124,173,7.4
2024-11-28,8,20.8,59,4.9,172,86,120,7.6
2024-11-28,9,29.9,46,8.2,222,111,155,7.0
2024-11-28,10,36.6,67,24.5,206,103,144,7.4
2024-11-28,11,33.7,75,0.6,134,67,93,6.0
2024-11-28,12,21.3,43,13.3,147,73,102,5.9
2024-11-28,13,29.6,65,25.5,217,108,151,8.7
2024-11-28,14,32.0,53,12.8,148,74,103,7.6
2024-11-28,15,27.6,76,28.5,170,85,118,6.6
2024-11-28,16,34.5,56,2.7,144,72,100,7.6
2024-11-28,17,21.0,56,26.3,199,99,139,6.0
2024-11-28,18,28.0,77,29.9,91,45,63,7.0
2024-11-28,19,23.3,52,6.4,111,55,77,6.9
2024-11-28,20,29.3,56,19.1,225,112,157,6.6
2024-11-28,21,24.1,49,19.8,217,108,151,8.2
2024-11-28,22,22.4,80,26.9,228,114,159,5.6
2024-11-28,23,37.5,73,0.8,153,76,107,8.7
2024-11-28,24,32.3,57,9.8,155,77,108,6.6
2024-11-28,25,26.1,71,11.6,181,90,126,7.0
2024-11-28,26,20.5,81,6.6,239,119,167,8.3
2024-11-28,27,22.0,41,16.9,108,54,75,7.8
2024-11-28,28,33.6,67,17.4,105,52,73,5.3
2024-11-28,29,36.1,53,1.8,154,77,107,5.5
2024-11-28,30,33.5,41,3.0,139,69,97,5.7
2024-11-28,31,25.4,79,5.9,157,78,109,4.7
2024-11-28,32,31.7,46,23.0,180,90,125,6.4
2024-11-28,33,27.7,59,19.7,243,121,170,8.8
2024-11-28,34,24.1,48,29.2,201,100,140,5.7
2024-11-28,35,32.0,60,21.3,105,52,73,4.9
2024-11-28,36,33.4,67,27.6,126,63,88,8.0
2024-11-28,37,32.8,60,12.5,100,50,70,7.3
2024-11-28,38,27.6,41,26.4,236,118,165,8.5
2024-11-28,39,25.3,42,14.8,183,91,128,7.2
2024-11-28,40,27.5,68,20.1,114,57,79,6.7
2024-11-28,41,32.5,72,29.0,112,56,78,6.2
2024-11-28,42,26.0,54,15.7,103,51,72,8.8
2024-11-28,43,20.3,68,15.1,136,68,95,5.7
2024-11-28,44,30.2,51,22.3,93,46,65,9.1
2024-11-28,45,21.3,67,19.0,124,62,86,7.8
2024-11-28,46,27.6,40,28.4,102,51,71,5.4
2024-11-28,47,20.4,74,19.1,115,57,80,5.0
2024-11-28,48,30.8,59,3.9,215,107,150,7.7
2024-11-28,49,33.8,75,19.6,224,112,156,9.0
2024-11-28,50,36.8,76,3.6,215,107,150,6.1
2024-11-28,51,32.6,69,3.5,104,52,72,6.8
2024-11-28,52,21.1,78,2.3,132,66,92,5.9
2024-11-28,53,29.0,80,28.6,239,119,167,6.1
2024-11-28,54,36.0,75,5.6,182,91,127,5.2
2024-11-28,55,29.5,88,8.5,149,74,104,6.8
2024-11-28,56,37.1,58,1.5,227,113,158,6.3
2024-11-28,57,26.0,72,27.2,157,78,109,6.3
2024-11-28,58,23.2,62,18.0,161,80,112,8.1
2024-11-28,59,23.1,89,20.6,205,102,143,7.1
2024-11-28,60,21.5,57,27.7,198,99,138,6.5
2024-11-28,61,21.4,47,11.6,228,114,159,6.6
2024-11-28,62,24.7,50,29.4,239,119,167,6.8
2024-11-28,63,31.0,57,21.4,191,95,133,8.5
2024-11-28,64,37.0,84,23.5,122,61,85,7.0
2024-11-28,65,29.5,41,11.9,146,73,102,7.3
2024-11-28,66,28.2,70,18.2,118,59,82,5.4
2024-11-28,67,20.8,53,1.7,100,50,70,8.0
2024-11-28,68,22.4,42,1.1,161,80,112,7.8
2024-11-28,69,25.7,82,16.3,111,55,77,8.9
2024-11-28,70,32.1,46,26.6,166,83,116,7.6
2024-11-28,71,28.9,65,9.3,131,65,91,5.9
2024-11-28,72,24.0,60,1.2,234,117,163,6.4
2024-11-28,73,20.5,86,20.0,241,120,168,8.5
2024-11-28,74,27.4,73,16.0,131,65,91,8.5
2024-11-28,75,34.3,66,27.1,236,118,165,6.3
2024-11-28,76,27.0,77,27.0,217,108,151,8.7
2024-11-28,77,29.7,64,23.5,172,86,120,8.0
2024-11-28,78,35.8,58,5.8,205,102,143,7.3
2024-11-28,79,25.6,46,12.4,203,101,142,6.8
2024-11-28,80,27.9,59,29.3,225,112,157,7.7
2024-11-28,81,35.5,41,2.4,192,96,134,7.6
2024-11-28,82,31.7,83,19.6,111,55,77,7.3
2024-11-28,83,34.8,48,29.7,170,85,118,8.8
2024-11-28,84,34.9,69,8.4,217,108,151,4.9
2024-11-28,85,22.1,84,27.8,178,89,124,6.5
2024-11-28,86,22.7,49,28.1,113,56,79,7.9
2024-11-28,87,27.3,60,7.3,161,80,112,6.1
2024-11-28,88,29.6,77,0.1,210,105,147,6.7
2024-11-28,89,35.0,67,6.6,205,102,143,5.9
2024-11-28,90,26.0,80,7.6,165,82,115,5.8
2024-11-28,91,30.3,70,18.1,235,117,164,7.4
2024-11-28,92,35.6,48,27.6,208,104,145,8.1
2024-11-28,93,21.2,41,17.6,199,99,139,6.4
2024-11-28,94,26.4,81,2.6,240,120,168,6.7
2024-11-28,95,27.3,52,29.9,163,81,114,5.0
2024-11-28,96,22.6,54,7.9,209,104,146,6.1
2024-11-28,97,30.9,87,6.9,211,105,147,6.1
2024-11-28,98,31.5,40,6.6,153,76,107,9.4
2024-11-28,99,33.5,64,7.7,103,51,72,7.5
2024-11-28,100,35.5,59,23.1,176,88,123,5.1
2024-11-29,1,30.9,41,27.3,208,104,145,8.1
2024-11-29,2,32.0,61,21.3,241,120,168,6.5
2024-11-29,3,25.5,85,2.4,120,60,84,7.1
2024-11-29,4,25.3,80,24.5,133,66,93,5.6
2024-11-29,5,31.0,60,14.4,152,76,106,8.2
2024-11-29,6,23.9,78,27.5,235,117,164,8.1
2024-11-29,7,24.5,67,28.5,204,102,142,7.6
2024-11-29,8,26.4,61,23.5,184,92,128,7.1
2024-11-29,9,25.0,40,29.5,176,88,123,7.6
2024-11-29,10,27.5,55,11.5,197,98,137,7.6
2024-11-29,11,24.4,52,15.6,189,94,132,5.6
2024-11-29,12,33.7,85,9.8,120,60,84,5.4
2024-11-29,13,23.9,58,23.0,134,67,93,9.1
2024-11-29,14,28.5,73,10.5,220,110,154,8.0
2024-11-29,15,20.6,46,16.9,119,59,83,7.0
2024-11-29,16,37.7,65,27.7,194,97,135,7.5
2024-11-29,17,21.1,47,2.3,178,89,124,5.5
2024-11-29,18,23.2,85,28.4,204,102,142,6.9
2024-11-29,19,36.9,45,18.0,207,103,144,6.9
2024-11-29,20,35.4,76,3.4,95,47,66,6.8
2024-11-29,21,27.2,43,29.5,180,90,125,8.8
2024-11-29,22,36.9,48,29.7,205,102,143,5.9
2024-11-29,23,35.3,53,8.3,183,91,128,8.9
2024-11-29,24,20.0,74,10.3,220,110,154,6.7
2024-11-29,25,27.5,57,13.6,246,123,172,7.1
2024-11-29,26,30.5,75,1.9,184,92,128,8.6
2024-11-29,27,24.8,83,9.0,189,94,132,7.9
2024-11-29,28,21.8,81,18.7,163,81,114,5.9
2024-11-29,29,23.2,78,17.2,202,101,141,5.3
2024-11-29,30,25.6,42,10.3,111,55,77,6.0
2024-11-29,31,27.2,53,25.9,103,51,72,5.3
2024-11-29,32,35.9,71,3.5,105,52,73,6.8
2024-11-29,33,35.1,44,14.6,94,47,65,8.4
2024-11-29,34,26.3,56,28.6,193,96,135,5.2
2024-11-29,35,27.6,49,16.8,105,52,73,4.9
2024-11-29,36,26.5,81,12.5,210,105,147,8.4
2024-11-29,37,33.0,84,21.6,113,56,79,7.0
2024-11-29,38,34.2,79,23.8,151,75,105,8.7
2024-11-29,39,28.4,78,9.6,229,114,160,6.4
2024-11-29,40,28.0,57,17.9,101,50,70,7.6
2024-11-29,41,36.7,45,12.4,122,61,85,6.1
2024-11-29,42,20.8,55,14.0,184,92,128,8.6
2024-11-29,43,36.4,52,14.1,191,95,133,6.6
2024-11-29,44,27.0,59,8.9,155,77,108,8.7
2024-11-29,45,31.1,62,5.7,129,64,90,8.1
2024-11-29,46,23.7,82,24.0,241,120,168,4.9
2024-11-29,47,32.2,85,26.5,235,117,164,5.7
2024-11-29,48,36.6,63,25.0,219,109,153,7.3
2024-11-29,49,32.2,70,25.9,103,51,72,8.5
2024-11-29,50,35.9,77,15.7,155,77,108,5.4
2024-11-29,51,28.3,59,19.8,190,95,133,6.3
2024-11-29,52,20.7,65,14.5,239,119,167,6.2
2024-11-29,53,22.1,67,7.1,93,46,65,6.6
2024-11-29,54,27.9,85,17.4,228,114,159,5.8
2024-11-29,55,30.9,49,23.7,158,79,110,6.5
2024-11-29,56,34.2,86,14.5,157,78,109,6.2
2024-11-29,57,24.2,67,10.2,149,74,104,6.2
2024-11-29,58,34.0,60,27.8,207,103,144,8.4
2024-11-29,59,21.5,62,2.1,135,67,94,6.7
2024-11-29,60,33.0,46,12.1,214,107,149,6.9
2024-11-29,61,28.1,45,8.7,163,81,114,6.6
2024-11-29,62,37.1,72,1.9,172,86,120,7.5
2024-11-29,63,37.5,87,21.4,203,101,142,7.9
2024-11-29,64,31.7,84,6.2,126,63,88,6.8
2024-11-29,65,29.4,52,29.8,195,97,136,7.2
2024-11-29,66,35.7,85,12.3,219,109,153,5.5
2024-11-29,67,22.9,82,18.4,228,114,159,7.5
2024-11-29,68,37.9,64,23.0,183,91,128,8.8
2024-11-29,69,22.2,63,27.4,119,59,83,8.0
2024-11-29,70,25.2,53,7.4,206,103,144,7.8
2024-11-29,71,26.4,75,6.2,110,55,77,6.3
2024-11-29,72,32.0,72,13.8,215,107,150,6.3
2024-11-29,73,33.5,50,8.7,236,118,165,8.2
2024-11-29,74,37.4,56,0.0,243,121,170,7.9
2024-11-29,75,34.7,82,21.8,183,91,128,6.7
2024-11-29,76,30.1,81,19.8,101,50,70,8.9
2024-11-29,77,30.1,68,7.4,101,50,70,7.6
2024-11-29,78,32.3,53,29.7,112,56,78,6.9
2024-11-29,79,22.5,70,16.2,99,49,69,6.7
2024-11-29,80,25.3,83,17.2,173,86,121,8.2
2024-11-29,81,30.1,87,4.8,156,78,109,7.5
2024-11-29,82,30.7,70,1.3,91,45,63,6.9
2024-11-29,83,32.1,80,13.8,209,104,146,8.8
2024-11-29,84,34.8,68,20.7,98,49,68,5.3
2024-11-29,85,24.0,71,22.9,99,49,69,6.8
2024-11-29,86,33.7,84,25.8,190,95,133,8.8
2024-11-29,87,33.4,46,25.8,109,54,76,6.1
2024-11-29,88,23.0,64,2.6,144,72,100,7.0
2024-11-29,89,27.3,76,12.3,93,46,65,5.6
2024-11-29,90,35.6,88,9.5,226,113,158,6.1
2024-11-29,91,32.1,54,21.1,201,100,140,7.5
2024-11-29,92,24.5,77,19.4,126,63,88,7.6
2024-11-29,93,26.4,61,27.2,155,77,108,6.5
2024-11-29,94,36.4,40,17.2,190,95,133,6.6
2024-11-29,95,24.6,70,14.2,245,122,171,5.5
2024-11-29,96,35.9,64,6.2,179,89,125,6.2
2024-11-29,97,27.0,52,2.4,157,78,109,5.8
2024-11-29,98,37.1,50,10.3,134,67,93,8.7
2024-11-29,99,21.8,58,25.3,116,58,81,7.0
2024-11-29,100,25.2,51,9.1,181,90,126,5.8
2024-11-30,1,35.6,52,10.0,118,59,82,7.6
2024-11-30,2,21.7,63,5.8,127,63,88,6.5
2024-11-30,3,21.5,78,9.0,143,71,100,7.1
2024-11-30,4,33.1,85,18.6,141,70,98,5.8
2024-11-30,5,34.1,74,24.3,167,83,116,8.1
2024-11-30,6,23.1,89,7.5,108,54,75,8.4
2024-11-30,7,37.5,80,16.1,115,57,80,8.1
2024-11-30,8,22.5,64,29.0,158,79,110,7.2
2024-11-30,9,37.6,64,13.8,153,76,107,7.2
2024-11-30,10,32.1,67,24.5,186,93,130,8.0
2024-11-30,11,23.1,50,25.4,93,46,65,6.0
2024-11-30,12,21.2,72,3.7,131,65,91,6.0
2024-11-30,13,24.4,64,17.2,194,97,135,9.0
2024-11-30,14,28.6,70,8.2,197,98,137,8.1
2024-11-30,15,30.5,75,9.5,154,77,107,6.4
2024-11-30,16,23.0,75,10.0,191,95,133,7.3
2024-11-30,17,37.8,82,27.0,93,46,65,5.5
2024-11-30,18,30.2,84,8.6,144,72,100,6.7
2024-11-30,19,35.9,40,23.8,209,104,146,6.4
2024-11-30,20,30.8,85,29.4,201,100,140,6.9
2024-11-30,21,37.4,70,15.9,215,107,150,8.3
2024-11-30,22,30.4,52,13.1,211,105,147,5.6
2024-11-30,23,21.7,47,9.3,172,86,120,8.5
2024-11-30,24,27.3,62,0.0,121,60,84,6.7
2024-11-30,25,35.2,43,8.8,195,97,136,7.3
2024-11-30,26,23.8,42,18.1,239,119,167,8.1
2024-11-30,27,33.5,73,16.3,131,65,91,8.0
2024-11-30,28,29.0,52,16.7,185,92,129,5.0
2024-11-30,29,20.2,87,16.0,162,81,113,5.2
2024-11-30,30,29.4,70,7.8,167,83,116,6.1
2024-11-30,31,20.3,76,18.0,177,88,123,5.4
2024-11-30,32,31.8,80,27.0,242,121,169,7.0
2024-11-30,33,25.6,68,0.3,162,81,113,8.9
2024-11-30,34,28.5,71,0.6,154,77,107,6.0
2024-11-30,35,33.4,79,10.6,120,60,84,5.2
2024-11-30,36,30.4,40,1.3,98,49,68,8.5
2024-11-30,37,26.8,67,10.6,145,72,101,6.9
2024-11-30,38,26.9,41,7.1,248,124,173,8.7
2024-11-30,39,34.8,82,14.3,201,100,140,6.4
2024-11-30,40,20.9,51,3.5,233,116,163,7.5
2024-11-30,41,23.3,88,11.0,96,48,67,5.9
2024-11-30,42,22.2,80,8.9,163,81,114,9.2
2024-11-30,43,21.0,57,22.6,194,97,135,6.3
2024-11-30,44,34.3,82,23.4,144,72,100,8.4
2024-11-30,45,35.7,76,7.9,222,111,155,7.8
2024-11-30,46,31.1,54,5.3,146,73,102,5.2
2024-11-30,47,34.1,57,3.3,111,55,77,5.6
2024-11-30,48,32.3,76,15.8,233,116,163,7.8
2024-11-30,49,22.4,54,8.5,230,115,161,9.1
2024-11-30,50,22.3,40,27.2,138,69,96,5.7
2024-11-30,51,26.3,72,24.4,95,47,66,6.5
2024-11-30,52,23.7,53,0.1,97,48,67,5.8
2024-11-30,53,22.5,76,22.4,173,86,121,6.4
2024-11-30,54,25.4,74,6.3,163,81,114,5.7
2024-11-30,55,20.3,75,26.0,104,52,72,6.7
2024-11-30,56,28.4,61,29.0,206,103,144,5.9
2024-11-30,57,25.2,71,26.4,172,86,120,6.6
2024-11-30,58,31.0,76,9.9,138,69,96,8.2
2024-11-30,59,27.3,69,10.3,123,61,86,6.7
2024-11-30,60,30.5,89,6.1,174,87,121,6.8
2024-11-30,61,25.3,45,18.8,198,99,138,6.9
2024-11-30,62,36.9,51,4.1,91,45,63,7.4
2024-11-30,63,29.6,40,28.7,141,70,98,8.5
2024-11-30,64,20.7,52,6.9,131,65,91,6.3
2024-11-30,65,26.9,46,14.0,122,61,85,7.5
2024-11-30,66,36.7,83,8.3,145,72,101,5.9
2024-11-30,67,37.1,71,28.8,103,51,72,7.5
2024-11-30,68,21.9,54,26.6,172,86,120,8.5
2024-11-30,69,35.7,66,20.3,245,122,171,8.7
2024-11-30,70,25.1,43,17.9,187,93,130,7.8
2024-11-30,71,36.4,76,28.0,126,63,88,6.2
2024-11-30,72,25.4,84,7.5,145,72,101,6.5
2024-11-30,73,31.3,40,26.5,147,73,102,8.8
2024-11-30,74,37.3,43,5.9,216,108,151,8.7
2024-11-30,75,26.7,61,25.0,119,59,83,6.4
2024-11-30,76,21.3,75,0.8,231,115,161,8.3
2024-11-30,77,20.8,83,3.2,180,90,125,8.1
2024-11-30,78,36.0,55,24.9,249,124,174,6.6
2024-11-30,79,20.1,70,21.3,194,97,135,7.1
2024-11-30,80,36.8,64,18.5,229,114,160,7.9
2024-11-30,81,22.0,85,13.7,134,67,93,7.2
2024-11-30,82,20.3,46,22.5,121,60,84,7.3
2024-11-30,83,32.4,52,13.1,109,54,76,8.2
2024-11-30,84,24.0,45,3.1,197,98,137,5.5
2024-11-30,85,31.7,46,27.7,189,94,132,6.4
2024-11-30,86,27.3,54,9.1,209,104,146,8.2
2024-11-30,87,37.0,64,17.5,188,94,131,5.9
2024-11-30,88,32.9,55,3.2,228,114,159,6.9
2024-11-30,89,22.8,74,2.3,94,47,65,6.2
2024-11-30,90,37.3,68,22.6,143,71,100,5.5
2024-11-30,91,32.0,62,11.7,91,45,63,7.5
2024-11-30,92,37.9,77,29.8,228,114,159,7.9
2024-11-30,93,37.6,80,2.1,179,89,125,6.4
2024-11-30,94,31.3,89,29.1,90,45,62,6.9
2024-11-30,95,22.6,72,3.1,192,96,134,5.7
2024-11-30,96,35.4,59,29.1,218,109,152,6.4
2024-11-30,97,36.7,65,27.3,224,112,156,5.8
2024-11-30,98,28.7,51,2.8,172,86,120,8.5
2024-11-30,99,32.5,43,29.2,185,92,129,7.0
2024-11-30,100,25.3,67,4.2,129,64,90,5.8
2024-12-01,1,36.2,81,21.3,94,47,65,7.9
2024-12-01,2,36.6,67,9.5,98,49,68,6.7
2024-12-01,3,36.4,77,9.9,193,96,135,6.9
2024-12-01,4,31.2,76,14.8,103,51,72,5.9
2024-12-01,5,31.7,73,15.6,176,88,123,7.8
2024-12-01,6,26.9,50,17.8,128,64,89,8.0
2024-12-01,7,33.9,62,24.4,147,73,102,7.9
2024-12-01,8,36.2,82,16.5,190,95,133,7.9
2024-12-01,9,22.9,46,1.3,190,95,133,7.4
2024-12-01,10,36.3,57,12.0,219,109,153,7.3
2024-12-01,11,32.8,56,14.4,106,53,74,6.1
2024-12-01,12,25.5,79,27.8,95,47,66,5.2
2024-12-01,13,37.5,77,15.7,112,56,78,8.5
2024-12-01,14,35.2,68,11.9,238,119,166,7.6
2024-12-01,15,35.0,80,20.7,232,116,162,6.9
2024-12-01,16,32.3,43,6.5,124,62,86,7.9
2024-12-01,17,34.0,54,5.7,209,104,146,5.5
2024-12-01,18,22.0,46,22.9,184,92,128,7.0
2024-12-01,19,31.5,80,17.4,172,86,120,6.0
2024-12-01,20,35.7,81,4.4,145,72,101,6.9
2024-12-01,21,33.6,64,0.7,116,58,81,8.2
2024-12-01,22,36.5,77,16.7,232,116,162,5.3
2024-12-01,23,31.2,47,28.8,223,111,156,9.2
2024-12-01,24,37.5,84,9.6,211,105,147,6.7
2024-12-01,25,37.6,43,11.4,153,76,107,7.2
2024-12-01,26,32.7,61,19.1,150,75,105,8.0
2024-12-01,27,25.0,50,18.3,174,87,121,8.2
2024-12-01,28,20.2,79,4.2,185,92,129,5.3
2024-12-01,29,24.4,47,2.9,106,53,74,5.1
2024-12-01,30,21.1,48,18.8,195,97,136,5.6
2024-12-01,31,34.2,82,18.1,210,105,147,5.3
2024-12-01,32,25.9,74,4.9,106,53,74,7.1
2024-12-01,33,35.7,87,17.3,182,91,127,9.2
2024-12-01,34,32.1,89,4.4,100,50,70,5.1
2024-12-01,35,36.4,66,18.1,91,45,63,5.1
2024-12-01,36,31.5,59,15.3,161,80,112,8.4
2024-12-01,37,28.2,58,2.0,246,123,172,7.5
2024-12-01,38,28.1,67,15.6,201,100,140,9.1
2024-12-01,39,24.3,44,27.4,162,81,113,7.2
2024-12-01,40,23.8,65,2.2,93,46,65,7.6
2024-12-01,41,22.7,75,8.5,238,119,166,5.8
2024-12-01,42,25.1,46,12.3,120,60,84,8.3
2024-12-01,43,32.9,89,23.9,172,86,120,5.6
2024-12-01,44,28.8,66,10.2,216,108,151,8.7
2024-12-01,45,27.0,45,8.0,160,80,112,8.2
2024-12-01,46,23.2,50,12.1,221,110,154,5.1
2024-12-01,47,23.0,45,26.8,107,53,74,5.6
2024-12-01,48,22.5,56,5.7,247,123,172,8.1
2024-12-01,49,32.4,48,21.5,184,92,128,8.3
2024-12-01,50,37.5,86,10.0,160,80,112,5.8
2024-12-01,51,36.7,46,1.0,197,98,137,6.6
2024-12-01,52,24.0,75,20.1,90,45,62,5.8
2024-12-01,53,21.2,54,22.3,104,52,72,6.3
2024-12-01,54,30.5,41,13.7,203,101,142,5.2
2024-12-01,55,25.8,41,17.6,161,80,112,6.6
2024-12-01,56,30.3,44,10.4,246,123,172,6.0
2024-12-01,57,37.8,55,9.0,91,45,63,6.4
2024-12-01,58,32.7,43,9.2,130,65,91,7.9
2024-12-01,59,32.8,65,1.9,140,70,98,7.3
2024-12-01,60,24.6,70,4.8,225,112,157,6.8
2024-12-01,61,27.9,84,9.0,161,80,112,7.3
2024-12-01,62,25.6,60,14.2,111,55,77,7.5
2024-12-01,63,30.9,42,5.7,168,84,117,8.4
2024-12-01,64,22.5,82,21.7,108,54,75,6.8
2024-12-01,65,32.0,52,17.8,174,87,121,8.0
2024-12-01,66,30.5,84,5.1,140,70,98,5.9
2024-12-01,67,32.6,62,22.8,212,106,148,7.6
2024-12-01,68,20.5,65,17.5,182,91,127,8.2
2024-12-01,69,34.6,57,10.6,244,122,170,8.8
2024-12-01,70,32.3,42,28.8,240,120,168,8.1
2024-12-01,71,30.3,86,22.5,163,81,114,5.8
2024-12-01,72,34.6,80,20.7,170,85,118,6.7
2024-12-01,73,28.1,53,3.3,179,89,125,8.9
2024-12-01,74,24.8,63,22.2,203,101,142,8.1
2024-12-01,75,28.4,68,0.3,167,83,116,6.4
2024-12-01,76,23.1,73,25.1,130,65,91,8.9
2024-12-01,77,26.3,56,27.8,111,55,77,7.2
2024-12-01,78,23.3,67,5.4,157,78,109,6.8
2024-12-01,79,34.2,61,17.3,210,105,147,6.6
2024-12-01,80,29.7,55,4.7,124,62,86,7.7
2024-12-01,81,23.1,48,15.3,221,110,154,7.7
2024-12-01,82,22.6,67,11.2,150,75,105,7.7
2024-12-01,83,35.8,44,15.1,228,114,159,9.1
2024-12-01,84,21.6,82,17.5,157,78,109,5.3
2024-12-01,85,29.7,41,5.6,239,119,167,6.1
2024-12-01,86,21.6,60,19.6,246,123,172,8.4
2024-12-01,87,29.9,65,6.2,164,82,114,6.2
2024-12-01,88,34.4,58,21.4,167,83,116,6.6
2024-12-01,89,35.2,76,23.3,209,104,146,5.8
2024-12-01,90,27.1,58,0.4,104,52,72,5.9
2024-12-01,91,26.1,52,9.9,213,106,149,6.9
2024-12-01,92,30.5,53,9.6,236,118,165,8.2
2024-12-01,93,27.5,71,8.4,238,119,166,6.2
2024-12-01,94,29.1,53,3.9,138,69,96,6.7
2024-12-01,95,34.4,50,4.5,157,78,109,5.3
2024-12-01,96,22.2,85,19.9,121,60,84,5.7
2024-12-01,97,36.4,41,24.1,110,55,77,5.9
2024-12-01,98,33.6,47,23.0,171,85,119,9.0
2024-12-01,99,33.7,80,28.8,188,94,131,7.3
2024-12-01,100,25.7,87,29.0,118,59,82,6.0
2024-12-02,1,29.6,86,11.8,185,92,129,8.0
2024-12-02,2,29.2,52,28.7,97,48,67,7.3
2024-12-02,3,24.1,55,7.4,182,91,127,7.7
2024-12-02,4,29.0,72,16.5,150,75,105,6.0
2024-12-02,5,20.4,77,9.2,105,52,73,8.6
2024-12-02,6,23.4,76,10.0,157,78,109,8.7
2024-12-02,7,30.5,72,19.2,153,76,107,8.0
2024-12-02,8,21.1,87,25.2,96,48,67,7.6
2024-12-02,9,36.0,43,20.4,102,51,71,7.0
2024-12-02,10,33.5,79,7.7,249,124,174,7.3
2024-12-02,11,22.7,44,12.2,179,89,125,6.2
2024-12-02,12,23.7,65,16.7,206,103,144,5.9
2024-12-02,13,31.3,59,8.7,131,65,91,9.1
2024-12-02,14,36.0,57,16.4,95,47,66,8.3
2024-12-02,15,23.0,81,8.8,130,65,91,7.0
2024-12-02,16,24.8,83,2.0,146,73,102,8.0
2024-12-02,17,25.1,44,13.9,186,93,130,5.7
2024-12-02,18,33.4,69,4.7,128,64,89,7.4
2024-12-02,19,22.0,77,2.5,220,110,154,6.1
2024-12-02,20,29.9,68,8.4,155,77,108,7.1
2024-12-02,21,20.2,48,6.5,227,113,158,8.5
2024-12-02,22,22.0,56,25.1,190,95,133,5.2
2024-12-02,23,22.7,42,19.1,247,123,172,8.5
2024-12-02,24,27.8,46,15.9,161,80,112,6.5
2024-12-02,25,24.4,59,20.7,218,109,152,7.3
2024-12-02,26,35.4,83,26.8,198,99,138,8.6
2024-12-02,27,26.2,74,7.3,199,99,139,8.1
2024-12-02,28,33.3,43,21.8,130,65,91,5.7
2024-12-02,29,22.5,48,3.7,198,99,138,5.2
2024-12-02,30,34.2,68,14.6,220,110,154,6.0
2024-12-02,31,23.8,45,28.5,150,75,105,4.9
2024-12-02,32,23.8,80,3.4,120,60,84,6.8
2024-12-02,33,30.8,50,14.5,233,116,163,9.0
2024-12-02,34,25.9,87,17.6,132,66,92,5.2
2024-12-02,35,34.5,87,5.7,233,116,163,4.9
2024-12-02,36,23.0,52,26.9,154,77,107,8.9
2024-12-02,37,28.9,53,6.9,118,59,82,7.6
2024-12-02,38,29.1,85,11.3,155,77,108,8.2
2024-12-02,39,33.1,66,7.7,232,116,162,7.1
2024-12-02,40,32.3,53,4.0,138,69,96,7.2
2024-12-02,41,29.1,64,22.4,150,75,105,5.9
2024-12-02,42,31.9,41,14.9,246,123,172,8.4
2024-12-02,43,24.7,43,5.3,174,87,121,5.9
2024-12-02,44,26.6,51,22.4,150,75,105,8.8
2024-12-02,45,33.5,79,19.5,166,83,116,8.0
2024-12-02,46,29.9,53,29.4,245,122,171,5.4
2024-12-02,47,24.6,49,17.2,106,53,74,5.2
2024-12-02,48,23.6,60,16.8,196,98,137,8.0
2024-12-02,49,36.9,75,7.4,162,81,113,8.7
2024-12-02,50,37.2,51,20.7,188,94,131,6.0
2024-12-02,51,33.1,83,21.9,186,93,130,6.1
2024-12-02,52,32.5,69,0.6,190,95,133,5.8
2024-12-02,53,36.3,70,6.0,106,53,74,6.8
2024-12-02,54,20.0,63,7.9,221,110,154,5.9
2024-12-02,55,32.4,74,11.0,232,116,162,6.9
2024-12-02,56,23.5,42,5.1,146,73,102,6.0
2024-12-02,57,35.9,62,3.7,174,87,121,6.7
2024-12-02,58,20.6,56,4.4,97,48,67,8.3
2024-12-02,59,20.6,49,6.2,204,102,142,7.1
2024-12-02,60,31.1,81,11.8,174,87,121,6.9
2024-12-02,61,36.5,67,21.9,219,109,153,7.1
2024-12-02,62,29.1,58,13.9,90,45,62,7.1
2024-12-02,63,30.6,89,14.7,245,122,171,7.8
2024-12-02,64,34.8,43,24.0,130,65,91,6.6
2024-12-02,65,32.7,61,15.2,128,64,89,7.5
2024-12-02,66,32.2,88,11.1,206,103,144,6.0
2024-12-02,67,33.9,87,13.2,173,86,121,7.6
2024-12-02,68,22.2,78,2.8,213,106,149,8.2
2024-12-02,69,26.9,71,9.0,137,68,95,7.9
2024-12-02,70,22.1,42,5.3,112,56,78,8.3
2024-12-02,71,23.8,76,25.9,166,83,116,5.6
2024-12-02,72,32.8,61,19.6,234,117,163,6.8
2024-12-02,73,37.6,78,13.0,104,52,72,8.9
2024-12-02,74,27.7,79,29.9,178,89,124,8.9
2024-12-02,75,31.3,73,16.9,133,66,93,7.0
2024-12-02,76,28.2,57,19.5,95,47,66,9.1
2024-12-02,77,23.3,51,18.4,195,97,136,8.1
2024-12-02,78,36.1,89,19.7,92,46,64,6.7
2024-12-02,79,35.3,80,12.6,148,74,103,7.3
2024-12-02,80,37.2,49,20.9,179,89,125,8.2
2024-12-02,81,21.4,65,16.9,117,58,81,8.1
2024-12-02,82,33.4,55,9.4,240,120,168,7.6
2024-12-02,83,29.4,60,27.5,147,73,102,8.5
2024-12-02,84,32.8,88,23.8,245,122,171,5.1
2024-12-02,85,20.2,43,1.4,192,96,134,6.7
2024-12-02,86,21.7,64,22.8,194,97,135,8.7
2024-12-02,87,30.3,44,3.5,242,121,169,5.8
2024-12-02,88,34.9,74,0.2,195,97,136,6.3
2024-12-02,89,36.4,49,17.7,118,59,82,5.9
2024-12-02,90,33.2,63,18.6,138,69,96,5.8
2024-12-02,91,21.2,65,5.4,231,115,161,7.6
2024-12-02,92,24.3,45,20.1,232,116,162,7.9
2024-12-02,93,24.3,70,28.9,214,107,149,6.3
2024-12-02,94,37.7,76,0.8,125,62,87,6.3
2024-12-02,95,30.7,66,2.5,155,77,108,5.3
2024-12-02,96,31.2,87,6.6,103,51,72,6.4
2024-12-02,97,35.9,69,14.7,236,118,165,6.3
2024-12-02,98,37.4,43,22.5,145,72,101,9.2
2024-12-02,99,22.9,61,8.4,138,69,96,7.7
2024-12-02,100,37.0,69,6.4,162,81,113,5.1
2024-12-03,1,29.6,89,6.5,152,76,106,7.7
2024-12-03,2,30.0,59,8.0,125,62,87,6.9
2024-12-03,3,21.9,43,16.1,102,51,71,7.6
2024-12-03,4,32.7,85,18.6,114,57,79,6.3
2024-12-03,5,25.2,65,10.3,128,64,89,8.2
2024-12-03,6,31.5,84,19.5,109,54,76,8.3
2024-12-03,7,25.1,60,6.0,131,65,91,7.3
2024-12-03,8,33.8,63,26.9,218,109,152,7.5
2024-12-03,9,20.3,57,10.9,228,114,159,7.2
2024-12-03,10,30.8,43,23.2,214,107,149,7.5
2024-12-03,11,23.9,67,14.0,174,87,121,5.9
2024-12-03,12,33.0,57,11.8,94,47,65,5.1
2024-12-03,13,28.4,86,26.4,92,46,64,9.0
2024-12-03,14,28.9,70,28.1,237,118,165,8.0
2024-12-03,15,29.8,79,13.8,225,112,157,6.3
2024-12-03,16,33.8,78,29.5,194,97,135,8.0
2024-12-03,17,31.6,83,7.0,149,74,104,5.4
2024-12-03,18,20.8,53,23.0,188,94,131,6.9
2024-12-03,19,28.5,61,1.5,105,52,73,6.5
2024-12-03,20,28.3,68,17.1,98,49,68,7.2
2024-12-03,21,27.2,53,8.8,175,87,122,8.8
2024-12-03,22,29.9,45,12.3,219,109,153,5.3
2024-12-03,23,27.9,42,8.8,143,71,100,8.9
2024-12-03,24,30.4,44,5.9,171,85,119,6.4
2024-12-03,25,23.2,64,25.2,232,116,162,7.7
2024-12-03,26,24.3,60,10.9,196,98,137,8.8
2024-12-03,27,27.1,40,10.7,96,48,67,7.8
2024-12-03,28,29.1,89,29.9,237,118,165,5.5
2024-12-03,29,23.5,43,14.8,239,119,167,4.7
2024-12-03,30,26.6,40,21.2,238,119,166,5.4
2024-12-03,31,20.5,52,29.5,223,111,156,4.9
2024-12-03,32,29.7,63,27.5,221,110,154,7.1
2024-12-03,33,24.1,88,21.9,114,57,79,8.8
2024-12-03,34,36.4,69,16.2,195,97,136,5.8
2024-12-03,35,27.5,40,3.6,236,118,165,5.6
2024-12-03,36,27.0,87,27.1,239,119,167,8.6
2024-12-03,37,32.0,45,21.1,236,118,165,7.6
2024-12-03,38,30.8,68,14.0,218,109,152,8.4
2024-12-03,39,22.9,60,0.1,125,62,87,6.6
2024-12-03,40,20.1,56,6.6,237,118,165,7.4
2024-12-03,41,26.7,81,0.9,141,70,98,6.4
2024-12-03,42,30.2,41,17.9,229,114,160,8.8
2024-12-03,43,20.3,41,0.1,153,76,107,5.7
2024-12-03,44,26.4,49,9.3,185,92,129,8.5
2024-12-03,45,25.8,54,29.7,189,94,132,8.3
2024-12-03,46,32.3,77,9.3,107,53,74,4.9
2024-12-03,47,38.0,58,18.5,213,106,149,5.5
2024-12-03,48,32.5,59,15.8,172,86,120,7.4
2024-12-03,49,28.8,77,5.9,149,74,104,9.0
2024-12-03,50,32.7,63,23.5,198,99,138,5.7
2024-12-03,51,25.0,51,1.8,153,76,107,6.1
2024-12-03,52,28.8,44,0.9,221,110,154,5.8
2024-12-03,53,35.7,47,22.3,133,66,93,6.3
2024-12-03,54,22.5,73,5.4,110,55,77,5.1
2024-12-03,55,31.7,83,18.1,246,123,172,6.3
2024-12-03,56,22.4,53,10.4,190,95,133,5.6
2024-12-03,57,22.1,52,12.3,204,102,142,6.2
2024-12-03,58,30.7,76,22.7,92,46,64,7.5
2024-12-03,59,28.4,85,19.1,106,53,74,7.4
2024-12-03,60,34.2,54,29.8,234,117,163,6.5
2024-12-03,61,29.6,51,0.8,244,122,170,7.0
2024-12-03,62,31.3,66,1.2,182,91,127,7.4
2024-12-03,63,37.2,42,25.9,174,87,121,8.6
2024-12-03,64,37.1,87,15.5,241,120,168,6.9
2024-12-03,65,31.9,60,4.1,235,117,164,7.7
2024-12-03,66,37.2,80,25.3,189,94,132,6.2
2024-12-03,67,23.9,65,7.2,195,97,136,7.9
2024-12-03,68,37.1,57,5.4,233,116,163,8.7
2024-12-03,69,26.2,56,27.9,208,104,145,8.6
2024-12-03,70,24.6,84,13.2,176,88,123,7.8
2024-12-03,71,32.6,50,15.3,171,85,119,5.6
2024-12-03,72,36.7,59,16.5,215,107,150,6.7
2024-12-03,73,22.7,84,28.3,112,56,78,8.4
2024-12-03,74,37.0,56,8.8,195,97,136,8.4
2024-12-03,75,21.6,42,29.3,149,74,104,7.2
2024-12-03,76,32.9,54,10.9,150,75,105,8.7
2024-12-03,77,32.4,54,27.6,94,47,65,7.6
2024-12-03,78,21.6,68,18.5,158,79,110,7.0
2024-12-03,79,21.9,52,6.5,199,99,139,6.9
2024-12-03,80,32.4,75,2.4,203,101,142,7.5
2024-12-03,81,26.7,79,19.9,177,88,123,7.4
2024-12-03,82,21.1,74,18.3,193,96,135,7.5
2024-12-03,83,30.7,55,5.1,171,85,119,9.1
2024-12-03,84,31.4,53,21.0,138,69,96,4.9
2024-12-03,85,29.8,89,12.9,112,56,78,6.8
2024-12-03,86,27.6,46,24.2,204,102,142,7.9
2024-12-03,87,36.0,77,23.6,210,105,147,5.6
2024-12-03,88,20.7,84,29.1,195,97,136,6.5
2024-12-03,89,31.6,53,12.7,228,114,159,6.0
2024-12-03,90,37.2,51,25.3,199,99,139,5.3
2024-12-03,91,27.6,78,17.0,244,122,170,7.0
2024-12-03,92,29.2,82,27.5,198,99,138,7.7
2024-12-03,93,25.4,56,28.4,249,124,174,6.0
2024-12-03,94,33.8,78,10.4,92,46,64,5.9
2024-12-03,95,35.1,83,20.6,206,103,144,5.1
2024-12-03,96,34.0,77,13.6,120,60,84,6.4
2024-12-03,97,20.1,44,23.5,155,77,108,6.1
2024-12-03,98,37.0,75,28.8,190,95,133,9.3
2024-12-03,99,34.4,50,10.0,220,110,154,7.1
2024-12-03,100,30.3,71,19.7,238,119,166,5.3
2024-12-04,1,30.2,55,24.0,90,45,62,7.4
2024-12-04,2,37.3,88,28.9,178,89,124,7.2
2024-12-04,3,27.5,77,24.1,192,96,134,6.9
2024-12-04,4,27.5,48,16.4,237,118,165,5.9
2024-12-04,5,34.3,80,25.2,189,94,132,7.8
2024-12-04,6,30.7,44,14.2,138,69,96,7.8
2024-12-04,7,37.0,45,28.5,104,52,72,7.6
2024-12-04,8,26.9,87,2.1,214,107,149,7.3
2024-12-04,9,31.4,41,3.8,133,66,93,7.4
2024-12-04,10,22.6,79,11.1,228,114,159,7.5
2024-12-04,11,36.0,67,22.8,183,91,128,5.7
2024-12-04,12,26.1,46,17.6,246,123,172,5.9
2024-12-04,13,25.1,59,18.1,134,67,93,8.9
2024-12-04,14,36.2,56,11.0,117,58,81,7.6
2024-12-04,15,23.0,57,8.2,176,88,123,6.1
2024-12-04,16,33.0,87,4.8,162,81,113,7.8
2024-12-04,17,25.4,69,6.0,106,53,74,5.9
2024-12-04,18,32.9,51,11.4,110,55,77,7.2
2024-12-04,19,28.0,81,10.1,205,102,143,6.1
2024-12-04,20,20.4,49,3.1,150,75,105,7.2
2024-12-04,21,31.2,50,24.6,184,92,128,8.1
2024-12-04,22,28.8,60,27.6,137,68,95,5.6
2024-12-04,23,27.6,80,7.8,99,49,69,9.0
2024-12-04,24,30.6,52,25.7,147,73,102,6.7
2024-12-04,25,25.6,59,16.8,233,116,163,7.8
2024-12-04,26,22.3,86,4.6,247,123,172,8.2
2024-12-04,27,26.8,82,26.9,113,56,79,7.4
2024-12-04,28,31.8,52,21.4,190,95,133,5.6
2024-12-04,29,36.7,63,5.7,185,92,129,5.1
2024-12-04,30,36.7,71,27.4,91,45,63,5.4
2024-12-04,31,25.7,83,24.4,219,109,153,4.8
2024-12-04,32,33.9,45,28.6,192,96,134,6.6
2024-12-04,33,33.8,66,4.8,182,91,127,8.2
2024-12-04,34,37.3,75,13.3,206,103,144,5.7
2024-12-04,35,35.1,85,12.5,108,54,75,5.5
2024-12-04,36,26.3,89,9.2,155,77,108,8.2
2024-12-04,37,23.1,62,0.3,200,100,140,7.4
2024-12-04,38,29.2,57,3.8,108,54,75,8.8
2024-12-04,39,30.6,70,8.7,127,63,88,6.4
2024-12-04,40,30.0,57,13.7,177,88,123,7.7
2024-12-04,41,31.7,60,12.3,237,118,165,6.1
2024-12-04,42,38.0,74,8.6,198,99,138,9.0
2024-12-04,43,28.8,74,28.9,123,61,86,6.6
2024-12-04,44,22.3,51,11.1,227,113,158,8.6
2024-12-04,45,36.8,52,14.0,110,55,77,8.4
2024-12-04,46,29.4,45,14.7,234,117,163,5.3
2024-12-04,47,23.6,52,23.4,101,50,70,5.0
2024-12-04,48,28.7,60,27.9,217,108,151,7.9
2024-12-04,49,34.2,65,14.4,178,89,124,8.7
2024-12-04,50,35.2,65,26.3,241,120,168,6.2
2024-12-04,51,24.5,71,13.0,131,65,91,6.3
2024-12-04,52,34.3,80,7.4,241,120,168,5.6
2024-12-04,53,24.1,54,11.7,210,105,147,6.7
2024-12-04,54,22.1,55,12.3,247,123,172,5.8
2024-12-04,55,35.6,74,2.5,113,56,79,6.5
2024-12-04,56,35.0,48,1.9,108,54,75,5.6
2024-12-04,57,28.1,84,17.3,183,91,128,6.5
2024-12-04,58,33.5,55,9.4,246,123,172,7.7
2024-12-04,59,25.8,62,26.4,138,69,96,7.3
2024-12-04,60,21.0,73,21.2,126,63,88,6.6
2024-12-04,61,24.6,56,8.7,245,122,171,7.3
2024-12-04,62,31.4,86,24.5,150,75,105,6.9
2024-12-04,63,35.5,77,12.4,177,88,123,7.9
2024-12-04,64,29.2,47,10.8,128,64,89,6.3
2024-12-04,65,36.1,86,5.0,189,94,132,7.6
2024-12-04,66,23.7,59,8.2,198,99,138,5.6
2024-12-04,67,34.7,62,23.0,147,73,102,7.3
2024-12-04,68,32.8,85,27.3,141,70,98,8.8
2024-12-04,69,28.7,85,25.8,185,92,129,8.4
2024-12-04,70,26.4,40,9.5,249,124,174,7.7
2024-12-04,71,32.5,44,1.4,150,75,105,5.6
2024-12-04,72,25.2,88,22.9,152,76,106,7.0
2024-12-04,73,37.6,67,4.8,119,59,83,8.1
2024-12-04,74,32.6,48,19.5,141,70,98,8.9
2024-12-04,75,31.9,57,28.2,196,98,137,6.9
2024-12-04,76,35.9,84,10.9,166,83,116,8.3
2024-12-04,77,30.3,85,7.6,181,90,126,8.1
2024-12-04,78,37.9,85,21.9,191,95,133,6.5
2024-12-04,79,36.0,74,24.4,173,86,121,7.1
2024-12-04,80,33.0,65,26.0,119,59,83,7.8
2024-12-04,81,22.1,75,7.6,154,77,107,7.3
2024-12-04,82,22.3,65,22.1,172,86,120,7.0
2024-12-04,83,33.5,57,5.4,201,100,140,9.1
2024-12-04,84,25.1,77,14.7,159,79,111,5.1
2024-12-04,85,21.7,50,7.2,243,121,170,6.8
2024-12-04,86,27.1,87,19.4,142,71,99,8.7
2024-12-04,87,33.7,47,29.0,192,96,134,5.3
2024-12-04,88,20.1,59,21.7,239,119,167,6.4
2024-12-04,89,31.7,50,9.9,247,123,172,6.1
2024-12-04,90,37.6,83,21.5,125,62,87,5.4
2024-12-04,91,30.2,68,11.3,204,102,142,7.2
2024-12-04,92,25.9,52,27.3,102,51,71,7.8
2024-12-04,93,37.6,63,27.0,106,53,74,6.6
2024-12-04,94,32.1,63,26.4,121,60,84,6.2
2024-12-04,95,31.6,76,13.8,180,90,125,5.3
2024-12-04,96,26.4,61,1.8,196,98,137,6.2
2024-12-04,97,27.9,61,4.8,174,87,121,5.8
2024-12-04,98,21.9,52,2.8,210,105,147,8.4
2024-12-04,99,24.9,81,3.2,239,119,167,7.4
2024-12-04,100,22.4,89,10.0,98,49,68,5.9
2024-12-05,1,34.0,56,22.7,242,121,169,7.2
2024-12-05,2,32.8,63,18.2,240,120,168,7.1
2024-12-05,3,28.7,61,27.9,131,65,91,7.5
2024-12-05,4,36.6,57,26.1,181,90,126,5.5
2024-12-05,5,26.6,75,7.4,186,93,130,8.5
2024-12-05,6,36.2,86,29.2,146,73,102,8.5
2024-12-05,7,37.3,62,6.4,175,87,122,7.2
2024-12-05,8,31.9,46,18.2,117,58,81,7.6
2024-12-05,9,20.2,88,15.1,175,87,122,7.3
2024-12-05,10,28.9,58,14.8,172,86,120,8.0
2024-12-05,11,24.4,40,0.3,188,94,131,5.8
2024-12-05,12,22.6,82,4.6,148,74,103,5.9
2024-12-05,13,24.2,60,3.8,190,95,133,8.2
2024-12-05,14,31.7,59,2.3,210,105,147,8.0
2024-12-05,15,20.3,72,2.4,95,47,66,6.2
2024-12-05,16,30.4,57,13.4,216,108,151,7.4
2024-12-05,17,37.9,64,8.5,204,102,142,6.1
2024-12-05,18,29.3,66,6.4,117,58,81,7.5
2024-12-05,19,31.6,60,17.2,98,49,68,6.6
2024-12-05,20,32.2,77,28.3,248,124,173,6.5
2024-12-05,21,25.5,81,15.5,98,49,68,8.8
2024-12-05,22,26.0,83,1.6,177,88,123,6.0
2024-12-05,23,33.1,47,29.1,170,85,118,9.0
2024-12-05,24,35.8,81,21.1,152,76,106,7.0
2024-12-05,25,25.6,80,27.1,95,47,66,7.1
2024-12-05,26,23.2,76,18.5,188,94,131,8.0
2024-12-05,27,25.1,62,26.7,124,62,86,8.3
2024-12-05,28,26.5,62,17.7,196,98,137,5.2
2024-12-05,29,21.6,48,16.9,185,92,129,5.0
2024-12-05,30,25.0,67,0.5,222,111,155,5.8
2024-12-05,31,20.4,60,29.0,135,67,94,5.7
2024-12-05,32,20.8,84,6.7,110,55,77,7.2
2024-12-05,33,32.4,62,24.5,242,121,169,8.4
2024-12-05,34,28.7,49,12.9,172,86,120,5.9
2024-12-05,35,30.4,68,20.4,160,80,112,5.0
2024-12-05,36,22.4,63,1.1,148,74,103,8.1
2024-12-05,37,31.7,67,21.4,160,80,112,7.3
2024-12-05,38,36.3,61,22.7,206,103,144,8.3
2024-12-05,39,35.7,57,21.0,152,76,106,6.4
2024-12-05,40,32.8,83,21.2,196,98,137,7.4
2024-12-05,41,37.1,83,12.7,176,88,123,6.4
2024-12-05,42,24.6,84,22.3,126,63,88,8.9
2024-12-05,43,31.2,48,6.5,226,113,158,6.6
2024-12-05,44,23.3,66,11.8,163,81,114,9.0
2024-12-05,45,25.8,56,25.0,177,88,123,7.8
2024-12-05,46,26.4,47,10.4,241,120,168,5.3
2024-12-05,47,24.2,67,23.2,155,77,108,5.8
2024-12-05,48,32.9,89,8.2,176,88,123,8.1
2024-12-05,49,21.2,52,2.2,202,101,141,9.1
2024-12-05,50,23.4,72,19.6,167,83,116,5.8
2024-12-05,51,35.2,71,28.2,243,121,170,7.0
2024-12-05,52,37.8,62,22.1,177,88,123,6.1
2024-12-05,53,37.9,42,27.5,119,59,83,6.2
2024-12-05,54,35.7,46,13.7,130,65,91,5.7
2024-12-05,55,25.6,52,26.8,245,122,171,6.2
2024-12-05,56,31.8,58,29.8,203,101,142,5.7
2024-12-05,57,33.4,77,24.2,188,94,131,7.0
2024-12-05,58,33.4,41,15.8,109,54,76,7.7
2024-12-05,59,25.1,55,24.6,191,95,133,7.6
2024-12-05,60,33.1,68,21.4,126,63,88,6.2
2024-12-05,61,36.6,60,1.2,173,86,121,7.3
2024-12-05,62,31.1,75,13.1,100,50,70,7.2
2024-12-05,63,37.7,58,11.2,190,95,133,7.7
2024-12-05,64,25.0,42,10.1,168,84,117,6.3
2024-12-05,65,28.5,86,17.8,134,67,93,7.3
2024-12-05,66,33.7,83,23.3,192,96,134,5.8
2024-12-05,67,24.9,81,20.4,164,82,114,7.9
2024-12-05,68,24.2,69,20.5,245,122,171,8.3
2024-12-05,69,37.9,89,5.4,200,100,140,8.3
2024-12-05,70,33.6,40,27.1,180,90,125,7.5
2024-12-05,71,37.4,65,18.3,133,66,93,6.3
2024-12-05,72,28.3,72,8.3,94,47,65,6.9
2024-12-05,73,21.4,86,29.3,102,51,71,8.4
2024-12-05,74,38.0,41,2.5,114,57,79,8.8
2024-12-05,75,29.1,58,23.0,126,63,88,7.0
2024-12-05,76,30.2,42,26.1,168,84,117,8.6
2024-12-05,77,22.8,86,18.9,236,118,165,7.2
2024-12-05,78,27.2,79,2.8,185,92,129,7.3
2024-12-05,79,21.2,74,17.8,94,47,65,6.8
2024-12-05,80,25.9,64,8.2,228,114,159,8.1
2024-12-05,81,23.2,79,29.6,176,88,123,7.6
2024-12-05,82,34.4,50,12.0,183,91,128,7.7
2024-12-05,83,37.9,78,9.4,138,69,96,9.0
2024-12-05,84,32.5,82,6.3,242,121,169,5.8
2024-12-05,85,29.2,86,0.6,102,51,71,6.0
2024-12-05,86,32.0,44,28.2,218,109,152,8.2
2024-12-05,87,28.5,66,7.7,205,102,143,5.4
2024-12-05,88,33.2,41,4.6,163,81,114,6.2
2024-12-05,89,28.2,76,7.4,92,46,64,6.2
2024-12-05,90,33.4,73,17.2,153,76,107,6.0
2024-12-05,91,23.9,57,4.5,156,78,109,7.4
2024-12-05,92,33.9,66,29.1,156,78,109,8.0
2024-12-05,93,33.3,78,16.9,129,64,90,5.9
2024-12-05,94,28.8,83,8.1,231,115,161,6.7
2024-12-05,95,32.1,87,26.2,193,96,135,5.6
2024-12-05,96,25.5,44,7.6,216,108,151,6.4
2024-12-05,97,27.8,79,5.9,139,69,97,5.9
2024-12-05,98,28.5,84,28.6,227,113,158,9.4
2024-12-05,99,35.8,55,12.3,176,88,123,7.8
2024-12-05,100,20.8,66,11.9,153,76,107,5.0
2024-12-06,1,26.8,48,22.1,159,79,111,7.7
2024-12-06,2,30.4,54,11.5,183,91,128,7.2
2024-12-06,3,29.5,43,7.5,169,84,118,7.5
2024-12-06,4,29.9,63,1.2,209,104,146,5.4
2024-12-06,5,21.4,54,28.3,125,62,87,8.7
2024-12-06,6,21.7,75,1.9,111,55,77,8.4
2024-12-06,7,37.6,83,10.2,249,124,174,7.2
2024-12-06,8,34.9,77,9.3,210,105,147,7.3
2024-12-06,9,25.3,71,21.5,132,66,92,7.4
2024-12-06,10,28.3,62,2.7,214,107,149,7.4
2024-12-06,11,20.5,68,15.5,208,104,145,5.5
2024-12-06,12,35.6,84,29.1,191,95,133,5.8
2024-12-06,13,32.0,83,10.1,152,76,106,8.8
2024-12-06,14,36.0,48,7.6,111,55,77,8.1
2024-12-06,15,25.9,74,28.5,109,54,76,6.2
2024-12-06,16,35.3,83,29.6,163,81,114,7.8
2024-12-06,17,33.5,76,28.6,249,124,174,5.8
2024-12-06,18,29.5,50,27.5,145,72,101,6.6
2024-12-06,19,32.6,44,16.1,111,55,77,6.9
2024-12-06,20,20.2,41,18.8,103,51,72,7.4
2024-12-06,21,36.5,63,15.0,243,121,170,8.9
2024-12-06,22,36.3,54,21.0,163,81,114,5.7
2024-12-06,23,33.7,48,9.9,99,49,69,8.7
2024-12-06,24,28.5,43,10.6,169,84,118,7.1
2024-12-06,25,31.5,55,9.7,154,77,107,6.9
2024-12-06,26,23.7,89,21.8,245,122,171,8.9
2024-12-06,27,35.6,45,25.4,220,110,154,8.1
2024-12-06,28,28.1,47,13.4,247,123,172,5.5
2024-12-06,29,21.7,59,24.1,242,121,169,5.4
2024-12-06,30,35.4,48,27.4,150,75,105,6.0
2024-12-06,31,36.8,79,8.7,165,82,115,4.7
2024-12-06,32,26.5,43,4.9,192,96,134,6.8
2024-12-06,33,36.8,76,13.9,246,123,172,8.9
2024-12-06,34,22.6,88,14.1,117,58,81,5.8
2024-12-06,35,20.3,64,16.1,186,93,130,5.6
2024-12-06,36,30.0,48,22.2,199,99,139,8.2
2024-12-06,37,25.2,55,19.7,174,87,121,7.6
2024-12-06,38,33.2,80,5.7,163,81,114,8.6
2024-12-06,39,22.9,48,29.2,235,117,164,6.4
2024-12-06,40,21.7,54,7.8,207,103,144,7.2
2024-12-06,41,23.5,80,17.4,215,107,150,6.1
2024-12-06,42,32.9,73,5.5,171,85,119,8.7
2024-12-06,43,34.5,40,23.3,110,55,77,5.6
2024-12-06,44,29.3,63,2.7,228,114,159,8.8
2024-12-06,45,28.1,45,5.6,104,52,72,7.6
2024-12-06,46,25.5,75,29.7,244,122,170,5.7
2024-12-06,47,30.4,74,3.8,138,69,96,5.5
2024-12-06,48,35.2,47,20.3,133,66,93,7.5
2024-12-06,49,24.0,73,19.5,112,56,78,8.6
2024-12-06,50,20.2,75,14.6,105,52,73,5.5
2024-12-06,51,32.5,73,7.2,109,54,76,6.9
2024-12-06,52,35.6,56,28.3,132,66,92,6.2
2024-12-06,53,22.1,68,21.8,208,104,145,6.9
2024-12-06,54,35.9,53,3.7,163,81,114,5.2
2024-12-06,55,36.0,52,22.8,148,74,103,6.6
2024-12-06,56,32.3,54,0.3,207,103,144,6.5
2024-12-06,57,37.2,72,19.8,90,45,62,6.9
2024-12-06,58,37.4,67,22.9,159,79,111,7.6
2024-12-06,59,26.4,59,14.0,165,82,115,7.0
2024-12-06,60,21.3,41,9.1,117,58,81,6.2
2024-12-06,61,34.1,82,27.4,223,111,156,7.0
2024-12-06,62,30.8,59,6.8,127,63,88,6.6
2024-12-06,63,22.4,89,24.9,208,104,145,8.1
2024-12-06,64,31.1,81,9.1,248,124,173,6.3
2024-12-06,65,29.7,54,8.1,115,57,80,7.9
2024-12-06,66,23.4,49,20.0,239,119,167,6.1
2024-12-06,67,35.6,60,28.2,171,85,119,8.0
2024-12-06,68,30.4,74,3.9,232,116,162,8.0
2024-12-06,69,22.1,59,8.2,241,120,168,8.4
2024-12-06,70,25.7,87,19.1,123,61,86,8.4
2024-12-06,71,35.5,50,25.5,247,123,172,6.2
2024-12-06,72,26.1,57,5.9,214,107,149,7.0
2024-12-06,73,29.6,48,7.4,148,74,103,8.4
2024-12-06,74,24.5,55,1.9,242,121,169,8.1
2024-12-06,75,25.8,57,8.8,148,74,103,6.3
2024-12-06,76,34.2,85,23.1,187,93,130,8.8
2024-12-06,77,34.7,84,24.5,197,98,137,7.5
2024-12-06,78,27.3,51,17.6,213,106,149,6.4
2024-12-06,79,32.9,43,24.2,158,79,110,6.8
2024-12-06,80,27.9,47,22.9,93,46,65,7.6
2024-12-06,81,35.1,46,27.1,140,70,98,8.2
2024-12-06,82,26.9,74,23.9,231,115,161,7.8
2024-12-06,83,27.4,49,12.0,102,51,71,8.6
2024-12-06,84,26.2,84,0.9,249,124,174,5.7
2024-12-06,85,26.3,52,6.4,206,103,144,6.6
2024-12-06,86,33.8,80,6.4,207,103,144,8.6
2024-12-06,87,25.1,85,28.5,127,63,88,5.3
2024-12-06,88,21.7,52,19.8,219,109,153,7.0
2024-12-06,89,33.4,74,29.7,236,118,165,5.6
2024-12-06,90,25.2,70,18.1,219,109,153,5.8
2024-12-06,91,35.4,70,23.2,196,98,137,7.1
2024-12-06,92,31.7,53,6.0,236,118,165,7.4
2024-12-06,93,25.0,82,11.0,226,113,158,5.8
2024-12-06,94,32.8,79,29.9,93,46,65,6.0
2024-12-06,95,30.3,57,8.2,188,94,131,5.8
2024-12-06,96,27.4,80,9.3,206,103,144,6.0
2024-12-06,97,34.2,60,10.3,214,107,149,6.3
2024-12-06,98,36.0,60,6.1,212,106,148,8.8
2024-12-06,99,31.2,70,16.2,191,95,133,7.7
2024-12-06,100,34.9,44,15.4,140,70,98,5.8
2024-12-07,1,34.8,69,7.2,209,104,146,7.8
2024-12-07,2,25.3,54,14.6,105,52,73,7.0
2024-12-07,3,37.1,83,6.5,117,58,81,7.4
2024-12-07,4,31.5,74,16.4,193,96,135,5.8
2024-12-07,5,35.7,84,2.1,232,116,162,8.3
2024-12-07,6,29.8,87,29.5,180,90,125,7.9
2024-12-07,7,22.6,49,10.6,223,111,156,7.8
2024-12-07,8,27.2,48,21.0,95,47,66,7.7
2024-12-07,9,33.1,60,27.9,234,117,163,6.9
2024-12-07,10,30.9,76,9.1,222,111,155,7.7
2024-12-07,11,21.7,42,17.3,194,97,135,5.9
2024-12-07,12,23.9,41,12.4,229,114,160,5.2
2024-12-07,13,29.2,80,19.2,136,68,95,8.1
2024-12-07,14,24.0,75,0.9,241,120,168,8.2
2024-12-07,15,32.7,76,10.4,104,52,72,6.6
2024-12-07,16,32.1,88,22.6,124,62,86,8.0
2024-12-07,17,27.1,86,26.1,149,74,104,6.0
2024-12-07,18,34.2,87,14.1,130,65,91,6.6
2024-12-07,19,23.9,62,19.3,238,119,166,6.5
2024-12-07,20,21.4,83,23.9,221,110,154,6.9
2024-12-07,21,32.8,42,16.4,245,122,171,8.5
2024-12-07,22,26.5,85,6.1,104,52,72,5.6
2024-12-07,23,28.7,74,2.8,141,70,98,8.6
2024-12-07,24,36.6,76,26.8,101,50,70,6.4
2024-12-07,25,20.9,69,21.3,96,48,67,6.9
2024-12-07,26,24.6,67,25.2,164,82,114,8.0
2024-12-07,27,23.7,78,11.8,199,99,139,8.0
2024-12-07,28,36.1,50,19.6,104,52,72,5.4
2024-12-07,29,25.8,70,18.2,142,71,99,5.4
2024-12-07,30,25.7,55,10.8,131,65,91,5.5
2024-12-07,31,35.3,67,1.2,222,111,155,5.3
2024-12-07,32,28.7,81,28.2,127,63,88,6.9
2024-12-07,33,34.4,41,23.7,173,86,121,8.3
2024-12-07,34,29.4,52,26.9,135,67,94,5.6
2024-12-07,35,32.1,80,23.2,161,80,112,5.3
2024-12-07,36,33.3,44,29.9,200,100,140,8.2
2024-12-07,37,32.3,46,13.1,171,85,119,7.8
2024-12-07,38,28.3,51,9.8,118,59,82,8.7
2024-12-07,39,22.9,45,29.4,136,68,95,7.0
2024-12-07,40,35.3,42,2.0,235,117,164,6.8
2024-12-07,41,26.2,80,4.7,126,63,88,5.8
2024-12-07,42,23.9,88,6.7,129,64,90,9.0
2024-12-07,43,29.5,81,18.3,91,45,63,6.2
2024-12-07,44,21.0,88,14.3,236,118,165,8.2
2024-12-07,45,21.9,86,4.6,106,53,74,7.9
2024-12-07,46,36.3,85,20.4,139,69,97,5.8
2024-12-07,47,33.1,51,17.6,210,105,147,5.6
2024-12-07,48,22.4,63,11.2,203,101,142,7.4
2024-12-07,49,24.5,75,4.0,222,111,155,8.3
2024-12-07,50,27.6,59,27.7,109,54,76,5.4
2024-12-07,51,24.0,60,17.0,222,111,155,6.5
2024-12-07,52,27.8,54,13.2,178,89,124,6.1
2024-12-07,53,21.4,85,19.3,122,61,85,6.4
2024-12-07,54,33.6,89,24.1,157,78,109,5.7
2024-12-07,55,33.0,70,12.6,165,82,115,6.8
2024-12-07,56,31.9,64,28.6,126,63,88,6.1
2024-12-07,57,37.4,82,27.1,103,51,72,6.3
2024-12-07,58,23.5,65,25.4,130,65,91,7.7
2024-12-07,59,37.4,60,6.3,240,120,168,7.0
2024-12-07,60,21.3,44,7.6,151,75,105,6.2
2024-12-07,61,25.3,66,19.8,231,115,161,7.3
2024-12-07,62,28.7,49,13.9,211,105,147,7.5
2024-12-07,63,28.3,50,3.5,207,103,144,8.2
2024-12-07,64,23.5,86,26.2,198,99,138,7.2
2024-12-07,65,21.0,55,7.4,213,106,149,7.7
2024-12-07,66,22.4,79,29.7,232,116,162,5.9
2024-12-07,67,33.4,49,16.2,106,53,74,7.7
2024-12-07,68,31.5,86,29.0,208,104,145,8.0
2024-12-07,69,24.2,83,16.8,183,91,128,8.4
2024-12-07,70,28.4,80,12.6,165,82,115,8.2
2024-12-07,71,24.6,56,2.4,236,118,165,6.2
2024-12-07,72,36.6,54,16.5,147,73,102,7.0
2024-12-07,73,20.1,87,0.3,113,56,79,8.3
2024-12-07,74,21.7,82,6.8,92,46,64,8.3
2024-12-07,75,34.3,52,12.8,108,54,75,7.0
2024-12-07,76,35.4,77,19.8,154,77,107,8.2
2024-12-07,77,28.7,77,3.0,242,121,169,7.1
2024-12-07,78,33.3,52,27.9,164,82,114,6.7
2024-12-07,79,30.0,73,0.4,226,113,158,7.0
2024-12-07,80,31.2,78,16.3,195,97,136,7.6
2024-12-07,81,32.4,60,5.1,218,109,152,7.6
2024-12-07,82,34.7,67,25.7,197,98,137,7.5
2024-12-07,83,30.0,75,20.7,121,60,84,9.1
2024-12-07,84,34.7,64,28.7,243,121,170,5.2
2024-12-07,85,29.2,68,17.2,200,100,140,6.9
2024-12-07,86,33.1,50,19.5,181,90,126,8.0
2024-12-07,87,21.3,77,17.4,212,106,148,5.5
2024-12-07,88,22.8,42,2.9,191,95,133,6.4
2024-12-07,89,28.8,52,0.0,159,79,111,5.8
2024-12-07,90,22.6,51,21.8,196,98,137,5.4
2024-12-07,91,35.2,67,25.4,222,111,155,7.5
2024-12-07,92,30.2,56,8.2,124,62,86,7.5
2024-12-07,93,20.4,85,0.7,218,109,152,5.9
2024-12-07,94,22.2,58,4.7,180,90,125,6.1
2024-12-07,95,20.4,74,2.6,113,56,79,5.3
2024-12-07,96,29.8,65,19.4,99,49,69,5.7
2024-12-07,97,35.2,61,29.6,169,84,118,6.5
2024-12-07,98,27.5,51,23.1,129,64,90,8.5
2024-12-07,99,36.8,49,25.1,99,49,69,7.5
2024-12-07,100,31.8,43,12.0,172,86,120,5.9
2024-12-08,1,33.5,65,5.0,113,56,79,7.5
2024-12-08,2,29.2,81,14.3,221,110,154,6.7
2024-12-08,3,31.9,40,27.6,102,51,71,7.4
2024-12-08,4,31.6,81,29.2,103,51,72,5.8
2024-12-08,5,36.4,71,17.3,124,62,86,8.1
2024-12-08,6,26.0,46,28.8,220,110,154,8.0
2024-12-08,7,37.9,49,22.1,245,122,171,7.6
2024-12-08,8,27.6,49,24.1,220,110,154,7.8
2024-12-08,9,35.1,79,15.8,230,115,161,7.5
2024-12-08,10,23.6,79,19.7,151,75,105,7.6
2024-12-08,11,33.7,49,12.5,100,50,70,6.0
2024-12-08,12,32.1,52,24.5,145,72,101,5.2
2024-12-08,13,21.2,55,29.1,182,91,127,9.0
2024-12-08,14,37.5,63,11.5,128,64,89,7.6
2024-12-08,15,30.4,62,12.2,145,72,101,6.2
2024-12-08,16,23.3,49,13.8,188,94,131,7.7
2024-12-08,17,27.8,80,9.9,151,75,105,5.8
2024-12-08,18,36.1,89,7.4,191,95,133,6.8
2024-12-08,19,22.4,54,7.5,220,110,154,6.4
2024-12-08,20,20.5,87,4.0,136,68,95,7.1
2024-12-08,21,33.1,88,1.7,97,48,67,8.9
2024-12-08,22,35.7,57,19.2,173,86,121,5.8
2024-12-08,23,29.4,40,26.9,155,77,108,9.0
2024-12-08,24,25.6,61,15.4,236,118,165,7.2
2024-12-08,25,34.1,81,17.6,234,117,163,7.2
2024-12-08,26,25.2,67,21.3,94,47,65,8.0
2024-12-08,27,26.4,54,21.4,208,104,145,7.6
2024-12-08,28,33.7,43,2.4,138,69,96,5.5
2024-12-08,29,27.8,43,11.5,200,100,140,5.0
2024-12-08,30,32.9,88,9.0,101,50,70,5.2
2024-12-08,31,21.0,54,27.9,97,48,67,5.2
2024-12-08,32,31.3,61,2.0,169,84,118,7.0
2024-12-08,33,27.8,85,16.8,191,95,133,8.7
2024-12-08,34,20.8,64,26.7,157,78,109,5.8
2024-12-08,35,33.6,44,17.6,107,53,74,5.5
2024-12-08,36,32.8,74,19.3,204,102,142,8.7
2024-12-08,37,36.7,48,19.3,105,52,73,7.4
2024-12-08,38,31.8,55,12.8,119,59,83,8.4
2024-12-08,39,32.8,70,0.1,232,116,162,6.7
2024-12-08,40,25.3,77,27.5,109,54,76,7.6
2024-12-08,41,31.5,83,29.9,178,89,124,6.4
2024-12-08,42,34.3,89,26.1,161,80,112,8.6
2024-12-08,43,27.9,54,28.7,190,95,133,6.1
2024-12-08,44,28.1,73,5.5,188,94,131,8.3
2024-12-08,45,28.1,65,11.2,177,88,123,8.3
2024-12-08,46,31.9,83,19.7,240,120,168,5.3
2024-12-08,47,24.9,81,12.1,240,120,168,5.5
2024-12-08,48,22.0,75,25.6,213,106,149,8.2
2024-12-08,49,36.5,82,23.9,207,103,144,8.7
2024-12-08,50,32.2,76,8.0,209,104,146,5.8
2024-12-08,51,25.1,51,13.6,156,78,109,6.6
2024-12-08,52,24.6,63,12.1,161,80,112,6.2
2024-12-08,53,21.7,89,27.7,214,107,149,6.5
2024-12-08,54,26.7,89,2.6,95,47,66,5.2
2024-12-08,55,36.8,72,15.4,190,95,133,6.8
2024-12-08,56,27.5,42,1.9,93,46,65,6.0
2024-12-08,57,20.1,76,14.7,195,97,136,6.2
2024-12-08,58,26.3,80,8.8,247,123,172,7.6
2024-12-08,59,21.4,72,4.4,148,74,103,7.1
2024-12-08,60,37.2,42,8.0,152,76,106,6.5
2024-12-08,61,23.9,58,1.0,152,76,106,6.6
2024-12-08,62,22.0,62,22.1,190,95,133,7.4
2024-12-08,63,23.7,76,6.9,183,91,128,8.0
2024-12-08,64,34.6,88,26.4,207,103,144,6.4
2024-12-08,65,26.6,62,12.2,101,50,70,7.9
2024-12-08,66,30.6,53,13.6,197,98,137,5.5
2024-12-08,67,20.9,60,4.5,186,93,130,7.7
2024-12-08,68,37.2,84,28.5,195,97,136,8.0
2024-12-08,69,37.6,76,7.3,181,90,126,7.9
2024-12-08,70,22.6,52,24.7,122,61,85,7.9
2024-12-08,71,28.0,71,3.8,151,75,105,5.7
2024-12-08,72,22.9,62,8.6,166,83,116,6.7
2024-12-08,73,34.7,47,27.8,156,78,109,8.3
2024-12-08,74,29.3,71,0.3,114,57,79,8.3
2024-12-08,75,26.8,56,20.1,120,60,84,6.7
2024-12-08,76,27.2,86,22.6,133,66,93,8.5
2024-12-08,77,31.2,52,17.4,233,116,163,7.1
2024-12-08,78,34.4,65,19.6,220,110,154,6.7
2024-12-08,79,34.1,72,22.5,117,58,81,6.7
2024-12-08,80,29.2,77,21.9,169,84,118,7.6
2024-12-08,81,28.6,47,18.9,135,67,94,8.1
2024-12-08,82,37.6,71,24.8,158,79,110,7.2
2024-12-08,83,26.0,52,21.7,149,74,104,8.7
2024-12-08,84,27.1,81,21.6,237,118,165,5.3
2024-12-08,85,23.6,44,18.8,216,108,151,6.0
2024-12-08,86,28.9,71,2.9,211,105,147,8.1
2024-12-08,87,30.1,64,25.8,159,79,111,5.4
2024-12-08,88,22.6,89,27.8,92,46,64,6.3
2024-12-08,89,24.8,74,6.6,232,116,162,5.9
2024-12-08,90,31.1,44,14.7,100,50,70,5.7
2024-12-08,91,36.8,53,29.0,131,65,91,7.0
2024-12-08,92,23.5,77,2.9,239,119,167,8.0
2024-12-08,93,22.2,60,26.6,242,121,169,6.0
2024-12-08,94,26.4,60,11.9,157,78,109,6.6
2024-12-08,95,26.5,74,26.9,205,102,143,5.8
2024-12-08,96,26.8,85,16.5,112,56,78,6.4
2024-12-08,97,34.4,48,23.9,137,68,95,5.9
2024-12-08,98,27.4,84,9.1,120,60,84,9.0
2024-12-08,99,34.8,71,5.5,94,47,65,6.9
2024-12-08,100,29.6,56,17.6,116,58,81,5.9
2024-12-09,1,25.8,62,15.2,225,112,157,7.9
2024-12-09,2,32.8,44,9.3,219,109,153,7.0
2024-12-09,3,25.6,41,17.1,136,68,95,7.2
2024-12-09,4,24.8,65,24.0,159,79,111,6.2
2024-12-09,5,32.4,65,9.2,191,95,133,8.0
2024-12-09,6,35.8,53,1.9,120,60,84,8.1
2024-12-09,7,32.5,77,7.1,148,74,103,8.1
2024-12-09,8,30.4,58,16.7,105,52,73,7.9
2024-12-09,9,34.8,88,25.1,108,54,75,7.7
2024-12-09,10,24.2,64,19.5,230,115,161,8.0
2024-12-09,11,34.2,55,16.0,189,94,132,5.3
2024-12-09,12,27.7,42,6.2,139,69,97,5.8
2024-12-09,13,28.8,68,13.3,163,81,114,9.1
2024-12-09,14,37.6,56,26.6,205,102,143,8.5
2024-12-09,15,27.7,43,10.0,194,97,135,6.9
2024-12-09,16,22.7,74,2.1,223,111,156,7.4
2024-12-09,17,27.0,70,15.2,229,114,160,5.8
2024-12-09,18,23.4,58,22.9,208,104,145,6.7
2024-12-09,19,25.4,41,1.1,184,92,128,6.2
2024-12-09,20,26.8,60,4.0,118,59,82,7.1
2024-12-09,21,20.6,84,15.0,157,78,109,8.6
2024-12-09,22,25.7,86,12.9,152,76,106,5.5
2024-12-09,23,28.3,82,21.9,127,63,88,9.2
2024-12-09,24,30.6,58,20.6,137,68,95,6.6
2024-12-09,25,27.6,66,21.3,120,60,84,7.0
2024-12-09,26,22.9,63,9.7,140,70,98,8.7
2024-12-09,27,33.2,60,24.3,142,71,99,7.8
2024-12-09,28,30.6,73,17.8,168,84,117,5.8
2024-12-09,29,28.4,81,5.5,171,85,119,5.1
2024-12-09,30,37.1,68,2.3,112,56,78,5.5
2024-12-09,31,23.2,50,20.2,92,46,64,5.6
2024-12-09,32,33.0,63,11.1,228,114,159,6.4
2024-12-09,33,25.4,40,18.2,114,57,79,8.3
2024-12-09,34,21.6,82,13.7,185,92,129,6.0
2024-12-09,35,21.2,60,13.3,180,90,125,5.0
2024-12-09,36,20.3,62,21.8,144,72,100,8.6
2024-12-09,37,28.1,78,8.3,169,84,118,7.3
2024-12-09,38,22.9,70,20.6,193,96,135,8.9
2024-12-09,39,22.3,64,21.8,99,49,69,6.7
2024-12-09,40,30.0,81,20.1,180,90,125,6.9
2024-12-09,41,23.8,88,18.2,179,89,125,6.0
2024-12-09,42,33.6,61,29.6,176,88,123,9.0
2024-12-09,43,32.1,80,14.2,184,92,128,6.4
2024-12-09,44,25.8,53,15.8,247,123,172,8.8
2024-12-09,45,33.0,88,22.4,134,67,93,7.9
2024-12-09,46,29.0,86,29.0,145,72,101,5.4
2024-12-09,47,24.6,48,1.0,154,77,107,5.6
2024-12-09,48,30.0,40,15.0,230,115,161,7.2
2024-12-09,49,21.0,84,11.9,232,116,162,8.3
2024-12-09,50,29.4,70,7.6,164,82,114,6.2
2024-12-09,51,33.7,60,24.5,115,57,80,7.0
2024-12-09,52,21.2,60,1.4,160,80,112,6.0
2024-12-09,53,21.4,41,9.2,197,98,137,6.7
2024-12-09,54,24.6,84,8.3,170,85,118,5.9
2024-12-09,55,25.3,78,10.4,220,110,154,6.5
2024-12-09,56,33.7,47,14.2,144,72,100,5.9
2024-12-09,57,32.6,67,10.3,120,60,84,6.4
2024-12-09,58,28.6,57,11.0,143,71,100,8.3
2024-12-09,59,29.0,86,18.8,198,99,138,6.8
2024-12-09,60,31.8,64,19.5,194,97,135,6.5
2024-12-09,61,24.3,76,21.3,111,55,77,6.9
2024-12-09,62,35.8,64,24.5,147,73,102,6.9
2024-12-09,63,29.3,67,6.4,139,69,97,8.7
2024-12-09,64,29.4,41,8.7,163,81,114,6.9
2024-12-09,65,36.6,48,24.6,177,88,123,7.4
2024-12-09,66,30.9,75,27.3,141,70,98,5.4
2024-12-09,67,26.3,85,19.7,219,109,153,7.9
2024-12-09,68,20.7,40,18.3,185,92,129,8.0
2024-12-09,69,25.6,76,12.3,133,66,93,8.7
2024-12-09,70,28.5,53,4.6,188,94,131,8.0
2024-12-09,71,34.6,77,11.3,160,80,112,5.4
2024-12-09,72,22.1,41,19.7,219,109,153,6.4
2024-12-09,73,37.5,47,27.2,96,48,67,8.8
2024-12-09,74,31.0,47,16.1,136,68,95,8.3
2024-12-09,75,21.4,50,17.6,183,91,128,6.4
2024-12-09,76,20.3,62,20.6,92,46,64,8.5
2024-12-09,77,23.9,89,23.2,122,61,85,7.6
2024-12-09,78,24.1,69,11.3,119,59,83,6.8
2024-12-09,79,25.8,55,18.6,113,56,79,6.8
2024-12-09,80,25.9,71,28.6,110,55,77,7.5
2024-12-09,81,32.1,48,4.0,218,109,152,7.5
2024-12-09,82,25.8,43,0.8,92,46,64,7.8
2024-12-09,83,22.9,48,1.7,93,46,65,8.6
2024-12-09,84,24.2,65,12.8,203,101,142,5.8
2024-12-09,85,23.4,42,16.0,148,74,103,6.0
2024-12-09,86,21.5,54,18.3,189,94,132,8.2
2024-12-09,87,27.9,84,12.9,207,103,144,5.9
2024-12-09,88,25.6,68,15.4,173,86,121,6.6
2024-12-09,89,22.8,88,16.3,108,54,75,6.4
2024-12-09,90,32.5,50,24.2,202,101,141,5.4
2024-12-09,91,33.5,46,26.2,163,81,114,7.6
2024-12-09,92,28.9,82,15.5,100,50,70,7.6
2024-12-09,93,29.1,81,21.6,141,70,98,6.5
2024-12-09,94,34.1,48,18.9,184,92,128,6.6
2024-12-09,95,36.2,41,7.8,165,82,115,5.2
2024-12-09,96,31.2,69,25.4,176,88,123,6.2
2024-12-09,97,27.1,72,26.8,166,83,116,6.0
2024-12-09,98,28.2,55,9.4,167,83,116,8.6
2024-12-09,99,28.3,43,19.6,230,115,161,7.5
2024-12-09,100,33.8,40,27.7,126,63,88,5.5
2024-12-10,1,36.7,50,27.4,160,80,112,7.4
2024-12-10,2,31.0,63,10.4,192,96,134,7.5
2024-12-10,3,26.7,77,16.8,148,74,103,7.3
2024-12-10,4,29.9,77,6.5,99,49,69,6.2
2024-12-10,5,24.5,69,17.9,111,55,77,8.3
2024-12-10,6,24.6,58,6.3,157,78,109,8.0
2024-12-10,7,27.0,85,18.3,246,123,172,7.4
2024-12-10,8,20.9,44,18.7,161,80,112,7.6
2024-12-10,9,31.4,82,14.5,216,108,151,7.4
2024-12-10,10,22.2,65,10.5,239,119,167,7.7
2024-12-10,11,29.6,86,22.0,101,50,70,5.3
2024-12-10,12,22.3,50,17.1,216,108,151,5.2
2024-12-10,13,21.6,45,14.1,190,95,133,8.7
2024-12-10,14,22.9,64,1.3,249,124,174,8.4
2024-12-10,15,25.9,47,17.6,188,94,131,6.3
2024-12-10,16,23.0,65,22.8,244,122,170,8.0
2024-12-10,17,28.9,41,28.1,99,49,69,5.9
2024-12-10,18,30.2,76,7.2,134,67,93,6.9
2024-12-10,19,20.7,63,26.9,173,86,121,6.8
2024-12-10,20,37.5,88,21.8,210,105,147,7.3
2024-12-10,21,35.1,64,14.1,151,75,105,8.4
2024-12-10,22,24.5,87,17.9,157,78,109,5.2
2024-12-10,23,27.4,78,15.6,137,68,95,9.0
2024-12-10,24,35.0,63,2.4,184,92,128,6.7
2024-12-10,25,37.9,56,29.3,221,110,154,7.3
2024-12-10,26,34.7,81,17.1,162,81,113,8.6
2024-12-10,27,25.1,71,2.7,158,79,110,8.1
2024-12-10,28,27.8,72,19.5,245,122,171,5.0
2024-12-10,29,22.6,60,4.5,139,69,97,5.4
2024-12-10,30,35.6,79,14.2,195,97,136,5.1
2024-12-10,31,37.3,61,16.8,145,72,101,5.6
2024-12-10,32,29.8,74,18.6,182,91,127,6.6
2024-12-10,33,26.4,64,9.0,232,116,162,9.1
2024-12-10,34,30.9,74,13.5,139,69,97,5.6
2024-12-10,35,36.8,44,5.9,121,60,84,5.4
2024-12-10,36,25.4,54,9.4,180,90,125,8.0
2024-12-10,37,30.1,64,20.5,239,119,167,7.5
2024-12-10,38,26.2,65,6.0,162,81,113,9.1
2024-12-10,39,22.8,43,24.5,152,76,106,7.2
2024-12-10,40,37.3,45,8.3,140,70,98,7.1
2024-12-10,41,37.1,86,16.4,96,48,67,6.4
2024-12-10,42,28.4,59,7.0,239,119,167,8.3
2024-12-10,43,29.5,57,10.5,178,89,124,6.0
2024-12-10,44,36.7,74,28.9,195,97,136,8.9
2024-12-10,45,27.3,73,24.6,212,106,148,8.1
2024-12-10,46,29.1,83,26.9,180,90,125,5.6
2024-12-10,47,21.9,73,1.0,192,96,134,5.4
2024-12-10,48,36.2,70,27.3,198,99,138,7.4
2024-12-10,49,33.2,49,17.8,128,64,89,8.4
2024-12-10,50,27.3,68,5.8,192,96,134,5.2
2024-12-10,51,20.4,44,13.0,249,124,174,6.0
2024-12-10,52,30.4,50,4.9,172,86,120,6.0
2024-12-10,53,35.0,64,0.1,245,122,171,6.6
2024-12-10,54,30.9,66,13.5,131,65,91,5.5
2024-12-10,55,27.5,41,1.6,198,99,138,6.2
2024-12-10,56,26.2,53,16.9,171,85,119,5.9
2024-12-10,57,31.1,86,26.5,105,52,73,6.2
2024-12-10,58,31.4,52,14.3,168,84,117,7.4
2024-12-10,59,28.7,60,29.2,112,56,78,7.0
2024-12-10,60,30.1,52,0.0,195,97,136,6.8
2024-12-10,61,23.9,84,17.5,93,46,65,6.5
2024-12-10,62,33.4,67,20.1,179,89,125,7.3
2024-12-10,63,34.7,52,10.5,176,88,123,8.2
2024-12-10,64,22.1,69,28.1,203,101,142,6.8
2024-12-10,65,27.7,82,17.8,154,77,107,7.2
2024-12-10,66,34.2,65,29.0,176,88,123,5.9
2024-12-10,67,32.1,65,9.3,94,47,65,7.9
2024-12-10,68,37.1,43,19.5,138,69,96,8.2
2024-12-10,69,32.0,60,29.4,205,102,143,8.4
2024-12-10,70,33.6,66,23.8,174,87,121,7.7
2024-12-10,71,22.0,61,13.2,93,46,65,5.6
2024-12-10,72,21.7,54,28.5,137,68,95,7.0
2024-12-10,73,32.2,87,27.5,209,104,146,8.5
2024-12-10,74,21.2,58,7.0,131,65,91,8.1
2024-12-10,75,37.6,87,26.1,115,57,80,6.3
2024-12-10,76,30.6,68,25.3,176,88,123,8.9
2024-12-10,77,35.0,81,20.9,145,72,101,7.3
2024-12-10,78,20.7,52,10.4,127,63,88,7.0
2024-12-10,79,20.4,64,8.1,175,87,122,6.4
2024-12-10,80,26.8,89,16.7,226,113,158,7.8
2024-12-10,81,36.7,63,24.9,166,83,116,7.6
2024-12-10,82,36.6,62,20.8,107,53,74,7.1
2024-12-10,83,27.7,42,14.0,119,59,83,8.9
2024-12-10,84,33.6,80,19.3,171,85,119,5.7
2024-12-10,85,22.7,45,24.7,148,74,103,6.4
2024-12-10,86,30.2,70,6.5,193,96,135,8.2
2024-12-10,87,22.5,55,14.9,212,106,148,5.2
2024-12-10,88,36.2,51,3.2,132,66,92,6.8
2024-12-10,89,26.4,47,24.1,115,57,80,6.0
2024-12-10,90,33.9,54,29.3,233,116,163,5.9
2024-12-10,91,31.0,72,22.8,92,46,64,7.4
2024-12-10,92,23.5,70,23.8,164,82,114,7.4
2024-12-10,93,31.8,88,16.9,144,72,100,6.4
2024-12-10,94,20.9,81,24.1,189,94,132,6.3
2024-12-10,95,26.3,41,18.2,119,59,83,5.6
2024-12-10,96,28.2,67,26.0,212,106,148,5.6
2024-12-10,97,21.8,40,18.5,96,48,67,6.1
2024-12-10,98,28.1,69,8.4,187,93,130,8.6
2024-12-10,99,32.2,75,24.9,191,95,133,7.0
2024-12-10,100,20.6,40,4.2,211,105,147,5.9
2024-12-11,1,34.5,77,23.8,103,51,72,7.4
2024-12-11,2,21.8,74,23.9,237,118,165,6.5
2024-12-11,3,33.3,80,12.1,122,61,85,6.9
2024-12-11,4,20.5,43,17.6,105,52,73,5.4
2024-12-11,5,35.5,45,21.4,96,48,67,8.5
2024-12-11,6,36.9,49,11.6,95,47,66,8.5
2024-12-11,7,34.6,79,2.5,232,116,162,7.2
2024-12-11,8,25.0,57,11.1,125,62,87,8.0
2024-12-11,9,33.2,85,5.3,134,67,93,7.0
2024-12-11,10,27.8,45,0.5,121,60,84,8.0
2024-12-11,11,29.1,54,27.5,232,116,162,6.0
2024-12-11,12,24.6,59,28.4,168,84,117,5.8
2024-12-11,13,36.9,56,20.4,111,55,77,8.1
2024-12-11,14,24.6,51,25.3,126,63,88,8.0
2024-12-11,15,30.1,47,4.4,210,105,147,6.8
2024-12-11,16,21.4,61,6.7,156,78,109,7.5
2024-12-11,17,26.4,51,20.8,176,88,123,5.7
2024-12-11,18,32.0,57,29.1,243,121,170,7.1
2024-12-11,19,22.3,57,18.0,217,108,151,6.9
2024-12-11,20,30.9,51,29.4,219,109,153,6.9
2024-12-11,21,24.3,67,28.7,92,46,64,8.4
2024-12-11,22,28.7,73,22.6,249,124,174,5.2
2024-12-11,23,36.9,47,10.6,178,89,124,8.5
2024-12-11,24,37.1,68,28.4,178,89,124,6.6
2024-12-11,25,23.8,63,21.0,151,75,105,6.9
2024-12-11,26,30.7,46,25.6,135,67,94,8.6
2024-12-11,27,32.8,81,0.7,96,48,67,7.4
2024-12-11,28,36.5,78,18.9,92,46,64,5.1
2024-12-11,29,23.0,46,10.9,110,55,77,4.9
2024-12-11,30,31.2,68,20.4,132,66,92,5.8
2024-12-11,31,34.3,44,29.6,160,80,112,5.0
2024-12-11,32,36.8,79,0.3,197,98,137,7.0
2024-12-11,33,22.7,54,8.8,164,82,114,8.2
2024-12-11,34,23.2,56,5.8,174,87,121,6.0
2024-12-11,35,36.8,71,17.6,117,58,81,5.1
2024-12-11,36,34.3,82,21.0,197,98,137,8.7
2024-12-11,37,23.6,76,29.4,152,76,106,7.3
2024-12-11,38,36.1,55,2.0,204,102,142,9.2
2024-12-11,39,22.5,58,13.2,107,53,74,7.0
2024-12-11,40,31.6,62,9.9,147,73,102,7.5
2024-12-11,41,23.4,60,1.3,118,59,82,6.5
2024-12-11,42,21.1,51,26.9,108,54,75,8.8
2024-12-11,43,28.5,44,9.1,206,103,144,5.9
2024-12-11,44,33.6,49,25.0,240,120,168,8.2
2024-12-11,45,34.8,70,27.0,217,108,151,7.9
2024-12-11,46,25.6,67,22.0,184,92,128,5.4
2024-12-11,47,22.1,55,3.8,242,121,169,5.4
2024-12-11,48,28.9,66,11.1,126,63,88,8.1
2024-12-11,49,36.1,68,1.0,183,91,128,9.0
2024-12-11,50,29.4,85,6.4,130,65,91,5.3
2024-12-11,51,29.6,48,7.4,244,122,170,6.2
2024-12-11,52,29.9,84,1.0,195,97,136,6.2
2024-12-11,53,27.7,46,18.5,138,69,96,6.6
2024-12-11,54,26.2,77,12.6,108,54,75,6.0
2024-12-11,55,30.2,74,26.6,164,82,114,6.6
2024-12-11,56,20.2,76,9.4,179,89,125,5.6
2024-12-11,57,25.6,56,9.1,202,101,141,6.0
2024-12-11,58,23.3,69,1.1,137,68,95,8.3
2024-12-11,59,26.7,56,4.8,104,52,72,7.1
2024-12-11,60,30.1,87,10.8,186,93,130,6.6
2024-12-11,61,32.9,50,18.7,137,68,95,7.1
2024-12-11,62,34.6,42,5.3,175,87,122,7.1
2024-12-11,63,31.1,65,5.8,98,49,68,8.4
2024-12-11,64,24.9,50,2.9,207,103,144,6.3
2024-12-11,65,29.4,69,29.4,144,72,100,7.1
2024-12-11,66,27.0,64,4.8,213,106,149,6.0
2024-12-11,67,33.5,65,11.0,231,115,161,7.3
2024-12-11,68,30.0,61,13.2,174,87,121,8.0
2024-12-11,69,30.9,65,25.3,195,97,136,8.3
2024-12-11,70,28.7,53,20.4,128,64,89,7.6
2024-12-11,71,33.3,89,6.0,201,100,140,5.5
2024-12-11,72,35.3,64,11.1,194,97,135,6.3
2024-12-11,73,25.7,46,13.3,161,80,112,8.4
2024-12-11,74,34.0,55,20.0,154,77,107,8.1
2024-12-11,75,30.7,71,27.9,130,65,91,6.6
2024-12-11,76,22.6,47,17.0,222,111,155,8.8
2024-12-11,77,34.6,81,28.7,92,46,64,7.3
2024-12-11,78,37.2,77,22.6,122,61,85,7.0
2024-12-11,79,28.4,86,21.9,171,85,119,7.4
2024-12-11,80,29.8,45,23.7,207,103,144,7.9
2024-12-11,81,30.1,60,7.3,185,92,129,8.1
2024-12-11,82,20.3,77,0.3,155,77,108,7.0
2024-12-11,83,29.8,63,13.7,200,100,140,8.5
2024-12-11,84,25.2,81,29.2,232,116,162,5.6
2024-12-11,85,20.7,81,22.9,196,98,137,5.9
2024-12-11,86,37.3,54,22.1,104,52,72,8.6
2024-12-11,87,20.8,57,15.2,171,85,119,5.6
2024-12-11,88,35.1,63,15.4,168,84,117,7.0
2024-12-11,89,28.1,43,19.1,99,49,69,6.3
2024-12-11,90,25.1,46,22.7,240,120,168,5.4
2024-12-11,91,37.9,88,13.9,158,79,110,7.4
2024-12-11,92,31.6,83,27.7,159,79,111,7.6
2024-12-11,93,25.5,55,5.3,189,94,132,5.9
2024-12-11,94,21.3,44,6.0,236,118,165,6.0
2024-12-11,95,35.7,62,27.4,137,68,95,5.9
2024-12-11,96,25.0,52,12.2,111,55,77,6.6
2024-12-11,97,35.7,51,20.6,142,71,99,6.5
2024-12-11,98,32.8,44,9.0,155,77,108,9.1
2024-12-11,99,29.3,73,20.1,92,46,64,7.0
2024-12-11,100,32.6,63,25.0,215,107,150,5.9
2024-12-12,1,35.5,88,17.1,231,115,161,7.7
2024-12-12,2,21.9,70,13.2,218,109,152,6.7
2024-12-12,3,28.4,59,25.0,174,87,121,7.5
2024-12-12,4,34.7,83,14.1,163,81,114,5.5
2024-12-12,5,24.9,78,29.5,214,107,149,8.2
2024-12-12,6,31.4,81,2.9,99,49,69,8.8
2024-12-12,7,33.4,86,18.7,100,50,70,7.2
2024-12-12,8,26.3,55,10.6,148,74,103,8.0
2024-12-12,9,30.6,54,16.8,116,58,81,7.8
2024-12-12,10,35.9,88,6.8,204,102,142,7.3
2024-12-12,11,24.9,45,16.4,189,94,132,5.5
2024-12-12,12,26.4,64,24.8,170,85,118,5.6
2024-12-12,13,25.4,41,22.3,93,46,65,8.9
2024-12-12,14,27.8,47,13.8,217,108,151,7.7
2024-12-12,15,29.1,44,24.6,183,91,128,6.5
2024-12-12,16,35.7,52,6.7,201,100,140,7.6
2024-12-12,17,31.8,88,8.0,211,105,147,5.6
2024-12-12,18,36.1,72,7.3,202,101,141,6.7
2024-12-12,19,29.1,72,0.0,185,92,129,6.2
2024-12-12,20,35.4,44,23.5,163,81,114,6.9
2024-12-12,21,36.5,53,24.8,157,78,109,8.6
2024-12-12,22,30.0,65,28.7,226,113,158,5.3
2024-12-12,23,34.7,54,20.2,172,86,120,9.0
2024-12-12,24,31.4,80,0.4,123,61,86,7.3
2024-12-12,25,30.4,58,8.7,169,84,118,7.1
2024-12-12,26,25.3,45,10.5,243,121,170,8.8
2024-12-12,27,23.9,86,21.1,129,64,90,7.9
2024-12-12,28,34.9,50,9.0,101,50,70,5.9
2024-12-12,29,25.0,42,19.9,232,116,162,5.1
2024-12-12,30,30.1,63,21.4,208,104,145,5.5
2024-12-12,31,22.7,49,10.1,210,105,147,5.2
2024-12-12,32,34.8,83,29.1,101,50,70,6.8
2024-12-12,33,33.0,89,8.7,105,52,73,8.8
2024-12-12,34,27.2,45,16.8,227,113,158,5.5
2024-12-12,35,32.6,47,23.9,234,117,163,4.9
2024-12-12,36,23.6,41,3.8,98,49,68,8.9
2024-12-12,37,33.8,80,20.5,177,88,123,7.3
2024-12-12,38,28.8,49,18.7,235,117,164,9.0
2024-12-12,39,37.1,58,4.0,213,106,149,6.7
2024-12-12,40,31.1,63,21.0,128,64,89,6.8
2024-12-12,41,20.8,87,3.4,115,57,80,6.5
2024-12-12,42,35.6,79,16.5,145,72,101,8.5
2024-12-12,43,29.1,75,3.0,114,57,79,6.1
2024-12-12,44,30.0,60,20.5,178,89,124,8.7
2024-12-12,45,26.9,64,24.9,243,121,170,7.8
2024-12-12,46,33.0,65,13.4,192,96,134,5.2
2024-12-12,47,35.5,75,4.8,162,81,113,5.3
2024-12-12,48,37.5,83,29.4,227,113,158,7.5
2024-12-12,49,20.7,76,6.2,121,60,84,8.8
2024-12-12,50,36.4,87,27.6,181,90,126,5.7
2024-12-12,51,23.6,84,11.3,122,61,85,6.3
2024-12-12,52,26.9,86,29.2,142,71,99,6.1
2024-12-12,53,34.3,70,2.6,125,62,87,6.1
2024-12-12,54,28.2,82,17.5,211,105,147,5.9
2024-12-12,55,32.2,62,4.7,181,90,126,5.9
2024-12-12,56,25.5,81,0.3,142,71,99,6.4
2024-12-12,57,21.2,85,3.8,176,88,123,6.7
2024-12-12,58,21.3,67,17.2,234,117,163,7.8
2024-12-12,59,31.9,53,14.1,106,53,74,7.1
2024-12-12,60,34.9,52,5.0,226,113,158,6.5
2024-12-12,61,35.3,81,15.1,108,54,75,6.8
2024-12-12,62,23.9,55,17.2,167,83,116,7.3
2024-12-12,63,20.9,54,8.4,164,82,114,8.1
2024-12-12,64,36.6,50,28.6,243,121,170,6.6
2024-12-12,65,23.3,56,18.1,133,66,93,8.1
2024-12-12,66,34.2,62,1.5,126,63,88,5.3
2024-12-12,67,27.4,40,10.1,187,93,130,8.1
2024-12-12,68,21.4,49,15.5,249,124,174,8.8
2024-12-12,69,21.2,88,4.1,230,115,161,8.0
2024-12-12,70,29.5,60,28.1,129,64,90,8.3
2024-12-12,71,21.4,84,19.7,209,104,146,5.6
2024-12-12,72,36.8,81,12.6,181,90,126,7.0
2024-12-12,73,21.9,49,16.1,244,122,170,8.9
2024-12-12,74,34.1,41,28.2,196,98,137,8.7
2024-12-12,75,30.0,89,3.5,103,51,72,7.0
2024-12-12,76,32.5,78,28.8,151,75,105,8.5
2024-12-12,77,29.5,77,21.8,128,64,89,7.8
2024-12-12,78,22.8,87,16.5,97,48,67,6.9
2024-12-12,79,36.9,74,8.4,102,51,71,6.8
2024-12-12,80,25.0,60,28.6,91,45,63,7.6
2024-12-12,81,34.2,69,15.4,144,72,100,7.6
2024-12-12,82,25.0,72,12.9,113,56,79,7.3
2024-12-12,83,33.0,69,16.9,194,97,135,8.4
2024-12-12,84,27.0,61,25.7,163,81,114,5.3
2024-12-12,85,24.3,84,25.6,151,75,105,6.8
2024-12-12,86,20.2,42,11.1,150,75,105,8.2
2024-12-12,87,25.8,62,10.5,136,68,95,5.9
2024-12-12,88,23.9,46,6.2,161,80,112,6.2
2024-12-12,89,30.1,49,17.5,100,50,70,6.2
2024-12-12,90,28.7,66,17.7,136,68,95,5.3
2024-12-12,91,30.1,47,8.2,156,78,109,7.3
2024-12-12,92,36.6,84,6.2,237,118,165,8.2
2024-12-12,93,33.8,48,9.3,233,116,163,5.8
2024-12-12,94,23.0,47,24.2,153,76,107,6.1
2024-12-12,95,20.6,63,28.5,207,103,144,5.6
2024-12-12,96,30.5,52,3.3,211,105,147,6.3
2024-12-12,97,30.0,41,10.4,126,63,88,5.9
2024-12-12,98,36.5,64,22.6,130,65,91,8.5
2024-12-12,99,23.9,66,15.1,113,56,79,6.9
2024-12-12,100,25.5,64,5.4,120,60,84,5.7
2024-12-13,1,29.4,67,23.2,147,73,102,7.6
2024-12-13,2,27.4,89,8.2,181,90,126,7.2
2024-12-13,3,28.6,62,20.2,231,115,161,7.9
2024-12-13,4,32.0,82,19.4,148,74,103,5.5
2024-12-13,5,28.4,57,1.4,168,84,117,8.6
2024-12-13,6,26.9,55,18.5,119,59,83,8.7
2024-12-13,7,35.5,50,15.9,155,77,108,7.3
2024-12-13,8,20.4,63,1.1,217,108,151,7.4
2024-12-13,9,37.0,50,28.5,135,67,94,7.6
2024-12-13,10,32.0,54,7.9,161,80,112,7.7
2024-12-13,11,32.2,72,20.4,170,85,118,5.8
2024-12-13,12,22.1,79,27.8,117,58,81,6.0
2024-12-13,13,23.3,89,28.7,126,63,88,8.7
2024-12-13,14,36.1,44,7.8,116,58,81,8.2
2024-12-13,15,36.7,46,18.7,116,58,81,6.8
2024-12-13,16,23.2,47,24.2,180,90,125,8.1
2024-12-13,17,26.8,43,25.3,176,88,123,6.0
2024-12-13,18,33.1,59,30.0,229,114,160,6.6
2024-12-13,19,37.4,61,21.8,205,102,143,6.6
2024-12-13,20,29.1,71,29.3,184,92,128,7.3
2024-12-13,21,28.8,78,20.3,121,60,84,8.8
2024-12-13,22,37.9,55,10.4,226,113,158,5.3
2024-12-13,23,33.5,85,17.4,115,57,80,8.6
2024-12-13,24,20.4,40,0.3,176,88,123,7.0
2024-12-13,25,37.5,43,20.2,94,47,65,7.6
2024-12-13,26,26.9,81,1.5,176,88,123,7.9
2024-12-13,27,31.4,62,3.2,182,91,127,7.6
2024-12-13,28,36.8,48,9.6,155,77,108,5.4
2024-12-13,29,37.0,66,19.2,237,118,165,4.8
2024-12-13,30,25.3,49,29.3,102,51,71,5.9
2024-12-13,31,23.4,59,23.0,224,112,156,5.1
2024-12-13,32,34.3,68,13.6,196,98,137,6.8
2024-12-13,33,27.7,40,24.1,176,88,123,8.5
2024-12-13,34,31.2,83,1.2,183,91,128,5.5
2024-12-13,35,32.7,50,20.1,214,107,149,4.9
2024-12-13,36,27.4,81,7.3,230,115,161,8.1
2024-12-13,37,29.7,68,6.8,235,117,164,6.9
2024-12-13,38,30.3,57,9.7,160,80,112,8.7
2024-12-13,39,24.6,74,10.6,135,67,94,6.8
2024-12-13,40,20.9,78,7.6,229,114,160,6.8
2024-12-13,41,25.3,48,10.6,205,102,143,6.2
2024-12-13,42,32.7,56,2.4,177,88,123,8.4
2024-12-13,43,32.4,71,18.7,104,52,72,5.8
2024-12-13,44,35.0,43,8.6,171,85,119,8.8
2024-12-13,45,28.5,47,19.2,207,103,144,8.4
2024-12-13,46,33.3,84,15.3,110,55,77,5.0
2024-12-13,47,31.9,71,14.2,90,45,62,6.0
2024-12-13,48,24.6,63,6.5,239,119,167,8.1
2024-12-13,49,33.9,51,6.2,172,86,120,8.6
2024-12-13,50,20.7,51,23.4,238,119,166,6.1
2024-12-13,51,27.1,48,7.7,161,80,112,6.1
2024-12-13,52,23.8,71,22.7,161,80,112,6.0
2024-12-13,53,30.1,72,25.5,145,72,101,6.0
2024-12-13,54,24.0,83,7.4,204,102,142,5.1
2024-12-13,55,31.1,44,18.7,190,95,133,6.0
2024-12-13,56,33.0,80,27.2,195,97,136,5.6
2024-12-13,57,32.7,57,10.8,210,105,147,6.0
2024-12-13,58,23.4,50,5.3,182,91,127,7.6
2024-12-13,59,21.9,81,2.1,226,113,158,7.2
2024-12-13,60,25.5,60,2.7,189,94,132,6.9
2024-12-13,61,20.9,84,0.9,152,76,106,6.4
2024-12-13,62,37.0,79,22.4,145,72,101,6.9
2024-12-13,63,31.6,75,14.6,247,123,172,8.7
2024-12-13,64,27.9,76,20.1,228,114,159,7.0
2024-12-13,65,29.7,86,25.2,110,55,77,7.9
2024-12-13,66,25.2,69,22.1,216,108,151,5.2
2024-12-13,67,24.1,76,20.0,120,60,84,7.4
2024-12-13,68,36.0,84,15.5,229,114,160,8.6
2024-12-13,69,29.8,66,5.3,206,103,144,8.3
2024-12-13,70,25.9,87,13.4,190,95,133,7.9
2024-12-13,71,26.9,63,11.4,224,112,156,6.4
2024-12-13,72,37.7,67,24.0,149,74,104,6.5
2024-12-13,73,35.4,42,25.2,145,72,101,8.4
2024-12-13,74,27.5,55,24.5,170,85,118,8.7
2024-12-13,75,37.7,43,28.1,189,94,132,6.8
2024-12-13,76,32.5,52,20.9,231,115,161,8.5
2024-12-13,77,35.6,61,7.9,221,110,154,7.8
2024-12-13,78,27.5,68,19.5,237,118,165,6.6
2024-12-13,79,30.1,59,25.6,147,73,102,6.7
2024-12-13,80,32.7,69,13.1,211,105,147,7.7
2024-12-13,81,21.8,68,11.4,111,55,77,7.6
2024-12-13,82,31.5,85,26.8,217,108,151,7.3
2024-12-13,83,31.6,56,5.1,171,85,119,8.8
2024-12-13,84,32.7,81,10.8,152,76,106,5.8
2024-12-13,85,36.5,54,9.4,160,80,112,6.8
2024-12-13,86,20.6,71,10.1,198,99,138,8.6
2024-12-13,87,27.0,58,15.9,205,102,143,5.2
2024-12-13,88,36.7,71,26.0,93,46,65,7.1
2024-12-13,89,36.2,42,20.1,150,75,105,5.9
2024-12-13,90,20.1,45,20.0,210,105,147,6.0
2024-12-13,91,20.7,44,10.5,131,65,91,7.6
2024-12-13,92,35.4,63,0.8,117,58,81,7.3
2024-12-13,93,30.6,56,25.6,196,98,137,5.8
2024-12-13,94,23.9,78,12.2,93,46,65,6.4
2024-12-13,95,30.8,71,10.1,186,93,130,6.0
2024-12-13,96,35.9,50,29.2,188,94,131,6.4
2024-12-13,97,37.7,46,0.2,125,62,87,5.9
2024-12-13,98,33.6,70,28.6,132,66,92,8.9
2024-12-13,99,23.1,68,1.1,175,87,122,7.5
2024-12-13,100,22.9,50,29.8,207,103,144,5.9
2024-12-14,1,27.6,64,3.3,119,59,83,7.7
2024-12-14,2,30.1,40,17.0,202,101,141,7.2
2024-12-14,3,22.7,41,11.0,194,97,135,6.9
2024-12-14,4,27.7,87,26.7,248,124,173,6.0
2024-12-14,5,30.8,43,0.0,247,123,172,8.6
2024-12-14,6,27.9,59,9.6,237,118,165,8.1
2024-12-14,7,23.9,66,6.7,188,94,131,7.7
2024-12-14,8,22.2,82,13.6,100,50,70,7.9
2024-12-14,9,27.7,52,0.4,114,57,79,7.9
2024-12-14,10,30.3,50,9.7,143,71,100,7.9
2024-12-14,11,21.1,59,17.3,130,65,91,6.0
2024-12-14,12,21.1,71,11.5,194,97,135,5.3
2024-12-14,13,34.6,85,27.6,201,100,140,8.6
2024-12-14,14,22.5,77,6.0,106,53,74,8.2
2024-12-14,15,28.0,61,11.7,215,107,150,6.8
2024-12-14,16,26.9,60,7.2,225,112,157,7.5
2024-12-14,17,32.3,48,26.8,146,73,102,6.0
2024-12-14,18,24.8,68,6.4,164,82,114,7.4
2024-12-14,19,35.5,59,17.5,230,115,161,6.5
2024-12-14,20,31.5,79,17.6,214,107,149,7.2
2024-12-14,21,26.6,57,0.2,196,98,137,8.7
2024-12-14,22,22.8,67,7.8,179,89,125,5.1
2024-12-14,23,22.6,41,16.6,243,121,170,8.8
2024-12-14,24,25.0,73,27.0,227,113,158,6.9
2024-12-14,25,29.1,79,23.9,116,58,81,7.6
2024-12-14,26,25.8,58,18.4,236,118,165,8.8
2024-12-14,27,34.6,78,9.6,160,80,112,8.3
2024-12-14,28,35.7,53,15.2,159,79,111,5.7
2024-12-14,29,33.2,66,19.6,213,106,149,5.4
2024-12-14,30,34.7,60,0.6,169,84,118,5.1
2024-12-14,31,24.8,44,18.1,239,119,167,5.2
2024-12-14,32,27.3,78,24.6,123,61,86,6.5
2024-12-14,33,30.0,68,0.5,90,45,62,9.0
2024-12-14,34,25.7,87,5.5,249,124,174,6.1
2024-12-14,35,31.1,63,16.0,152,76,106,5.7
2024-12-14,36,21.0,62,4.6,238,119,166,8.4
2024-12-14,37,25.0,40,0.6,133,66,93,7.7
2024-12-14,38,31.0,66,7.8,201,100,140,9.2
2024-12-14,39,25.5,58,27.6,130,65,91,6.8
2024-12-14,40,34.0,62,7.7,196,98,137,7.2
2024-12-14,41,23.9,73,0.6,240,120,168,5.8
2024-12-14,42,28.5,53,3.8,195,97,136,8.4
2024-12-14,43,33.2,86,6.9,239,119,167,6.5
2024-12-14,44,28.5,41,24.4,150,75,105,8.8
2024-12-14,45,22.6,46,16.6,186,93,130,7.7
2024-12-14,46,34.2,82,12.1,159,79,111,5.8
2024-12-14,47,29.2,70,12.7,244,122,170,5.0
2024-12-14,48,37.7,46,27.1,225,112,157,8.1
2024-12-14,49,25.5,47,7.9,241,120,168,8.5
2024-12-14,50,31.6,58,20.2,116,58,81,5.6
2024-12-14,51,36.9,62,16.5,203,101,142,6.3
2024-12-14,52,33.5,42,23.5,188,94,131,6.1
2024-12-14,53,29.2,84,20.1,120,60,84,6.6
2024-12-14,54,26.9,72,15.5,117,58,81,6.0
2024-12-14,55,25.6,47,9.7,118,59,82,6.6
2024-12-14,56,31.2,73,8.9,163,81,114,6.2
2024-12-14,57,37.0,61,5.2,154,77,107,6.9
2024-12-14,58,29.1,81,14.8,205,102,143,8.0
2024-12-14,59,35.0,76,20.6,169,84,118,7.2
2024-12-14,60,33.7,59,6.9,126,63,88,6.9
2024-12-14,61,35.3,76,29.7,121,60,84,6.7
2024-12-14,62,24.7,85,22.0,184,92,128,6.8
2024-12-14,63,25.9,79,0.6,205,102,143,8.3
2024-12-14,64,24.9,89,11.2,150,75,105,7.2
2024-12-14,65,29.0,86,29.3,240,120,168,7.2
2024-12-14,66,25.0,82,20.8,120,60,84,5.5
2024-12-14,67,30.9,42,0.5,143,71,100,8.1
2024-12-14,68,20.8,82,20.6,156,78,109,8.5
2024-12-14,69,27.1,63,4.5,135,67,94,8.6
2024-12-14,70,27.5,60,20.4,183,91,128,8.1
2024-12-14,71,21.6,49,4.9,149,74,104,6.2
2024-12-14,72,21.2,84,23.0,135,67,94,7.2
2024-12-14,73,25.6,78,8.3,152,76,106,8.3
2024-12-14,74,23.5,49,29.8,134,67,93,8.1
2024-12-14,75,23.0,58,7.0,133,66,93,6.5
2024-12-14,76,31.4,72,23.1,157,78,109,8.5
2024-12-14,77,26.3,63,19.6,235,117,164,7.2
2024-12-14,78,25.5,65,23.5,206,103,144,6.6
2024-12-14,79,36.2,40,21.3,165,82,115,7.0
2024-12-14,80,22.0,60,24.0,117,58,81,7.7
2024-12-14,81,20.0,45,26.9,183,91,128,8.1
2024-12-14,82,24.5,77,8.1,200,100,140,7.5
2024-12-14,83,24.2,79,20.2,216,108,151,8.3
2024-12-14,84,35.8,81,24.5,220,110,154,5.1
2024-12-14,85,26.5,54,0.3,188,94,131,6.3
2024-12-14,86,36.4,63,20.8,131,65,91,8.5
2024-12-14,87,23.7,60,17.0,141,70,98,5.5
2024-12-14,88,31.5,66,22.8,242,121,169,6.8
2024-12-14,89,34.9,81,14.9,157,78,109,5.7
2024-12-14,90,26.7,69,7.6,192,96,134,5.6
2024-12-14,91,30.4,55,3.1,222,111,155,7.1
2024-12-14,92,23.0,81,28.8,183,91,128,8.1
2024-12-14,93,23.7,86,27.8,180,90,125,6.5
2024-12-14,94,26.6,81,9.3,207,103,144,6.8
2024-12-14,95,33.2,54,6.0,221,110,154,5.1
2024-12-14,96,25.9,65,19.1,193,96,135,6.3
2024-12-14,97,27.5,69,6.7,160,80,112,6.3
2024-12-14,98,32.5,67,20.6,186,93,130,8.5
2024-12-14,99,33.4,73,8.2,166,83,116,6.8
2024-12-14,100,37.8,84,4.4,197,98,137,5.9
2024-12-15,1,36.6,67,8.1,92,46,64,7.5
2024-12-15,2,32.5,41,23.7,200,100,140,7.3
2024-12-15,3,33.8,61,29.3,202,101,141,7.2
2024-12-15,4,25.0,63,5.8,196,98,137,5.6
2024-12-15,5,36.7,49,0.3,197,98,137,8.4
2024-12-15,6,21.2,77,27.0,187,93,130,7.9
2024-12-15,7,30.1,66,16.0,125,62,87,7.4
2024-12-15,8,37.4,70,15.4,153,76,107,7.7
2024-12-15,9,33.2,63,0.7,114,57,79,7.7
2024-12-15,10,24.6,78,7.5,227,113,158,8.0
2024-12-15,11,34.8,80,13.2,105,52,73,5.3
2024-12-15,12,28.8,51,27.4,121,60,84,5.4
2024-12-15,13,36.5,68,0.0,139,69,97,8.6
2024-12-15,14,22.2,42,25.1,142,71,99,8.2
2024-12-15,15,34.5,43,26.2,223,111,156,6.3
2024-12-15,16,30.1,50,29.3,162,81,113,8.0
2024-12-15,17,34.5,49,5.3,175,87,122,5.7
2024-12-15,18,26.3,41,28.3,168,84,117,7.1
2024-12-15,19,31.0,54,19.9,109,54,76,6.2
2024-12-15,20,21.5,77,11.9,210,105,147,6.8
2024-12-15,21,22.2,54,9.7,226,113,158,9.0
2024-12-15,22,25.1,65,9.4,107,53,74,5.1
2024-12-15,23,36.2,78,16.6,154,77,107,9.2
2024-12-15,24,20.7,54,29.5,231,115,161,6.5
2024-12-15,25,26.2,44,12.8,140,70,98,7.6
2024-12-15,26,31.5,54,25.3,158,79,110,8.7
2024-12-15,27,34.0,69,14.4,124,62,86,8.3
2024-12-15,28,34.4,59,5.7,174,87,121,5.1
2024-12-15,29,36.0,42,0.3,178,89,124,5.4
2024-12-15,30,38.0,61,12.6,220,110,154,6.0
2024-12-15,31,22.2,87,19.0,107,53,74,5.5
2024-12-15,32,21.3,57,12.7,206,103,144,7.3
2024-12-15,33,26.4,65,25.1,101,50,70,8.9
2024-12-15,34,22.4,60,29.0,102,51,71,5.4
2024-12-15,35,28.7,51,9.0,236,118,165,5.5
2024-12-15,36,29.7,45,25.8,160,80,112,8.8
2024-12-15,37,27.8,67,12.1,175,87,122,7.0
2024-12-15,38,32.8,68,22.1,108,54,75,8.2
2024-12-15,39,28.4,86,13.7,237,118,165,6.7
2024-12-15,40,30.3,81,10.2,165,82,115,7.1
2024-12-15,41,31.4,43,11.7,244,122,170,6.1
2024-12-15,42,35.4,62,1.4,248,124,173,8.5
2024-12-15,43,35.9,46,21.7,102,51,71,6.0
2024-12-15,44,21.0,73,12.3,213,106,149,8.2
2024-12-15,45,33.3,66,12.6,105,52,73,8.3
2024-12-15,46,25.1,55,3.0,102,51,71,5.1
2024-12-15,47,38.0,44,0.5,154,77,107,5.9
2024-12-15,48,34.2,62,1.4,105,52,73,7.9
2024-12-15,49,23.5,65,23.4,141,70,98,8.7
2024-12-15,50,33.4,68,22.0,234,117,163,5.3
2024-12-15,51,31.0,61,25.3,188,94,131,6.3
2024-12-15,52,27.5,83,22.9,125,62,87,6.2
2024-12-15,53,30.4,64,21.0,200,100,140,6.8
2024-12-15,54,28.6,54,28.4,141,70,98,5.1
2024-12-15,55,26.6,70,11.7,147,73,102,6.8
2024-12-15,56,20.3,77,21.4,105,52,73,5.8
2024-12-15,57,21.1,73,11.4,99,49,69,6.7
2024-12-15,58,22.6,86,20.4,169,84,118,8.0
2024-12-15,59,35.3,63,15.4,112,56,78,7.1
2024-12-15,60,29.1,51,18.6,209,104,146,6.6
2024-12-15,61,22.8,68,10.2,244,122,170,7.3
2024-12-15,62,28.2,66,28.9,146,73,102,6.8
2024-12-15,63,35.8,68,22.7,172,86,120,8.5
2024-12-15,64,28.3,49,23.4,127,63,88,6.5
2024-12-15,65,25.9,69,9.2,231,115,161,7.8
2024-12-15,66,21.1,88,11.6,153,76,107,5.6
2024-12-15,67,29.7,67,4.2,114,57,79,8.1
2024-12-15,68,36.4,72,13.0,191,95,133,7.9
2024-12-15,69,24.6,49,21.2,212,106,148,8.7
2024-12-15,70,26.3,40,28.9,151,75,105,8.3
2024-12-15,71,28.3,63,23.3,212,106,148,5.8
2024-12-15,72,35.4,47,28.5,216,108,151,7.2
2024-12-15,73,31.1,43,9.6,219,109,153,8.6
2024-12-15,74,37.6,85,7.8,246,123,172,8.1
2024-12-15,75,36.8,77,22.2,117,58,81,6.3
2024-12-15,76,25.5,87,28.0,118,59,82,8.6
2024-12-15,77,21.6,71,0.8,193,96,135,7.6
2024-12-15,78,33.0,66,3.0,248,124,173,7.2
2024-12-15,79,34.6,73,15.3,113,56,79,6.5
2024-12-15,80,34.0,43,12.8,112,56,78,8.0
2024-12-15,81,28.7,66,9.9,116,58,81,7.5
2024-12-15,82,37.0,47,6.9,145,72,101,7.3
2024-12-15,83,26.4,78,17.1,127,63,88,8.3
2024-12-15,84,32.4,45,18.2,158,79,110,5.5
2024-12-15,85,36.7,58,26.7,228,114,159,6.1
2024-12-15,86,21.3,66,3.7,156,78,109,7.9
2024-12-15,87,31.6,52,19.4,101,50,70,5.6
2024-12-15,88,25.0,84,7.4,174,87,121,6.5
2024-12-15,89,36.5,76,18.6,104,52,72,6.1
2024-12-15,90,30.8,40,11.6,194,97,135,5.4
2024-12-15,91,24.0,48,1.9,119,59,83,7.4
2024-12-15,92,27.4,59,21.4,152,76,106,8.1
2024-12-15,93,32.5,70,26.2,203,101,142,6.7
2024-12-15,94,36.9,54,7.6,160,80,112,6.6
2024-12-15,95,30.7,47,29.2,117,58,81,5.1
2024-12-15,96,23.1,56,5.0,232,116,162,6.1
2024-12-15,97,24.8,70,22.9,101,50,70,6.5
2024-12-15,98,33.9,78,15.7,124,62,86,8.8
2024-12-15,99,21.2,67,2.4,152,76,106,7.4
2024-12-15,100,25.9,57,4.5,222,111,155,5.4
2024-12-16,1,27.9,56,2.6,207,103,144,7.2
2024-12-16,2,37.7,78,20.8,127,63,88,6.6
2024-12-16,3,37.3,58,21.3,216,108,151,7.0
2024-12-16,4,25.6,78,19.0,239,119,167,6.0
2024-12-16,5,28.6,86,1.7,138,69,96,8.6
2024-12-16,6,37.1,51,25.2,100,50,70,8.0
2024-12-16,7,32.7,50,23.8,194,97,135,7.7
2024-12-16,8,26.8,75,4.5,150,75,105,8.0
2024-12-16,9,22.7,76,18.3,229,114,160,7.4
2024-12-16,10,31.7,45,7.2,112,56,78,7.9
2024-12-16,11,36.8,73,13.4,185,92,129,5.4
2024-12-16,12,28.1,71,17.0,237,118,165,5.7
2024-12-16,13,21.9,71,23.6,218,109,152,8.5
2024-12-16,14,25.9,61,9.8,140,70,98,8.5
2024-12-16,15,23.2,49,15.0,115,57,80,6.7
2024-12-16,16,31.5,81,11.8,101,50,70,7.5
2024-12-16,17,30.4,53,8.9,159,79,111,5.2
2024-12-16,18,22.1,72,20.3,170,85,118,6.8
2024-12-16,19,30.3,46,24.5,115,57,80,6.7
2024-12-16,20,21.8,44,16.1,136,68,95,7.4
2024-12-16,21,20.2,74,15.5,113,56,79,8.5
2024-12-16,22,33.8,42,9.7,97,48,67,5.4
2024-12-16,23,33.9,86,27.9,169,84,118,9.1
2024-12-16,24,34.7,64,14.4,225,112,157,6.7
2024-12-16,25,24.6,88,20.2,132,66,92,7.7
2024-12-16,26,22.0,52,6.7,165,82,115,8.7
2024-12-16,27,28.5,79,16.8,112,56,78,7.9
2024-12-16,28,26.7,44,26.0,244,122,170,5.0
2024-12-16,29,30.5,43,16.5,159,79,111,5.5
2024-12-16,30,34.9,86,16.2,207,103,144,5.6
2024-12-16,31,34.2,66,2.1,240,120,168,5.5
2024-12-16,32,32.0,88,3.5,118,59,82,7.1
2024-12-16,33,21.1,44,25.6,234,117,163,9.0
2024-12-16,34,33.6,69,28.1,185,92,129,5.3
2024-12-16,35,27.0,61,22.8,228,114,159,5.4
2024-12-16,36,36.1,60,17.4,184,92,128,8.0
2024-12-16,37,26.1,56,8.9,161,80,112,7.7
2024-12-16,38,27.4,65,18.0,218,109,152,8.9
2024-12-16,39,27.0,46,20.1,241,120,168,6.3
2024-12-16,40,27.9,77,6.8,210,105,147,7.1
2024-12-16,41,22.2,43,21.4,187,93,130,5.9
2024-12-16,42,37.8,49,19.9,107,53,74,8.2
2024-12-16,43,24.4,62,29.5,149,74,104,6.2
2024-12-16,44,26.2,52,29.9,118,59,82,8.8
2024-12-16,45,30.7,87,20.2,96,48,67,7.7
2024-12-16,46,25.4,49,9.6,110,55,77,5.1
2024-12-16,47,34.1,68,23.9,198,99,138,5.8
2024-12-16,48,30.9,89,6.9,214,107,149,7.3
2024-12-16,49,26.5,52,8.8,229,114,160,8.3
2024-12-16,50,29.4,57,7.2,206,103,144,5.5
2024-12-16,51,24.2,63,0.3,195,97,136,7.0
2024-12-16,52,27.4,79,27.1,166,83,116,5.6
2024-12-16,53,35.0,56,5.4,145,72,101,6.9
2024-12-16,54,31.1,50,18.8,217,108,151,5.7
2024-12-16,55,30.7,46,13.0,149,74,104,6.1
2024-12-16,56,37.1,74,16.2,134,67,93,5.5
2024-12-16,57,20.6,83,28.5,113,56,79,6.9
2024-12-16,58,29.1,44,21.1,238,119,166,8.3
2024-12-16,59,26.9,77,25.5,146,73,102,7.0
2024-12-16,60,22.0,82,2.4,243,121,170,6.6
2024-12-16,61,32.9,82,5.4,219,109,153,6.5
2024-12-16,62,22.5,82,25.2,206,103,144,7.1
2024-12-16,63,22.0,66,22.7,182,91,127,8.0
2024-12-16,64,21.6,88,6.2,206,103,144,7.2
2024-12-16,65,33.3,66,5.3,153,76,107,8.1
2024-12-16,66,21.4,69,29.6,220,110,154,5.8
2024-12-16,67,21.2,80,22.2,154,77,107,7.7
2024-12-16,68,25.9,86,10.2,100,50,70,8.5
2024-12-16,69,30.2,70,28.2,204,102,142,8.6
2024-12-16,70,28.0,44,13.0,108,54,75,7.4
2024-12-16,71,36.0,55,18.3,243,121,170,5.4
2024-12-16,72,33.1,88,17.4,192,96,134,6.3
2024-12-16,73,30.2,83,1.0,198,99,138,8.8
2024-12-16,74,36.0,70,2.9,98,49,68,8.1
2024-12-16,75,30.1,87,24.0,220,110,154,6.3
2024-12-16,76,25.8,69,18.5,128,64,89,8.8
2024-12-16,77,28.1,52,13.5,144,72,100,7.7
2024-12-16,78,28.8,40,4.4,204,102,142,6.6
2024-12-16,79,24.8,53,28.0,153,76,107,7.1
2024-12-16,80,34.7,86,18.9,249,124,174,7.9
2024-12-16,81,32.6,84,19.1,185,92,129,7.7
2024-12-16,82,26.0,50,12.2,107,53,74,7.2
2024-12-16,83,31.8,82,5.8,118,59,82,8.8
2024-12-16,84,37.0,48,17.9,191,95,133,5.0
2024-12-16,85,31.9,81,18.8,186,93,130,6.4
2024-12-16,86,25.8,44,4.5,190,95,133,8.7
2024-12-16,87,32.0,43,0.1,123,61,86,5.9
2024-12-16,88,26.3,43,29.0,216,108,151,7.1
2024-12-16,89,22.9,47,9.9,246,123,172,5.6
2024-12-16,90,24.9,69,10.7,141,70,98,5.4
2024-12-16,91,32.0,41,6.8,144,72,100,7.3
2024-12-16,92,25.0,79,14.9,157,78,109,7.6
2024-12-16,93,37.5,89,11.1,174,87,121,6.3
2024-12-16,94,24.4,89,22.8,103,51,72,6.5
2024-12-16,95,22.9,79,13.7,103,51,72,5.7
2024-12-16,96,29.4,85,13.2,199,99,139,6.2
2024-12-16,97,36.2,71,26.4,111,55,77,6.3
2024-12-16,98,33.1,78,11.6,208,104,145,8.9
2024-12-16,99,22.8,40,15.1,94,47,65,7.0
2024-12-16,100,21.5,75,17.8,247,123,172,5.8
2024-12-17,1,26.1,59,21.0,155,77,108,7.5
2024-12-17,2,30.7,84,12.0,177,88,123,7.3
2024-12-17,3,22.5,81,19.4,91,45,63,7.3
2024-12-17,4,22.7,52,8.5,106,53,74,6.4
2024-12-17,5,25.9,61,18.1,205,102,143,7.9
2024-12-17,6,20.5,45,10.2,190,95,133,8.1
2024-12-17,7,35.4,62,1.3,139,69,97,7.6
2024-12-17,8,20.6,49,15.0,184,92,128,7.7
2024-12-17,9,21.7,41,8.7,185,92,129,7.3
2024-12-17,10,24.1,68,22.4,171,85,119,7.5
2024-12-17,11,34.2,53,11.6,205,102,143,5.4
2024-12-17,12,28.4,44,16.3,158,79,110,6.0
2024-12-17,13,31.8,54,1.2,172,86,120,8.9
2024-12-17,14,20.4,48,5.5,181,90,126,7.6
2024-12-17,15,26.7,73,26.4,208,104,145,6.8
2024-12-17,16,20.4,44,18.1,226,113,158,7.5
2024-12-17,17,27.6,80,12.9,115,57,80,5.2
2024-12-17,18,28.2,79,26.1,145,72,101,7.5
2024-12-17,19,26.5,80,21.0,119,59,83,6.2
2024-12-17,20,22.3,63,23.1,111,55,77,7.5
2024-12-17,21,36.7,78,16.5,138,69,96,8.8
2024-12-17,22,25.8,81,17.1,123,61,86,5.1
2024-12-17,23,33.3,44,22.7,92,46,64,8.9
2024-12-17,24,21.8,86,17.4,124,62,86,7.2
2024-12-17,25,32.5,86,3.2,190,95,133,7.5
2024-12-17,26,28.0,62,22.1,192,96,134,8.7
2024-12-17,27,27.8,41,6.6,201,100,140,7.5
2024-12-17,28,24.0,55,27.6,181,90,126,5.2
2024-12-17,29,23.1,59,13.8,225,112,157,5.3
2024-12-17,30,33.3,63,19.2,147,73,102,5.4
2024-12-17,31,30.6,59,2.4,173,86,121,5.0
2024-12-17,32,31.2,70,3.0,127,63,88,6.5
2024-12-17,33,29.6,50,25.4,217,108,151,8.2
2024-12-17,34,29.0,49,29.4,194,97,135,5.4
2024-12-17,35,33.7,71,25.0,221,110,154,5.5
2024-12-17,36,35.0,49,10.7,105,52,73,8.1
2024-12-17,37,35.8,57,5.0,215,107,150,7.6
2024-12-17,38,22.8,57,1.8,220,110,154,8.9
2024-12-17,39,31.9,46,5.3,148,74,103,7.1
2024-12-17,40,31.9,71,22.6,106,53,74,7.3
2024-12-17,41,20.9,45,15.1,173,86,121,6.5
2024-12-17,42,35.9,71,24.3,201,100,140,8.6
2024-12-17,43,35.0,68,14.3,152,76,106,6.2
2024-12-17,44,30.5,84,14.2,179,89,125,8.4
2024-12-17,45,20.8,42,20.3,196,98,137,8.3
2024-12-17,46,32.7,59,26.3,222,111,155,5.5
2024-12-17,47,37.8,46,19.9,189,94,132,5.7
2024-12-17,48,31.8,76,22.2,125,62,87,7.3
2024-12-17,49,20.6,64,14.9,155,77,108,8.8
2024-12-17,50,31.9,68,3.7,111,55,77,5.5
2024-12-17,51,23.5,46,29.0,105,52,73,6.9
2024-12-17,52,32.2,67,14.4,106,53,74,6.0
2024-12-17,53,26.9,75,1.6,109,54,76,6.3
2024-12-17,54,26.4,45,25.5,241,120,168,5.8
2024-12-17,55,37.9,44,1.6,106,53,74,6.6
2024-12-17,56,34.5,43,13.0,202,101,141,5.9
2024-12-17,57,35.2,60,2.5,249,124,174,6.5
2024-12-17,58,21.8,57,21.7,191,95,133,7.8
2024-12-17,59,21.0,69,22.5,133,66,93,7.1
2024-12-17,60,22.3,83,11.0,91,45,63,6.6
2024-12-17,61,30.4,65,9.3,167,83,116,6.7
2024-12-17,62,36.3,52,20.1,168,84,117,7.6
2024-12-17,63,35.3,58,15.5,204,102,142,8.2
2024-12-17,64,30.9,52,22.7,247,123,172,7.0
2024-12-17,65,35.1,50,12.6,111,55,77,8.0
2024-12-17,66,24.3,48,28.4,246,123,172,5.4
2024-12-17,67,27.2,63,24.3,223,111,156,7.8
2024-12-17,68,23.3,56,21.3,177,88,123,7.9
2024-12-17,69,36.6,70,8.4,139,69,97,8.2
2024-12-17,70,23.5,82,19.4,237,118,165,8.2
2024-12-17,71,36.7,42,20.7,124,62,86,6.2
2024-12-17,72,28.4,74,21.1,146,73,102,6.8
2024-12-17,73,30.2,49,29.5,194,97,135,8.0
2024-12-17,74,31.8,68,12.9,160,80,112,8.1
2024-12-17,75,30.0,69,7.3,167,83,116,6.3
2024-12-17,76,21.3,70,23.4,215,107,150,8.8
2024-12-17,77,32.6,64,17.0,123,61,86,7.2
2024-12-17,78,24.7,61,18.6,142,71,99,6.6
2024-12-17,79,23.0,46,0.0,131,65,91,7.3
2024-12-17,80,31.8,48,28.7,190,95,133,8.3
2024-12-17,81,36.9,40,23.2,243,121,170,7.2
2024-12-17,82,28.9,42,26.1,102,51,71,7.8
2024-12-17,83,23.3,74,18.0,144,72,100,8.9
2024-12-17,84,32.9,42,17.9,162,81,113,5.7
2024-12-17,85,34.8,64,10.8,211,105,147,6.0
2024-12-17,86,32.7,51,2.7,149,74,104,8.3
2024-12-17,87,31.6,48,7.6,109,54,76,5.9
2024-12-17,88,22.0,60,14.0,98,49,68,6.9
2024-12-17,89,34.1,69,11.6,147,73,102,6.0
2024-12-17,90,27.7,49,16.5,137,68,95,5.3
2024-12-17,91,23.1,61,17.8,222,111,155,6.7
2024-12-17,92,31.2,82,6.1,221,110,154,7.5
2024-12-17,93,20.7,67,0.8,195,97,136,6.5
2024-12-17,94,21.4,42,12.5,195,97,136,5.9
2024-12-17,95,25.0,64,17.6,168,84,117,5.4
2024-12-17,96,20.9,79,2.0,204,102,142,6.1
2024-12-17,97,36.7,77,29.8,234,117,163,6.0
2024-12-17,98,36.1,84,15.4,165,82,115,9.4
2024-12-17,99,31.4,72,29.5,127,63,88,7.5
2024-12-17,100,27.8,79,23.4,111,55,77,5.9
2024-12-18,1,36.2,82,1.3,121,60,84,8.2
2024-12-18,2,36.0,68,25.1,109,54,76,7.4
2024-12-18,3,25.4,40,2.7,243,121,170,7.6
2024-12-18,4,25.4,79,10.6,167,83,116,5.4
2024-12-18,5,23.8,70,20.0,202,101,141,8.1
2024-12-18,6,31.6,44,19.9,124,62,86,8.0
2024-12-18,7,33.0,57,7.2,168,84,117,8.0
2024-12-18,8,26.0,75,24.7,194,97,135,7.8
2024-12-18,9,24.0,57,17.6,145,72,101,7.8
2024-12-18,10,22.5,62,5.9,102,51,71,7.4
2024-12-18,11,33.4,61,24.8,103,51,72,5.7
2024-12-18,12,30.8,51,6.7,157,78,109,5.2
2024-12-18,13,22.3,68,12.8,221,110,154,8.5
2024-12-18,14,20.3,89,4.9,157,78,109,7.6
2024-12-18,15,24.3,45,16.0,212,106,148,6.5
2024-12-18,16,25.4,80,27.3,143,71,100,7.4
2024-12-18,17,31.3,69,26.5,176,88,123,6.1
2024-12-18,18,21.5,80,3.9,155,77,108,6.8
2024-12-18,19,24.1,84,19.7,155,77,108,6.7
2024-12-18,20,32.3,73,9.9,223,111,156,7.3
2024-12-18,21,30.0,85,11.8,116,58,81,8.9
2024-12-18,22,21.5,74,24.8,157,78,109,5.9
2024-12-18,23,36.1,46,19.4,242,121,169,8.7
2024-12-18,24,29.3,80,9.8,231,115,161,6.8
2024-12-18,25,27.2,41,24.6,137,68,95,7.2
2024-12-18,26,36.6,51,25.8,90,45,62,7.9
2024-12-18,27,26.9,48,15.5,201,100,140,8.0
2024-12-18,28,24.9,41,17.0,188,94,131,5.3
2024-12-18,29,26.1,87,22.1,225,112,157,5.6
2024-12-18,30,30.6,75,25.8,118,59,82,6.0
2024-12-18,31,28.1,57,4.0,242,121,169,5.7
2024-12-18,32,34.1,83,1.3,120,60,84,6.9
2024-12-18,33,25.9,49,28.1,105,52,73,9.1
2024-12-18,34,25.4,44,23.0,130,65,91,6.0
2024-12-18,35,32.6,45,0.3,106,53,74,5.6
2024-12-18,36,37.5,42,24.1,189,94,132,8.7
2024-12-18,37,27.3,86,6.4,170,85,118,6.9
2024-12-18,38,30.4,55,6.0,142,71,99,8.2
2024-12-18,39,30.6,43,6.3,206,103,144,6.8
2024-12-18,40,34.8,57,22.1,158,79,110,7.0
2024-12-18,41,29.4,62,18.1,145,72,101,5.7
2024-12-18,42,25.2,53,15.4,114,57,79,8.5
2024-12-18,43,35.2,70,22.3,137,68,95,6.3
2024-12-18,44,32.9,43,2.3,248,124,173,8.5
2024-12-18,45,20.5,68,18.0,193,96,135,7.6
2024-12-18,46,25.8,69,14.4,178,89,124,5.2
2024-12-18,47,37.2,51,3.0,144,72,100,5.2
2024-12-18,48,29.4,44,27.3,127,63,88,7.7
2024-12-18,49,25.9,58,4.0,246,123,172,9.1
2024-12-18,50,21.2,69,27.7,177,88,123,5.6
2024-12-18,51,37.0,76,9.2,117,58,81,6.9
2024-12-18,52,31.4,47,11.5,137,68,95,5.4
2024-12-18,53,27.2,41,4.6,92,46,64,6.7
2024-12-18,54,36.7,80,22.0,110,55,77,5.3
2024-12-18,55,36.3,63,0.8,183,91,128,6.4
2024-12-18,56,27.3,47,27.9,123,61,86,5.9
2024-12-18,57,30.9,43,3.5,220,110,154,6.4
2024-12-18,58,26.2,78,27.2,242,121,169,8.3
2024-12-18,59,28.0,65,2.6,180,90,125,7.2
2024-12-18,60,37.4,78,29.5,94,47,65,6.4
2024-12-18,61,32.1,67,1.1,161,80,112,7.4
2024-12-18,62,25.7,67,27.1,223,111,156,7.3
2024-12-18,63,26.4,51,11.9,181,90,126,8.1
2024-12-18,64,35.3,40,1.9,134,67,93,6.4
2024-12-18,65,34.3,71,20.9,249,124,174,7.8
2024-12-18,66,28.3,60,15.1,203,101,142,5.2
2024-12-18,67,29.9,69,14.7,156,78,109,8.1
2024-12-18,68,33.0,49,0.6,248,124,173,8.5
2024-12-18,69,28.8,71,8.2,134,67,93,8.0
2024-12-18,70,26.9,57,4.0,213,106,149,7.7
2024-12-18,71,27.9,52,29.0,173,86,121,5.5
2024-12-18,72,25.7,67,15.2,95,47,66,6.6
2024-12-18,73,36.6,62,4.2,175,87,122,8.2
2024-12-18,74,24.6,49,24.7,202,101,141,7.9
2024-12-18,75,25.0,46,22.5,123,61,86,6.9
2024-12-18,76,33.1,67,25.0,90,45,62,9.1
2024-12-18,77,21.1,80,27.8,109,54,76,8.1
2024-12-18,78,31.7,81,7.0,161,80,112,7.3
2024-12-18,79,31.7,50,24.3,132,66,92,6.5
2024-12-18,80,36.9,86,0.5,144,72,100,8.0
2024-12-18,81,36.9,83,21.8,143,71,100,7.7
2024-12-18,82,36.4,88,29.7,233,116,163,7.6
2024-12-18,83,27.3,72,10.0,107,53,74,8.3
2024-12-18,84,28.8,45,14.3,223,111,156,5.6
2024-12-18,85,25.1,57,19.8,102,51,71,6.7
2024-12-18,86,31.2,53,15.1,166,83,116,8.2
2024-12-18,87,23.8,45,10.4,183,91,128,5.9
2024-12-18,88,32.1,85,11.3,123,61,86,6.9
2024-12-18,89,30.7,56,25.2,153,76,107,6.3
2024-12-18,90,29.7,69,1.7,96,48,67,5.3
2024-12-18,91,35.9,62,10.9,237,118,165,7.7
2024-12-18,92,21.3,56,3.3,204,102,142,8.1
2024-12-18,93,27.1,66,16.3,184,92,128,5.8
2024-12-18,94,32.3,53,4.4,217,108,151,6.2
2024-12-18,95,34.0,54,9.2,140,70,98,5.0
2024-12-18,96,32.1,83,29.4,243,121,170,6.3
2024-12-18,97,23.0,71,13.9,229,114,160,5.8
2024-12-18,98,27.6,78,27.1,176,88,123,9.2
2024-12-18,99,28.9,56,8.5,149,74,104,7.2
2024-12-18,100,34.9,52,13.7,214,107,149,5.6
2024-12-19,1,21.3,66,9.7,188,94,131,7.2
2024-12-19,2,28.1,65,9.0,116,58,81,7.0
2024-12-19,3,37.0,70,6.5,104,52,72,7.2
2024-12-19,4,27.0,50,12.2,201,100,140,5.5
2024-12-19,5,27.9,79,12.2,208,104,145,8.1
2024-12-19,6,29.1,53,7.0,213,106,149,8.4
2024-12-19,7,36.6,52,15.5,142,71,99,7.8
2024-12-19,8,33.1,76,6.3,198,99,138,7.2
2024-12-19,9,28.4,85,17.5,153,76,107,7.2
2024-12-19,10,35.1,87,10.0,151,75,105,7.3
2024-12-19,11,37.4,65,13.6,101,50,70,5.6
2024-12-19,12,31.2,42,23.3,219,109,153,5.8
2024-12-19,13,20.2,82,15.3,128,64,89,8.8
2024-12-19,14,34.5,78,1.8,133,66,93,7.9
2024-12-19,15,30.8,74,4.0,249,124,174,6.5
2024-12-19,16,28.0,89,26.5,158,79,110,8.0
2024-12-19,17,28.9,79,21.7,193,96,135,5.2
2024-12-19,18,28.9,64,28.9,208,104,145,7.2
2024-12-19,19,30.9,61,13.2,186,93,130,6.6
2024-12-19,20,27.6,78,21.8,134,67,93,6.7
2024-12-19,21,32.1,68,7.1,159,79,111,8.9
2024-12-19,22,35.1,48,15.9,162,81,113,5.6
2024-12-19,23,26.2,85,3.6,226,113,158,8.5
2024-12-19,24,22.3,58,5.1,114,57,79,6.4
2024-12-19,25,22.0,52,9.4,123,61,86,7.3
2024-12-19,26,36.6,62,20.5,230,115,161,8.2
2024-12-19,27,30.0,41,9.2,221,110,154,7.6
2024-12-19,28,25.8,53,26.9,220,110,154,5.0
2024-12-19,29,27.1,48,14.8,213,106,149,4.7
2024-12-19,30,20.7,55,2.0,135,67,94,5.3
2024-12-19,31,33.9,77,2.4,111,55,77,5.6
2024-12-19,32,22.7,50,29.6,164,82,114,6.8
2024-12-19,33,21.2,65,7.4,222,111,155,8.7
2024-12-19,34,35.4,86,13.9,200,100,140,5.8
2024-12-19,35,31.5,86,15.0,230,115,161,5.7
2024-12-19,36,37.3,62,6.1,165,82,115,8.1
2024-12-19,37,32.0,41,24.6,103,51,72,7.2
2024-12-19,38,35.0,88,4.0,132,66,92,8.3
2024-12-19,39,26.9,88,3.5,238,119,166,6.7
2024-12-19,40,31.7,71,9.4,173,86,121,6.8
2024-12-19,41,25.9,43,4.3,198,99,138,5.7
2024-12-19,42,33.6,61,21.0,93,46,65,8.6
2024-12-19,43,29.0,59,12.5,103,51,72,6.5
2024-12-19,44,29.6,87,28.4,125,62,87,8.8
2024-12-19,45,31.6,68,21.7,230,115,161,7.8
2024-12-19,46,37.5,52,23.9,223,111,156,5.7
2024-12-19,47,24.1,87,9.3,197,98,137,5.2
2024-12-19,48,30.9,63,10.1,99,49,69,7.2
2024-12-19,49,21.2,74,8.4,168,84,117,8.9
2024-12-19,50,27.6,41,22.0,233,116,163,5.5
2024-12-19,51,33.5,40,0.4,135,67,94,6.3
2024-12-19,52,30.5,50,11.5,170,85,118,5.7
2024-12-19,53,35.7,73,4.8,242,121,169,6.5
2024-12-19,54,34.8,61,15.8,180,90,125,5.4
2024-12-19,55,33.3,76,21.8,239,119,167,6.2
2024-12-19,56,36.1,83,22.5,116,58,81,6.0
2024-12-19,57,36.2,54,2.2,106,53,74,6.3
2024-12-19,58,22.2,64,24.9,193,96,135,7.5
2024-12-19,59,29.2,71,25.5,198,99,138,7.4
2024-12-19,60,32.4,60,28.7,186,93,130,6.8
2024-12-19,61,24.3,42,3.1,236,118,165,7.2
2024-12-19,62,36.9,56,26.6,100,50,70,6.7
2024-12-19,63,25.9,68,27.2,242,121,169,8.1
2024-12-19,64,35.6,67,5.3,108,54,75,7.1
2024-12-19,65,36.5,52,11.4,92,46,64,7.8
2024-12-19,66,20.6,87,28.7,212,106,148,5.8
2024-12-19,67,20.8,47,8.3,90,45,62,7.8
2024-12-19,68,34.1,54,25.5,220,110,154,8.0
2024-12-19,69,29.4,76,25.2,192,96,134,8.2
2024-12-19,70,25.8,79,9.4,106,53,74,8.0
2024-12-19,71,21.6,87,9.6,214,107,149,5.5
2024-12-19,72,33.9,74,8.9,171,85,119,6.3
2024-12-19,73,22.5,56,10.5,228,114,159,8.5
2024-12-19,74,26.0,57,23.2,163,81,114,8.5
2024-12-19,75,33.7,53,29.5,233,116,163,6.2
2024-12-19,76,30.8,81,22.1,155,77,108,9.2
2024-12-19,77,37.3,44,5.9,222,111,155,8.0
2024-12-19,78,37.0,47,24.8,158,79,110,7.1
2024-12-19,79,21.7,48,23.7,239,119,167,6.6
2024-12-19,80,35.1,54,10.9,240,120,168,7.9
2024-12-19,81,21.4,86,2.8,243,121,170,7.3
2024-12-19,82,32.9,52,24.6,202,101,141,7.8
2024-12-19,83,22.0,71,18.2,150,75,105,8.8
2024-12-19,84,26.6,43,25.6,184,92,128,5.1
2024-12-19,85,32.0,47,0.2,232,116,162,6.4
2024-12-19,86,37.6,49,5.8,246,123,172,8.6
2024-12-19,87,34.6,76,6.5,135,67,94,5.7
2024-12-19,88,27.5,69,8.7,94,47,65,6.4
2024-12-19,89,30.5,58,15.9,206,103,144,5.6
2024-12-19,90,29.3,76,20.4,214,107,149,5.6
2024-12-19,91,22.2,51,24.6,245,122,171,7.4
2024-12-19,92,26.9,78,29.4,176,88,123,8.2
2024-12-19,93,22.6,87,4.3,153,76,107,6.5
2024-12-19,94,27.9,46,0.4,126,63,88,6.7
2024-12-19,95,31.2,69,16.1,233,116,163,5.6
2024-12-19,96,28.0,78,10.6,240,120,168,5.9
2024-12-19,97,34.9,87,1.5,249,124,174,6.1
2024-12-19,98,30.2,87,26.8,235,117,164,9.0
2024-12-19,99,30.6,69,8.7,158,79,110,6.9
2024-12-19,100,31.6,71,29.4,230,115,161,5.4
2024-12-20,1,30.7,89,14.7,232,116,162,7.7
2024-12-20,2,26.2,73,5.0,94,47,65,7.0
2024-12-20,3,37.2,70,12.4,109,54,76,7.9
2024-12-20,4,22.7,68,21.6,227,113,158,6.2
2024-12-20,5,28.3,50,1.8,242,121,169,7.9
2024-12-20,6,28.6,62,0.9,186,93,130,8.1
2024-12-20,7,36.6,67,17.4,126,63,88,8.1
2024-12-20,8,37.3,52,7.1,122,61,85,7.3
2024-12-20,9,30.0,79,21.5,131,65,91,7.9
2024-12-20,10,27.8,57,15.8,123,61,86,7.3
2024-12-20,11,31.5,56,1.1,112,56,78,6.3
2024-12-20,12,31.1,86,0.1,219,109,153,5.3
2024-12-20,13,24.7,81,25.3,180,90,125,8.9
2024-12-20,14,27.2,49,15.7,110,55,77,8.0
2024-12-20,15,29.6,61,13.5,98,49,68,6.5
2024-12-20,16,25.7,88,17.1,165,82,115,7.7
2024-12-20,17,35.9,69,28.9,114,57,79,5.2
2024-12-20,18,36.8,80,15.3,125,62,87,6.9
2024-12-20,19,34.7,77,27.5,157,78,109,6.5
2024-12-20,20,32.6,54,5.5,223,111,156,7.1
2024-12-20,21,29.8,85,24.2,141,70,98,8.4
2024-12-20,22,23.1,69,28.8,245,122,171,5.6
2024-12-20,23,29.4,74,7.1,210,105,147,8.6
2024-12-20,24,33.4,74,2.8,237,118,165,6.3
2024-12-20,25,32.5,73,26.1,245,122,171,7.5
2024-12-20,26,32.9,87,13.6,94,47,65,8.5
2024-12-20,27,34.3,40,9.3,172,86,120,7.4
2024-12-20,28,32.7,86,8.5,128,64,89,5.8
2024-12-20,29,31.6,55,2.2,132,66,92,5.2
2024-12-20,30,30.3,44,4.4,201,100,140,5.6
2024-12-20,31,32.8,54,23.9,154,77,107,5.4
2024-12-20,32,22.6,54,17.5,120,60,84,6.7
2024-12-20,33,22.8,50,22.0,245,122,171,9.1
2024-12-20,34,25.0,63,25.0,165,82,115,5.4
2024-12-20,35,26.7,46,6.6,170,85,118,5.0
2024-12-20,36,25.3,76,7.7,143,71,100,8.0
2024-12-20,37,35.0,50,14.4,189,94,132,7.0
2024-12-20,38,29.2,86,21.3,92,46,64,8.7
2024-12-20,39,36.3,46,11.1,242,121,169,6.6
2024-12-20,40,25.5,79,17.4,178,89,124,7.3
2024-12-20,41,25.5,49,11.2,172,86,120,6.5
2024-12-20,42,24.3,60,5.9,117,58,81,8.5
2024-12-20,43,24.9,80,6.0,212,106,148,5.7
2024-12-20,44,32.6,79,21.5,113,56,79,9.0
2024-12-20,45,26.2,54,19.0,187,93,130,7.7
2024-12-20,46,27.5,74,11.4,178,89,124,5.8
2024-12-20,47,23.7,78,15.3,174,87,121,6.0
2024-12-20,48,32.3,40,21.2,179,89,125,7.4
2024-12-20,49,24.4,66,4.2,121,60,84,8.3
2024-12-20,50,34.7,83,9.3,112,56,78,5.8
2024-12-20,51,25.3,71,8.3,137,68,95,6.6
2024-12-20,52,31.9,70,19.9,227,113,158,6.4
2024-12-20,53,34.7,84,7.5,241,120,168,6.2
2024-12-20,54,23.4,54,24.7,99,49,69,5.9
2024-12-20,55,38.0,61,19.0,225,112,157,6.8
2024-12-20,56,26.3,54,20.8,159,79,111,5.8
2024-12-20,57,26.9,81,3.1,116,58,81,6.1
2024-12-20,58,29.5,85,12.1,187,93,130,8.3
2024-12-20,59,34.6,88,17.7,243,121,170,7.0
2024-12-20,60,22.1,42,10.6,203,101,142,7.1
2024-12-20,61,34.8,65,6.8,131,65,91,7.0
2024-12-20,62,32.2,48,21.0,175,87,122,6.6
2024-12-20,63,28.0,73,16.0,165,82,115,8.1
2024-12-20,64,35.8,58,20.5,243,121,170,7.0
2024-12-20,65,22.6,73,10.8,196,98,137,7.4
2024-12-20,66,29.5,53,6.0,200,100,140,5.5
2024-12-20,67,34.6,78,0.1,95,47,66,7.2
2024-12-20,68,20.2,74,0.1,149,74,104,8.5
2024-12-20,69,34.9,45,13.5,168,84,117,8.8
2024-12-20,70,27.4,64,6.7,91,45,63,8.3
2024-12-20,71,32.5,51,21.7,167,83,116,6.0
2024-12-20,72,20.0,65,15.1,162,81,113,6.9
2024-12-20,73,27.8,56,20.3,142,71,99,8.6
2024-12-20,74,26.9,68,17.7,171,85,119,8.8
2024-12-20,75,36.1,56,19.5,92,46,64,6.5
2024-12-20,76,34.6,86,18.0,182,91,127,8.8
2024-12-20,77,26.9,53,8.1,185,92,129,7.7
2024-12-20,78,30.7,79,1.8,155,77,108,6.5
2024-12-20,79,21.8,59,18.4,246,123,172,6.8
2024-12-20,80,34.4,66,25.0,155,77,108,7.8
2024-12-20,81,21.6,62,8.0,195,97,136,7.4
2024-12-20,82,24.3,55,15.3,219,109,153,7.5
2024-12-20,83,25.8,65,23.4,238,119,166,9.1
2024-12-20,84,22.8,78,23.1,174,87,121,5.2
2024-12-20,85,35.7,44,12.5,179,89,125,6.3
2024-12-20,86,21.0,44,9.9,219,109,153,8.5
2024-12-20,87,22.8,72,4.7,232,116,162,5.6
2024-12-20,88,21.6,86,23.2,106,53,74,6.3
2024-12-20,89,21.3,40,23.1,217,108,151,6.0
2024-12-20,90,24.4,42,5.8,136,68,95,5.7
2024-12-20,91,20.4,61,28.9,184,92,128,7.2
2024-12-20,92,34.4,82,12.5,203,101,142,8.1
2024-12-20,93,32.7,80,20.7,120,60,84,5.9
2024-12-20,94,32.4,65,21.3,135,67,94,6.5
2024-12-20,95,31.8,63,20.2,126,63,88,5.9
2024-12-20,96,21.3,68,26.7,219,109,153,5.8
2024-12-20,97,32.5,44,24.8,145,72,101,6.0
2024-12-20,98,23.0,46,28.7,163,81,114,8.7
2024-12-20,99,31.1,77,17.1,122,61,85,7.7
2024-12-20,100,35.8,56,4.7,97,48,67,5.8
2024-12-21,1,31.8,71,23.3,240,120,168,7.9
2024-12-21,2,35.5,60,13.0,151,75,105,6.7
2024-12-21,3,29.3,50,29.0,177,88,123,7.0
2024-12-21,4,31.5,58,12.3,128,64,89,5.8
2024-12-21,5,36.2,56,2.1,190,95,133,8.2
2024-12-21,6,27.4,71,10.8,132,66,92,8.4
2024-12-21,7,33.5,64,9.1,245,122,171,7.5
2024-12-21,8,25.2,65,11.4,115,57,80,7.7
2024-12-21,9,25.4,67,29.4,124,62,86,7.0
2024-12-21,10,28.2,89,2.0,92,46,64,8.0
2024-12-21,11,36.1,84,2.0,104,52,72,5.3
2024-12-21,12,21.9,78,16.6,246,123,172,5.2
2024-12-21,13,36.4,79,11.4,243,121,170,8.5
2024-12-21,14,31.2,62,12.0,141,70,98,7.6
2024-12-21,15,30.2,81,15.2,230,115,161,6.0
2024-12-21,16,30.5,56,25.5,244,122,170,8.0
2024-12-21,17,33.9,54,12.5,103,51,72,6.0
2024-12-21,18,24.5,74,5.6,167,83,116,6.6
2024-12-21,19,24.0,47,9.1,155,77,108,6.8
2024-12-21,20,21.1,53,20.0,162,81,113,6.8
2024-12-21,21,23.2,77,21.2,175,87,122,8.9
2024-12-21,22,31.0,78,27.3,129,64,90,5.6
2024-12-21,23,35.2,49,10.2,247,123,172,9.2
2024-12-21,24,22.2,67,6.2,177,88,123,6.3
2024-12-21,25,32.9,53,17.4,121,60,84,7.7
2024-12-21,26,23.8,71,6.2,203,101,142,8.4
2024-12-21,27,33.0,69,0.5,153,76,107,8.2
2024-12-21,28,29.1,66,5.5,119,59,83,5.8
2024-12-21,29,31.8,68,12.6,185,92,129,4.8
2024-12-21,30,34.2,81,18.5,229,114,160,5.2
2024-12-21,31,34.9,87,25.8,150,75,105,5.5
2024-12-21,32,25.6,55,23.1,169,84,118,7.3
2024-12-21,33,26.9,81,20.1,131,65,91,9.0
2024-12-21,34,27.3,85,17.0,98,49,68,5.4
2024-12-21,35,33.6,41,24.4,228,114,159,5.2
2024-12-21,36,35.5,47,11.6,94,47,65,8.1
2024-12-21,37,23.9,74,25.4,236,118,165,7.3
2024-12-21,38,20.6,43,6.7,172,86,120,8.5
2024-12-21,39,24.7,89,21.0,121,60,84,6.8
2024-12-21,40,23.4,72,12.1,177,88,123,6.7
2024-12-21,41,25.8,62,6.5,213,106,149,5.6
2024-12-21,42,32.1,45,27.7,200,100,140,8.7
2024-12-21,43,31.0,79,13.7,149,74,104,5.7
2024-12-21,44,34.4,51,13.3,151,75,105,9.0
2024-12-21,45,35.2,54,14.4,177,88,123,8.0
2024-12-21,46,34.4,83,7.3,111,55,77,4.8
2024-12-21,47,36.4,55,18.5,133,66,93,5.2
2024-12-21,48,28.7,40,22.4,162,81,113,7.4
2024-12-21,49,27.0,69,18.2,163,81,114,8.6
2024-12-21,50,23.3,46,0.7,249,124,174,5.6
2024-12-21,51,21.8,50,21.4,130,65,91,6.3
2024-12-21,52,20.2,42,16.0,142,71,99,6.3
2024-12-21,53,23.0,67,7.2,219,109,153,6.6
2024-12-21,54,21.4,73,17.4,138,69,96,5.7
2024-12-21,55,26.0,46,5.8,148,74,103,6.6
2024-12-21,56,28.6,45,9.7,205,102,143,6.4
2024-12-21,57,29.8,57,12.7,244,122,170,6.5
2024-12-21,58,21.8,69,9.8,145,72,101,8.4
2024-12-21,59,34.6,58,25.3,157,78,109,6.9
2024-12-21,60,29.0,77,15.7,175,87,122,7.1
2024-12-21,61,35.5,49,2.6,227,113,158,6.7
2024-12-21,62,31.8,57,19.1,132,66,92,6.7
2024-12-21,63,29.9,82,6.3,229,114,160,8.0
2024-12-21,64,22.0,63,26.9,157,78,109,6.7
2024-12-21,65,22.4,78,2.0,98,49,68,8.0
2024-12-21,66,35.5,40,4.7,161,80,112,5.3
2024-12-21,67,22.5,82,6.7,178,89,124,7.2
2024-12-21,68,30.3,42,16.0,225,112,157,8.0
2024-12-21,69,31.2,44,18.6,198,99,138,8.3
2024-12-21,70,27.3,65,11.3,219,109,153,7.7
2024-12-21,71,22.6,65,28.4,162,81,113,5.6
2024-12-21,72,22.7,81,8.0,208,104,145,6.6
2024-12-21,73,32.6,88,20.0,167,83,116,8.8
2024-12-21,74,23.0,89,10.4,137,68,95,8.6
2024-12-21,75,20.1,55,1.7,206,103,144,6.8
2024-12-21,76,29.2,74,21.9,126,63,88,8.5
2024-12-21,77,37.9,44,26.9,106,53,74,8.0
2024-12-21,78,30.4,83,3.2,109,54,76,6.6
2024-12-21,79,31.0,69,12.8,183,91,128,6.9
2024-12-21,80,20.7,82,3.9,147,73,102,7.9
2024-12-21,81,37.9,65,0.8,174,87,121,7.5
2024-12-21,82,25.5,65,21.9,234,117,163,7.8
2024-12-21,83,33.1,41,4.0,136,68,95,9.0
2024-12-21,84,33.2,67,7.1,129,64,90,5.6
2024-12-21,85,32.2,50,24.1,180,90,125,6.8
2024-12-21,86,33.6,75,25.0,218,109,152,8.8
2024-12-21,87,20.5,48,25.2,244,122,170,6.0
2024-12-21,88,24.2,43,28.5,248,124,173,6.3
2024-12-21,89,37.3,78,20.1,181,90,126,5.6
2024-12-21,90,36.0,57,5.6,94,47,65,5.6
2024-12-21,91,37.9,42,27.1,115,57,80,7.5
2024-12-21,92,26.2,72,23.4,196,98,137,8.3
2024-12-21,93,37.9,41,18.9,108,54,75,6.5
2024-12-21,94,34.6,78,2.7,195,97,136,6.0
2024-12-21,95,25.3,66,0.7,218,109,152,5.4
2024-12-21,96,26.6,64,14.7,100,50,70,6.3
2024-12-21,97,35.8,52,15.8,146,73,102,5.8
2024-12-21,98,24.8,77,13.7,214,107,149,8.7
2024-12-21,99,25.8,69,26.4,143,71,100,6.9
2024-12-21,100,25.6,68,15.3,238,119,166,5.8
2024-12-22,1,21.0,72,4.2,221,110,154,7.6
2024-12-22,2,31.6,73,1.9,159,79,111,7.0
2024-12-22,3,25.9,54,7.2,103,51,72,7.4
2024-12-22,4,20.2,43,18.9,179,89,125,6.4
2024-12-22,5,25.1,79,16.2,216,108,151,8.3
2024-12-22,6,20.6,69,2.8,172,86,120,8.4
2024-12-22,7,30.8,45,23.2,210,105,147,7.2
2024-12-22,8,26.7,42,0.4,203,101,142,7.9
2024-12-22,9,36.1,52,27.8,135,67,94,7.8
2024-12-22,10,31.3,66,4.6,161,80,112,7.6
2024-12-22,11,37.2,44,13.6,191,95,133,5.8
2024-12-22,12,30.7,76,27.0,215,107,150,5.6
2024-12-22,13,30.4,74,5.0,238,119,166,8.6
2024-12-22,14,21.3,70,6.0,117,58,81,8.0
2024-12-22,15,29.0,79,14.2,182,91,127,6.2
2024-12-22,16,37.5,54,25.3,136,68,95,7.3
2024-12-22,17,24.4,67,5.9,94,47,65,5.8
2024-12-22,18,21.7,45,19.7,136,68,95,7.0
2024-12-22,19,22.1,80,3.2,114,57,79,6.8
2024-12-22,20,23.9,55,14.7,125,62,87,7.3
2024-12-22,21,21.6,77,4.1,244,122,170,8.2
2024-12-22,22,21.8,51,25.1,186,93,130,5.1
2024-12-22,23,30.7,61,15.8,171,85,119,8.8
2024-12-22,24,29.7,41,18.9,248,124,173,6.5
2024-12-22,25,22.6,57,20.1,161,80,112,7.8
2024-12-22,26,35.0,87,12.1,214,107,149,8.3
2024-12-22,27,21.8,62,12.3,145,72,101,7.9
2024-12-22,28,34.5,55,9.3,235,117,164,5.0
2024-12-22,29,30.6,86,22.5,125,62,87,4.8
2024-12-22,30,32.1,78,22.1,245,122,171,6.0
2024-12-22,31,21.2,60,19.3,238,119,166,5.1
2024-12-22,32,37.0,78,10.3,154,77,107,7.2
2024-12-22,33,32.0,44,15.0,130,65,91,9.0
2024-12-22,34,22.3,64,16.4,232,116,162,5.2
2024-12-22,35,32.5,43,12.1,166,83,116,5.2
2024-12-22,36,34.4,64,12.7,201,100,140,8.7
2024-12-22,37,31.6,61,24.3,241,120,168,7.4
2024-12-22,38,36.3,76,8.8,216,108,151,9.1
2024-12-22,39,31.8,59,6.1,244,122,170,6.7
2024-12-22,40,33.9,80,7.4,108,54,75,6.9
2024-12-22,41,29.2,78,8.5,165,82,115,5.8
2024-12-22,42,32.5,51,6.9,157,78,109,8.9
2024-12-22,43,30.8,69,11.3,107,53,74,5.7
2024-12-22,44,21.1,76,9.5,187,93,130,8.8
2024-12-22,45,26.0,81,4.9,164,82,114,7.7
2024-12-22,46,30.3,75,13.6,214,107,149,5.5
2024-12-22,47,23.3,42,28.8,141,70,98,5.7
2024-12-22,48,32.1,84,20.7,139,69,97,7.6
2024-12-22,49,21.8,70,2.2,179,89,125,8.3
2024-12-22,50,28.8,77,2.6,186,93,130,5.3
2024-12-22,51,37.2,58,29.8,172,86,120,6.6
2024-12-22,52,21.2,58,13.1,149,74,104,5.9
2024-12-22,53,20.0,61,9.1,161,80,112,6.5
2024-12-22,54,25.7,87,15.4,152,76,106,5.2
2024-12-22,55,36.5,42,22.2,203,101,142,6.0
2024-12-22,56,37.5,41,19.5,137,68,95,5.6
2024-12-22,57,28.2,49,12.6,206,103,144,6.2
2024-12-22,58,25.2,43,24.8,183,91,128,7.4
2024-12-22,59,26.1,62,19.3,192,96,134,7.5
2024-12-22,60,21.3,52,1.2,239,119,167,6.5
2024-12-22,61,32.9,44,7.7,115,57,80,7.2
2024-12-22,62,26.4,50,29.0,100,50,70,7.1
2024-12-22,63,24.9,43,12.6,240,120,168,7.8
2024-12-22,64,37.9,52,20.1,131,65,91,6.8
2024-12-22,65,24.3,42,11.5,221,110,154,8.0
2024-12-22,66,26.2,80,14.7,217,108,151,5.7
2024-12-22,67,30.4,75,4.8,165,82,115,7.9
2024-12-22,68,27.8,51,13.7,153,76,107,8.2
2024-12-22,69,21.5,68,27.7,186,93,130,8.5
2024-12-22,70,21.5,79,12.2,169,84,118,7.4
2024-12-22,71,26.1,52,27.0,229,114,160,5.5
2024-12-22,72,20.1,87,29.2,188,94,131,6.3
2024-12-22,73,26.3,79,15.3,241,120,168,8.5
2024-12-22,74,23.5,77,22.8,241,120,168,8.5
2024-12-22,75,28.0,45,19.4,221,110,154,6.4
2024-12-22,76,21.3,49,3.9,162,81,113,8.4
2024-12-22,77,36.2,59,9.9,226,113,158,7.5
2024-12-22,78,34.4,76,13.6,115,57,80,6.7
2024-12-22,79,25.1,40,1.9,181,90,126,7.3
2024-12-22,80,33.3,71,29.5,183,91,128,8.0
2024-12-22,81,22.8,81,20.3,165,82,115,7.9
2024-12-22,82,32.2,42,1.8,170,85,118,7.2
2024-12-22,83,24.1,61,28.4,127,63,88,8.8
2024-12-22,84,30.7,46,7.9,102,51,71,5.1
2024-12-22,85,29.6,65,5.0,151,75,105,6.1
2024-12-22,86,24.3,78,12.1,216,108,151,8.7
2024-12-22,87,32.0,63,29.9,163,81,114,5.5
2024-12-22,88,22.1,40,20.7,154,77,107,6.3
2024-12-22,89,29.5,41,22.7,143,71,100,5.9
2024-12-22,90,37.6,75,1.7,192,96,134,6.2
2024-12-22,91,30.1,42,3.0,101,50,70,7.4
2024-12-22,92,28.7,59,15.1,121,60,84,7.7
2024-12-22,93,37.0,83,1.9,144,72,100,5.8
2024-12-22,94,31.5,46,17.6,213,106,149,6.3
2024-12-22,95,37.1,80,24.7,94,47,65,5.8
2024-12-22,96,35.5,42,4.4,243,121,170,6.6
2024-12-22,97,34.6,73,16.7,189,94,132,6.3
2024-12-22,98,32.8,59,1.0,103,51,72,8.5
2024-12-22,99,32.0,87,26.4,118,59,82,7.5
2024-12-22,100,36.7,69,25.1,90,45,62,5.5
2024-12-23,1,34.6,42,3.5,95,47,66,7.9
2024-12-23,2,34.7,54,18.7,119,59,83,6.9
2024-12-23,3,27.9,79,24.1,137,68,95,7.3
2024-12-23,4,20.2,43,25.0,132,66,92,5.5
2024-12-23,5,20.7,85,26.7,130,65,91,8.1
2024-12-23,6,38.0,42,14.0,248,124,173,8.2
2024-12-23,7,22.0,66,19.3,111,55,77,7.4
2024-12-23,8,35.1,56,27.1,145,72,101,7.1
2024-12-23,9,35.0,84,7.5,132,66,92,7.3
2024-12-23,10,21.4,44,26.0,221,110,154,8.0
2024-12-23,11,31.8,42,22.8,223,111,156,5.6
2024-12-23,12,21.7,44,28.9,145,72,101,5.3
2024-12-23,13,30.2,70,13.9,153,76,107,8.3
2024-12-23,14,34.3,55,10.9,213,106,149,7.6
2024-12-23,15,21.4,50,21.9,99,49,69,6.2
2024-12-23,16,27.5,46,26.7,177,88,123,7.2
2024-12-23,17,28.7,45,12.7,161,80,112,6.0
2024-12-23,18,37.0,75,28.9,143,71,100,6.7
2024-12-23,19,36.2,71,21.2,140,70,98,6.2
2024-12-23,20,27.8,72,28.5,158,79,110,7.4
2024-12-23,21,22.4,60,22.5,162,81,113,8.2
2024-12-23,22,34.9,79,24.8,150,75,105,5.1
2024-12-23,23,25.4,88,11.2,169,84,118,9.0
2024-12-23,24,30.5,73,18.9,189,94,132,6.3
2024-12-23,25,21.4,86,11.1,128,64,89,7.9
2024-12-23,26,33.0,43,27.5,102,51,71,8.4
2024-12-23,27,23.5,58,3.7,99,49,69,7.4
2024-12-23,28,29.6,58,3.0,136,68,95,5.0
2024-12-23,29,27.7,55,15.1,221,110,154,5.0
2024-12-23,30,37.4,88,21.9,143,71,100,6.1
2024-12-23,31,21.5,54,0.7,149,74,104,5.5
2024-12-23,32,25.4,68,9.9,119,59,83,7.4
2024-12-23,33,20.7,83,5.2,231,115,161,8.7
2024-12-23,34,21.1,73,12.5,101,50,70,5.4
2024-12-23,35,31.9,80,10.3,237,118,165,5.1
2024-12-23,36,34.2,46,20.3,162,81,113,8.3
2024-12-23,37,25.6,62,17.0,136,68,95,6.9
2024-12-23,38,21.1,61,2.2,152,76,106,8.9
2024-12-23,39,22.4,63,28.9,237,118,165,6.6
2024-12-23,40,35.7,86,0.7,133,66,93,7.6
2024-12-23,41,30.0,85,27.2,209,104,146,6.1
2024-12-23,42,23.2,84,13.8,143,71,100,8.7
2024-12-23,43,33.6,59,10.9,216,108,151,6.4
2024-12-23,44,26.4,64,16.7,155,77,108,8.1
2024-12-23,45,32.7,58,18.3,110,55,77,8.4
2024-12-23,46,21.7,41,0.3,118,59,82,5.3
2024-12-23,47,25.2,85,20.6,160,80,112,5.9
2024-12-23,48,28.7,56,25.5,121,60,84,7.2
2024-12-23,49,26.4,71,0.3,172,86,120,8.4
2024-12-23,50,29.6,75,6.4,100,50,70,5.9
2024-12-23,51,21.4,65,20.1,120,60,84,6.1
2024-12-23,52,31.6,60,18.6,129,64,90,6.0
2024-12-23,53,27.3,57,2.6,245,122,171,6.9
2024-12-23,54,27.1,46,3.5,151,75,105,5.2
2024-12-23,55,33.5,74,29.9,166,83,116,6.1
2024-12-23,56,23.8,58,2.7,194,97,135,6.2
2024-12-23,57,28.9,55,29.0,95,47,66,6.1
2024-12-23,58,36.4,89,23.7,168,84,117,8.1
2024-12-23,59,21.2,79,10.0,108,54,75,7.7
2024-12-23,60,30.2,42,27.4,217,108,151,6.6
2024-12-23,61,21.3,81,3.3,202,101,141,7.4
2024-12-23,62,31.1,56,18.5,193,96,135,7.2
2024-12-23,63,35.7,89,22.6,201,100,140,8.2
2024-12-23,64,31.2,67,6.7,135,67,94,7.1
2024-12-23,65,36.0,69,5.8,242,121,169,7.5
2024-12-23,66,26.4,76,9.6,209,104,146,5.3
2024-12-23,67,25.8,52,6.6,229,114,160,7.5
2024-12-23,68,22.3,48,1.4,93,46,65,8.4
2024-12-23,69,30.6,40,10.8,95,47,66,8.8
2024-12-23,70,22.9,66,27.2,118,59,82,7.4
2024-12-23,71,30.2,41,17.2,192,96,134,6.1
2024-12-23,72,37.4,61,4.3,206,103,144,6.9
2024-12-23,73,34.9,62,22.4,122,61,85,8.1
2024-12-23,74,31.5,68,13.5,121,60,84,8.9
2024-12-23,75,23.8,84,7.0,192,96,134,6.8
2024-12-23,76,26.5,66,4.3,219,109,153,9.2
2024-12-23,77,36.6,60,4.2,165,82,115,7.7
2024-12-23,78,30.1,83,5.0,193,96,135,7.3
2024-12-23,79,35.7,47,8.7,95,47,66,6.5
2024-12-23,80,29.4,80,26.4,204,102,142,7.5
2024-12-23,81,23.6,51,21.3,159,79,111,8.0
2024-12-23,82,30.6,66,11.8,206,103,144,7.2
2024-12-23,83,21.4,53,17.2,215,107,150,9.1
2024-12-23,84,30.4,40,11.9,195,97,136,5.6
2024-12-23,85,36.1,40,13.2,133,66,93,6.8
2024-12-23,86,26.6,69,1.7,213,106,149,8.3
2024-12-23,87,25.8,55,29.5,168,84,117,5.7
2024-12-23,88,27.1,89,12.5,155,77,108,6.4
2024-12-23,89,37.7,78,13.1,185,92,129,5.8
2024-12-23,90,24.8,63,21.7,120,60,84,5.3
2024-12-23,91,33.6,54,26.6,221,110,154,7.3
2024-12-23,92,29.4,80,21.5,227,113,158,7.7
2024-12-23,93,34.5,62,23.6,165,82,115,5.8
2024-12-23,94,26.8,46,8.2,93,46,65,6.6
2024-12-23,95,23.5,46,22.5,148,74,103,5.5
2024-12-23,96,25.8,69,6.5,119,59,83,6.6
2024-12-23,97,25.0,87,21.4,160,80,112,6.7
2024-12-23,98,33.9,73,16.5,142,71,99,9.2
2024-12-23,99,33.4,84,15.5,138,69,96,7.2
2024-12-23,100,37.4,86,21.5,180,90,125,5.9
2024-12-24,1,32.1,62,1.0,160,80,112,8.1
2024-12-24,2,28.3,46,11.5,142,71,99,7.5
2024-12-24,3,35.4,49,8.2,187,93,130,7.4
2024-12-24,4,31.0,89,7.9,223,111,156,5.8
2024-12-24,5,34.4,48,17.1,234,117,163,8.0
2024-12-24,6,29.0,51,28.8,208,104,145,8.2
2024-12-24,7,21.0,85,5.5,152,76,106,7.7
2024-12-24,8,23.9,57,21.6,109,54,76,7.7
2024-12-24,9,27.6,87,3.8,191,95,133,7.3
2024-12-24,10,22.0,59,10.3,224,112,156,7.7
2024-12-24,11,28.6,72,16.4,94,47,65,5.9
2024-12-24,12,25.5,86,24.6,171,85,119,5.4
2024-12-24,13,28.4,70,21.6,145,72,101,8.2
2024-12-24,14,21.0,78,13.3,169,84,118,7.9
2024-12-24,15,21.6,51,2.5,150,75,105,6.5
2024-12-24,16,31.2,69,10.5,197,98,137,8.1
2024-12-24,17,36.7,45,29.4,91,45,63,6.1
2024-12-24,18,35.6,69,19.0,183,91,128,6.5
2024-12-24,19,22.4,55,2.3,122,61,85,7.0
2024-12-24,20,23.3,47,18.1,203,101,142,6.6
2024-12-24,21,30.4,64,2.0,102,51,71,8.8
2024-12-24,22,24.2,61,23.3,199,99,139,5.7
2024-12-24,23,38.0,48,13.4,137,68,95,9.0
2024-12-24,24,24.2,65,0.2,95,47,66,6.5
2024-12-24,25,30.9,66,7.5,220,110,154,7.0
2024-12-24,26,23.6,61,19.0,234,117,163,8.3
2024-12-24,27,23.4,45,0.4,234,117,163,8.0
2024-12-24,28,28.8,83,5.3,188,94,131,5.8
2024-12-24,29,30.1,46,26.2,201,100,140,4.9
2024-12-24,30,26.5,58,5.7,152,76,106,6.0
2024-12-24,31,29.6,57,12.8,246,123,172,5.4
2024-12-24,32,33.7,51,7.3,236,118,165,6.7
2024-12-24,33,21.0,77,8.3,242,121,169,8.7
2024-12-24,34,27.1,49,10.4,150,75,105,5.6
2024-12-24,35,30.6,64,6.3,97,48,67,5.5
2024-12-24,36,29.7,78,16.2,112,56,78,8.0
2024-12-24,37,28.4,56,6.0,219,109,153,7.0
2024-12-24,38,29.6,73,1.3,201,100,140,8.3
2024-12-24,39,31.4,68,6.2,213,106,149,7.3
2024-12-24,40,21.0,88,24.2,216,108,151,7.1
2024-12-24,41,23.2,73,22.6,203,101,142,6.0
2024-12-24,42,35.8,88,8.1,143,71,100,8.6
2024-12-24,43,30.2,84,7.4,146,73,102,5.7
2024-12-24,44,33.4,61,4.5,122,61,85,8.4
2024-12-24,45,23.6,55,4.3,176,88,123,8.2
2024-12-24,46,26.3,80,22.0,120,60,84,5.0
2024-12-24,47,35.2,75,6.3,195,97,136,5.7
2024-12-24,48,28.9,42,9.6,249,124,174,7.3
2024-12-24,49,26.4,50,14.2,90,45,62,8.7
2024-12-24,50,32.1,65,16.3,222,111,155,5.7
2024-12-24,51,26.0,67,6.3,133,66,93,6.9
2024-12-24,52,22.9,53,24.5,240,120,168,5.5
2024-12-24,53,23.9,82,12.8,159,79,111,6.1
2024-12-24,54,37.5,48,4.7,95,47,66,5.6
2024-12-24,55,25.6,43,5.6,177,88,123,6.9
2024-12-24,56,34.1,71,21.7,137,68,95,6.3
2024-12-24,57,30.3,64,10.4,152,76,106,6.1
2024-12-24,58,30.9,53,1.5,99,49,69,8.2
2024-12-24,59,21.3,58,25.2,159,79,111,7.5
2024-12-24,60,22.7,62,24.5,149,74,104,7.1
2024-12-24,61,33.4,41,9.7,146,73,102,6.6
2024-12-24,62,34.2,59,0.6,182,91,127,6.8
2024-12-24,63,24.9,44,17.9,219,109,153,7.7
2024-12-24,64,21.5,73,2.1,188,94,131,7.1
2024-12-24,65,28.4,42,25.4,234,117,163,7.5
2024-12-24,66,34.9,58,23.6,238,119,166,5.5
2024-12-24,67,31.5,63,23.3,129,64,90,7.4
2024-12-24,68,35.1,79,6.1,193,96,135,7.9
2024-12-24,69,22.8,83,15.7,173,86,121,8.2
2024-12-24,70,27.4,66,4.0,101,50,70,7.5
2024-12-24,71,28.9,79,10.7,114,57,79,6.3
2024-12-24,72,21.6,64,25.1,149,74,104,6.7
2024-12-24,73,36.2,51,14.2,242,121,169,8.3
2024-12-24,74,30.1,57,2.7,119,59,83,8.1
2024-12-24,75,25.8,43,10.7,119,59,83,7.1
2024-12-24,76,35.9,68,13.4,115,57,80,8.4
2024-12-24,77,27.2,47,2.3,168,84,117,7.2
2024-12-24,78,24.8,85,1.8,188,94,131,7.2
2024-12-24,79,29.6,59,3.7,91,45,63,6.8
2024-12-24,80,20.8,77,23.9,192,96,134,8.5
2024-12-24,81,22.6,79,24.9,119,59,83,7.5
2024-12-24,82,28.4,63,8.3,150,75,105,7.1
2024-12-24,83,35.7,55,8.8,100,50,70,9.1
2024-12-24,84,26.0,64,24.0,178,89,124,5.3
2024-12-24,85,35.7,85,3.8,228,114,159,6.4
2024-12-24,86,25.3,58,14.2,219,109,153,8.6
2024-12-24,87,28.2,88,28.7,132,66,92,6.2
2024-12-24,88,23.5,88,12.5,241,120,168,6.6
2024-12-24,89,27.6,81,20.3,188,94,131,6.4
2024-12-24,90,28.2,83,1.7,241,120,168,5.8
2024-12-24,91,33.8,84,2.7,208,104,145,7.5
2024-12-24,92,32.0,42,16.1,163,81,114,7.9
2024-12-24,93,29.0,81,23.7,173,86,121,6.6
2024-12-24,94,31.3,49,17.2,242,121,169,6.1
2024-12-24,95,20.8,67,11.9,102,51,71,5.7
2024-12-24,96,23.5,80,22.2,133,66,93,6.2
2024-12-24,97,33.4,54,26.8,203,101,142,5.8
2024-12-24,98,36.0,67,3.5,181,90,126,9.1
2024-12-24,99,20.8,40,20.6,202,101,141,7.6
2024-12-24,100,36.3,77,13.9,140,70,98,5.7
2024-12-25,1,37.1,58,23.9,220,110,154,8.0
2024-12-25,2,32.9,88,25.3,130,65,91,7.2
2024-12-25,3,21.8,89,29.4,175,87,122,6.9
2024-12-25,4,20.8,79,19.1,118,59,82,6.3
2024-12-25,5,34.2,71,12.9,125,62,87,8.6
2024-12-25,6,28.7,70,3.7,206,103,144,8.3
2024-12-25,7,32.8,65,18.5,186,93,130,7.4
2024-12-25,8,36.9,59,25.9,199,99,139,7.8
2024-12-25,9,21.6,69,7.7,218,109,152,7.6
2024-12-25,10,26.5,59,11.7,141,70,98,7.5
2024-12-25,11,21.2,40,24.5,200,100,140,6.0
2024-12-25,12,37.9,77,6.3,183,91,128,6.1
2024-12-25,13,27.5,66,5.5,133,66,93,9.0
2024-12-25,14,22.2,49,15.9,182,91,127,8.4
2024-12-25,15,26.5,89,16.3,106,53,74,6.6
2024-12-25,16,24.3,42,26.5,238,119,166,7.8
2024-12-25,17,24.0,45,0.5,93,46,65,5.7
2024-12-25,18,30.2,83,19.3,145,72,101,6.5
2024-12-25,19,29.6,78,15.2,214,107,149,6.7
2024-12-25,20,24.6,63,28.3,205,102,143,6.7
2024-12-25,21,26.5,64,29.6,185,92,129,8.7
2024-12-25,22,35.9,42,22.4,219,109,153,5.8
2024-12-25,23,26.4,50,6.8,164,82,114,9.0
2024-12-25,24,28.0,77,5.7,149,74,104,6.5
2024-12-25,25,26.9,75,22.1,157,78,109,7.1
2024-12-25,26,36.3,52,8.0,225,112,157,8.1
2024-12-25,27,33.4,69,19.8,215,107,150,8.1
2024-12-25,28,21.5,49,20.7,105,52,73,5.9
2024-12-25,29,33.4,60,18.7,195,97,136,5.1
2024-12-25,30,37.0,49,0.2,228,114,159,5.5
2024-12-25,31,31.8,46,28.3,153,76,107,5.0
2024-12-25,32,30.3,88,13.5,117,58,81,6.7
2024-12-25,33,23.0,55,1.3,92,46,64,9.0
2024-12-25,34,29.5,60,22.3,107,53,74,5.2
2024-12-25,35,24.7,85,1.3,97,48,67,5.2
2024-12-25,36,25.3,41,19.3,216,108,151,8.9
2024-12-25,37,21.5,54,19.9,230,115,161,7.2
2024-12-25,38,36.1,64,28.3,153,76,107,8.6
2024-12-25,39,29.9,76,10.1,203,101,142,7.1
2024-12-25,40,33.4,47,7.2,179,89,125,7.1
2024-12-25,41,31.8,50,24.2,100,50,70,6.6
2024-12-25,42,25.8,79,12.8,142,71,99,8.5
2024-12-25,43,33.7,67,15.4,204,102,142,6.5
2024-12-25,44,36.4,62,28.8,118,59,82,8.6
2024-12-25,45,26.5,50,15.5,135,67,94,8.0
2024-12-25,46,27.6,55,8.2,171,85,119,5.4
2024-12-25,47,20.1,55,18.9,210,105,147,5.2
2024-12-25,48,30.1,62,8.6,121,60,84,7.6
2024-12-25,49,31.4,59,10.0,118,59,82,8.5
2024-12-25,50,36.3,51,20.7,126,63,88,5.9
2024-12-25,51,29.7,43,1.5,152,76,106,6.7
2024-12-25,52,27.2,57,0.6,138,69,96,6.0
2024-12-25,53,37.6,52,24.4,188,94,131,6.6
2024-12-25,54,29.5,60,19.6,243,121,170,5.9
2024-12-25,55,24.3,41,13.6,192,96,134,6.8
2024-12-25,56,27.9,55,5.2,161,80,112,5.6
2024-12-25,57,33.8,78,16.6,125,62,87,6.1
2024-12-25,58,36.9,52,0.8,192,96,134,8.2
2024-12-25,59,30.6,84,7.8,137,68,95,6.8
2024-12-25,60,28.1,55,5.0,140,70,98,6.1
2024-12-25,61,32.2,70,11.7,130,65,91,7.3
2024-12-25,62,22.0,49,5.1,186,93,130,6.7
2024-12-25,63,26.1,59,3.7,221,110,154,8.4
2024-12-25,64,32.1,45,0.7,93,46,65,6.9
2024-12-25,65,25.7,50,10.3,206,103,144,7.6
2024-12-25,66,34.8,86,7.9,193,96,135,5.8
2024-12-25,67,20.0,59,16.4,138,69,96,7.7
2024-12-25,68,22.7,53,25.8,124,62,86,8.6
2024-12-25,69,23.0,54,21.9,93,46,65,8.6
2024-12-25,70,28.6,78,9.9,164,82,114,8.3
2024-12-25,71,28.7,66,15.5,199,99,139,5.6
2024-12-25,72,34.5,72,14.4,161,80,112,7.0
2024-12-25,73,22.7,88,4.0,242,121,169,8.5
2024-12-25,74,25.1,46,21.0,212,106,148,8.0
2024-12-25,75,35.8,85,5.3,119,59,83,7.1
2024-12-25,76,33.6,66,13.3,94,47,65,9.2
2024-12-25,77,35.3,44,17.4,182,91,127,7.5
2024-12-25,78,35.3,88,6.3,205,102,143,7.1
2024-12-25,79,29.1,48,16.6,142,71,99,6.9
2024-12-25,80,34.6,50,10.5,208,104,145,8.4
2024-12-25,81,27.4,45,29.0,102,51,71,7.8
2024-12-25,82,33.7,50,23.1,183,91,128,7.7
2024-12-25,83,36.1,84,12.4,168,84,117,8.6
2024-12-25,84,26.5,72,14.8,208,104,145,5.7
2024-12-25,85,23.9,66,17.9,108,54,75,6.7
2024-12-25,86,34.7,46,8.0,123,61,86,8.3
2024-12-25,87,22.3,44,15.2,137,68,95,5.5
2024-12-25,88,26.9,73,21.4,150,75,105,6.9
2024-12-25,89,24.3,51,9.0,117,58,81,5.8
2024-12-25,90,34.1,49,28.2,171,85,119,6.1
2024-12-25,91,22.1,56,8.4,143,71,100,7.6
2024-12-25,92,22.2,84,28.1,156,78,109,8.0
2024-12-25,93,37.9,80,29.7,167,83,116,5.7
2024-12-25,94,28.5,86,27.5,184,92,128,6.8
2024-12-25,95,21.2,44,10.4,228,114,159,5.0
2024-12-25,96,27.0,59,10.8,107,53,74,5.6
2024-12-25,97,22.5,86,18.6,178,89,124,6.5
2024-12-25,98,27.0,75,19.1,107,53,74,9.2
2024-12-25,99,34.7,64,4.8,193,96,135,7.3
2024-12-25,100,31.3,86,4.3,115,57,80,5.7
2024-12-26,1,22.6,71,6.1,119,59,83,7.5
2024-12-26,2,33.7,64,25.7,216,108,151,6.7
2024-12-26,3,32.9,82,18.4,140,70,98,7.5
2024-12-26,4,26.0,47,15.6,107,53,74,5.8
2024-12-26,5,29.6,69,10.2,145,72,101,8.3
2024-12-26,6,24.9,82,20.2,161,80,112,8.2
2024-12-26,7,29.7,44,26.2,110,55,77,7.7
2024-12-26,8,21.3,84,24.3,151,75,105,7.4
2024-12-26,9,31.1,43,8.4,164,82,114,7.0
2024-12-26,10,36.1,55,24.9,105,52,73,8.1
2024-12-26,11,31.5,52,29.0,212,106,148,5.7
2024-12-26,12,21.9,78,8.6,237,118,165,6.0
2024-12-26,13,33.1,79,27.3,153,76,107,8.5
2024-12-26,14,23.8,68,22.2,233,116,163,8.2
2024-12-26,15,21.1,67,14.7,203,101,142,6.4
2024-12-26,16,28.5,54,19.2,96,48,67,7.5
2024-12-26,17,23.8,69,15.1,202,101,141,5.3
2024-12-26,18,36.3,45,4.0,181,90,126,6.7
2024-12-26,19,31.5,45,14.3,140,70,98,6.7
2024-12-26,20,34.8,77,28.2,111,55,77,6.6
2024-12-26,21,24.7,79,29.0,196,98,137,8.1
2024-12-26,22,36.6,80,1.9,191,95,133,5.6
2024-12-26,23,34.9,58,11.5,242,121,169,8.8
2024-12-26,24,29.1,64,6.8,241,120,168,7.1
2024-12-26,25,22.2,82,17.7,168,84,117,7.8
2024-12-26,26,30.4,69,9.4,226,113,158,8.7
2024-12-26,27,32.9,54,20.9,147,73,102,7.6
2024-12-26,28,32.1,88,7.8,228,114,159,5.2
2024-12-26,29,29.0,69,23.2,147,73,102,4.8
2024-12-26,30,27.6,76,6.2,162,81,113,5.1
2024-12-26,31,28.3,63,27.0,183,91,128,4.7
2024-12-26,32,25.9,86,9.4,119,59,83,7.2
2024-12-26,33,28.9,59,25.2,145,72,101,8.4
2024-12-26,34,32.2,48,26.0,166,83,116,5.7
2024-12-26,35,33.7,67,18.0,222,111,155,5.2
2024-12-26,36,35.3,80,16.9,214,107,149,8.9
2024-12-26,37,20.4,40,24.2,237,118,165,7.4
2024-12-26,38,33.1,73,16.5,241,120,168,8.2
2024-12-26,39,31.3,47,10.3,211,105,147,7.0
2024-12-26,40,31.4,55,19.4,109,54,76,7.7
2024-12-26,41,29.4,50,20.0,186,93,130,6.2
2024-12-26,42,34.5,47,20.6,220,110,154,9.0
2024-12-26,43,36.6,72,27.0,223,111,156,5.8
2024-12-26,44,34.7,47,12.4,140,70,98,8.8
2024-12-26,45,34.9,44,19.3,114,57,79,7.8
2024-12-26,46,27.2,84,6.8,142,71,99,5.0
2024-12-26,47,20.9,41,1.0,167,83,116,5.8
2024-12-26,48,32.1,45,17.2,135,67,94,7.9
2024-12-26,49,32.0,55,5.3,183,91,128,9.0
2024-12-26,50,33.5,55,15.5,174,87,121,5.6
2024-12-26,51,21.3,47,5.6,219,109,153,6.3
2024-12-26,52,31.1,60,17.3,149,74,104,5.5
2024-12-26,53,33.7,53,13.7,171,85,119,6.0
2024-12-26,54,31.1,86,6.8,216,108,151,5.1
2024-12-26,55,29.1,57,1.2,226,113,158,5.9
2024-12-26,56,31.2,83,2.2,90,45,62,6.5
2024-12-26,57,28.3,71,21.1,129,64,90,6.9
2024-12-26,58,33.6,85,28.5,131,65,91,7.5
2024-12-26,59,34.4,50,20.0,114,57,79,7.6
2024-12-26,60,35.2,88,15.1,197,98,137,6.2
2024-12-26,61,29.9,88,9.7,180,90,125,6.5
2024-12-26,62,37.0,79,21.9,111,55,77,6.9
2024-12-26,63,23.3,53,3.9,198,99,138,7.9
2024-12-26,64,35.5,62,2.2,144,72,100,6.4
2024-12-26,65,32.3,51,9.4,197,98,137,7.9
2024-12-26,66,32.9,46,26.3,235,117,164,6.1
2024-12-26,67,25.0,81,7.3,182,91,127,7.4
2024-12-26,68,21.6,54,15.8,195,97,136,7.9
2024-12-26,69,31.9,85,12.4,127,63,88,8.7
2024-12-26,70,27.6,59,11.9,151,75,105,7.8
2024-12-26,71,21.3,84,27.3,142,71,99,5.9
2024-12-26,72,35.6,61,9.3,95,47,66,6.8
2024-12-26,73,28.2,66,6.0,210,105,147,8.1
2024-12-26,74,21.3,66,14.9,170,85,118,8.3
2024-12-26,75,36.0,68,11.0,97,48,67,7.1
2024-12-26,76,33.9,71,6.8,204,102,142,8.8
2024-12-26,77,32.8,55,9.8,123,61,86,7.6
2024-12-26,78,28.0,53,3.8,135,67,94,6.5
2024-12-26,79,24.2,87,25.1,212,106,148,6.7
2024-12-26,80,31.1,72,21.4,170,85,118,8.4
2024-12-26,81,32.7,75,25.3,246,123,172,7.9
2024-12-26,82,22.6,48,29.3,236,118,165,7.5
2024-12-26,83,25.9,69,10.7,208,104,145,9.1
2024-12-26,84,33.2,71,28.9,154,77,107,4.9
2024-12-26,85,37.7,70,15.0,115,57,80,6.2
2024-12-26,86,23.1,72,14.6,144,72,100,8.1
2024-12-26,87,36.3,61,6.7,145,72,101,6.2
2024-12-26,88,34.2,73,20.8,223,111,156,6.8
2024-12-26,89,24.4,59,2.3,103,51,72,5.5
2024-12-26,90,30.4,81,5.5,132,66,92,5.7
2024-12-26,91,24.7,42,2.7,184,92,128,7.0
2024-12-26,92,23.2,78,4.7,237,118,165,7.4
2024-12-26,93,28.0,53,26.4,98,49,68,6.3
2024-12-26,94,30.4,86,18.5,138,69,96,6.4
2024-12-26,95,33.9,63,22.2,105,52,73,5.5
2024-12-26,96,21.9,85,9.7,172,86,120,6.4
2024-12-26,97,36.0,49,19.7,90,45,62,5.9
2024-12-26,98,24.9,61,23.2,136,68,95,8.8
2024-12-26,99,36.9,60,0.9,161,80,112,7.7
2024-12-26,100,28.2,62,12.0,230,115,161,5.0
2024-12-27,1,34.1,69,5.6,226,113,158,7.3
2024-12-27,2,35.0,49,15.7,129,64,90,6.6
2024-12-27,3,34.9,75,5.2,200,100,140,7.6
2024-12-27,4,22.6,81,21.8,113,56,79,5.5
2024-12-27,5,21.2,58,30.0,156,78,109,8.0
2024-12-27,6,34.6,77,13.9,239,119,167,8.0
2024-12-27,7,26.4,47,6.5,118,59,82,7.2
2024-12-27,8,29.2,47,2.4,169,84,118,7.7
2024-12-27,9,36.7,47,18.9,94,47,65,7.6
2024-12-27,10,25.2,56,29.0,249,124,174,7.7
2024-12-27,11,27.8,59,25.3,94,47,65,6.1
2024-12-27,12,32.7,85,11.6,146,73,102,5.5
2024-12-27,13,25.5,86,20.4,194,97,135,9.0
2024-12-27,14,24.0,46,13.8,148,74,103,8.4
2024-12-27,15,33.3,86,18.2,93,46,65,6.3
2024-12-27,16,28.4,70,14.0,108,54,75,7.4
2024-12-27,17,22.8,44,9.8,168,84,117,5.9
2024-12-27,18,30.2,52,26.3,166,83,116,7.2
2024-12-27,19,21.8,72,28.9,109,54,76,7.0
2024-12-27,20,29.8,84,24.8,148,74,103,6.6
2024-12-27,21,33.7,64,13.1,218,109,152,8.8
2024-12-27,22,37.1,57,11.2,248,124,173,5.6
2024-12-27,23,36.9,77,19.8,162,81,113,8.6
2024-12-27,24,21.0,80,13.1,162,81,113,6.5
2024-12-27,25,32.2,87,23.0,120,60,84,7.6
2024-12-27,26,23.9,72,2.1,188,94,131,8.3
2024-12-27,27,23.2,46,29.1,228,114,159,7.8
2024-12-27,28,20.4,57,10.2,159,79,111,5.5
2024-12-27,29,22.6,82,26.6,99,49,69,5.0
2024-12-27,30,28.4,49,24.0,198,99,138,5.4
2024-12-27,31,25.9,63,24.6,188,94,131,4.8
2024-12-27,32,34.9,52,17.5,209,104,146,6.8
2024-12-27,33,31.4,50,13.8,204,102,142,8.4
2024-12-27,34,29.1,87,24.5,141,70,98,5.5
2024-12-27,35,30.4,69,19.0,160,80,112,5.6
2024-12-27,36,21.1,76,4.8,159,79,111,8.7
2024-12-27,37,34.7,51,9.3,148,74,103,7.2
2024-12-27,38,25.0,87,29.3,204,102,142,9.1
2024-12-27,39,30.5,41,17.1,246,123,172,7.3
2024-12-27,40,36.7,57,16.8,146,73,102,7.0
2024-12-27,41,27.2,77,13.5,233,116,163,6.0
2024-12-27,42,27.9,62,24.9,125,62,87,8.8
2024-12-27,43,33.4,47,14.9,168,84,117,6.5
2024-12-27,44,23.6,83,29.6,206,103,144,9.1
2024-12-27,45,32.0,64,28.9,123,61,86,8.1
2024-12-27,46,33.0,63,26.2,140,70,98,5.2
2024-12-27,47,25.6,52,3.5,158,79,110,5.1
2024-12-27,48,28.6,41,7.1,143,71,100,8.0
2024-12-27,49,27.2,69,5.1,188,94,131,8.6
2024-12-27,50,30.8,76,20.4,164,82,114,5.4
2024-12-27,51,30.0,57,11.1,228,114,159,6.2
2024-12-27,52,27.1,83,15.9,179,89,125,5.6
2024-12-27,53,26.3,44,27.3,145,72,101,6.3
2024-12-27,54,21.3,50,23.9,137,68,95,5.1
2024-12-27,55,33.8,83,17.9,189,94,132,6.2
2024-12-27,56,22.2,44,28.2,238,119,166,5.5
2024-12-27,57,25.5,58,8.2,147,73,102,6.7
2024-12-27,58,21.3,54,27.7,216,108,151,8.1
2024-12-27,59,26.5,71,28.5,222,111,155,6.9
2024-12-27,60,27.4,80,21.6,224,112,156,6.7
2024-12-27,61,35.4,73,25.4,101,50,70,6.7
2024-12-27,62,25.3,58,17.5,185,92,129,6.8
2024-12-27,63,23.5,89,15.0,107,53,74,7.8
2024-12-27,64,28.4,49,28.7,204,102,142,6.6
2024-12-27,65,37.2,43,5.7,115,57,80,7.3
2024-12-27,66,35.5,80,4.7,155,77,108,5.4
2024-12-27,67,36.0,79,6.5,94,47,65,7.8
2024-12-27,68,26.8,75,10.0,108,54,75,8.5
2024-12-27,69,32.1,70,16.9,133,66,93,8.8
2024-12-27,70,21.7,76,5.5,148,74,103,8.2
2024-12-27,71,23.2,78,12.0,178,89,124,6.1
2024-12-27,72,26.4,86,12.0,187,93,130,6.8
2024-12-27,73,26.5,83,10.6,136,68,95,8.5
2024-12-27,74,36.0,77,26.4,149,74,104,8.6
2024-12-27,75,30.4,85,23.2,167,83,116,6.6
2024-12-27,76,27.9,87,27.1,113,56,79,9.0
2024-12-27,77,35.7,46,13.6,183,91,128,7.3
2024-12-27,78,35.3,75,5.1,209,104,146,6.3
2024-12-27,79,28.0,89,12.2,217,108,151,6.9
2024-12-27,80,31.8,80,3.0,225,112,157,7.5
2024-12-27,81,20.3,69,7.4,180,90,125,7.5
2024-12-27,82,20.4,72,22.9,172,86,120,7.0
2024-12-27,83,20.4,62,9.7,202,101,141,8.7
2024-12-27,84,24.1,57,26.1,196,98,137,5.4
2024-12-27,85,33.0,47,3.8,176,88,123,6.5
2024-12-27,86,29.1,78,1.6,241,120,168,8.0
2024-12-27,87,21.1,59,0.6,149,74,104,5.2
2024-12-27,88,37.2,83,15.6,217,108,151,6.2
2024-12-27,89,37.3,49,29.5,220,110,154,6.3
2024-12-27,90,35.2,70,4.5,116,58,81,5.8
2024-12-27,91,32.2,86,3.0,95,47,66,6.7
2024-12-27,92,21.1,65,25.9,105,52,73,7.8
2024-12-27,93,37.9,50,13.2,148,74,103,5.8
2024-12-27,94,37.2,59,25.0,122,61,85,6.9
2024-12-27,95,25.4,65,8.5,162,81,113,5.0
2024-12-27,96,24.2,50,7.0,224,112,156,6.1
2024-12-27,97,29.1,55,7.8,248,124,173,6.2
2024-12-27,98,36.3,84,17.9,111,55,77,8.7
2024-12-27,99,29.7,43,7.3,176,88,123,6.8
2024-12-27,100,20.6,87,0.3,202,101,141,5.5
2024-12-28,1,28.0,44,7.4,160,80,112,8.0
2024-12-28,2,23.0,67,23.2,202,101,141,6.9
2024-12-28,3,26.7,85,21.9,115,57,80,7.2
2024-12-28,4,36.5,87,16.6,232,116,162,5.7
2024-12-28,5,27.5,72,8.5,126,63,88,8.0
2024-12-28,6,24.0,89,23.6,224,112,156,7.9
2024-12-28,7,25.3,80,30.0,242,121,169,7.9
2024-12-28,8,29.3,79,18.7,133,66,93,7.5
2024-12-28,9,25.0,74,18.6,211,105,147,6.9
2024-12-28,10,32.6,40,7.7,103,51,72,7.5
2024-12-28,11,37.9,77,28.1,95,47,66,6.3
2024-12-28,12,34.0,63,8.0,133,66,93,5.6
2024-12-28,13,28.4,73,29.4,91,45,63,8.7
2024-12-28,14,25.6,64,10.9,121,60,84,8.4
2024-12-28,15,27.5,46,24.4,219,109,153,6.8
2024-12-28,16,32.8,61,16.7,148,74,103,8.1
2024-12-28,17,29.6,60,16.8,211,105,147,5.2
2024-12-28,18,25.3,53,14.6,191,95,133,6.7
2024-12-28,19,29.5,65,20.1,154,77,107,6.8
2024-12-28,20,34.0,84,18.3,163,81,114,6.6
2024-12-28,21,37.9,67,14.5,229,114,160,9.0
2024-12-28,22,34.8,77,21.4,116,58,81,5.9
2024-12-28,23,22.9,51,10.1,246,123,172,9.1
2024-12-28,24,23.6,53,23.1,237,118,165,6.5
2024-12-28,25,29.4,61,16.3,226,113,158,7.0
2024-12-28,26,27.8,49,21.6,119,59,83,8.6
2024-12-28,27,23.2,41,3.8,106,53,74,8.2
2024-12-28,28,23.0,84,0.3,231,115,161,5.7
2024-12-28,29,25.1,73,6.6,107,53,74,5.2
2024-12-28,30,37.5,57,26.9,126,63,88,5.1
2024-12-28,31,32.4,54,25.8,243,121,170,5.4
2024-12-28,32,35.0,69,12.9,241,120,168,6.5
2024-12-28,33,36.6,53,24.6,195,97,136,9.1
2024-12-28,34,20.1,57,0.7,192,96,134,5.1
2024-12-28,35,21.5,57,6.9,197,98,137,4.7
2024-12-28,36,21.2,88,8.7,218,109,152,8.2
2024-12-28,37,33.8,40,1.6,205,102,143,7.1
2024-12-28,38,22.1,44,23.7,248,124,173,8.9
2024-12-28,39,36.0,42,24.0,200,100,140,7.1
2024-12-28,40,33.3,82,17.5,110,55,77,7.1
2024-12-28,41,34.3,42,1.8,169,84,118,6.3
2024-12-28,42,34.1,80,29.2,184,92,128,9.1
2024-12-28,43,36.4,80,10.5,213,106,149,6.2
2024-12-28,44,34.0,81,3.5,190,95,133,8.2
2024-12-28,45,28.2,83,14.8,149,74,104,7.9
2024-12-28,46,23.9,67,24.9,103,51,72,4.9
2024-12-28,47,27.3,66,10.7,146,73,102,5.6
2024-12-28,48,28.7,69,8.7,204,102,142,8.1
2024-12-28,49,25.3,80,28.0,195,97,136,9.1
2024-12-28,50,34.4,58,17.3,91,45,63,5.8
2024-12-28,51,26.7,53,15.1,167,83,116,6.7
2024-12-28,52,32.7,57,6.8,128,64,89,5.9
2024-12-28,53,23.4,48,27.5,140,70,98,6.1
2024-12-28,54,30.4,68,9.7,130,65,91,5.5
2024-12-28,55,28.5,65,22.0,106,53,74,6.4
2024-12-28,56,23.0,67,29.9,135,67,94,5.8
2024-12-28,57,28.4,55,24.9,176,88,123,6.8
2024-12-28,58,31.9,43,21.4,209,104,146,7.9
2024-12-28,59,33.9,63,3.7,147,73,102,6.8
2024-12-28,60,33.6,89,28.2,188,94,131,6.9
2024-12-28,61,33.9,59,22.5,201,100,140,7.1
2024-12-28,62,33.3,67,27.6,109,54,76,7.0
2024-12-28,63,20.4,74,4.5,153,76,107,8.5
2024-12-28,64,33.5,82,18.7,173,86,121,6.5
2024-12-28,65,25.0,46,6.4,218,109,152,7.7
2024-12-28,66,23.7,88,10.4,124,62,86,6.1
2024-12-28,67,37.0,76,15.0,195,97,136,7.9
2024-12-28,68,21.4,51,6.9,160,80,112,7.9
2024-12-28,69,30.5,84,10.6,139,69,97,8.4
2024-12-28,70,26.8,87,26.8,182,91,127,7.6
2024-12-28,71,24.6,68,8.1,223,111,156,6.1
2024-12-28,72,20.9,49,14.6,231,115,161,6.7
2024-12-28,73,28.1,43,27.7,126,63,88,8.3
2024-12-28,74,34.4,78,26.3,102,51,71,8.4
2024-12-28,75,27.0,80,7.6,222,111,155,6.5
2024-12-28,76,26.1,53,28.3,215,107,150,9.0
2024-12-28,77,37.9,68,14.0,159,79,111,7.9
2024-12-28,78,20.1,47,4.4,199,99,139,6.8
2024-12-28,79,34.1,56,12.6,105,52,73,6.7
2024-12-28,80,21.9,89,13.3,243,121,170,8.4
2024-12-28,81,25.4,85,15.6,139,69,97,7.9
2024-12-28,82,36.3,87,22.3,236,118,165,7.6
2024-12-28,83,32.9,47,7.3,235,117,164,9.0
2024-12-28,84,29.6,46,2.8,148,74,103,4.9
2024-12-28,85,23.7,54,21.4,115,57,80,6.0
2024-12-28,86,33.4,56,16.6,229,114,160,8.7
2024-12-28,87,33.6,83,24.1,180,90,125,5.6
2024-12-28,88,34.2,51,26.2,90,45,62,6.7
2024-12-28,89,24.8,63,29.7,125,62,87,6.1
2024-12-28,90,28.9,62,5.6,97,48,67,5.4
2024-12-28,91,25.6,51,14.5,114,57,79,7.1
2024-12-28,92,34.2,78,14.1,95,47,66,7.4
2024-12-28,93,36.8,72,19.9,213,106,149,6.1
2024-12-28,94,33.2,79,27.3,192,96,134,6.6
2024-12-28,95,29.1,57,4.8,156,78,109,6.0
2024-12-28,96,20.8,40,9.6,212,106,148,6.2
2024-12-28,97,23.5,41,4.5,130,65,91,5.8
2024-12-28,98,36.8,48,15.7,234,117,163,8.9
2024-12-28,99,30.9,57,27.2,152,76,106,6.9
2024-12-28,100,28.0,47,17.7,173,86,121,5.1
2024-12-29,1,31.2,53,7.3,234,117,163,7.2
2024-12-29,2,34.4,45,2.5,178,89,124,7.0
2024-12-29,3,26.3,61,20.2,181,90,126,7.2
2024-12-29,4,34.6,45,6.5,145,72,101,5.9
2024-12-29,5,27.8,85,2.2,130,65,91,8.2
2024-12-29,6,30.3,41,10.9,131,65,91,8.2
2024-12-29,7,25.7,49,10.9,231,115,161,7.2
2024-12-29,8,23.7,52,3.7,164,82,114,7.6
2024-12-29,9,23.4,86,28.3,162,81,113,7.3
2024-12-29,10,24.5,82,4.2,106,53,74,7.4
2024-12-29,11,27.3,42,27.3,235,117,164,5.7
2024-12-29,12,26.9,71,2.4,159,79,111,5.5
2024-12-29,13,29.3,86,11.0,234,117,163,8.4
2024-12-29,14,33.6,46,28.8,142,71,99,7.9
2024-12-29,15,29.0,57,19.3,132,66,92,6.4
2024-12-29,16,34.5,43,10.1,164,82,114,7.2
2024-12-29,17,27.4,82,15.7,249,124,174,5.5
2024-12-29,18,24.9,69,3.5,227,113,158,7.4
2024-12-29,19,34.5,73,25.5,227,113,158,6.2
2024-12-29,20,23.6,57,29.3,99,49,69,6.7
2024-12-29,21,33.8,82,16.7,230,115,161,8.2
2024-12-29,22,28.7,64,1.8,182,91,127,5.3
2024-12-29,23,32.1,79,15.8,161,80,112,9.0
2024-12-29,24,34.7,82,11.8,163,81,114,6.8
2024-12-29,25,34.1,58,17.9,123,61,86,7.0
2024-12-29,26,29.4,56,24.6,94,47,65,7.9
2024-12-29,27,23.0,73,2.9,155,77,108,7.6
2024-12-29,28,24.0,83,16.4,124,62,86,5.0
2024-12-29,29,35.3,78,19.9,92,46,64,4.8
2024-12-29,30,36.5,58,7.9,172,86,120,6.0
2024-12-29,31,25.4,52,15.7,107,53,74,5.3
2024-12-29,32,38.0,47,28.4,127,63,88,6.6
2024-12-29,33,25.3,52,3.3,118,59,82,8.7
2024-12-29,34,31.0,66,14.0,157,78,109,5.4
2024-12-29,35,29.3,76,7.3,221,110,154,5.6
2024-12-29,36,37.7,50,12.0,184,92,128,8.6
2024-12-29,37,20.1,78,20.6,91,45,63,7.2
2024-12-29,38,33.7,84,15.3,169,84,118,8.6
2024-12-29,39,35.5,46,14.8,249,124,174,6.5
2024-12-29,40,32.1,45,15.8,207,103,144,7.5
2024-12-29,41,29.8,61,19.5,218,109,152,6.3
2024-12-29,42,25.0,59,29.9,118,59,82,8.7
2024-12-29,43,23.3,84,26.8,220,110,154,5.8
2024-12-29,44,24.3,56,22.0,134,67,93,8.3
2024-12-29,45,34.2,85,24.6,102,51,71,8.2
2024-12-29,46,30.0,43,22.0,235,117,164,5.5
2024-12-29,47,22.9,57,13.4,190,95,133,5.3
2024-12-29,48,28.0,42,0.8,212,106,148,7.2
2024-12-29,49,27.1,76,28.0,170,85,118,8.4
2024-12-29,50,23.1,64,26.1,245,122,171,6.1
2024-12-29,51,21.0,76,27.1,145,72,101,6.6
2024-12-29,52,37.2,58,29.9,138,69,96,6.1
2024-12-29,53,33.0,84,10.1,126,63,88,6.8
2024-12-29,54,23.9,71,6.7,147,73,102,5.7
2024-12-29,55,28.9,56,5.9,235,117,164,6.1
2024-12-29,56,37.1,69,10.6,105,52,73,6.2
2024-12-29,57,37.1,43,0.8,232,116,162,6.2
2024-12-29,58,21.9,87,24.3,174,87,121,7.7
2024-12-29,59,23.4,41,8.1,245,122,171,7.2
2024-12-29,60,28.7,89,3.0,161,80,112,7.1
2024-12-29,61,27.3,89,27.4,117,58,81,7.1
2024-12-29,62,21.9,40,18.2,180,90,125,7.0
2024-12-29,63,27.3,85,19.6,208,104,145,7.7
2024-12-29,64,33.9,61,13.8,225,112,157,7.3
2024-12-29,65,23.7,54,1.3,124,62,86,8.0
2024-12-29,66,21.2,53,13.5,133,66,93,5.4
2024-12-29,67,24.0,74,22.5,159,79,111,8.0
2024-12-29,68,26.2,46,5.8,169,84,118,7.8
2024-12-29,69,32.2,61,17.5,157,78,109,8.3
2024-12-29,70,20.0,52,6.5,176,88,123,7.9
2024-12-29,71,22.7,63,29.0,136,68,95,5.4
2024-12-29,72,35.0,75,2.9,131,65,91,7.1
2024-12-29,73,21.0,65,26.0,159,79,111,8.4
2024-12-29,74,22.0,52,30.0,111,55,77,7.9
2024-12-29,75,27.4,60,16.3,134,67,93,6.2
2024-12-29,76,20.7,86,0.7,161,80,112,8.9
2024-12-29,77,27.0,63,27.2,143,71,100,7.4
2024-12-29,78,34.1,73,3.6,123,61,86,6.5
2024-12-29,79,21.8,52,30.0,142,71,99,6.9
2024-12-29,80,31.9,75,23.9,184,92,128,8.3
2024-12-29,81,27.4,43,10.8,123,61,86,8.0
2024-12-29,82,37.9,86,6.0,177,88,123,7.0
2024-12-29,83,25.2,56,22.6,181,90,126,9.0
2024-12-29,84,31.0,72,13.8,221,110,154,5.1
2024-12-29,85,29.4,63,11.3,136,68,95,6.4
2024-12-29,86,28.9,69,1.0,248,124,173,8.2
2024-12-29,87,35.9,53,0.0,246,123,172,5.7
2024-12-29,88,32.2,75,1.8,199,99,139,6.9
2024-12-29,89,25.0,53,13.0,207,103,144,5.8
2024-12-29,90,34.3,66,17.3,91,45,63,5.7
2024-12-29,91,20.6,56,7.8,97,48,67,7.5
2024-12-29,92,27.5,75,14.6,128,64,89,7.6
2024-12-29,93,36.8,45,19.5,220,110,154,6.0
2024-12-29,94,31.8,67,26.2,225,112,157,6.4
2024-12-29,95,24.8,54,3.3,112,56,78,5.7
2024-12-29,96,35.2,81,10.7,93,46,65,6.5
2024-12-29,97,32.5,49,23.3,189,94,132,6.5
2024-12-29,98,23.4,83,2.8,228,114,159,8.9
2024-12-29,99,33.1,58,23.5,133,66,93,7.1
2024-12-29,100,32.5,74,19.2,192,96,134,5.5
2024-12-30,1,24.2,86,21.6,134,67,93,7.8
2024-12-30,2,22.2,40,16.2,143,71,100,6.6
2024-12-30,3,27.9,65,5.9,129,64,90,7.3
2024-12-30,4,36.4,51,26.4,244,122,170,5.6
2024-12-30,5,30.9,44,23.7,141,70,98,8.7
2024-12-30,6,20.9,87,28.0,127,63,88,8.2
2024-12-30,7,20.9,53,22.9,190,95,133,7.1
2024-12-30,8,20.2,82,2.3,173,86,121,7.6
2024-12-30,9,25.8,44,27.1,166,83,116,7.6
2024-12-30,10,26.0,54,0.8,172,86,120,7.6
2024-12-30,11,26.0,58,8.4,201,100,140,5.5
2024-12-30,12,27.9,43,17.6,95,47,66,5.2
2024-12-30,13,37.7,50,27.4,137,68,95,9.0
2024-12-30,14,22.0,58,1.9,148,74,103,7.9
2024-12-30,15,30.4,76,27.1,172,86,120,6.1
2024-12-30,16,32.4,79,12.1,203,101,142,7.5
2024-12-30,17,22.1,53,21.8,169,84,118,5.7
2024-12-30,18,25.4,83,19.0,192,96,134,7.0
2024-12-30,19,23.4,66,29.1,243,121,170,6.9
2024-12-30,20,23.5,74,10.9,106,53,74,7.5
2024-12-30,21,33.9,74,16.6,173,86,121,8.9
2024-12-30,22,22.0,48,28.4,164,82,114,5.2
2024-12-30,23,22.8,47,29.7,112,56,78,9.3
2024-12-30,24,32.2,77,13.4,157,78,109,6.6
2024-12-30,25,27.0,76,21.7,101,50,70,7.2
2024-12-30,26,30.5,85,29.7,173,86,121,8.5
2024-12-30,27,31.7,66,11.5,110,55,77,8.3
2024-12-30,28,26.8,74,23.6,232,116,162,5.2
2024-12-30,29,33.0,73,21.6,190,95,133,4.9
2024-12-30,30,34.4,69,14.4,169,84,118,5.7
2024-12-30,31,30.4,49,16.4,115,57,80,5.4
2024-12-30,32,26.7,79,29.0,162,81,113,7.2
2024-12-30,33,31.5,62,12.6,166,83,116,8.3
2024-12-30,34,29.9,78,10.3,144,72,100,5.9
2024-12-30,35,35.1,81,9.6,107,53,74,5.3
2024-12-30,36,26.8,80,2.0,122,61,85,8.7
2024-12-30,37,26.2,49,27.1,243,121,170,7.1
2024-12-30,38,36.7,73,6.9,243,121,170,8.3
2024-12-30,39,30.2,58,6.6,193,96,135,6.3
2024-12-30,40,33.9,78,21.8,123,61,86,7.6
2024-12-30,41,28.9,72,9.3,198,99,138,5.7
2024-12-30,42,29.2,53,2.9,125,62,87,8.9
2024-12-30,43,33.8,85,10.9,100,50,70,6.1
2024-12-30,44,23.4,63,20.6,157,78,109,8.4
2024-12-30,45,27.9,42,12.7,238,119,166,8.2
2024-12-30,46,20.4,41,29.9,226,113,158,5.0
2024-12-30,47,32.5,63,25.9,130,65,91,5.5
2024-12-30,48,32.3,49,23.2,184,92,128,7.3
2024-12-30,49,35.8,40,22.1,90,45,62,8.5
2024-12-30,50,22.9,73,29.5,208,104,145,5.7
2024-12-30,51,35.6,89,25.5,176,88,123,6.2
2024-12-30,52,28.7,82,14.2,184,92,128,6.2
2024-12-30,53,21.2,64,0.5,108,54,75,6.0
2024-12-30,54,36.7,78,7.0,205,102,143,5.5
2024-12-30,55,30.6,56,8.3,130,65,91,5.9
2024-12-30,56,31.9,62,11.3,215,107,150,5.9
2024-12-30,57,36.0,51,8.6,149,74,104,6.8
2024-12-30,58,36.4,89,11.2,102,51,71,7.4
2024-12-30,59,25.5,57,14.6,221,110,154,6.8
2024-12-30,60,26.4,83,28.1,99,49,69,7.0
2024-12-30,61,20.4,48,13.4,233,116,163,7.2
2024-12-30,62,27.2,52,24.9,167,83,116,7.1
2024-12-30,63,30.9,57,6.6,212,106,148,8.7
2024-12-30,64,30.8,51,18.9,196,98,137,6.9
2024-12-30,65,32.5,43,25.5,146,73,102,8.1
2024-12-30,66,35.7,61,11.2,156,78,109,5.9
2024-12-30,67,21.3,54,25.3,244,122,170,7.3
2024-12-30,68,22.9,62,15.6,122,61,85,8.5
2024-12-30,69,20.5,56,21.8,154,77,107,8.3
2024-12-30,70,21.1,42,11.7,133,66,93,8.3
2024-12-30,71,33.6,53,10.2,180,90,125,5.7
2024-12-30,72,26.2,56,27.1,170,85,118,6.2
2024-12-30,73,21.8,60,25.5,247,123,172,8.8
2024-12-30,74,36.9,73,4.6,162,81,113,8.1
2024-12-30,75,30.8,70,8.5,184,92,128,6.9
2024-12-30,76,26.2,62,24.7,91,45,63,8.6
2024-12-30,77,26.0,67,18.6,113,56,79,7.5
2024-12-30,78,31.3,81,29.5,102,51,71,7.2
2024-12-30,79,31.9,41,27.7,93,46,65,7.3
2024-12-30,80,32.5,78,7.4,225,112,157,8.4
2024-12-30,81,31.8,64,14.1,141,70,98,7.8
2024-12-30,82,20.9,75,2.1,136,68,95,7.1
2024-12-30,83,26.5,41,22.1,222,111,155,8.6
2024-12-30,84,22.0,89,6.3,241,120,168,5.7
2024-12-30,85,24.5,72,16.4,192,96,134,6.7
2024-12-30,86,29.4,54,11.4,198,99,138,7.9
2024-12-30,87,38.0,49,18.8,188,94,131,6.0
2024-12-30,88,35.7,44,25.4,104,52,72,6.5
2024-12-30,89,33.6,65,18.4,192,96,134,5.9
2024-12-30,90,32.7,74,15.8,137,68,95,5.4
2024-12-30,91,33.8,74,6.5,160,80,112,7.0
2024-12-30,92,20.9,63,29.0,133,66,93,7.6
2024-12-30,93,36.3,89,4.0,152,76,106,6.6
2024-12-30,94,23.0,60,11.5,187,93,130,6.4
2024-12-30,95,31.9,62,26.5,200,100,140,5.2
2024-12-30,96,20.8,67,11.1,165,82,115,6.4
2024-12-30,97,20.9,59,13.2,151,75,105,6.5
2024-12-30,98,26.8,47,25.1,181,90,126,8.5
2024-12-30,99,21.7,80,7.2,191,95,133,7.3
2024-12-30,100,21.1,80,3.6,139,69,97,5.7
2024-12-31,1,21.4,51,1.5,99,49,69,7.7
2024-12-31,2,22.7,74,11.1,155,77,108,7.2
2024-12-31,3,28.8,82,11.0,167,83,116,7.3
2024-12-31,4,36.2,83,3.5,123,61,86,5.8
2024-12-31,5,34.4,86,12.9,217,108,151,8.2
2024-12-31,6,34.2,59,14.7,186,93,130,8.8
2024-12-31,7,24.6,83,27.2,144,72,100,7.6
2024-12-31,8,23.6,45,21.0,143,71,100,7.9
2024-12-31,9,37.9,85,4.1,223,111,156,6.9
2024-12-31,10,25.0,64,28.4,245,122,171,8.0
2024-12-31,11,37.2,62,20.9,185,92,129,5.4
2024-12-31,12,32.5,72,23.9,172,86,120,5.2
2024-12-31,13,25.4,56,6.9,231,115,161,9.0
2024-12-31,14,35.3,85,28.9,137,68,95,8.3
2024-12-31,15,37.3,59,11.3,148,74,103,6.6
2024-12-31,16,22.0,78,24.8,149,74,104,7.6
2024-12-31,17,35.3,79,16.7,213,106,149,5.7
2024-12-31,18,21.3,46,11.7,146,73,102,7.4
2024-12-31,19,25.5,82,17.6,204,102,142,6.9
2024-12-31,20,34.5,69,29.4,209,104,146,6.6
2024-12-31,21,27.2,87,3.2,209,104,146,8.8
2024-12-31,22,32.8,88,24.6,104,52,72,5.1
2024-12-31,23,32.0,64,0.3,154,77,107,9.1
2024-12-31,24,34.5,53,2.9,148,74,103,6.8
2024-12-31,25,37.2,71,14.8,117,58,81,7.7
2024-12-31,26,25.5,78,14.9,229,114,160,8.4
2024-12-31,27,27.5,73,3.1,111,55,77,8.2
2024-12-31,28,20.6,42,19.0,136,68,95,5.0
2024-12-31,29,26.7,56,2.2,230,115,161,5.0
2024-12-31,30,28.1,82,0.7,202,101,141,6.1
2024-12-31,31,32.9,67,15.0,208,104,145,4.8
2024-12-31,32,22.2,57,28.1,226,113,158,7.0
2024-12-31,33,37.4,69,1.5,186,93,130,9.0
2024-12-31,34,28.5,48,6.5,142,71,99,5.7
2024-12-31,35,35.8,81,19.6,158,79,110,5.4
2024-12-31,36,22.4,54,11.1,130,65,91,8.8
2024-12-31,37,32.2,40,13.4,215,107,150,6.9
2024-12-31,38,36.3,55,14.1,148,74,103,8.8
2024-12-31,39,36.4,64,22.9,213,106,149,6.8
2024-12-31,40,25.6,53,27.6,127,63,88,7.4
2024-12-31,41,27.4,44,13.3,146,73,102,6.3
2024-12-31,42,34.7,79,1.1,155,77,108,8.7
2024-12-31,43,36.4,85,26.3,226,113,158,6.2
2024-12-31,44,30.8,85,8.7,128,64,89,9.1
2024-12-31,45,32.7,75,10.0,186,93,130,7.7
2024-12-31,46,24.3,78,13.2,202,101,141,5.7
2024-12-31,47,21.1,76,21.7,230,115,161,5.6
2024-12-31,48,22.6,77,10.0,135,67,94,7.4
2024-12-31,49,24.7,64,6.9,200,100,140,8.8
2024-12-31,50,31.1,43,0.6,102,51,71,5.9
2024-12-31,51,37.7,56,14.5,205,102,143,6.9
2024-12-31,52,28.4,48,23.3,109,54,76,6.2
2024-12-31,53,37.2,65,1.4,151,75,105,6.5
2024-12-31,54,27.5,88,7.6,242,121,169,5.2
2024-12-31,55,35.5,65,15.6,147,73,102,6.0
2024-12-31,56,29.6,58,17.3,214,107,149,5.7
2024-12-31,57,20.4,60,12.9,236,118,165,6.9
2024-12-31,58,28.4,61,18.7,153,76,107,7.9
2024-12-31,59,31.5,58,3.9,96,48,67,6.9
2024-12-31,60,35.5,45,26.7,175,87,122,6.2
2024-12-31,61,25.6,82,4.9,153,76,107,6.4
2024-12-31,62,29.7,56,18.1,208,104,145,7.1
2024-12-31,63,36.1,49,16.9,107,53,74,8.1
2024-12-31,64,29.3,83,15.7,244,122,170,7.2
2024-12-31,65,20.8,58,29.4,160,80,112,7.4
2024-12-31,66,22.6,55,14.4,228,114,159,5.7
2024-12-31,67,35.6,78,27.0,169,84,118,7.4
2024-12-31,68,37.5,56,19.6,243,121,170,8.0
2024-12-31,69,25.7,54,19.6,238,119,166,8.7
2024-12-31,70,25.3,83,29.6,205,102,143,7.7
2024-12-31,71,20.9,62,21.9,235,117,164,6.0
2024-12-31,72,22.7,79,17.5,245,122,171,6.6
2024-12-31,73,37.2,69,2.8,91,45,63,8.6
2024-12-31,74,21.6,40,13.2,152,76,106,8.0
2024-12-31,75,32.4,84,15.9,126,63,88,6.3
2024-12-31,76,26.5,55,18.6,223,111,156,8.2
2024-12-31,77,34.3,49,15.6,91,45,63,7.2
2024-12-31,78,30.6,66,23.4,240,120,168,7.0
2024-12-31,79,34.4,60,22.5,114,57,79,6.6
2024-12-31,80,37.4,50,14.7,126,63,88,8.0
2024-12-31,81,24.3,48,19.1,216,108,151,7.9
2024-12-31,82,21.7,45,1.1,240,120,168,7.1
2024-12-31,83,35.8,84,16.9,132,66,92,8.7
2024-12-31,84,22.0,66,11.3,186,93,130,5.1
2024-12-31,85,21.1,47,28.5,94,47,65,6.0
2024-12-31,86,24.0,48,17.5,96,48,67,8.4
2024-12-31,87,23.7,42,8.3,94,47,65,5.6
2024-12-31,88,37.0,86,16.4,244,122,170,6.5
2024-12-31,89,23.9,88,11.2,157,78,109,5.9
2024-12-31,90,29.6,64,12.1,195,97,136,6.0
2024-12-31,91,20.1,70,6.0,190,95,133,7.2
2024-12-31,92,37.1,77,24.3,111,55,77,8.1
2024-12-31,93,22.3,82,26.9,107,53,74,5.8
2024-12-31,94,20.2,51,27.5,239,119,167,6.2
2024-12-31,95,24.7,63,12.7,93,46,65,5.1
2024-12-31,96,33.0,44,20.1,169,84,118,6.0
2024-12-31,97,37.2,58,21.8,241,120,168,6.3
2024-12-31,98,22.7,46,24.9,167,83,116,8.4
2024-12-31,99,31.8,61,0.0,228,114,159,7.5
2024-12-31,100,34.0,83,26.9,239,119,167,5.7
2025-01-01,1,29.2,74,6.0,172,86,120,7.6
2025-01-01,2,24.0,65,25.9,150,75,105,7.4
2025-01-01,3,26.7,54,9.3,155,77,108,7.3
2025-01-01,4,26.9,54,29.1,96,48,67,5.5
2025-01-01,5,23.5,81,23.4,119,59,83,8.6
2025-01-01,6,33.6,64,12.4,162,81,113,8.3
2025-01-01,7,20.8,85,5.8,174,87,121,7.1
2025-01-01,8,37.8,47,11.8,244,122,170,7.2
2025-01-01,9,31.6,50,19.8,110,55,77,7.4
2025-01-01,10,26.0,71,20.1,166,83,116,8.1
2025-01-01,11,29.9,73,2.7,154,77,107,5.5
2025-01-01,12,26.1,70,15.6,230,115,161,6.0
2025-01-01,13,20.6,62,11.6,130,65,91,8.6
2025-01-01,14,26.0,75,26.9,242,121,169,8.0
2025-01-01,15,36.3,42,18.4,208,104,145,6.2
2025-01-01,16,32.3,43,23.1,148,74,103,7.4
2025-01-01,17,34.8,69,22.3,92,46,64,5.8
2025-01-01,18,35.9,40,24.2,166,83,116,7.1
2025-01-01,19,24.6,71,17.0,151,75,105,6.5
2025-01-01,20,32.1,53,28.5,248,124,173,7.4
2025-01-01,21,34.9,58,13.7,192,96,134,8.1
2025-01-01,22,33.8,57,5.7,98,49,68,5.8
2025-01-01,23,28.4,40,5.1,182,91,127,9.1
2025-01-01,24,33.3,74,4.1,124,62,86,7.2
2025-01-01,25,25.7,61,8.7,235,117,164,7.0
2025-01-01,26,28.1,73,0.3,186,93,130,8.7
2025-01-01,27,29.8,54,12.2,109,54,76,7.9
2025-01-01,28,21.5,43,17.4,244,122,170,5.9
2025-01-01,29,24.9,64,22.1,134,67,93,5.3
2025-01-01,30,23.0,74,0.8,180,90,125,5.3
2025-01-01,31,31.4,48,23.7,108,54,75,5.4
2025-01-01,32,34.2,60,5.4,224,112,156,6.9
2025-01-01,33,32.2,67,22.2,179,89,125,8.9
2025-01-01,34,31.9,56,30.0,138,69,96,5.4
2025-01-01,35,25.1,73,5.3,247,123,172,5.4
2025-01-01,36,24.3,48,18.8,236,118,165,8.5
2025-01-01,37,37.8,43,11.0,229,114,160,7.4
2025-01-01,38,29.6,54,21.9,202,101,141,8.8
2025-01-01,39,23.2,44,27.8,190,95,133,7.1
2025-01-01,40,28.4,85,9.8,157,78,109,6.8
2025-01-01,41,27.3,77,3.1,116,58,81,5.6
2025-01-01,42,30.9,53,18.9,134,67,93,8.9
2025-01-01,43,25.7,41,9.0,109,54,76,5.8
2025-01-01,44,30.5,82,5.7,90,45,62,8.8
2025-01-01,45,36.4,53,26.7,226,113,158,8.1
2025-01-01,46,29.4,79,16.3,203,101,142,5.5
2025-01-01,47,26.3,48,23.7,123,61,86,5.3
2025-01-01,48,29.0,57,29.7,232,116,162,7.4
2025-01-01,49,29.3,68,9.9,112,56,78,9.0
2025-01-01,50,24.9,61,19.7,121,60,84,6.1
2025-01-01,51,27.6,71,14.5,102,51,71,6.8
2025-01-01,52,21.8,48,9.4,156,78,109,5.5
2025-01-01,53,36.1,71,2.3,194,97,135,6.8
2025-01-01,54,22.1,40,0.7,195,97,136,5.7
2025-01-01,55,21.4,79,29.5,158,79,110,6.3
2025-01-01,56,37.4,47,22.5,96,48,67,6.5
2025-01-01,57,36.4,71,12.4,159,79,111,6.9
2025-01-01,58,20.2,81,14.2,248,124,173,7.5
2025-01-01,59,21.8,52,9.8,146,73,102,7.0
2025-01-01,60,24.7,49,6.9,162,81,113,6.1
2025-01-01,61,21.6,76,11.7,91,45,63,7.1
2025-01-01,62,34.8,44,9.5,126,63,88,7.0
2025-01-01,63,36.4,81,3.2,114,57,79,8.1
2025-01-01,64,23.2,76,0.8,116,58,81,6.9
2025-01-01,65,29.9,73,28.9,221,110,154,7.1
2025-01-01,66,28.2,75,9.7,101,50,70,5.4
2025-01-01,67,24.0,74,5.1,240,120,168,7.3
2025-01-01,68,30.6,40,5.0,208,104,145,8.2
2025-01-01,69,30.2,48,24.9,232,116,162,8.0
2025-01-01,70,36.2,87,5.7,217,108,151,8.0
2025-01-01,71,33.7,56,10.4,221,110,154,6.0
2025-01-01,72,31.1,64,19.9,137,68,95,6.4
2025-01-01,73,24.8,46,18.2,124,62,86,8.4
2025-01-01,74,27.3,59,26.2,108,54,75,8.6
2025-01-01,75,21.4,73,14.4,132,66,92,6.4
2025-01-01,76,20.9,76,14.3,103,51,72,8.9
2025-01-01,77,32.4,41,6.0,122,61,85,7.5
2025-01-01,78,21.6,72,26.5,153,76,107,6.8
2025-01-01,79,28.1,76,10.2,159,79,111,7.2
2025-01-01,80,35.2,63,28.3,144,72,100,7.6
2025-01-01,81,20.8,42,1.8,208,104,145,7.2
2025-01-01,82,25.1,61,17.0,241,120,168,7.9
2025-01-01,83,30.5,72,16.3,239,119,167,8.3
2025-01-01,84,28.3,76,24.4,212,106,148,4.8
2025-01-01,85,37.4,58,14.8,246,123,172,6.0
2025-01-01,86,31.7,53,17.0,160,80,112,7.8
2025-01-01,87,35.0,88,7.0,225,112,157,6.0
2025-01-01,88,24.1,84,5.1,120,60,84,6.8
2025-01-01,89,36.0,87,12.7,156,78,109,6.4
2025-01-01,90,21.8,43,26.4,187,93,130,5.5
2025-01-01,91,31.7,45,14.2,107,53,74,7.4
2025-01-01,92,37.7,49,22.1,112,56,78,8.3
2025-01-01,93,32.4,58,19.9,102,51,71,6.4
2025-01-01,94,31.3,50,29.7,140,70,98,6.4
2025-01-01,95,34.9,71,11.0,191,95,133,5.2
2025-01-01,96,26.2,53,16.1,195,97,136,5.8
2025-01-01,97,35.1,81,18.4,168,84,117,6.5
2025-01-01,98,24.4,65,0.2,141,70,98,8.9
2025-01-01,99,30.5,43,11.8,244,122,170,7.2
2025-01-01,100,20.9,42,28.6,155,77,108,5.9
2025-01-02,1,32.7,45,7.4,187,93,130,8.1
2025-01-02,2,31.1,42,20.9,105,52,73,7.3
2025-01-02,3,35.4,50,17.1,247,123,172,7.3
2025-01-02,4,20.0,47,9.1,203,101,142,6.0
2025-01-02,5,35.2,67,1.6,99,49,69,8.6
2025-01-02,6,32.6,76,8.0,145,72,101,8.4
2025-01-02,7,29.1,69,29.1,217,108,151,7.2
2025-01-02,8,27.5,50,12.7,134,67,93,7.5
2025-01-02,9,24.8,71,11.7,99,49,69,7.0
2025-01-02,10,33.9,52,18.2,217,108,151,7.7
2025-01-02,11,27.4,58,28.9,224,112,156,5.4
2025-01-02,12,27.0,85,25.2,137,68,95,5.6
2025-01-02,13,35.3,43,12.4,158,79,110,8.1
2025-01-02,14,24.6,68,23.3,119,59,83,8.3
2025-01-02,15,20.7,80,25.9,132,66,92,6.3
2025-01-02,16,36.3,79,20.0,151,75,105,8.0
2025-01-02,17,26.1,54,15.6,108,54,75,5.5
2025-01-02,18,26.3,77,3.9,92,46,64,6.9
2025-01-02,19,25.8,77,28.6,127,63,88,6.9
2025-01-02,20,26.8,74,12.0,137,68,95,6.7
2025-01-02,21,30.2,66,29.6,247,123,172,8.3
2025-01-02,22,33.9,68,12.4,232,116,162,5.5
2025-01-02,23,29.2,65,22.2,156,78,109,8.6
2025-01-02,24,30.0,52,21.5,185,92,129,6.8
2025-01-02,25,31.6,75,19.1,213,106,149,7.5
2025-01-02,26,23.3,80,2.6,92,46,64,8.2
2025-01-02,27,27.0,57,19.4,189,94,132,8.0
2025-01-02,28,25.4,88,1.7,226,113,158,5.4
2025-01-02,29,25.3,54,14.1,197,98,137,5.6
2025-01-02,30,27.0,78,5.3,95,47,66,5.7
2025-01-02,31,34.4,77,12.5,194,97,135,5.6
2025-01-02,32,24.6,66,24.5,169,84,118,7.4
2025-01-02,33,27.5,54,14.1,149,74,104,8.9
2025-01-02,34,23.9,69,15.2,231,115,161,5.1
2025-01-02,35,25.0,44,12.8,223,111,156,5.1
2025-01-02,36,36.4,78,7.8,133,66,93,8.1
2025-01-02,37,30.1,66,20.5,218,109,152,7.7
2025-01-02,38,26.1,72,24.3,192,96,134,8.3
2025-01-02,39,29.6,56,25.0,175,87,122,6.5
2025-01-02,40,35.3,67,0.6,138,69,96,7.5
2025-01-02,41,22.1,86,5.8,112,56,78,5.9
2025-01-02,42,20.5,70,12.3,150,75,105,9.0
2025-01-02,43,36.2,56,19.5,189,94,132,6.5
2025-01-02,44,34.2,70,12.5,117,58,81,8.2
2025-01-02,45,37.1,73,20.3,98,49,68,8.1
2025-01-02,46,26.1,51,1.3,248,124,173,5.6
2025-01-02,47,26.0,46,15.0,94,47,65,5.6
2025-01-02,48,31.9,77,16.7,240,120,168,7.8
2025-01-02,49,26.0,75,21.6,231,115,161,9.0
2025-01-02,50,20.0,81,19.3,136,68,95,6.0
2025-01-02,51,27.0,75,21.1,105,52,73,6.3
2025-01-02,52,36.6,47,13.7,238,119,166,5.5
2025-01-02,53,27.7,69,13.6,127,63,88,6.3
2025-01-02,54,27.3,49,24.6,230,115,161,5.7
2025-01-02,55,26.8,70,24.4,134,67,93,6.8
2025-01-02,56,21.8,58,6.0,247,123,172,6.4
2025-01-02,57,35.2,76,25.2,178,89,124,6.5
2025-01-02,58,21.1,44,13.8,175,87,122,7.5
2025-01-02,59,33.7,64,12.8,205,102,143,7.4
2025-01-02,60,32.6,87,20.8,144,72,100,6.2
2025-01-02,61,31.4,85,25.1,181,90,126,6.9
2025-01-02,62,33.8,72,6.9,211,105,147,6.8
2025-01-02,63,25.9,50,10.3,106,53,74,8.1
2025-01-02,64,24.2,65,11.7,105,52,73,6.8
2025-01-02,65,20.9,65,2.7,145,72,101,7.9
2025-01-02,66,27.5,62,18.2,224,112,156,6.1
2025-01-02,67,27.4,76,14.3,134,67,93,7.4
2025-01-02,68,20.0,69,5.0,113,56,79,8.7
2025-01-02,69,25.8,84,6.5,128,64,89,7.9
2025-01-02,70,20.5,46,27.0,98,49,68,8.2
2025-01-02,71,20.2,41,22.2,94,47,65,5.6
2025-01-02,72,31.4,65,19.2,162,81,113,6.8
2025-01-02,73,21.9,78,2.6,114,57,79,8.3
2025-01-02,74,38.0,86,5.2,150,75,105,8.6
2025-01-02,75,30.9,50,10.8,90,45,62,6.2
2025-01-02,76,31.2,84,6.7,106,53,74,8.7
2025-01-02,77,28.8,86,10.5,148,74,103,7.5
2025-01-02,78,23.7,50,5.4,195,97,136,6.7
2025-01-02,79,29.8,89,0.2,192,96,134,6.5
2025-01-02,80,37.4,87,22.4,238,119,166,8.2
2025-01-02,81,29.3,40,8.5,144,72,100,7.7
2025-01-02,82,24.4,47,27.0,198,99,138,7.0
2025-01-02,83,28.1,69,21.4,238,119,166,8.3
2025-01-02,84,25.1,46,25.5,170,85,118,5.4
2025-01-02,85,32.3,76,9.4,134,67,93,6.8
2025-01-02,86,32.4,64,19.6,208,104,145,8.2
2025-01-02,87,32.8,46,3.5,149,74,104,5.5
2025-01-02,88,35.4,55,0.2,185,92,129,7.1
2025-01-02,89,24.6,75,13.6,228,114,159,5.7
2025-01-02,90,24.6,61,14.8,192,96,134,5.3
2025-01-02,91,35.4,40,22.5,169,84,118,6.7
2025-01-02,92,23.8,45,3.9,237,118,165,7.7
2025-01-02,93,30.1,55,26.0,244,122,170,6.5
2025-01-02,94,36.4,87,5.2,200,100,140,6.7
2025-01-02,95,35.3,80,3.2,183,91,128,5.5
2025-01-02,96,36.4,51,5.2,193,96,135,5.6
2025-01-02,97,32.3,78,15.8,116,58,81,6.5
2025-01-02,98,23.4,54,15.2,153,76,107,9.3
2025-01-02,99,20.8,86,5.0,109,54,76,7.0
2025-01-02,100,36.7,73,22.2,127,63,88,5.1
2025-01-03,1,26.7,51,28.3,212,106,148,7.3
2025-01-03,2,32.0,78,7.7,172,86,120,6.9
2025-01-03,3,24.3,45,11.9,201,100,140,7.2
2025-01-03,4,22.2,40,17.4,203,101,142,5.7
2025-01-03,5,30.8,61,2.0,191,95,133,8.3
2025-01-03,6,36.7,64,13.6,249,124,174,8.7
2025-01-03,7,31.1,59,6.8,117,58,81,8.1
2025-01-03,8,31.7,62,27.4,218,109,152,7.1
2025-01-03,9,28.6,83,25.1,153,76,107,7.3
2025-01-03,10,37.7,56,28.2,217,108,151,7.9
2025-01-03,11,34.8,62,26.1,118,59,82,6.0
2025-01-03,12,21.7,73,24.6,143,71,100,5.2
2025-01-03,13,20.5,60,7.6,125,62,87,9.0
2025-01-03,14,33.4,55,25.3,129,64,90,7.7
2025-01-03,15,26.0,40,23.1,186,93,130,6.7
2025-01-03,16,25.9,58,29.3,222,111,155,8.0
2025-01-03,17,36.4,53,25.8,166,83,116,6.0
2025-01-03,18,26.1,71,23.8,207,103,144,7.4
2025-01-03,19,23.8,77,27.3,140,70,98,6.4
2025-01-03,20,33.4,78,3.9,218,109,152,6.8
2025-01-03,21,25.2,57,8.6,161,80,112,8.4
2025-01-03,22,24.2,81,18.7,169,84,118,5.6
2025-01-03,23,22.3,57,8.6,160,80,112,9.3
2025-01-03,24,37.5,81,9.1,145,72,101,6.5
2025-01-03,25,24.5,54,25.0,142,71,99,7.8
2025-01-03,26,24.3,67,10.4,133,66,93,8.2
2025-01-03,27,27.3,71,19.4,223,111,156,7.9
2025-01-03,28,26.1,63,5.0,120,60,84,5.0
2025-01-03,29,20.4,66,29.5,248,124,173,5.0
2025-01-03,30,33.7,81,17.3,209,104,146,5.5
2025-01-03,31,34.3,53,24.5,207,103,144,5.7
2025-01-03,32,30.2,76,13.2,133,66,93,6.9
2025-01-03,33,22.2,47,7.2,141,70,98,8.3
2025-01-03,34,36.0,86,9.7,232,116,162,6.0
2025-01-03,35,37.6,47,14.3,183,91,128,5.5
2025-01-03,36,36.6,80,17.4,133,66,93,8.4
2025-01-03,37,20.5,63,20.2,164,82,114,7.1
2025-01-03,38,37.1,40,7.2,159,79,111,8.8
2025-01-03,39,25.6,65,15.9,200,100,140,6.4
2025-01-03,40,35.5,54,20.5,135,67,94,7.4
2025-01-03,41,21.0,47,7.9,184,92,128,6.4
2025-01-03,42,20.2,43,15.3,114,57,79,8.2
2025-01-03,43,21.1,75,2.9,215,107,150,5.8
2025-01-03,44,21.6,75,15.7,116,58,81,8.5
2025-01-03,45,28.3,48,0.6,226,113,158,8.4
2025-01-03,46,21.0,69,9.5,144,72,100,5.8
2025-01-03,47,23.3,45,18.9,177,88,123,5.0
2025-01-03,48,35.8,61,3.6,241,120,168,8.0
2025-01-03,49,20.3,61,25.9,230,115,161,8.5
2025-01-03,50,27.4,63,11.4,106,53,74,5.8
2025-01-03,51,21.1,60,21.5,90,45,62,6.3
2025-01-03,52,20.5,63,1.3,91,45,63,6.4
2025-01-03,53,33.9,74,20.5,154,77,107,6.0
2025-01-03,54,23.7,55,1.9,92,46,64,5.9
2025-01-03,55,23.7,70,15.3,181,90,126,6.3
2025-01-03,56,20.3,61,0.4,246,123,172,5.5
2025-01-03,57,26.1,50,29.6,173,86,121,6.4
2025-01-03,58,27.6,72,11.5,123,61,86,7.8
2025-01-03,59,25.7,51,28.5,141,70,98,6.9
2025-01-03,60,31.4,46,3.2,214,107,149,6.5
2025-01-03,61,33.0,45,2.2,126,63,88,7.1
2025-01-03,62,31.7,41,23.0,160,80,112,7.1
2025-01-03,63,29.2,62,0.2,233,116,163,8.4
2025-01-03,64,28.9,60,27.0,229,114,160,6.3
2025-01-03,65,33.9,79,4.8,206,103,144,7.9
2025-01-03,66,36.3,67,8.6,148,74,103,6.1
2025-01-03,67,25.1,45,27.4,166,83,116,8.1
2025-01-03,68,22.3,43,2.8,142,71,99,8.6
2025-01-03,69,35.6,65,5.9,94,47,65,8.2
2025-01-03,70,34.8,41,5.5,184,92,128,8.2
2025-01-03,71,36.7,89,5.2,244,122,170,5.7
2025-01-03,72,27.2,64,21.2,247,123,172,7.0
2025-01-03,73,32.1,43,29.3,105,52,73,8.1
2025-01-03,74,29.7,80,5.2,177,88,123,7.9
2025-01-03,75,34.5,66,25.3,109,54,76,6.9
2025-01-03,76,22.8,59,4.0,215,107,150,8.8
2025-01-03,77,25.2,52,1.0,186,93,130,8.0
2025-01-03,78,36.9,67,9.7,178,89,124,7.1
2025-01-03,79,33.9,52,13.2,195,97,136,7.3
2025-01-03,80,28.3,68,19.9,145,72,101,8.3
2025-01-03,81,30.4,71,26.0,147,73,102,8.0
2025-01-03,82,29.3,60,4.9,104,52,72,7.5
2025-01-03,83,36.2,64,8.6,164,82,114,9.2
2025-01-03,84,31.4,67,24.0,137,68,95,5.7
2025-01-03,85,32.4,60,6.9,116,58,81,6.2
2025-01-03,86,32.0,57,13.7,173,86,121,8.8
2025-01-03,87,28.6,67,11.6,218,109,152,5.7
2025-01-03,88,26.4,65,5.7,165,82,115,6.6
2025-01-03,89,21.0,43,9.5,126,63,88,6.2
2025-01-03,90,30.7,54,2.1,134,67,93,6.0
2025-01-03,91,25.0,54,19.1,180,90,125,7.0
2025-01-03,92,20.5,54,11.8,168,84,117,8.3
2025-01-03,93,22.7,69,19.4,221,110,154,6.2
2025-01-03,94,29.1,79,9.0,240,120,168,6.9
2025-01-03,95,23.7,74,16.9,151,75,105,5.2
2025-01-03,96,33.6,46,16.8,102,51,71,6.5
2025-01-03,97,27.2,89,11.2,173,86,121,6.0
2025-01-03,98,36.7,57,23.4,194,97,135,9.1
2025-01-03,99,28.0,75,2.0,246,123,172,7.1
2025-01-03,100,26.5,69,14.9,181,90,126,6.0
2025-01-04,1,28.3,88,11.9,230,115,161,8.0
2025-01-04,2,35.1,40,28.5,99,49,69,6.8
2025-01-04,3,25.3,46,18.5,243,121,170,7.5
2025-01-04,4,24.7,74,12.4,116,58,81,5.4
2025-01-04,5,21.4,89,10.0,248,124,173,8.0
2025-01-04,6,30.9,41,26.1,92,46,64,8.1
2025-01-04,7,32.5,81,12.9,134,67,93,7.4
2025-01-04,8,32.6,59,18.2,132,66,92,7.7
2025-01-04,9,22.3,57,7.0,121,60,84,7.7
2025-01-04,10,30.4,41,24.5,175,87,122,7.2
2025-01-04,11,24.9,50,10.4,157,78,109,5.6
2025-01-04,12,20.8,70,5.8,245,122,171,5.8
2025-01-04,13,22.9,61,21.3,220,110,154,8.9
2025-01-04,14,35.8,59,15.1,160,80,112,8.3
2025-01-04,15,26.2,65,2.6,234,117,163,6.4
2025-01-04,16,20.9,73,3.1,149,74,104,7.2
2025-01-04,17,27.5,80,13.5,225,112,157,5.1
2025-01-04,18,35.0,64,13.0,224,112,156,6.5
2025-01-04,19,22.7,80,2.3,194,97,135,6.4
2025-01-04,20,32.5,83,15.1,175,87,122,7.1
2025-01-04,21,36.2,48,22.4,163,81,114,8.6
2025-01-04,22,37.1,85,13.4,165,82,115,5.4
2025-01-04,23,28.4,45,11.2,240,120,168,9.0
2025-01-04,24,25.8,73,18.7,233,116,163,6.4
2025-01-04,25,35.9,60,19.3,238,119,166,7.8
2025-01-04,26,20.1,73,3.6,149,74,104,8.5
2025-01-04,27,20.9,71,17.5,228,114,159,8.4
2025-01-04,28,27.2,65,4.8,131,65,91,5.3
2025-01-04,29,26.7,53,22.0,190,95,133,5.0
2025-01-04,30,26.0,79,20.6,247,123,172,5.9
2025-01-04,31,26.2,84,17.5,128,64,89,5.0
2025-01-04,32,28.0,84,24.6,233,116,163,6.9
2025-01-04,33,32.6,50,2.9,201,100,140,8.4
2025-01-04,34,32.1,42,12.5,105,52,73,5.3
2025-01-04,35,28.7,80,27.8,127,63,88,5.6
2025-01-04,36,30.3,84,0.9,108,54,75,8.6
2025-01-04,37,24.6,75,21.5,106,53,74,7.0
2025-01-04,38,23.3,60,25.2,118,59,82,8.9
2025-01-04,39,24.8,41,10.5,200,100,140,6.5
2025-01-04,40,32.6,64,20.1,238,119,166,7.2
2025-01-04,41,21.4,82,21.7,223,111,156,6.0
2025-01-04,42,36.3,66,5.4,152,76,106,8.5
2025-01-04,43,36.2,82,11.3,105,52,73,6.2
2025-01-04,44,28.7,48,22.2,206,103,144,8.3
2025-01-04,45,27.8,46,19.6,237,118,165,8.6
2025-01-04,46,35.9,43,7.3,219,109,153,5.8
2025-01-04,47,36.9,50,10.6,191,95,133,6.0
2025-01-04,48,29.6,66,29.2,117,58,81,7.2
2025-01-04,49,22.9,84,21.1,140,70,98,9.0
2025-01-04,50,36.6,65,26.5,214,107,149,6.0
2025-01-04,51,28.5,51,9.8,98,49,68,6.5
2025-01-04,52,22.0,88,26.1,179,89,125,5.4
2025-01-04,53,32.0,52,16.8,199,99,139,6.1
2025-01-04,54,22.1,54,24.6,238,119,166,5.1
2025-01-04,55,26.2,70,0.5,93,46,65,6.4
2025-01-04,56,27.8,49,9.5,156,78,109,5.6
2025-01-04,57,27.8,56,9.6,142,71,99,6.1
2025-01-04,58,30.8,43,14.3,191,95,133,7.6
2025-01-04,59,31.9,78,4.9,199,99,139,7.3
2025-01-04,60,29.2,62,11.5,215,107,150,6.9
2025-01-04,61,22.1,77,7.4,203,101,142,7.1
2025-01-04,62,21.6,60,11.0,232,116,162,6.7
2025-01-04,63,26.3,46,20.5,193,96,135,8.1
2025-01-04,64,24.5,71,13.8,121,60,84,6.6
2025-01-04,65,26.3,49,17.1,190,95,133,7.1
2025-01-04,66,31.5,42,14.4,187,93,130,5.8
2025-01-04,67,34.8,72,25.5,95,47,66,7.6
2025-01-04,68,29.3,70,25.5,245,122,171,8.8
2025-01-04,69,30.9,47,27.1,147,73,102,8.8
2025-01-04,70,34.8,40,28.7,99,49,69,7.8
2025-01-04,71,34.1,59,21.4,99,49,69,6.3
2025-01-04,72,36.1,73,28.0,123,61,86,6.5
2025-01-04,73,30.4,80,22.6,130,65,91,7.9
2025-01-04,74,26.9,75,21.7,203,101,142,8.3
2025-01-04,75,37.7,64,23.0,127,63,88,6.5
2025-01-04,76,35.4,58,23.1,202,101,141,8.4
2025-01-04,77,29.9,67,27.2,225,112,157,7.7
2025-01-04,78,34.6,62,15.8,112,56,78,6.4
2025-01-04,79,24.5,56,8.6,152,76,106,6.6
2025-01-04,80,24.4,68,23.2,116,58,81,7.8
2025-01-04,81,29.5,51,21.5,247,123,172,7.9
2025-01-04,82,35.5,62,18.2,218,109,152,7.6
2025-01-04,83,29.5,62,6.4,200,100,140,9.0
2025-01-04,84,37.5,40,4.9,247,123,172,5.5
2025-01-04,85,21.6,40,15.8,244,122,170,6.8
2025-01-04,86,26.6,84,6.2,151,75,105,8.2
2025-01-04,87,29.3,66,28.0,149,74,104,5.8
2025-01-04,88,30.5,54,28.8,128,64,89,6.9
2025-01-04,89,29.1,74,9.5,103,51,72,5.7
2025-01-04,90,24.4,78,27.5,153,76,107,6.0
2025-01-04,91,27.4,73,18.3,107,53,74,7.3
2025-01-04,92,31.1,57,3.6,157,78,109,8.3
2025-01-04,93,28.0,61,14.4,189,94,132,6.7
2025-01-04,94,30.2,72,19.5,173,86,121,6.9
2025-01-04,95,28.7,81,10.1,239,119,167,5.6
2025-01-04,96,21.8,87,21.6,216,108,151,6.6
2025-01-04,97,32.4,53,23.3,161,80,112,6.3
2025-01-04,98,30.2,61,6.6,161,80,112,9.1
2025-01-04,99,21.3,61,18.3,106,53,74,7.3
2025-01-04,100,32.7,87,9.1,232,116,162,5.1
2025-01-05,1,26.2,74,9.8,235,117,164,8.1
2025-01-05,2,35.1,76,23.3,163,81,114,7.3
2025-01-05,3,31.1,62,4.3,112,56,78,7.5
2025-01-05,4,28.7,70,14.9,91,45,63,6.1
2025-01-05,5,36.5,48,28.4,229,114,160,8.2
2025-01-05,6,31.6,59,8.4,124,62,86,8.1
2025-01-05,7,30.9,86,27.5,230,115,161,7.3
2025-01-05,8,27.0,64,27.9,205,102,143,7.6
2025-01-05,9,27.6,64,23.8,230,115,161,7.8
2025-01-05,10,31.7,48,7.7,189,94,132,7.5
2025-01-05,11,21.6,83,21.8,163,81,114,6.1
2025-01-05,12,29.6,63,12.1,202,101,141,6.1
2025-01-05,13,32.4,80,4.1,197,98,137,8.3
2025-01-05,14,37.5,87,28.0,127,63,88,7.8
2025-01-05,15,36.0,44,7.4,142,71,99,7.0
2025-01-05,16,25.8,49,18.2,195,97,136,7.9
2025-01-05,17,30.0,55,16.1,159,79,111,5.5
2025-01-05,18,35.1,75,14.2,117,58,81,7.5
2025-01-05,19,29.7,65,30.0,100,50,70,6.4
2025-01-05,20,37.9,88,8.1,194,97,135,6.6
2025-01-05,21,22.2,41,2.7,244,122,170,8.6
2025-01-05,22,36.5,74,10.1,235,117,164,5.1
2025-01-05,23,30.0,45,2.7,117,58,81,8.8
2025-01-05,24,34.7,54,26.2,134,67,93,6.8
2025-01-05,25,25.0,41,24.5,179,89,125,7.1
2025-01-05,26,27.1,67,28.1,93,46,65,8.7
2025-01-05,27,22.0,86,22.0,197,98,137,7.6
2025-01-05,28,33.2,88,20.6,126,63,88,5.7
2025-01-05,29,30.8,56,2.5,221,110,154,5.7
2025-01-05,30,36.8,53,25.5,138,69,96,6.0
2025-01-05,31,22.5,42,26.2,140,70,98,4.9
2025-01-05,32,36.5,65,24.0,203,101,142,7.3
2025-01-05,33,35.2,89,14.9,113,56,79,8.9
2025-01-05,34,28.8,84,25.0,159,79,111,5.8
2025-01-05,35,22.2,84,1.0,235,117,164,5.3
2025-01-05,36,20.4,76,22.9,247,123,172,8.7
2025-01-05,37,31.2,47,5.9,94,47,65,7.1
2025-01-05,38,28.3,77,23.9,144,72,100,8.3
2025-01-05,39,21.7,49,8.0,204,102,142,6.7
2025-01-05,40,29.8,65,8.5,189,94,132,7.2
2025-01-05,41,24.0,49,21.7,189,94,132,5.7
2025-01-05,42,26.0,77,20.7,154,77,107,8.7
2025-01-05,43,23.1,89,17.2,232,116,162,6.5
2025-01-05,44,21.5,44,28.9,170,85,118,8.3
2025-01-05,45,23.0,88,11.3,107,53,74,7.8
2025-01-05,46,32.7,44,10.2,209,104,146,5.3
2025-01-05,47,29.8,77,28.8,185,92,129,5.2
2025-01-05,48,36.5,75,5.4,220,110,154,7.6
2025-01-05,49,26.5,79,6.4,147,73,102,9.0
2025-01-05,50,25.4,50,0.3,220,110,154,5.9
2025-01-05,51,33.1,85,11.7,213,106,149,6.5
2025-01-05,52,27.9,75,24.0,115,57,80,5.5
2025-01-05,53,32.8,45,13.4,242,121,169,6.8
2025-01-05,54,26.3,85,16.2,101,50,70,5.8
2025-01-05,55,30.5,72,22.4,121,60,84,5.9
2025-01-05,56,21.8,74,11.1,124,62,86,5.7
2025-01-05,57,37.4,48,23.5,187,93,130,6.1
2025-01-05,58,22.6,76,10.1,99,49,69,7.9
2025-01-05,59,30.5,79,17.3,157,78,109,7.2
2025-01-05,60,26.2,68,1.1,94,47,65,6.5
2025-01-05,61,23.5,67,6.0,218,109,152,6.8
2025-01-05,62,26.3,75,27.4,231,115,161,6.7
2025-01-05,63,35.6,48,28.1,221,110,154,8.4
2025-01-05,64,21.0,56,8.8,147,73,102,6.5
2025-01-05,65,35.4,41,5.4,206,103,144,7.4
2025-01-05,66,33.5,50,5.8,213,106,149,5.5
2025-01-05,67,37.9,73,3.5,128,64,89,8.0
2025-01-05,68,37.2,56,20.9,244,122,170,8.1
2025-01-05,69,20.5,51,22.9,200,100,140,8.5
2025-01-05,70,36.6,57,11.2,217,108,151,7.5
2025-01-05,71,22.7,59,10.0,132,66,92,6.1
2025-01-05,72,27.5,87,8.6,239,119,167,6.3
2025-01-05,73,33.0,52,19.0,213,106,149,8.8
2025-01-05,74,29.2,53,10.2,197,98,137,8.8
2025-01-05,75,37.6,72,1.1,129,64,90,7.1
2025-01-05,76,31.9,44,1.1,185,92,129,8.8
2025-01-05,77,21.8,74,29.8,100,50,70,7.8
2025-01-05,78,36.3,75,1.2,218,109,152,6.7
2025-01-05,79,21.9,44,26.3,234,117,163,7.2
2025-01-05,80,29.8,70,15.9,152,76,106,8.2
2025-01-05,81,26.9,77,4.4,99,49,69,7.9
2025-01-05,82,25.9,57,8.3,176,88,123,7.6
2025-01-05,83,31.3,42,2.6,131,65,91,8.8
2025-01-05,84,25.5,50,3.3,117,58,81,5.6
2025-01-05,85,31.9,75,17.6,206,103,144,6.4
2025-01-05,86,25.8,43,2.1,172,86,120,8.0
2025-01-05,87,24.7,82,18.1,130,65,91,5.2
2025-01-05,88,29.5,50,10.3,148,74,103,6.8
2025-01-05,89,22.8,83,27.2,220,110,154,6.2
2025-01-05,90,20.5,63,26.3,110,55,77,5.7
2025-01-05,91,30.0,79,16.0,112,56,78,7.0
2025-01-05,92,30.1,60,7.4,232,116,162,7.5
2025-01-05,93,37.4,65,10.8,148,74,103,6.4
2025-01-05,94,26.3,41,5.9,183,91,128,6.2
2025-01-05,95,32.1,59,27.7,116,58,81,5.8
2025-01-05,96,24.7,55,10.5,191,95,133,5.8
2025-01-05,97,27.2,71,21.7,202,101,141,6.2
2025-01-05,98,24.8,71,9.5,144,72,100,8.4
2025-01-05,99,27.9,79,8.4,203,101,142,7.3
2025-01-05,100,22.9,77,21.6,123,61,86,5.5
2025-01-06,1,26.2,79,16.9,241,120,168,7.7
2025-01-06,2,26.3,65,29.1,173,86,121,7.4
2025-01-06,3,24.1,75,26.4,118,59,82,7.2
2025-01-06,4,20.3,50,1.5,228,114,159,5.8
2025-01-06,5,25.8,60,25.8,225,112,157,8.5
2025-01-06,6,27.8,49,8.1,102,51,71,8.8
2025-01-06,7,33.8,66,8.3,195,97,136,7.1
2025-01-06,8,30.4,76,14.5,117,58,81,7.9
2025-01-06,9,22.2,71,4.6,115,57,80,7.8
2025-01-06,10,21.4,68,28.1,210,105,147,7.9
2025-01-06,11,26.7,45,20.4,227,113,158,5.7
2025-01-06,12,21.7,81,3.3,145,72,101,5.4
2025-01-06,13,20.0,49,18.5,179,89,125,9.0
2025-01-06,14,27.9,85,29.6,129,64,90,7.8
2025-01-06,15,21.5,58,7.4,223,111,156,6.3
2025-01-06,16,28.4,89,3.3,146,73,102,7.4
2025-01-06,17,36.1,83,4.1,109,54,76,5.4
2025-01-06,18,30.3,41,21.0,200,100,140,7.0
2025-01-06,19,29.8,43,30.0,114,57,79,6.2
2025-01-06,20,22.4,48,0.7,115,57,80,6.7
2025-01-06,21,20.5,57,29.4,91,45,63,8.9
2025-01-06,22,20.3,55,4.1,164,82,114,5.3
2025-01-06,23,27.6,45,19.8,132,66,92,9.0
2025-01-06,24,29.4,48,6.0,206,103,144,6.4
2025-01-06,25,20.3,48,10.5,163,81,114,7.1
2025-01-06,26,26.8,70,21.3,235,117,164,8.2
2025-01-06,27,37.2,80,23.1,193,96,135,7.5
2025-01-06,28,27.7,43,28.0,236,118,165,5.5
2025-01-06,29,37.3,69,3.7,153,76,107,5.2
2025-01-06,30,23.8,42,16.2,190,95,133,5.3
2025-01-06,31,32.9,48,5.7,143,71,100,5.3
2025-01-06,32,37.5,72,13.0,191,95,133,6.4
2025-01-06,33,34.8,84,26.8,114,57,79,9.1
2025-01-06,34,22.4,52,26.8,123,61,86,5.6
2025-01-06,35,21.9,56,29.3,166,83,116,4.9
2025-01-06,36,30.3,81,0.6,177,88,123,8.4
2025-01-06,37,22.4,48,29.7,92,46,64,7.6
2025-01-06,38,34.2,57,19.4,156,78,109,8.6
2025-01-06,39,36.8,82,6.5,247,123,172,6.6
2025-01-06,40,27.2,85,25.6,91,45,63,7.6
2025-01-06,41,21.3,81,8.0,107,53,74,6.0
2025-01-06,42,29.9,80,5.9,207,103,144,8.6
2025-01-06,43,25.3,80,22.2,239,119,167,5.7
2025-01-06,44,22.9,75,15.2,150,75,105,8.6
2025-01-06,45,35.6,71,10.7,226,113,158,8.5
2025-01-06,46,22.6,52,19.1,211,105,147,5.5
2025-01-06,47,22.8,70,14.9,204,102,142,5.9
2025-01-06,48,35.9,59,25.5,222,111,155,7.3
2025-01-06,49,36.6,60,3.6,180,90,125,9.1
2025-01-06,50,23.8,63,20.4,151,75,105,5.7
2025-01-06,51,25.6,49,8.3,149,74,104,6.1
2025-01-06,52,33.3,85,23.6,226,113,158,5.5
2025-01-06,53,29.8,87,3.3,90,45,62,6.2
2025-01-06,54,21.9,48,1.2,134,67,93,5.7
2025-01-06,55,37.9,61,17.0,192,96,134,6.9
2025-01-06,56,33.8,81,26.7,170,85,118,6.3
2025-01-06,57,36.0,73,13.1,200,100,140,6.7
2025-01-06,58,28.0,73,25.8,226,113,158,7.6
2025-01-06,59,24.2,55,8.7,230,115,161,6.8
2025-01-06,60,28.2,74,26.6,96,48,67,6.3
2025-01-06,61,28.6,74,15.4,180,90,125,6.7
2025-01-06,62,23.6,53,2.4,246,123,172,7.1
2025-01-06,63,30.3,80,29.6,223,111,156,8.4
2025-01-06,64,20.7,59,6.9,240,120,168,7.0
2025-01-06,65,22.5,52,8.9,229,114,160,7.2
2025-01-06,66,27.6,41,20.0,158,79,110,5.9
2025-01-06,67,34.0,81,24.4,205,102,143,8.1
2025-01-06,68,21.6,79,21.1,191,95,133,7.8
2025-01-06,69,25.0,64,19.2,93,46,65,8.0
2025-01-06,70,31.5,56,12.9,95,47,66,8.1
2025-01-06,71,24.9,87,21.1,197,98,137,5.9
2025-01-06,72,32.8,65,5.2,93,46,65,6.4
2025-01-06,73,26.6,45,16.3,245,122,171,8.5
2025-01-06,74,30.9,85,27.2,222,111,155,8.7
2025-01-06,75,26.5,51,20.0,148,74,103,6.8
2025-01-06,76,31.8,41,28.0,153,76,107,9.1
2025-01-06,77,36.2,47,21.7,110,55,77,7.7
2025-01-06,78,36.2,54,13.9,131,65,91,6.5
2025-01-06,79,21.9,62,15.8,98,49,68,7.0
2025-01-06,80,22.7,57,18.4,92,46,64,8.4
2025-01-06,81,35.2,70,5.9,212,106,148,7.4
2025-01-06,82,33.0,44,10.3,147,73,102,7.1
2025-01-06,83,35.6,80,1.1,152,76,106,8.7
2025-01-06,84,30.3,83,27.1,111,55,77,5.3
2025-01-06,85,33.9,89,19.1,133,66,93,6.1
2025-01-06,86,25.2,78,2.6,226,113,158,8.3
2025-01-06,87,34.4,86,25.0,173,86,121,5.3
2025-01-06,88,29.6,46,22.1,147,73,102,6.8
2025-01-06,89,25.4,63,14.8,114,57,79,5.6
2025-01-06,90,34.1,83,19.3,151,75,105,5.7
2025-01-06,91,28.7,87,16.6,223,111,156,7.4
2025-01-06,92,32.9,56,23.1,189,94,132,7.5
2025-01-06,93,25.9,85,25.1,117,58,81,6.1
2025-01-06,94,21.5,50,8.5,247,123,172,6.4
2025-01-06,95,24.4,83,18.1,189,94,132,5.6
2025-01-06,96,29.2,73,0.6,125,62,87,6.3
2025-01-06,97,28.3,67,30.0,94,47,65,5.7
2025-01-06,98,32.1,75,13.5,146,73,102,9.1
2025-01-06,99,37.3,52,9.1,171,85,119,7.4
2025-01-06,100,20.7,40,8.5,123,61,86,5.6
2025-01-07,1,22.5,47,12.7,183,91,128,7.4
2025-01-07,2,22.5,75,11.0,206,103,144,6.8
2025-01-07,3,21.6,75,12.7,113,56,79,7.4
2025-01-07,4,27.2,71,11.2,247,123,172,6.4
2025-01-07,5,21.3,72,19.6,153,76,107,8.6
2025-01-07,6,33.2,78,0.2,166,83,116,8.6
2025-01-07,7,29.7,44,1.7,246,123,172,8.0
2025-01-07,8,33.0,75,29.7,164,82,114,7.7
2025-01-07,9,37.7,68,4.2,189,94,132,7.4
2025-01-07,10,30.3,58,23.3,224,112,156,7.8
2025-01-07,11,34.3,83,24.7,183,91,128,5.9
2025-01-07,12,33.8,40,14.8,154,77,107,5.6
2025-01-07,13,24.1,87,0.6,225,112,157,8.4
2025-01-07,14,25.3,43,17.4,225,112,157,7.7
2025-01-07,15,26.5,68,0.4,218,109,152,7.0
2025-01-07,16,23.6,68,8.8,134,67,93,8.1
2025-01-07,17,31.8,45,20.2,192,96,134,5.9
2025-01-07,18,32.1,81,27.9,116,58,81,6.9
2025-01-07,19,29.7,70,4.0,197,98,137,6.4
2025-01-07,20,23.7,50,17.0,146,73,102,6.7
2025-01-07,21,37.9,53,19.4,100,50,70,8.4
2025-01-07,22,28.0,41,20.4,199,99,139,5.2
2025-01-07,23,23.5,82,12.2,191,95,133,9.4
2025-01-07,24,22.2,56,16.8,164,82,114,7.0
2025-01-07,25,24.8,46,11.6,193,96,135,7.2
2025-01-07,26,20.7,68,19.4,210,105,147,8.3
2025-01-07,27,35.5,50,19.7,239,119,167,7.5
2025-01-07,28,35.4,87,9.3,159,79,111,5.8
2025-01-07,29,21.7,41,19.4,206,103,144,5.5
2025-01-07,30,30.6,60,29.5,187,93,130,6.0
2025-01-07,31,20.1,82,6.2,120,60,84,5.3
2025-01-07,32,24.7,67,9.9,176,88,123,7.1
2025-01-07,33,20.5,84,0.8,216,108,151,8.2
2025-01-07,34,34.1,56,16.0,125,62,87,5.4
2025-01-07,35,25.4,83,18.6,135,67,94,4.9
2025-01-07,36,23.9,82,4.1,239,119,167,8.8
2025-01-07,37,28.2,84,26.7,234,117,163,7.2
2025-01-07,38,29.8,89,17.8,101,50,70,8.8
2025-01-07,39,31.5,79,6.3,182,91,127,6.6
2025-01-07,40,36.8,83,19.4,163,81,114,7.4
2025-01-07,41,26.0,86,3.7,194,97,135,6.0
2025-01-07,42,23.5,73,17.8,240,120,168,9.0
2025-01-07,43,24.5,71,9.0,145,72,101,6.0
2025-01-07,44,25.6,47,21.1,223,111,156,8.4
2025-01-07,45,24.5,73,20.9,212,106,148,7.7
2025-01-07,46,31.7,82,12.7,237,118,165,5.3
2025-01-07,47,24.3,87,9.3,165,82,115,5.2
2025-01-07,48,32.1,82,1.2,134,67,93,7.8
2025-01-07,49,20.7,42,20.9,208,104,145,8.2
2025-01-07,50,37.7,40,27.7,237,118,165,5.6
2025-01-07,51,34.3,80,16.6,198,99,138,6.2
2025-01-07,52,32.2,46,11.8,216,108,151,6.3
2025-01-07,53,36.6,78,8.7,199,99,139,6.4
2025-01-07,54,29.5,57,21.9,159,79,111,5.8
2025-01-07,55,21.0,80,11.6,225,112,157,6.0
2025-01-07,56,36.5,68,5.6,107,53,74,6.5
2025-01-07,57,34.5,88,13.5,90,45,62,6.6
2025-01-07,58,24.1,62,8.7,204,102,142,7.5
2025-01-07,59,26.0,58,7.9,213,106,149,7.2
2025-01-07,60,32.8,76,15.6,157,78,109,7.1
2025-01-07,61,28.3,64,12.2,203,101,142,6.4
2025-01-07,62,33.1,60,8.3,176,88,123,7.0
2025-01-07,63,26.8,45,0.0,97,48,67,8.5
2025-01-07,64,27.9,47,4.5,99,49,69,6.6
2025-01-07,65,33.1,78,15.7,221,110,154,7.5
2025-01-07,66,30.8,55,3.7,110,55,77,6.0
2025-01-07,67,23.1,69,28.4,230,115,161,7.3
2025-01-07,68,30.4,73,2.7,213,106,149,7.8
2025-01-07,69,33.1,82,7.9,217,108,151,8.1
2025-01-07,70,36.4,55,15.1,173,86,121,7.9
2025-01-07,71,20.0,84,18.5,134,67,93,6.4
2025-01-07,72,27.7,81,11.3,240,120,168,7.0
2025-01-07,73,22.6,82,23.3,242,121,169,8.3
2025-01-07,74,22.0,75,22.7,168,84,117,8.6
2025-01-07,75,20.1,43,16.1,117,58,81,6.5
2025-01-07,76,21.8,59,3.6,161,80,112,8.4
2025-01-07,77,37.9,88,21.5,132,66,92,7.5
2025-01-07,78,21.7,85,21.5,229,114,160,6.7
2025-01-07,79,34.9,85,5.9,233,116,163,7.0
2025-01-07,80,35.2,55,8.7,213,106,149,7.7
2025-01-07,81,33.4,61,12.1,217,108,151,7.2
2025-01-07,82,32.7,44,4.5,174,87,121,7.7
2025-01-07,83,33.1,42,8.5,142,71,99,9.0
2025-01-07,84,32.0,73,17.0,246,123,172,5.3
2025-01-07,85,23.4,67,21.1,169,84,118,6.4
2025-01-07,86,26.7,48,14.6,231,115,161,8.6
2025-01-07,87,36.5,62,13.5,113,56,79,5.2
2025-01-07,88,20.1,44,20.1,136,68,95,6.5
2025-01-07,89,36.9,73,22.6,181,90,126,5.5
2025-01-07,90,35.4,49,11.1,134,67,93,5.8
2025-01-07,91,36.7,48,27.6,127,63,88,7.4
2025-01-07,92,37.6,87,3.3,238,119,166,7.3
2025-01-07,93,36.8,81,2.3,101,50,70,6.4
2025-01-07,94,33.0,75,28.4,224,112,156,6.7
2025-01-07,95,26.5,41,19.4,173,86,121,5.4
2025-01-07,96,29.8,86,12.1,132,66,92,6.0
2025-01-07,97,28.9,43,22.5,111,55,77,6.5
2025-01-07,98,27.4,41,16.3,187,93,130,9.3
2025-01-07,99,25.8,55,23.8,247,123,172,7.7
2025-01-07,100,32.6,66,15.1,227,113,158,5.1
2025-01-08,1,37.5,70,4.5,163,81,114,7.7
2025-01-08,2,36.9,62,6.0,199,99,139,7.2
2025-01-08,3,27.0,66,23.7,219,109,153,7.6
2025-01-08,4,23.7,58,27.1,231,115,161,5.4
2025-01-08,5,30.7,82,0.4,115,57,80,8.4
2025-01-08,6,29.9,84,24.4,205,102,143,8.3
2025-01-08,7,32.6,81,14.5,229,114,160,8.0
2025-01-08,8,25.3,68,6.6,145,72,101,7.1
2025-01-08,9,34.0,49,17.0,237,118,165,7.5
2025-01-08,10,24.1,51,29.2,224,112,156,7.6
2025-01-08,11,25.3,86,12.9,195,97,136,6.1
2025-01-08,12,21.7,40,12.5,147,73,102,6.0
2025-01-08,13,22.0,41,6.5,148,74,103,8.9
2025-01-08,14,36.1,70,12.6,90,45,62,7.9
2025-01-08,15,34.2,63,27.6,98,49,68,6.7
2025-01-08,16,28.9,59,24.5,152,76,106,7.5
2025-01-08,17,22.7,49,14.7,129,64,90,5.6
2025-01-08,18,34.7,40,21.9,120,60,84,6.6
2025-01-08,19,30.7,45,17.7,108,54,75,7.0
2025-01-08,20,23.5,69,21.0,139,69,97,7.1
2025-01-08,21,29.0,59,13.8,171,85,119,8.4
2025-01-08,22,31.2,56,28.1,221,110,154,5.4
2025-01-08,23,28.7,46,9.4,140,70,98,8.6
2025-01-08,24,21.4,47,1.6,194,97,135,6.7
2025-01-08,25,35.3,87,9.9,233,116,163,7.2
2025-01-08,26,22.8,84,11.7,180,90,125,8.2
2025-01-08,27,22.8,75,20.8,188,94,131,8.1
2025-01-08,28,35.7,58,8.4,189,94,132,5.4
2025-01-08,29,26.7,82,12.8,184,92,128,5.1
2025-01-08,30,22.1,52,3.8,192,96,134,6.1
2025-01-08,31,30.7,43,3.0,230,115,161,5.4
2025-01-08,32,36.5,48,4.6,142,71,99,7.4
2025-01-08,33,33.2,43,17.7,231,115,161,9.0
2025-01-08,34,26.6,47,6.2,181,90,126,5.8
2025-01-08,35,26.9,53,21.8,159,79,111,5.2
2025-01-08,36,34.0,40,24.1,230,115,161,8.5
2025-01-08,37,20.7,75,23.4,142,71,99,6.8
2025-01-08,38,26.2,68,23.9,135,67,94,9.0
2025-01-08,39,22.6,43,13.1,127,63,88,6.7
2025-01-08,40,25.1,41,17.2,170,85,118,7.2
2025-01-08,41,20.8,87,16.5,163,81,114,5.7
2025-01-08,42,35.6,74,8.8,208,104,145,8.5
2025-01-08,43,20.4,78,11.8,234,117,163,5.7
2025-01-08,44,26.1,73,30.0,248,124,173,8.7
2025-01-08,45,37.6,67,5.2,174,87,121,7.7
2025-01-08,46,28.0,70,20.0,102,51,71,5.4
2025-01-08,47,24.5,44,24.5,126,63,88,5.2
2025-01-08,48,27.2,87,24.8,130,65,91,8.1
2025-01-08,49,32.8,50,0.6,202,101,141,8.8
2025-01-08,50,20.9,50,1.8,115,57,80,5.3
2025-01-08,51,22.0,53,7.0,142,71,99,6.4
2025-01-08,52,22.5,61,0.6,102,51,71,6.2
2025-01-08,53,24.7,72,19.0,98,49,68,6.4
2025-01-08,54,35.0,56,14.5,212,106,148,5.8
2025-01-08,55,31.7,85,13.0,183,91,128,6.7
2025-01-08,56,21.2,73,10.7,101,50,70,5.6
2025-01-08,57,24.7,68,3.6,99,49,69,6.5
2025-01-08,58,31.8,62,9.6,196,98,137,7.8
2025-01-08,59,32.2,87,19.3,163,81,114,7.4
2025-01-08,60,29.2,75,21.2,132,66,92,6.9
2025-01-08,61,28.1,54,18.1,241,120,168,6.4
2025-01-08,62,20.7,68,15.7,147,73,102,7.3
2025-01-08,63,23.3,61,22.7,159,79,111,8.3
2025-01-08,64,27.6,81,21.5,211,105,147,7.2
2025-01-08,65,20.5,83,20.2,100,50,70,7.4
2025-01-08,66,30.7,59,3.0,203,101,142,5.4
2025-01-08,67,23.0,88,5.7,194,97,135,7.8
2025-01-08,68,32.8,46,7.5,133,66,93,8.3
2025-01-08,69,26.2,67,23.5,179,89,125,8.4
2025-01-08,70,30.8,62,27.2,184,92,128,8.4
2025-01-08,71,29.9,42,26.7,191,95,133,5.6
2025-01-08,72,31.3,83,12.5,97,48,67,6.7
2025-01-08,73,37.3,76,0.1,171,85,119,8.4
2025-01-08,74,27.4,60,14.5,116,58,81,8.5
2025-01-08,75,23.7,57,1.9,229,114,160,6.9
2025-01-08,76,36.4,79,20.7,245,122,171,8.9
2025-01-08,77,30.6,71,22.4,243,121,170,8.0
2025-01-08,78,34.8,53,10.3,92,46,64,6.7
2025-01-08,79,30.8,46,1.9,204,102,142,6.5
2025-01-08,80,31.6,78,7.8,175,87,122,7.6
2025-01-08,81,26.9,52,26.3,211,105,147,7.2
2025-01-08,82,21.1,72,6.8,119,59,83,7.4
2025-01-08,83,20.4,86,21.7,179,89,125,8.3
2025-01-08,84,20.2,73,1.7,90,45,62,5.0
2025-01-08,85,32.0,72,25.8,119,59,83,6.8
2025-01-08,86,25.2,52,0.6,213,106,149,7.9
2025-01-08,87,24.6,49,19.2,196,98,137,6.1
2025-01-08,88,35.5,74,25.4,145,72,101,6.7
2025-01-08,89,21.9,83,0.9,176,88,123,6.1
2025-01-08,90,33.0,70,13.6,93,46,65,5.7
2025-01-08,91,20.6,71,22.9,93,46,65,6.8
2025-01-08,92,20.7,84,14.0,119,59,83,8.2
2025-01-08,93,25.5,49,21.5,160,80,112,6.1
2025-01-08,94,33.9,55,2.5,239,119,167,5.9
2025-01-08,95,32.0,87,0.8,191,95,133,5.1
2025-01-08,96,33.9,41,9.7,221,110,154,6.6
2025-01-08,97,27.0,79,14.4,144,72,100,6.4
2025-01-08,98,25.6,70,18.3,164,82,114,9.3
2025-01-08,99,27.8,43,22.6,134,67,93,7.1
2025-01-08,100,28.7,47,1.8,98,49,68,5.3
2025-01-09,1,22.1,74,5.5,107,53,74,8.1
2025-01-09,2,34.6,63,4.7,137,68,95,7.1
2025-01-09,3,28.6,68,0.9,232,116,162,7.1
2025-01-09,4,31.0,75,25.2,192,96,134,5.7
2025-01-09,5,30.4,43,12.2,136,68,95,8.4
2025-01-09,6,23.3,56,5.3,241,120,168,8.6
2025-01-09,7,30.0,80,0.8,141,70,98,8.1
2025-01-09,8,21.3,49,3.1,189,94,132,7.4
2025-01-09,9,21.5,89,5.2,237,118,165,7.5
2025-01-09,10,29.1,76,18.8,209,104,146,7.7
2025-01-09,11,30.1,82,23.8,132,66,92,5.5
2025-01-09,12,33.4,46,25.9,121,60,84,5.4
2025-01-09,13,29.2,63,6.2,181,90,126,8.8
2025-01-09,14,22.9,65,9.1,155,77,108,8.5
2025-01-09,15,22.7,89,1.7,220,110,154,6.9
2025-01-09,16,29.0,49,10.2,141,70,98,7.4
2025-01-09,17,22.8,85,26.4,102,51,71,5.8
2025-01-09,18,28.6,78,17.9,109,54,76,7.0
2025-01-09,19,37.4,49,2.9,150,75,105,6.3
2025-01-09,20,23.4,73,3.5,107,53,74,6.7
2025-01-09,21,25.6,87,1.4,193,96,135,8.5
2025-01-09,22,36.6,52,23.6,192,96,134,6.0
2025-01-09,23,26.0,43,15.1,220,110,154,8.4
2025-01-09,24,33.2,55,25.5,133,66,93,7.0
2025-01-09,25,32.3,53,13.7,145,72,101,7.1
2025-01-09,26,34.3,79,3.9,149,74,104,8.0
2025-01-09,27,31.8,86,12.5,225,112,157,7.9
2025-01-09,28,35.7,62,19.0,202,101,141,5.0
2025-01-09,29,27.2,74,8.5,204,102,142,5.3
2025-01-09,30,23.3,73,11.5,245,122,171,5.7
2025-01-09,31,21.7,59,14.8,220,110,154,4.8
2025-01-09,32,34.2,61,17.7,112,56,78,7.0
2025-01-09,33,20.4,64,23.9,109,54,76,9.1
2025-01-09,34,37.8,75,27.8,118,59,82,5.4
2025-01-09,35,29.3,81,1.1,121,60,84,4.7
2025-01-09,36,37.2,50,0.4,228,114,159,8.1
2025-01-09,37,22.6,77,4.4,188,94,131,7.1
2025-01-09,38,30.2,64,22.4,205,102,143,9.1
2025-01-09,39,25.0,80,22.2,176,88,123,6.7
2025-01-09,40,37.8,61,8.5,179,89,125,7.4
2025-01-09,41,25.0,87,17.4,133,66,93,6.0
2025-01-09,42,36.2,61,25.6,150,75,105,9.0
2025-01-09,43,22.7,42,7.2,241,120,168,6.5
2025-01-09,44,27.7,83,27.2,241,120,168,8.7
2025-01-09,45,30.9,86,3.5,184,92,128,8.2
2025-01-09,46,30.6,70,25.7,182,91,127,5.0
2025-01-09,47,23.6,49,19.6,146,73,102,5.6
2025-01-09,48,32.7,82,5.1,229,114,160,7.3
2025-01-09,49,35.1,41,11.7,233,116,163,8.4
2025-01-09,50,36.3,57,3.2,140,70,98,5.4
2025-01-09,51,24.4,69,8.8,226,113,158,6.6
2025-01-09,52,31.2,85,27.8,174,87,121,5.5
2025-01-09,53,37.6,66,9.3,187,93,130,6.4
2025-01-09,54,26.2,86,11.8,160,80,112,5.6
2025-01-09,55,27.8,51,28.6,129,64,90,6.3
2025-01-09,56,29.8,40,21.2,230,115,161,6.1
2025-01-09,57,28.9,81,11.1,133,66,93,6.9
2025-01-09,58,35.1,74,5.6,238,119,166,8.0
2025-01-09,59,32.4,55,7.4,173,86,121,7.7
2025-01-09,60,32.3,62,28.3,148,74,103,6.8
2025-01-09,61,21.1,44,0.1,167,83,116,7.0
2025-01-09,62,35.2,51,23.7,142,71,99,7.5
2025-01-09,63,33.2,40,23.8,126,63,88,7.9
2025-01-09,64,35.8,45,8.8,112,56,78,6.3
2025-01-09,65,28.8,77,4.7,224,112,156,7.3
2025-01-09,66,35.0,77,25.2,118,59,82,5.4
2025-01-09,67,30.4,65,1.2,242,121,169,8.1
2025-01-09,68,29.1,78,11.3,172,86,120,8.4
2025-01-09,69,36.0,67,17.9,101,50,70,8.0
2025-01-09,70,32.1,54,1.8,174,87,121,7.9
2025-01-09,71,30.9,65,25.5,101,50,70,5.4
2025-01-09,72,28.8,70,20.2,214,107,149,6.3
2025-01-09,73,27.8,52,25.3,91,45,63,8.9
2025-01-09,74,29.1,89,23.4,107,53,74,8.0
2025-01-09,75,27.6,41,7.1,147,73,102,7.0
2025-01-09,76,22.2,51,29.9,96,48,67,8.6
2025-01-09,77,25.6,84,28.0,221,110,154,7.6
2025-01-09,78,23.5,83,16.2,221,110,154,6.6
2025-01-09,79,20.1,54,15.2,171,85,119,7.2
2025-01-09,80,34.9,40,15.6,182,91,127,7.7
2025-01-09,81,23.2,69,14.7,134,67,93,7.6
2025-01-09,82,33.3,43,18.3,137,68,95,7.7
2025-01-09,83,26.8,65,22.3,149,74,104,8.9
2025-01-09,84,22.3,61,16.1,186,93,130,5.2
2025-01-09,85,30.5,60,18.7,90,45,62,6.7
2025-01-09,86,37.6,74,20.7,249,124,174,8.1
2025-01-09,87,36.4,86,21.1,243,121,170,5.3
2025-01-09,88,22.6,64,6.7,165,82,115,6.8
2025-01-09,89,24.3,71,17.1,144,72,100,5.7
2025-01-09,90,21.0,74,4.0,198,99,138,5.4
2025-01-09,91,28.9,75,10.1,171,85,119,7.3
2025-01-09,92,33.9,61,17.1,100,50,70,7.6
2025-01-09,93,36.3,65,10.1,196,98,137,5.8
2025-01-09,94,28.1,49,10.2,109,54,76,6.3
2025-01-09,95,25.4,42,15.4,215,107,150,5.4
2025-01-09,96,24.0,63,26.2,163,81,114,6.3
2025-01-09,97,34.6,53,1.4,239,119,167,6.0
2025-01-09,98,21.8,73,6.4,217,108,151,8.5
2025-01-09,99,20.6,57,2.3,173,86,121,7.7
2025-01-09,100,33.7,49,6.5,220,110,154,5.7
2025-01-10,1,33.8,49,7.2,240,120,168,7.4
2025-01-10,2,25.1,52,6.5,230,115,161,7.4
2025-01-10,3,35.8,87,12.0,172,86,120,7.8
2025-01-10,4,24.8,65,15.5,246,123,172,6.2
2025-01-10,5,28.5,86,7.0,207,103,144,8.0
2025-01-10,6,24.9,50,15.9,108,54,75,8.2
2025-01-10,7,20.5,86,17.6,197,98,137,7.7
2025-01-10,8,27.8,70,15.0,189,94,132,7.9
2025-01-10,9,22.3,71,8.1,173,86,121,7.8
2025-01-10,10,26.7,47,4.6,120,60,84,7.4
2025-01-10,11,37.8,78,15.1,140,70,98,5.7
2025-01-10,12,31.4,49,13.6,199,99,139,6.0
2025-01-10,13,25.3,70,14.8,164,82,114,9.1
2025-01-10,14,21.5,56,14.7,192,96,134,7.7
2025-01-10,15,24.8,53,15.0,141,70,98,6.4
2025-01-10,16,25.2,54,29.8,120,60,84,7.4
2025-01-10,17,36.0,88,7.7,223,111,156,5.7
2025-01-10,18,35.9,67,26.7,174,87,121,6.8
2025-01-10,19,35.9,49,5.6,153,76,107,6.9
2025-01-10,20,35.8,47,25.2,156,78,109,7.4
2025-01-10,21,32.9,71,25.0,95,47,66,8.5
2025-01-10,22,34.5,84,24.3,129,64,90,5.0
2025-01-10,23,24.6,46,25.8,182,91,127,8.7
2025-01-10,24,29.8,42,8.3,247,123,172,6.9
2025-01-10,25,24.3,56,20.0,98,49,68,7.5
2025-01-10,26,29.9,54,28.3,124,62,86,8.3
2025-01-10,27,26.5,52,28.5,184,92,128,8.4
2025-01-10,28,24.3,74,6.9,103,51,72,5.6
2025-01-10,29,31.5,62,19.0,118,59,82,5.0
2025-01-10,30,36.0,68,24.9,246,123,172,5.2
2025-01-10,31,27.0,41,3.2,185,92,129,5.3
2025-01-10,32,21.5,80,26.2,126,63,88,6.4
2025-01-10,33,37.4,72,21.9,159,79,111,8.9
2025-01-10,34,32.7,58,28.4,187,93,130,5.6
2025-01-10,35,26.1,56,4.9,158,79,110,5.3
2025-01-10,36,36.2,41,27.3,241,120,168,8.4
2025-01-10,37,27.1,86,0.2,154,77,107,7.0
2025-01-10,38,27.8,60,26.2,156,78,109,8.9
2025-01-10,39,20.0,84,21.2,107,53,74,6.9
2025-01-10,40,23.6,54,28.5,149,74,104,7.2
2025-01-10,41,28.2,79,18.7,193,96,135,5.7
2025-01-10,42,27.5,44,20.3,119,59,83,8.6
2025-01-10,43,34.4,58,7.5,245,122,171,6.2
2025-01-10,44,37.8,82,15.8,239,119,167,8.8
2025-01-10,45,23.7,66,0.7,116,58,81,8.3
2025-01-10,46,20.4,47,5.4,107,53,74,5.0
2025-01-10,47,35.6,55,21.2,136,68,95,5.9
2025-01-10,48,33.0,84,29.0,120,60,84,7.3
2025-01-10,49,37.5,62,21.5,130,65,91,9.0
2025-01-10,50,25.9,51,20.7,164,82,114,5.3
2025-01-10,51,29.2,60,12.2,160,80,112,6.4
2025-01-10,52,31.2,66,26.2,93,46,65,6.1
2025-01-10,53,20.2,74,22.1,139,69,97,6.2
2025-01-10,54,28.8,48,20.3,93,46,65,5.9
2025-01-10,55,24.6,67,9.0,197,98,137,6.2
2025-01-10,56,28.4,81,28.9,107,53,74,6.4
2025-01-10,57,27.3,83,22.0,187,93,130,6.7
2025-01-10,58,33.7,49,20.8,234,117,163,8.1
2025-01-10,59,28.0,52,19.8,169,84,118,7.0
2025-01-10,60,24.9,47,10.9,136,68,95,6.8
2025-01-10,61,33.8,57,6.7,212,106,148,7.3
2025-01-10,62,23.3,44,12.0,206,103,144,7.5
2025-01-10,63,23.0,64,16.1,241,120,168,7.9
2025-01-10,64,28.3,81,15.2,236,118,165,7.3
2025-01-10,65,34.7,66,7.6,228,114,159,7.8
2025-01-10,66,28.7,59,15.9,117,58,81,5.6
2025-01-10,67,28.9,40,18.3,140,70,98,7.2
2025-01-10,68,31.0,48,20.2,155,77,108,8.5
2025-01-10,69,37.0,56,10.7,152,76,106,8.3
2025-01-10,70,30.6,47,1.3,154,77,107,8.1
2025-01-10,71,26.5,84,22.9,179,89,125,5.5
2025-01-10,72,22.6,79,3.8,196,98,137,6.4
2025-01-10,73,30.3,83,21.3,166,83,116,8.7
2025-01-10,74,28.6,87,29.2,192,96,134,8.0
2025-01-10,75,32.6,86,23.4,209,104,146,6.5
2025-01-10,76,31.0,45,15.2,217,108,151,8.4
2025-01-10,77,21.0,88,5.1,227,113,158,7.1
2025-01-10,78,32.5,72,19.1,183,91,128,6.9
2025-01-10,79,27.9,45,26.0,167,83,116,7.1
2025-01-10,80,24.7,63,9.6,98,49,68,7.9
2025-01-10,81,23.7,52,28.3,175,87,122,7.8
2025-01-10,82,28.4,62,25.8,164,82,114,7.7
2025-01-10,83,23.8,81,0.5,222,111,155,9.1
2025-01-10,84,25.2,67,4.1,244,122,170,5.1
2025-01-10,85,28.8,41,8.4,103,51,72,6.5
2025-01-10,86,24.9,65,10.5,200,100,140,7.9
2025-01-10,87,31.4,43,29.7,217,108,151,5.7
2025-01-10,88,31.0,67,17.0,138,69,96,7.0
2025-01-10,89,25.5,42,4.1,231,115,161,5.6
2025-01-10,90,23.5,67,4.5,207,103,144,6.1
2025-01-10,91,22.2,82,10.6,99,49,69,6.8
2025-01-10,92,21.0,78,17.7,111,55,77,8.2
2025-01-10,93,28.1,40,14.3,230,115,161,5.9
2025-01-10,94,26.6,64,21.9,126,63,88,6.0
2025-01-10,95,35.6,73,6.8,119,59,83,5.3
2025-01-10,96,26.0,57,14.3,155,77,108,6.2
2025-01-10,97,33.3,66,29.8,152,76,106,5.7
2025-01-10,98,31.8,40,13.9,163,81,114,8.6
2025-01-10,99,32.8,54,9.3,112,56,78,6.8
2025-01-10,100,24.1,64,3.1,133,66,93,5.6
2025-01-11,1,32.3,65,26.2,159,79,111,7.7
2025-01-11,2,30.9,57,24.0,149,74,104,7.4
2025-01-11,3,21.4,88,18.8,226,113,158,7.8
2025-01-11,4,21.9,65,23.1,116,58,81,5.7
2025-01-11,5,21.3,43,24.8,187,93,130,8.4
2025-01-11,6,37.3,54,26.5,195,97,136,8.7
2025-01-11,7,33.2,79,8.7,193,96,135,8.0
2025-01-11,8,21.0,68,28.9,92,46,64,7.7
2025-01-11,9,29.9,85,22.4,207,103,144,7.6
2025-01-11,10,33.2,89,2.0,119,59,83,7.5
2025-01-11,11,31.5,56,23.1,246,123,172,5.7
2025-01-11,12,33.5,77,27.8,99,49,69,5.4
2025-01-11,13,34.9,62,6.9,167,83,116,8.4
2025-01-11,14,29.1,80,25.6,176,88,123,8.1
2025-01-11,15,28.0,82,3.8,153,76,107,6.4
2025-01-11,16,27.6,62,14.4,239,119,167,8.0
2025-01-11,17,30.6,46,19.1,135,67,94,5.4
2025-01-11,18,37.9,88,19.0,230,115,161,6.7
2025-01-11,19,36.4,42,22.2,117,58,81,7.0
2025-01-11,20,27.4,71,23.1,241,120,168,6.8
2025-01-11,21,24.8,56,3.9,172,86,120,8.4
2025-01-11,22,23.1,89,18.5,211,105,147,5.1
2025-01-11,23,30.6,56,24.4,153,76,107,8.8
2025-01-11,24,26.3,58,17.6,191,95,133,6.7
2025-01-11,25,22.2,68,14.6,128,64,89,7.7
2025-01-11,26,33.8,56,3.8,225,112,157,8.4
2025-01-11,27,22.0,70,5.7,98,49,68,8.2
2025-01-11,28,37.9,87,15.1,108,54,75,5.6
2025-01-11,29,28.8,65,12.8,166,83,116,4.9
2025-01-11,30,36.7,73,19.4,165,82,115,6.0
2025-01-11,31,26.6,44,4.8,195,97,136,5.3
2025-01-11,32,37.2,54,13.1,137,68,95,6.6
2025-01-11,33,24.9,60,1.9,210,105,147,8.8
2025-01-11,34,34.6,61,15.0,154,77,107,6.1
2025-01-11,35,27.1,54,11.3,211,105,147,5.1
2025-01-11,36,21.5,80,15.3,179,89,125,8.5
2025-01-11,37,36.6,64,0.5,206,103,144,7.5
2025-01-11,38,22.9,78,0.8,96,48,67,8.5
2025-01-11,39,28.4,43,28.6,155,77,108,6.6
2025-01-11,40,23.4,74,9.7,170,85,118,7.7
2025-01-11,41,22.7,43,29.9,191,95,133,6.2
2025-01-11,42,31.2,69,15.1,227,113,158,8.9
2025-01-11,43,28.4,71,16.5,150,75,105,5.9
2025-01-11,44,35.0,56,16.8,213,106,149,8.6
2025-01-11,45,25.4,51,0.3,207,103,144,7.8
2025-01-11,46,25.5,89,28.6,145,72,101,5.0
2025-01-11,47,23.6,79,7.2,245,122,171,5.3
2025-01-11,48,31.0,65,6.3,202,101,141,8.1
2025-01-11,49,31.4,80,27.2,205,102,143,8.7
2025-01-11,50,25.3,78,27.0,90,45,62,5.8
2025-01-11,51,27.1,67,4.0,191,95,133,6.5
2025-01-11,52,33.9,61,27.9,160,80,112,5.9
2025-01-11,53,32.4,61,20.0,126,63,88,6.2
2025-01-11,54,20.2,88,5.4,109,54,76,5.6
2025-01-11,55,26.0,43,23.7,139,69,97,6.6
2025-01-11,56,24.0,89,0.5,161,80,112,6.4
2025-01-11,57,36.1,57,6.6,169,84,118,6.3
2025-01-11,58,32.0,73,10.6,239,119,167,7.5
2025-01-11,59,20.1,61,26.9,245,122,171,7.1
2025-01-11,60,34.2,41,13.7,101,50,70,7.0
2025-01-11,61,22.0,75,22.4,240,120,168,6.6
2025-01-11,62,31.6,48,28.2,162,81,113,7.1
2025-01-11,63,23.5,65,1.3,227,113,158,8.0
2025-01-11,64,20.5,43,28.2,228,114,159,7.2
2025-01-11,65,35.0,89,20.1,220,110,154,7.3
2025-01-11,66,29.8,49,18.2,116,58,81,5.6
2025-01-11,67,23.4,49,23.6,244,122,170,7.4
2025-01-11,68,25.3,67,13.7,102,51,71,8.3
2025-01-11,69,27.9,53,21.5,173,86,121,8.7
2025-01-11,70,20.8,62,25.1,140,70,98,7.8
2025-01-11,71,32.6,65,7.5,232,116,162,6.0
2025-01-11,72,33.0,43,19.5,200,100,140,6.8
2025-01-11,73,22.1,63,11.6,120,60,84,8.6
2025-01-11,74,29.6,51,15.4,219,109,153,8.6
2025-01-11,75,37.9,71,22.6,234,117,163,6.7
2025-01-11,76,29.5,60,2.8,186,93,130,8.4
2025-01-11,77,25.8,68,0.1,91,45,63,7.8
2025-01-11,78,31.1,77,28.3,166,83,116,6.9
2025-01-11,79,29.9,70,1.0,194,97,135,6.9
2025-01-11,80,21.7,89,5.6,216,108,151,7.9
2025-01-11,81,37.2,44,27.5,109,54,76,7.2
2025-01-11,82,26.8,76,5.3,208,104,145,7.8
2025-01-11,83,27.1,45,10.4,132,66,92,8.4
2025-01-11,84,26.2,43,5.2,113,56,79,5.7
2025-01-11,85,32.7,49,18.0,210,105,147,6.8
2025-01-11,86,26.6,75,16.8,125,62,87,7.9
2025-01-11,87,35.0,78,24.8,247,123,172,5.6
2025-01-11,88,31.6,43,14.1,92,46,64,6.5
2025-01-11,89,32.5,75,7.2,103,51,72,6.1
2025-01-11,90,29.8,42,13.6,133,66,93,5.8
2025-01-11,91,36.2,87,12.8,207,103,144,6.9
2025-01-11,92,33.2,88,27.6,93,46,65,7.5
2025-01-11,93,31.5,56,24.9,92,46,64,6.0
2025-01-11,94,33.8,56,29.4,128,64,89,6.5
2025-01-11,95,27.5,82,17.2,105,52,73,5.7
2025-01-11,96,37.1,68,7.1,160,80,112,6.1
2025-01-11,97,31.0,67,21.8,238,119,166,6.7
2025-01-11,98,31.2,74,10.1,179,89,125,9.0
2025-01-11,99,32.7,57,29.2,238,119,166,6.9
2025-01-11,100,33.5,59,9.1,156,78,109,5.7
2025-01-12,1,33.0,77,12.6,199,99,139,8.0
2025-01-12,2,36.3,61,5.2,196,98,137,6.6
2025-01-12,3,37.9,78,7.9,124,62,86,7.0
2025-01-12,4,29.3,70,3.4,97,48,67,6.2
2025-01-12,5,33.2,70,17.8,230,115,161,7.8
2025-01-12,6,22.7,56,26.1,209,104,146,8.1
2025-01-12,7,29.9,44,29.1,224,112,156,7.5
2025-01-12,8,36.0,65,14.4,104,52,72,7.5
2025-01-12,9,28.7,72,28.0,155,77,108,7.6
2025-01-12,10,22.0,75,7.9,91,45,63,7.4
2025-01-12,11,21.4,45,2.0,177,88,123,5.5
2025-01-12,12,32.6,69,3.2,180,90,125,5.4
2025-01-12,13,21.9,42,8.3,115,57,80,8.3
2025-01-12,14,31.9,78,23.4,127,63,88,8.4
2025-01-12,15,29.8,64,5.9,177,88,123,6.4
2025-01-12,16,34.2,55,9.8,164,82,114,7.9
2025-01-12,17,29.0,60,21.8,152,76,106,5.3
2025-01-12,18,24.7,40,11.1,208,104,145,7.1
2025-01-12,19,20.6,71,15.2,215,107,150,6.8
2025-01-12,20,32.1,87,11.0,158,79,110,6.5
2025-01-12,21,24.7,45,23.3,194,97,135,8.2
2025-01-12,22,33.8,60,12.2,176,88,123,5.1
2025-01-12,23,26.8,85,27.8,131,65,91,8.9
2025-01-12,24,30.3,82,11.9,222,111,155,6.7
2025-01-12,25,23.3,61,7.4,211,105,147,7.1
2025-01-12,26,21.2,89,0.2,224,112,156,8.4
2025-01-12,27,25.0,51,7.5,116,58,81,7.8
2025-01-12,28,35.0,56,21.5,182,91,127,5.4
2025-01-12,29,36.9,76,28.2,201,100,140,4.9
2025-01-12,30,36.3,84,23.6,134,67,93,6.0
2025-01-12,31,27.7,44,15.8,160,80,112,5.1
2025-01-12,32,26.3,40,28.6,152,76,106,6.7
2025-01-12,33,31.5,66,5.2,125,62,87,9.1
2025-01-12,34,24.7,64,24.3,106,53,74,5.5
2025-01-12,35,33.9,61,15.9,148,74,103,5.0
2025-01-12,36,27.0,49,11.8,144,72,100,8.2
2025-01-12,37,25.6,82,8.9,215,107,150,7.5
2025-01-12,38,26.5,89,15.6,115,57,80,9.1
2025-01-12,39,36.6,84,20.6,142,71,99,6.9
2025-01-12,40,26.7,43,10.2,149,74,104,7.2
2025-01-12,41,24.8,77,6.7,111,55,77,5.9
2025-01-12,42,22.8,56,3.0,138,69,96,8.9
2025-01-12,43,25.8,50,9.3,239,119,167,6.6
2025-01-12,44,36.3,85,8.4,169,84,118,8.1
2025-01-12,45,36.5,59,21.6,183,91,128,8.5
2025-01-12,46,23.9,52,28.3,196,98,137,5.0
2025-01-12,47,24.7,41,25.1,207,103,144,5.2
2025-01-12,48,30.7,85,18.0,106,53,74,7.6
2025-01-12,49,21.7,69,24.2,148,74,103,8.7
2025-01-12,50,36.6,47,14.2,119,59,83,5.2
2025-01-12,51,24.6,70,18.8,116,58,81,6.6
2025-01-12,52,36.7,80,11.5,163,81,114,5.8
2025-01-12,53,31.2,46,8.9,189,94,132,6.0
2025-01-12,54,26.9,81,4.9,195,97,136,5.2
2025-01-12,55,28.5,46,7.4,229,114,160,6.4
2025-01-12,56,33.7,75,27.2,241,120,168,5.5
2025-01-12,57,26.0,40,12.6,163,81,114,6.3
2025-01-12,58,21.4,56,28.9,152,76,106,7.5
2025-01-12,59,34.2,41,17.9,206,103,144,7.1
2025-01-12,60,30.4,88,25.1,164,82,114,6.3
2025-01-12,61,23.3,63,8.6,168,84,117,6.6
2025-01-12,62,23.4,58,21.8,161,80,112,6.9
2025-01-12,63,31.8,68,18.3,98,49,68,8.4
2025-01-12,64,26.4,71,9.3,132,66,92,6.8
2025-01-12,65,36.2,85,12.7,90,45,62,7.4
2025-01-12,66,28.3,62,4.9,218,109,152,6.2
2025-01-12,67,37.7,83,26.7,184,92,128,7.4
2025-01-12,68,23.0,67,12.1,228,114,159,8.2
2025-01-12,69,24.7,46,7.2,128,64,89,8.4
2025-01-12,70,31.4,66,21.4,212,106,148,7.5
2025-01-12,71,24.0,63,18.9,95,47,66,6.2
2025-01-12,72,37.7,44,5.0,217,108,151,6.5
2025-01-12,73,35.5,74,27.7,194,97,135,8.6
2025-01-12,74,25.9,74,9.4,195,97,136,8.6
2025-01-12,75,26.9,47,21.3,169,84,118,6.6
2025-01-12,76,32.6,47,17.4,121,60,84,9.0
2025-01-12,77,36.1,42,10.4,166,83,116,7.3
2025-01-12,78,21.8,70,16.4,122,61,85,6.4
2025-01-12,79,22.4,73,16.8,119,59,83,6.9
2025-01-12,80,34.4,67,8.5,115,57,80,8.2
2025-01-12,81,21.7,47,8.9,104,52,72,7.2
2025-01-12,82,25.8,86,18.8,174,87,121,7.6
2025-01-12,83,22.2,42,17.1,103,51,72,8.9
2025-01-12,84,26.6,59,16.2,241,120,168,5.2
2025-01-12,85,27.3,67,2.1,248,124,173,6.0
2025-01-12,86,32.6,69,6.5,206,103,144,8.2
2025-01-12,87,34.0,86,13.1,170,85,118,5.9
2025-01-12,88,29.9,76,7.6,249,124,174,6.3
2025-01-12,89,36.5,85,21.6,239,119,167,6.3
2025-01-12,90,28.6,81,20.9,165,82,115,6.1
2025-01-12,91,27.2,65,1.1,156,78,109,7.2
2025-01-12,92,21.3,88,1.9,208,104,145,8.1
2025-01-12,93,29.6,84,18.2,168,84,117,6.4
2025-01-12,94,27.2,55,10.6,99,49,69,6.7
2025-01-12,95,21.1,47,24.7,170,85,118,6.0
2025-01-12,96,21.9,47,18.0,180,90,125,5.7
2025-01-12,97,37.2,63,19.3,115,57,80,5.9
2025-01-12,98,30.2,70,6.3,104,52,72,8.8
2025-01-12,99,34.1,88,16.4,114,57,79,7.6
2025-01-12,100,29.3,75,24.6,148,74,103,5.9
2025-01-13,1,31.4,79,25.6,170,85,118,7.3
2025-01-13,2,24.8,51,29.8,190,95,133,6.5
2025-01-13,3,21.4,88,18.8,178,89,124,7.8
2025-01-13,4,24.2,69,20.8,221,110,154,6.1
2025-01-13,5,31.5,46,1.2,160,80,112,8.0
2025-01-13,6,33.1,73,27.4,107,53,74,8.3
2025-01-13,7,22.2,53,17.4,195,97,136,7.7
2025-01-13,8,21.8,63,18.1,162,81,113,7.9
2025-01-13,9,29.0,41,8.4,160,80,112,7.3
2025-01-13,10,25.3,78,9.7,122,61,85,7.7
2025-01-13,11,26.6,60,28.0,116,58,81,5.3
2025-01-13,12,20.1,81,10.1,176,88,123,6.0
2025-01-13,13,26.8,60,29.5,211,105,147,8.6
2025-01-13,14,23.0,43,6.6,171,85,119,7.6
2025-01-13,15,34.0,64,5.5,188,94,131,6.6
2025-01-13,16,33.4,73,26.8,142,71,99,7.6
2025-01-13,17,35.5,62,4.5,120,60,84,5.5
2025-01-13,18,25.1,44,12.5,112,56,78,7.2
2025-01-13,19,20.6,74,29.8,194,97,135,6.8
2025-01-13,20,27.9,79,7.7,247,123,172,6.5
2025-01-13,21,21.0,46,9.7,210,105,147,8.3
2025-01-13,22,22.1,76,14.4,185,92,129,5.3
2025-01-13,23,20.6,81,0.5,147,73,102,8.8
2025-01-13,24,21.1,65,29.4,198,99,138,6.7
2025-01-13,25,27.4,47,13.1,177,88,123,7.2
2025-01-13,26,31.0,64,6.6,244,122,170,7.9
2025-01-13,27,29.3,72,2.2,94,47,65,7.5
2025-01-13,28,29.3,63,0.2,231,115,161,5.6
2025-01-13,29,24.5,45,17.0,161,80,112,5.2
2025-01-13,30,34.8,51,17.0,204,102,142,5.5
2025-01-13,31,22.1,81,1.2,202,101,141,4.9
2025-01-13,32,21.8,47,29.3,208,104,145,6.9
2025-01-13,33,29.0,62,26.3,212,106,148,8.3
2025-01-13,34,20.2,62,9.4,93,46,65,5.2
2025-01-13,35,25.4,57,19.3,187,93,130,5.2
2025-01-13,36,35.1,58,24.9,194,97,135,8.8
2025-01-13,37,25.0,82,8.6,101,50,70,7.1
2025-01-13,38,29.4,56,20.8,106,53,74,8.7
2025-01-13,39,20.4,84,5.2,154,77,107,6.9
2025-01-13,40,25.5,69,5.0,195,97,136,7.6
2025-01-13,41,37.5,74,7.5,122,61,85,6.5
2025-01-13,42,34.0,66,18.0,113,56,79,9.1
2025-01-13,43,30.1,64,19.8,95,47,66,6.4
2025-01-13,44,37.9,76,19.7,100,50,70,8.7
2025-01-13,45,37.1,40,28.2,199,99,139,7.6
2025-01-13,46,36.4,75,7.0,222,111,155,5.1
2025-01-13,47,26.6,48,21.0,146,73,102,5.0
2025-01-13,48,20.8,45,28.3,152,76,106,7.8
2025-01-13,49,35.0,50,15.8,154,77,107,8.9
2025-01-13,50,26.2,75,7.2,97,48,67,6.0
2025-01-13,51,28.5,88,9.0,114,57,79,6.1
2025-01-13,52,36.3,62,29.8,231,115,161,5.9
2025-01-13,53,23.7,67,3.4,112,56,78,6.6
2025-01-13,54,34.7,88,18.2,116,58,81,5.3
2025-01-13,55,34.1,43,4.9,247,123,172,6.5
2025-01-13,56,35.1,42,19.8,193,96,135,5.8
2025-01-13,57,35.4,41,10.8,177,88,123,6.4
2025-01-13,58,24.0,55,11.0,164,82,114,7.6
2025-01-13,59,36.1,64,28.9,221,110,154,7.4
2025-01-13,60,35.8,87,25.3,147,73,102,6.8
2025-01-13,61,25.8,73,3.6,157,78,109,7.1
2025-01-13,62,35.6,43,15.5,146,73,102,6.7
2025-01-13,63,22.5,80,25.8,128,64,89,8.6
2025-01-13,64,30.2,83,7.7,100,50,70,7.3
2025-01-13,65,24.2,77,4.9,243,121,170,7.9
2025-01-13,66,25.9,51,21.3,103,51,72,5.8
2025-01-13,67,36.4,64,11.7,195,97,136,8.2
2025-01-13,68,21.8,65,11.0,222,111,155,8.4
2025-01-13,69,25.5,50,14.3,235,117,164,8.4
2025-01-13,70,36.1,59,25.4,160,80,112,8.2
2025-01-13,71,26.6,43,28.8,119,59,83,6.1
2025-01-13,72,33.1,57,21.2,163,81,114,6.2
2025-01-13,73,36.6,62,19.1,115,57,80,8.5
2025-01-13,74,37.8,54,28.8,236,118,165,8.1
2025-01-13,75,22.6,62,18.0,184,92,128,7.1
2025-01-13,76,34.1,65,4.7,141,70,98,8.5
2025-01-13,77,20.1,86,12.6,193,96,135,7.8
2025-01-13,78,31.2,80,9.9,115,57,80,6.5
2025-01-13,79,34.1,73,4.9,225,112,157,6.9
2025-01-13,80,27.6,80,6.3,144,72,100,7.5
2025-01-13,81,26.5,86,28.6,231,115,161,7.6
2025-01-13,82,35.4,58,27.6,169,84,118,7.1
2025-01-13,83,31.9,73,9.0,111,55,77,8.5
2025-01-13,84,27.2,57,9.3,180,90,125,4.8
2025-01-13,85,37.9,45,28.5,212,106,148,6.1
2025-01-13,86,29.0,70,3.1,103,51,72,8.6
2025-01-13,87,32.4,66,19.3,168,84,117,5.9
2025-01-13,88,24.8,55,12.4,215,107,150,6.5
2025-01-13,89,24.8,63,22.9,103,51,72,6.0
2025-01-13,90,22.7,63,2.8,236,118,165,6.0
2025-01-13,91,27.5,41,28.6,125,62,87,7.3
2025-01-13,92,21.6,54,5.3,106,53,74,7.4
2025-01-13,93,35.1,61,22.6,217,108,151,5.9
2025-01-13,94,29.9,85,26.7,227,113,158,6.6
2025-01-13,95,26.4,55,10.1,191,95,133,5.2
2025-01-13,96,30.7,68,20.7,91,45,63,6.2
2025-01-13,97,30.9,57,8.0,186,93,130,6.4
2025-01-13,98,34.1,67,8.0,189,94,132,9.0
2025-01-13,99,37.6,47,6.7,139,69,97,7.3
2025-01-13,100,23.6,43,6.3,127,63,88,5.4
2025-01-14,1,37.0,65,26.6,240,120,168,7.8
2025-01-14,2,33.8,70,17.0,141,70,98,7.0
2025-01-14,3,20.8,80,14.9,113,56,79,7.4
2025-01-14,4,37.3,66,11.3,149,74,104,6.0
2025-01-14,5,27.2,73,9.0,203,101,142,8.0
2025-01-14,6,31.6,77,18.3,116,58,81,8.1
2025-01-14,7,37.5,74,13.6,147,73,102,7.9
2025-01-14,8,27.5,75,29.8,145,72,101,7.2
2025-01-14,9,37.6,80,2.9,141,70,98,7.8
2025-01-14,10,25.1,80,11.8,126,63,88,7.7
2025-01-14,11,22.2,87,0.8,138,69,96,5.8
2025-01-14,12,24.6,74,1.8,121,60,84,5.3
2025-01-14,13,26.3,47,11.7,159,79,111,8.5
2025-01-14,14,26.2,44,26.2,156,78,109,7.9
2025-01-14,15,30.2,49,2.1,154,77,107,6.7
2025-01-14,16,26.4,75,1.7,247,123,172,7.8
2025-01-14,17,26.9,72,17.2,123,61,86,5.2
2025-01-14,18,28.8,87,18.1,157,78,109,7.0
2025-01-14,19,20.5,84,18.7,112,56,78,7.0
2025-01-14,20,36.6,63,10.6,158,79,110,6.6
2025-01-14,21,35.7,77,26.0,243,121,170,8.7
2025-01-14,22,37.4,52,23.3,218,109,152,5.5
2025-01-14,23,22.0,89,16.4,198,99,138,8.7
2025-01-14,24,26.9,70,3.9,217,108,151,7.1
2025-01-14,25,26.1,44,19.4,175,87,122,7.4
2025-01-14,26,35.9,63,29.9,200,100,140,8.4
2025-01-14,27,31.9,82,9.3,211,105,147,7.6
2025-01-14,28,36.5,79,26.3,118,59,82,5.5
2025-01-14,29,36.0,64,18.4,211,105,147,5.3
2025-01-14,30,30.1,55,22.0,204,102,142,5.7
2025-01-14,31,34.9,43,12.3,125,62,87,5.1
2025-01-14,32,35.2,40,9.7,92,46,64,7.2
2025-01-14,33,37.0,84,16.7,92,46,64,9.0
2025-01-14,34,38.0,54,16.7,150,75,105,5.4
2025-01-14,35,33.0,46,8.6,112,56,78,5.4
2025-01-14,36,22.9,72,13.9,206,103,144,8.9
2025-01-14,37,20.9,42,11.3,125,62,87,7.2
2025-01-14,38,30.4,73,10.6,132,66,92,8.7
2025-01-14,39,23.1,86,3.6,108,54,75,6.7
2025-01-14,40,28.6,74,9.9,217,108,151,7.6
2025-01-14,41,31.2,56,4.5,213,106,149,5.7
2025-01-14,42,36.7,67,4.6,190,95,133,8.6
2025-01-14,43,22.2,52,6.7,210,105,147,5.8
2025-01-14,44,28.6,85,19.5,182,91,127,8.2
2025-01-14,45,23.7,66,27.7,170,85,118,7.9
2025-01-14,46,25.8,73,19.5,194,97,135,5.7
2025-01-14,47,22.6,46,22.5,92,46,64,5.8
2025-01-14,48,37.2,51,28.2,105,52,73,8.2
2025-01-14,49,22.0,88,19.7,166,83,116,9.2
2025-01-14,50,31.5,51,17.2,175,87,122,5.8
2025-01-14,51,37.7,73,9.2,182,91,127,6.4
2025-01-14,52,22.6,59,7.8,214,107,149,5.6
2025-01-14,53,30.2,43,9.5,140,70,98,6.8
2025-01-14,54,30.6,47,8.4,225,112,157,5.3
2025-01-14,55,32.9,68,4.9,230,115,161,6.7
2025-01-14,56,23.9,58,6.5,172,86,120,6.1
2025-01-14,57,33.3,75,2.5,206,103,144,6.7
2025-01-14,58,21.8,59,4.6,184,92,128,8.1
2025-01-14,59,26.0,70,7.7,234,117,163,7.3
2025-01-14,60,34.8,76,17.7,133,66,93,6.7
2025-01-14,61,32.8,64,1.1,217,108,151,6.9
2025-01-14,62,37.8,52,19.0,137,68,95,7.1
2025-01-14,63,26.6,86,19.8,121,60,84,7.9
2025-01-14,64,22.3,78,6.7,150,75,105,6.7
2025-01-14,65,26.1,66,9.1,236,118,165,7.9
2025-01-14,66,37.6,74,7.1,91,45,63,5.5
2025-01-14,67,32.6,61,22.1,192,96,134,8.1
2025-01-14,68,29.2,51,5.0,134,67,93,8.0
2025-01-14,69,34.0,46,8.9,159,79,111,8.8
2025-01-14,70,36.3,73,14.6,240,120,168,7.8
2025-01-14,71,32.8,44,17.1,136,68,95,5.4
2025-01-14,72,28.1,81,12.6,144,72,100,7.0
2025-01-14,73,27.6,81,4.0,208,104,145,8.7
2025-01-14,74,20.1,80,27.6,93,46,65,8.6
2025-01-14,75,23.2,64,4.4,142,71,99,6.9
2025-01-14,76,20.3,61,26.4,181,90,126,8.3
2025-01-14,77,31.9,88,19.2,154,77,107,7.7
2025-01-14,78,24.1,85,16.6,219,109,153,6.7
2025-01-14,79,30.6,81,13.1,117,58,81,6.8
2025-01-14,80,21.4,86,2.2,137,68,95,7.7
2025-01-14,81,23.2,64,25.1,194,97,135,7.2
2025-01-14,82,30.3,69,7.7,171,85,119,7.1
2025-01-14,83,31.9,79,23.5,103,51,72,8.8
2025-01-14,84,36.0,74,16.8,214,107,149,5.3
2025-01-14,85,29.3,82,15.1,107,53,74,6.0
2025-01-14,86,25.8,73,5.5,192,96,134,8.4
2025-01-14,87,33.9,76,7.9,193,96,135,5.6
2025-01-14,88,23.8,57,2.0,211,105,147,6.2
2025-01-14,89,25.5,67,10.3,217,108,151,6.1
2025-01-14,90,25.3,41,17.5,201,100,140,5.4
2025-01-14,91,30.6,57,7.2,238,119,166,7.3
2025-01-14,92,36.7,59,15.7,109,54,76,8.0
2025-01-14,93,28.3,75,3.6,166,83,116,6.7
2025-01-14,94,34.9,78,7.2,195,97,136,5.9
2025-01-14,95,24.4,69,12.6,98,49,68,5.6
2025-01-14,96,33.3,55,10.1,117,58,81,6.4
2025-01-14,97,37.7,74,15.0,236,118,165,6.1
2025-01-14,98,25.5,65,7.4,133,66,93,8.9
2025-01-14,99,23.6,82,20.4,239,119,167,7.0
2025-01-14,100,26.7,50,6.4,218,109,152,5.9
2025-01-15,1,22.3,60,4.4,170,85,118,7.7
2025-01-15,2,29.5,40,6.1,184,92,128,7.2
2025-01-15,3,35.6,70,11.4,215,107,150,7.1
2025-01-15,4,27.5,61,4.0,200,100,140,5.9
2025-01-15,5,34.9,53,15.5,111,55,77,8.4
2025-01-15,6,35.4,66,11.0,120,60,84,8.0
2025-01-15,7,20.5,62,23.5,170,85,118,7.2
2025-01-15,8,21.2,46,23.2,160,80,112,7.1
2025-01-15,9,26.9,77,0.9,93,46,65,6.9
2025-01-15,10,29.3,68,22.6,183,91,128,7.8
2025-01-15,11,27.5,58,8.6,126,63,88,5.8
2025-01-15,12,29.5,52,29.0,154,77,107,5.8
2025-01-15,13,37.5,80,13.4,104,52,72,8.5
2025-01-15,14,30.7,40,7.7,137,68,95,7.7
2025-01-15,15,26.9,47,2.9,116,58,81,6.2
2025-01-15,16,30.9,69,26.8,149,74,104,7.7
2025-01-15,17,31.0,77,7.6,170,85,118,5.7
2025-01-15,18,23.5,81,20.5,141,70,98,7.3
2025-01-15,19,25.7,68,12.3,108,54,75,6.8
2025-01-15,20,37.1,89,1.4,228,114,159,7.4
2025-01-15,21,37.1,58,6.1,117,58,81,8.9
2025-01-15,22,21.1,79,14.4,165,82,115,5.2
2025-01-15,23,37.6,77,28.3,242,121,169,9.1
2025-01-15,24,25.6,56,7.5,91,45,63,6.4
2025-01-15,25,33.6,73,23.2,218,109,152,7.6
2025-01-15,26,29.8,42,12.7,145,72,101,8.6
2025-01-15,27,33.0,66,22.1,208,104,145,7.8
2025-01-15,28,33.6,72,20.9,145,72,101,5.4
2025-01-15,29,37.0,67,2.8,153,76,107,5.2
2025-01-15,30,32.3,83,9.7,208,104,145,5.5
2025-01-15,31,37.7,52,10.4,159,79,111,5.5
2025-01-15,32,24.7,45,14.1,199,99,139,7.4
2025-01-15,33,36.0,74,21.3,221,110,154,9.1
2025-01-15,34,26.0,57,21.8,153,76,107,5.6
2025-01-15,35,21.6,45,13.0,158,79,110,5.4
2025-01-15,36,32.6,77,21.4,174,87,121,8.5
2025-01-15,37,34.1,67,24.4,222,111,155,7.8
2025-01-15,38,33.5,63,6.2,157,78,109,8.9
2025-01-15,39,21.1,82,17.8,99,49,69,6.7
2025-01-15,40,28.5,60,11.6,186,93,130,7.5
2025-01-15,41,27.3,57,15.9,184,92,128,5.7
2025-01-15,42,27.0,51,16.7,225,112,157,9.0
2025-01-15,43,23.9,75,5.6,220,110,154,6.4
2025-01-15,44,33.5,47,12.2,167,83,116,8.8
2025-01-15,45,32.5,58,16.5,113,56,79,7.6
2025-01-15,46,23.0,83,19.5,178,89,124,5.2
2025-01-15,47,33.1,80,8.2,199,99,139,5.9
2025-01-15,48,34.4,57,8.6,222,111,155,7.8
2025-01-15,49,24.7,71,13.5,241,120,168,8.6
2025-01-15,50,22.5,55,9.5,93,46,65,6.0
2025-01-15,51,33.2,74,5.4,192,96,134,6.1
2025-01-15,52,31.9,69,17.2,219,109,153,6.2
2025-01-15,53,21.4,87,12.0,207,103,144,6.7
2025-01-15,54,28.0,77,15.4,108,54,75,5.6
2025-01-15,55,29.8,61,17.5,202,101,141,6.7
2025-01-15,56,23.7,50,22.8,107,53,74,6.2
2025-01-15,57,25.1,61,20.8,112,56,78,6.4
2025-01-15,58,22.8,47,29.0,226,113,158,8.1
2025-01-15,59,30.2,77,20.8,233,116,163,6.8
2025-01-15,60,36.5,83,7.3,103,51,72,6.3
2025-01-15,61,35.9,56,12.6,186,93,130,6.9
2025-01-15,62,30.7,41,17.3,112,56,78,6.9
2025-01-15,63,21.6,51,19.6,101,50,70,8.0
2025-01-15,64,30.6,57,2.1,183,91,128,7.0
2025-01-15,65,31.8,53,27.0,222,111,155,7.6
2025-01-15,66,34.1,58,9.4,161,80,112,5.9
2025-01-15,67,36.6,77,6.0,182,91,127,8.0
2025-01-15,68,34.3,57,29.7,136,68,95,8.6
2025-01-15,69,37.7,71,26.4,223,111,156,8.2
2025-01-15,70,26.4,61,8.2,185,92,129,8.1
2025-01-15,71,32.8,57,13.1,229,114,160,5.7
2025-01-15,72,20.1,43,4.0,113,56,79,6.7
2025-01-15,73,23.6,70,29.2,197,98,137,8.2
2025-01-15,74,37.2,77,29.3,101,50,70,8.2
2025-01-15,75,36.1,68,8.8,203,101,142,6.2
2025-01-15,76,32.3,61,20.6,134,67,93,8.3
2025-01-15,77,24.8,84,12.9,151,75,105,7.6
2025-01-15,78,28.2,59,2.3,218,109,152,6.3
2025-01-15,79,21.4,86,26.6,143,71,100,7.3
2025-01-15,80,29.9,48,5.2,117,58,81,8.1
2025-01-15,81,37.3,79,9.4,91,45,63,7.9
2025-01-15,82,35.9,56,28.2,136,68,95,7.2
2025-01-15,83,20.1,78,20.7,137,68,95,8.9
2025-01-15,84,28.8,59,8.3,241,120,168,5.4
2025-01-15,85,21.6,56,23.0,133,66,93,6.2
2025-01-15,86,29.9,62,6.0,151,75,105,8.5
2025-01-15,87,27.7,57,7.3,201,100,140,5.9
2025-01-15,88,24.5,43,6.0,204,102,142,6.4
2025-01-15,89,20.8,83,4.3,205,102,143,6.3
2025-01-15,90,32.0,75,21.1,227,113,158,5.3
2025-01-15,91,21.3,84,14.3,171,85,119,7.3
2025-01-15,92,32.0,53,11.3,119,59,83,8.2
2025-01-15,93,34.1,88,1.1,190,95,133,6.0
2025-01-15,94,37.3,80,27.9,92,46,64,6.1
2025-01-15,95,36.4,69,4.5,202,101,141,5.9
2025-01-15,96,23.5,75,22.3,224,112,156,6.2
2025-01-15,97,20.8,61,13.8,247,123,172,5.8
2025-01-15,98,37.5,49,25.4,210,105,147,8.4
2025-01-15,99,23.3,77,3.1,185,92,129,7.2
2025-01-15,100,25.1,50,5.0,180,90,125,5.5
2025-01-16,1,34.5,40,24.3,100,50,70,8.1
2025-01-16,2,26.9,78,8.1,171,85,119,7.0
2025-01-16,3,25.6,64,10.6,169,84,118,7.4
2025-01-16,4,22.3,45,7.5,195,97,136,6.3
2025-01-16,5,30.0,61,15.0,117,58,81,8.7
2025-01-16,6,36.2,78,27.9,181,90,126,8.4
2025-01-16,7,24.2,82,13.4,241,120,168,7.7
2025-01-16,8,36.5,82,22.1,233,116,163,7.5
2025-01-16,9,24.6,44,6.4,149,74,104,7.4
2025-01-16,10,37.4,57,6.6,202,101,141,7.6
2025-01-16,11,27.3,85,6.3,240,120,168,6.2
2025-01-16,12,34.1,43,6.7,209,104,146,5.7
2025-01-16,13,34.6,71,13.3,116,58,81,9.0
2025-01-16,14,37.5,58,2.9,151,75,105,8.0
2025-01-16,15,26.2,41,16.3,133,66,93,6.5
2025-01-16,16,31.1,87,12.7,245,122,171,7.6
2025-01-16,17,24.1,42,11.8,140,70,98,5.8
2025-01-16,18,29.3,67,23.2,205,102,143,6.6
2025-01-16,19,28.1,48,17.0,196,98,137,6.2
2025-01-16,20,26.3,41,14.8,158,79,110,6.7
2025-01-16,21,21.5,86,26.7,94,47,65,8.2
2025-01-16,22,34.9,78,27.0,246,123,172,5.6
2025-01-16,23,30.6,40,11.5,218,109,152,9.1
2025-01-16,24,38.0,86,11.6,191,95,133,6.4
2025-01-16,25,30.0,44,1.3,96,48,67,7.1
2025-01-16,26,25.4,51,2.8,168,84,117,8.4
2025-01-16,27,30.3,60,22.5,193,96,135,8.0
2025-01-16,28,31.1,84,2.7,134,67,93,5.5
2025-01-16,29,23.1,50,7.6,97,48,67,4.7
2025-01-16,30,24.3,73,17.6,167,83,116,5.8
2025-01-16,31,31.3,76,26.6,227,113,158,5.5
2025-01-16,32,30.4,57,17.2,100,50,70,7.2
2025-01-16,33,24.1,72,15.3,235,117,164,9.1
2025-01-16,34,30.7,70,26.3,98,49,68,5.8
2025-01-16,35,30.6,59,16.7,147,73,102,5.1
2025-01-16,36,36.9,81,30.0,164,82,114,7.9
2025-01-16,37,35.9,48,15.5,214,107,149,7.4
2025-01-16,38,37.1,73,1.5,186,93,130,9.2
2025-01-16,39,26.9,68,8.9,139,69,97,6.8
2025-01-16,40,37.6,46,7.9,163,81,114,7.0
2025-01-16,41,32.2,78,24.6,105,52,73,6.6
2025-01-16,42,23.8,49,18.6,133,66,93,9.0
2025-01-16,43,20.2,82,17.3,211,105,147,6.1
2025-01-16,44,29.3,75,16.5,222,111,155,8.2
2025-01-16,45,26.2,45,17.2,216,108,151,8.4
2025-01-16,46,27.9,63,8.4,235,117,164,5.2
2025-01-16,47,30.7,88,12.0,195,97,136,5.5
2025-01-16,48,33.5,58,18.1,155,77,108,7.4
2025-01-16,49,29.2,86,11.0,193,96,135,9.0
2025-01-16,50,37.8,81,3.8,169,84,118,5.4
2025-01-16,51,28.6,88,18.0,160,80,112,6.9
2025-01-16,52,33.8,48,19.2,142,71,99,6.3
2025-01-16,53,20.3,60,24.9,103,51,72,6.1
2025-01-16,54,34.3,60,16.5,130,65,91,5.7
2025-01-16,55,25.7,40,7.4,123,61,86,6.1
2025-01-16,56,33.1,75,25.1,244,122,170,6.5
2025-01-16,57,34.0,77,22.9,181,90,126,6.3
2025-01-16,58,34.5,61,26.6,241,120,168,7.7
2025-01-16,59,36.1,65,3.1,197,98,137,7.4
2025-01-16,60,37.9,50,1.5,101,50,70,6.8
2025-01-16,61,35.1,56,29.4,168,84,117,7.3
2025-01-16,62,34.9,46,4.0,248,124,173,7.5
2025-01-16,63,31.7,67,14.3,157,78,109,7.8
2025-01-16,64,30.6,88,16.7,110,55,77,6.6
2025-01-16,65,36.4,63,22.7,159,79,111,7.3
2025-01-16,66,21.0,68,6.6,110,55,77,5.4
2025-01-16,67,24.9,85,13.1,194,97,135,8.0
2025-01-16,68,35.3,55,1.4,196,98,137,8.3
2025-01-16,69,29.2,60,16.7,208,104,145,8.0
2025-01-16,70,26.7,41,17.8,162,81,113,8.3
2025-01-16,71,34.1,59,7.8,188,94,131,5.5
2025-01-16,72,23.4,60,9.5,128,64,89,7.0
2025-01-16,73,27.9,45,27.7,201,100,140,8.0
2025-01-16,74,28.7,67,24.5,162,81,113,8.4
2025-01-16,75,36.5,74,28.9,149,74,104,6.6
2025-01-16,76,21.2,74,14.4,134,67,93,8.7
2025-01-16,77,32.0,53,6.8,203,101,142,7.2
2025-01-16,78,21.8,66,20.7,204,102,142,6.9
2025-01-16,79,32.8,73,11.7,169,84,118,7.0
2025-01-16,80,27.1,63,7.3,131,65,91,7.8
2025-01-16,81,33.0,66,28.9,118,59,82,7.2
2025-01-16,82,34.3,48,4.9,217,108,151,7.3
2025-01-16,83,35.6,62,27.1,147,73,102,9.1
2025-01-16,84,33.6,71,13.0,190,95,133,5.5
2025-01-16,85,28.5,67,8.4,217,108,151,6.3
2025-01-16,86,37.0,55,8.6,182,91,127,8.4
2025-01-16,87,35.8,74,9.1,113,56,79,5.8
2025-01-16,88,26.8,75,10.6,157,78,109,6.8
2025-01-16,89,27.2,81,24.1,209,104,146,6.3
2025-01-16,90,21.6,78,7.0,219,109,153,6.2
2025-01-16,91,26.3,81,1.4,123,61,86,7.0
2025-01-16,92,33.3,41,28.8,125,62,87,7.7
2025-01-16,93,24.4,77,21.7,239,119,167,6.0
2025-01-16,94,22.6,82,25.9,142,71,99,6.5
2025-01-16,95,30.8,68,18.2,175,87,122,5.3
2025-01-16,96,23.8,47,1.6,223,111,156,6.1
2025-01-16,97,37.3,73,20.1,248,124,173,6.0
2025-01-16,98,31.9,40,9.7,234,117,163,9.0
2025-01-16,99,36.6,75,1.4,178,89,124,7.1
2025-01-16,100,37.1,60,10.7,95,47,66,5.5
2025-01-17,1,26.5,50,24.5,228,114,159,7.5
2025-01-17,2,31.6,65,24.6,243,121,170,7.2
2025-01-17,3,37.6,74,1.5,195,97,136,7.4
2025-01-17,4,33.6,69,4.0,118,59,82,6.0
2025-01-17,5,33.2,80,12.3,117,58,81,7.8
2025-01-17,6,36.3,87,16.2,112,56,78,8.6
2025-01-17,7,21.0,60,7.3,183,91,128,7.3
2025-01-17,8,35.0,56,5.0,216,108,151,7.0
2025-01-17,9,27.0,69,10.0,188,94,131,7.8
2025-01-17,10,30.2,60,15.3,129,64,90,7.7
2025-01-17,11,24.2,69,11.4,150,75,105,5.8
2025-01-17,12,34.0,74,4.7,179,89,125,5.3
2025-01-17,13,36.5,75,7.9,136,68,95,8.9
2025-01-17,14,33.4,57,12.8,113,56,79,8.2
2025-01-17,15,31.6,83,27.6,243,121,170,6.1
2025-01-17,16,30.2,41,27.8,245,122,171,8.1
2025-01-17,17,35.3,51,4.3,149,74,104,5.4
2025-01-17,18,30.5,65,14.7,229,114,160,7.2
2025-01-17,19,25.4,74,9.6,141,70,98,6.8
2025-01-17,20,23.6,66,8.7,205,102,143,6.7
2025-01-17,21,37.2,47,26.7,152,76,106,8.1
2025-01-17,22,22.3,49,13.8,201,100,140,5.2
2025-01-17,23,32.7,61,0.8,144,72,100,8.7
2025-01-17,24,26.0,61,23.6,113,56,79,6.6
2025-01-17,25,26.4,62,1.5,220,110,154,7.7
2025-01-17,26,37.4,51,16.6,136,68,95,8.4
2025-01-17,27,22.3,88,0.4,111,55,77,8.1
2025-01-17,28,30.8,80,26.6,218,109,152,5.8
2025-01-17,29,32.0,62,15.8,202,101,141,4.9
2025-01-17,30,31.7,75,20.9,145,72,101,5.8
2025-01-17,31,29.6,53,4.4,117,58,81,5.0
2025-01-17,32,29.7,79,14.2,204,102,142,6.6
2025-01-17,33,33.3,77,9.4,174,87,121,8.6
2025-01-17,34,34.6,83,3.4,91,45,63,5.3
2025-01-17,35,22.4,78,10.7,133,66,93,4.9
2025-01-17,36,33.9,79,7.3,154,77,107,8.6
2025-01-17,37,35.6,87,9.2,169,84,118,7.1
2025-01-17,38,23.8,45,20.7,137,68,95,8.7
2025-01-17,39,36.7,87,16.5,159,79,111,6.8
2025-01-17,40,26.6,68,3.5,243,121,170,7.3
2025-01-17,41,33.6,65,5.8,132,66,92,6.0
2025-01-17,42,23.8,79,6.3,221,110,154,8.9
2025-01-17,43,30.8,50,26.6,203,101,142,5.8
2025-01-17,44,30.0,63,29.9,126,63,88,8.4
2025-01-17,45,35.2,45,28.6,205,102,143,8.5
2025-01-17,46,30.8,77,19.1,231,115,161,5.6
2025-01-17,47,33.8,78,24.1,177,88,123,5.4
2025-01-17,48,20.9,63,0.0,100,50,70,7.5
2025-01-17,49,34.4,83,3.1,163,81,114,8.9
2025-01-17,50,23.2,56,29.4,227,113,158,6.0
2025-01-17,51,34.8,66,1.1,153,76,107,6.3
2025-01-17,52,25.1,76,16.1,90,45,62,5.7
2025-01-17,53,32.2,84,19.0,127,63,88,6.5
2025-01-17,54,30.5,57,12.0,240,120,168,5.8
2025-01-17,55,27.1,47,0.3,151,75,105,5.9
2025-01-17,56,33.5,68,10.5,229,114,160,6.4
2025-01-17,57,34.8,51,12.3,130,65,91,6.1
2025-01-17,58,33.9,69,2.1,141,70,98,7.8
2025-01-17,59,23.4,75,17.8,147,73,102,7.3
2025-01-17,60,30.3,42,10.4,219,109,153,6.2
2025-01-17,61,25.2,43,11.8,138,69,96,6.9
2025-01-17,62,25.3,46,4.5,116,58,81,6.9
2025-01-17,63,35.3,63,15.3,182,91,127,8.5
2025-01-17,64,36.2,47,1.5,167,83,116,6.5
2025-01-17,65,20.3,87,11.4,224,112,156,7.8
2025-01-17,66,24.1,79,22.4,102,51,71,5.5
2025-01-17,67,37.0,83,15.2,140,70,98,8.0
2025-01-17,68,20.2,46,13.7,241,120,168,7.8
2025-01-17,69,28.7,83,4.0,186,93,130,8.3
2025-01-17,70,32.5,78,20.8,96,48,67,7.8
2025-01-17,71,27.7,70,3.6,126,63,88,6.0
2025-01-17,72,30.5,85,22.3,187,93,130,6.9
2025-01-17,73,34.4,69,22.7,158,79,110,8.7
2025-01-17,74,26.7,78,10.3,200,100,140,8.5
2025-01-17,75,36.5,70,28.1,179,89,125,6.6
2025-01-17,76,25.8,73,19.2,157,78,109,8.5
2025-01-17,77,28.4,70,24.2,92,46,64,7.2
2025-01-17,78,36.8,81,3.6,111,55,77,6.5
2025-01-17,79,37.8,87,17.1,165,82,115,7.1
2025-01-17,80,23.1,43,12.2,131,65,91,8.4
2025-01-17,81,31.8,72,4.6,92,46,64,7.8
2025-01-17,82,33.4,56,12.8,170,85,118,7.9
2025-01-17,83,22.4,89,19.8,188,94,131,9.1
2025-01-17,84,26.4,50,20.1,230,115,161,5.6
2025-01-17,85,34.2,85,1.7,249,124,174,6.3
2025-01-17,86,28.6,40,10.6,96,48,67,8.8
2025-01-17,87,25.2,61,14.2,138,69,96,5.9
2025-01-17,88,29.7,67,4.1,111,55,77,6.4
2025-01-17,89,25.5,46,1.5,102,51,71,6.5
2025-01-17,90,28.6,44,24.4,216,108,151,5.8
2025-01-17,91,35.4,76,12.9,192,96,134,6.8
2025-01-17,92,22.3,80,3.8,170,85,118,7.4
2025-01-17,93,32.2,69,9.7,142,71,99,6.0
2025-01-17,94,37.8,70,1.5,187,93,130,6.4
2025-01-17,95,21.2,52,12.7,163,81,114,5.4
2025-01-17,96,26.2,84,27.8,175,87,122,5.9
2025-01-17,97,24.1,47,6.3,195,97,136,6.2
2025-01-17,98,36.3,53,23.3,94,47,65,9.3
2025-01-17,99,29.5,40,25.2,190,95,133,6.9
2025-01-17,100,37.7,88,23.1,234,117,163,6.0
2025-01-18,1,37.5,74,0.4,205,102,143,7.9
2025-01-18,2,32.6,53,24.9,152,76,106,7.3
2025-01-18,3,37.8,88,8.9,112,56,78,7.8
2025-01-18,4,29.9,89,8.0,203,101,142,6.0
2025-01-18,5,25.5,64,17.4,164,82,114,8.3
2025-01-18,6,37.8,47,29.0,128,64,89,8.4
2025-01-18,7,24.7,83,25.8,230,115,161,7.5
2025-01-18,8,32.9,52,8.2,144,72,100,7.3
2025-01-18,9,28.3,59,25.1,247,123,172,7.4
2025-01-18,10,25.7,54,13.4,249,124,174,7.9
2025-01-18,11,30.3,83,20.6,171,85,119,5.9
2025-01-18,12,20.2,78,23.0,145,72,101,5.9
2025-01-18,13,29.5,60,9.9,204,102,142,8.8
2025-01-18,14,34.9,68,8.9,100,50,70,7.6
2025-01-18,15,24.2,71,23.7,163,81,114,6.8
2025-01-18,16,25.8,72,29.7,149,74,104,8.1
2025-01-18,17,37.3,64,23.8,173,86,121,5.8
2025-01-18,18,25.9,40,26.5,133,66,93,7.2
2025-01-18,19,29.7,87,2.8,106,53,74,7.0
2025-01-18,20,37.8,82,18.3,122,61,85,6.9
2025-01-18,21,24.9,77,21.3,219,109,153,8.8
2025-01-18,22,35.7,67,25.0,196,98,137,5.7
2025-01-18,23,37.3,84,0.7,152,76,106,8.6
2025-01-18,24,20.9,76,16.7,204,102,142,6.6
2025-01-18,25,23.7,61,26.5,173,86,121,7.1
2025-01-18,26,34.6,81,26.3,240,120,168,8.3
2025-01-18,27,22.0,73,12.8,175,87,122,7.6
2025-01-18,28,25.3,46,15.0,172,86,120,5.9
2025-01-18,29,30.5,61,7.9,177,88,123,5.0
2025-01-18,30,29.4,53,4.5,204,102,142,5.7
2025-01-18,31,21.5,86,21.9,217,108,151,5.6
2025-01-18,32,26.1,43,5.1,101,50,70,6.5
2025-01-18,33,28.7,75,6.7,156,78,109,8.8
2025-01-18,34,35.0,74,18.9,148,74,103,5.5
2025-01-18,35,33.6,55,17.8,228,114,159,5.5
2025-01-18,36,21.2,77,4.3,183,91,128,8.7
2025-01-18,37,31.6,41,28.3,161,80,112,7.6
2025-01-18,38,24.3,86,22.2,120,60,84,8.3
2025-01-18,39,37.0,73,13.0,196,98,137,7.3
2025-01-18,40,36.8,62,0.6,176,88,123,7.1
2025-01-18,41,29.0,70,17.5,201,100,140,6.2
2025-01-18,42,20.1,47,25.1,166,83,116,9.2
2025-01-18,43,34.5,71,7.3,154,77,107,6.6
2025-01-18,44,34.4,81,10.1,243,121,170,9.0
2025-01-18,45,20.4,76,6.9,235,117,164,7.9
2025-01-18,46,34.2,79,1.6,209,104,146,5.3
2025-01-18,47,31.7,83,21.4,202,101,141,5.3
2025-01-18,48,30.7,45,9.4,227,113,158,7.5
2025-01-18,49,28.7,72,20.6,134,67,93,8.3
2025-01-18,50,22.6,68,6.3,128,64,89,5.3
2025-01-18,51,32.6,56,12.7,126,63,88,6.1
2025-01-18,52,33.8,57,0.1,238,119,166,6.0
2025-01-18,53,32.7,80,11.8,198,99,138,6.0
2025-01-18,54,37.8,43,26.6,133,66,93,5.2
2025-01-18,55,28.4,75,23.9,133,66,93,6.4
2025-01-18,56,21.5,88,4.9,177,88,123,6.4
2025-01-18,57,37.9,88,1.1,133,66,93,6.6
2025-01-18,58,27.7,60,8.6,112,56,78,7.9
2025-01-18,59,28.9,46,5.6,216,108,151,7.4
2025-01-18,60,32.5,56,15.6,146,73,102,6.3
2025-01-18,61,22.7,83,13.9,211,105,147,6.5
2025-01-18,62,25.8,72,13.8,117,58,81,7.3
2025-01-18,63,26.0,46,2.4,221,110,154,8.5
2025-01-18,64,34.7,88,29.0,144,72,100,6.8
2025-01-18,65,24.7,45,14.7,201,100,140,8.0
2025-01-18,66,24.7,79,7.9,135,67,94,6.2
2025-01-18,67,26.5,66,29.0,199,99,139,7.4
2025-01-18,68,34.9,42,2.5,103,51,72,8.1
2025-01-18,69,27.1,70,4.0,165,82,115,8.1
2025-01-18,70,28.5,83,10.8,100,50,70,8.0
2025-01-18,71,22.5,79,17.4,100,50,70,5.9
2025-01-18,72,25.0,47,26.0,216,108,151,7.0
2025-01-18,73,28.5,44,4.6,121,60,84,8.6
2025-01-18,74,32.3,47,10.8,118,59,82,8.8
2025-01-18,75,25.2,46,6.5,185,92,129,7.1
2025-01-18,76,20.1,71,19.6,203,101,142,8.6
2025-01-18,77,21.9,51,25.6,189,94,132,7.4
2025-01-18,78,33.1,58,14.9,120,60,84,6.9
2025-01-18,79,32.9,84,14.5,106,53,74,6.8
2025-01-18,80,20.3,81,5.9,163,81,114,7.5
2025-01-18,81,20.2,87,16.0,126,63,88,7.5
2025-01-18,82,24.3,58,5.4,233,116,163,7.1
2025-01-18,83,31.5,59,0.8,153,76,107,9.1
2025-01-18,84,34.1,47,24.6,163,81,114,5.4
2025-01-18,85,25.9,70,11.6,182,91,127,6.7
2025-01-18,86,25.7,71,12.2,100,50,70,8.3
2025-01-18,87,29.6,44,29.5,102,51,71,5.9
2025-01-18,88,35.3,74,1.8,240,120,168,6.4
2025-01-18,89,22.0,70,8.6,92,46,64,6.3
2025-01-18,90,32.0,62,25.2,122,61,85,6.1
2025-01-18,91,26.3,63,14.7,141,70,98,7.6
2025-01-18,92,28.7,83,22.0,145,72,101,8.0
2025-01-18,93,35.6,40,29.5,205,102,143,6.3
2025-01-18,94,31.5,86,1.2,225,112,157,6.1
2025-01-18,95,34.9,40,8.8,126,63,88,5.1
2025-01-18,96,28.1,44,8.9,200,100,140,5.9
2025-01-18,97,37.1,61,2.6,118,59,82,5.8
2025-01-18,98,37.0,84,14.4,92,46,64,8.9
2025-01-18,99,20.6,53,8.4,170,85,118,7.7
2025-01-18,100,21.1,54,2.7,206,103,144,5.0
2025-01-19,1,22.7,78,28.9,183,91,128,7.3
2025-01-19,2,34.2,42,15.5,243,121,170,6.8
2025-01-19,3,28.1,67,1.8,193,96,135,7.0
2025-01-19,4,33.8,62,16.2,180,90,125,6.3
2025-01-19,5,30.9,61,17.2,162,81,113,8.6
2025-01-19,6,29.4,77,4.0,188,94,131,8.5
2025-01-19,7,36.6,65,25.7,165,82,115,7.3
2025-01-19,8,27.1,82,17.5,128,64,89,7.2
2025-01-19,9,21.5,81,16.3,208,104,145,7.9
2025-01-19,10,34.3,59,16.2,221,110,154,7.4
2025-01-19,11,27.8,69,17.8,221,110,154,6.2
2025-01-19,12,36.8,79,3.9,201,100,140,5.9
2025-01-19,13,20.1,62,10.1,226,113,158,8.1
2025-01-19,14,23.1,60,20.4,114,57,79,8.4
2025-01-19,15,28.5,86,5.1,170,85,118,6.9
2025-01-19,16,30.2,84,6.7,137,68,95,7.3
2025-01-19,17,33.4,54,12.8,242,121,169,6.0
2025-01-19,18,35.6,50,20.7,128,64,89,6.5
2025-01-19,19,30.6,80,25.4,230,115,161,6.9
2025-01-19,20,23.0,55,6.8,220,110,154,7.4
2025-01-19,21,22.2,77,1.4,126,63,88,8.2
2025-01-19,22,33.8,53,2.7,134,67,93,5.0
2025-01-19,23,37.7,86,4.7,243,121,170,8.8
2025-01-19,24,36.0,56,2.0,181,90,126,6.5
2025-01-19,25,31.1,73,15.9,120,60,84,7.7
2025-01-19,26,23.9,68,6.0,228,114,159,8.5
2025-01-19,27,30.2,41,25.8,159,79,111,7.5
2025-01-19,28,31.4,41,17.3,158,79,110,5.9
2025-01-19,29,27.3,58,19.1,235,117,164,5.2
2025-01-19,30,21.9,71,11.5,100,50,70,5.7
2025-01-19,31,24.6,67,7.9,95,47,66,5.2
2025-01-19,32,22.1,81,19.3,92,46,64,6.6
2025-01-19,33,33.7,47,23.3,183,91,128,8.4
2025-01-19,34,32.8,42,0.7,205,102,143,6.0
2025-01-19,35,31.9,51,1.9,244,122,170,5.4
2025-01-19,36,27.4,59,14.3,220,110,154,8.3
2025-01-19,37,22.6,89,26.4,241,120,168,7.8
2025-01-19,38,31.1,41,20.7,130,65,91,8.6
2025-01-19,39,20.7,77,5.2,98,49,68,6.5
2025-01-19,40,35.0,58,13.9,102,51,71,6.8
2025-01-19,41,25.7,50,15.3,229,114,160,6.1
2025-01-19,42,31.2,79,20.5,177,88,123,8.7
2025-01-19,43,34.7,48,3.7,194,97,135,6.1
2025-01-19,44,36.4,88,25.7,111,55,77,9.0
2025-01-19,45,29.4,54,1.3,194,97,135,7.6
2025-01-19,46,22.3,83,28.4,155,77,108,5.2
2025-01-19,47,29.7,47,7.2,246,123,172,5.4
2025-01-19,48,37.4,45,28.2,178,89,124,8.2
2025-01-19,49,30.6,60,12.5,236,118,165,8.3
2025-01-19,50,26.8,76,8.4,168,84,117,5.6
2025-01-19,51,20.7,47,7.6,191,95,133,6.3
2025-01-19,52,37.9,69,14.0,247,123,172,5.5
2025-01-19,53,34.5,68,2.6,111,55,77,6.8
2025-01-19,54,25.2,63,9.6,176,88,123,5.7
2025-01-19,55,24.0,78,2.1,229,114,160,6.1
2025-01-19,56,32.5,83,6.9,177,88,123,6.2
2025-01-19,57,28.7,77,8.8,129,64,90,6.7
2025-01-19,58,30.9,51,8.5,208,104,145,8.2
2025-01-19,59,21.0,57,24.2,143,71,100,7.6
2025-01-19,60,29.9,75,0.6,136,68,95,6.1
2025-01-19,61,30.8,82,5.7,148,74,103,7.4
2025-01-19,62,30.0,46,21.1,155,77,108,7.3
2025-01-19,63,33.5,78,27.1,96,48,67,8.6
2025-01-19,64,23.1,47,0.2,207,103,144,6.3
2025-01-19,65,37.0,49,8.1,110,55,77,7.9
2025-01-19,66,26.0,43,14.2,160,80,112,5.4
2025-01-19,67,24.8,72,25.2,122,61,85,7.2
2025-01-19,68,26.0,75,16.1,100,50,70,8.3
2025-01-19,69,26.1,72,16.6,114,57,79,8.0
2025-01-19,70,20.2,78,13.4,143,71,100,7.9
2025-01-19,71,22.6,45,7.6,106,53,74,5.4
2025-01-19,72,34.9,48,20.4,180,90,125,6.8
2025-01-19,73,36.8,66,14.3,168,84,117,8.1
2025-01-19,74,21.8,72,17.1,238,119,166,8.6
2025-01-19,75,33.1,62,23.7,210,105,147,6.5
2025-01-19,76,33.9,65,4.0,204,102,142,8.8
2025-01-19,77,24.4,63,7.7,140,70,98,7.9
2025-01-19,78,29.0,66,5.7,188,94,131,6.7
2025-01-19,79,27.4,55,7.7,235,117,164,6.6
2025-01-19,80,35.3,53,28.0,248,124,173,8.0
2025-01-19,81,33.7,84,26.1,128,64,89,7.4
2025-01-19,82,24.0,55,9.6,96,48,67,7.7
2025-01-19,83,23.8,61,4.1,242,121,169,8.9
2025-01-19,84,32.0,56,17.1,116,58,81,5.2
2025-01-19,85,36.3,74,29.6,141,70,98,6.8
2025-01-19,86,32.0,85,27.4,142,71,99,8.6
2025-01-19,87,26.9,84,11.4,223,111,156,5.2
2025-01-19,88,35.6,40,4.3,188,94,131,6.4
2025-01-19,89,36.6,59,6.1,156,78,109,5.9
2025-01-19,90,37.3,60,27.7,108,54,75,5.6
2025-01-19,91,30.4,57,19.6,195,97,136,7.5
2025-01-19,92,29.2,73,17.8,139,69,97,7.9
2025-01-19,93,36.5,42,29.7,145,72,101,5.7
2025-01-19,94,32.9,61,10.8,102,51,71,5.9
2025-01-19,95,32.0,86,19.9,194,97,135,5.0
2025-01-19,96,30.9,73,2.3,218,109,152,6.1
2025-01-19,97,27.9,79,18.3,234,117,163,6.4
2025-01-19,98,31.6,40,24.7,134,67,93,8.5
2025-01-19,99,26.9,53,12.3,240,120,168,7.2
2025-01-19,100,21.9,66,0.9,121,60,84,5.5
2025-01-20,1,25.8,81,18.2,206,103,144,8.0
2025-01-20,2,23.7,64,19.1,178,89,124,7.2
2025-01-20,3,26.3,68,7.0,103,51,72,7.1
2025-01-20,4,31.8,44,23.4,232,116,162,5.5
2025-01-20,5,23.8,63,14.9,151,75,105,8.0
2025-01-20,6,37.9,81,18.3,103,51,72,8.0
2025-01-20,7,23.9,74,10.5,236,118,165,7.5
2025-01-20,8,27.6,83,29.4,90,45,62,7.1
2025-01-20,9,21.5,56,4.0,140,70,98,7.9
2025-01-20,10,37.3,59,20.2,236,118,165,7.7
2025-01-20,11,25.9,63,12.4,131,65,91,5.7
2025-01-20,12,29.0,50,1.9,193,96,135,6.0
2025-01-20,13,22.3,88,10.1,159,79,111,8.5
2025-01-20,14,34.0,74,3.0,178,89,124,8.4
2025-01-20,15,22.4,67,14.1,102,51,71,6.8
2025-01-20,16,35.0,44,13.3,230,115,161,7.2
2025-01-20,17,23.0,71,27.7,226,113,158,5.6
2025-01-20,18,20.9,84,6.0,215,107,150,7.4
2025-01-20,19,26.2,73,16.7,202,101,141,6.3
2025-01-20,20,29.7,67,8.3,100,50,70,6.8
2025-01-20,21,24.9,65,5.2,158,79,110,8.5
2025-01-20,22,34.1,82,24.2,230,115,161,6.0
2025-01-20,23,30.3,41,15.4,194,97,135,9.1
2025-01-20,24,35.7,78,26.1,137,68,95,6.4
2025-01-20,25,28.0,88,1.9,134,67,93,7.4
2025-01-20,26,24.0,87,0.6,197,98,137,8.7
2025-01-20,27,36.4,40,20.0,186,93,130,8.0
2025-01-20,28,32.3,71,29.1,122,61,85,5.0
2025-01-20,29,35.2,73,21.1,100,50,70,5.2
2025-01-20,30,36.5,89,2.7,92,46,64,5.9
2025-01-20,31,38.0,69,26.0,94,47,65,4.8
2025-01-20,32,25.3,63,26.3,150,75,105,7.1
2025-01-20,33,28.8,84,18.1,151,75,105,8.9
2025-01-20,34,30.3,60,5.4,148,74,103,5.8
2025-01-20,35,31.1,82,3.8,112,56,78,5.0
2025-01-20,36,27.3,65,15.4,135,67,94,8.5
2025-01-20,37,30.2,49,24.4,123,61,86,7.0
2025-01-20,38,25.3,62,6.1,134,67,93,8.5
2025-01-20,39,21.7,64,23.6,208,104,145,7.0
2025-01-20,40,33.3,44,12.6,210,105,147,7.0
2025-01-20,41,36.7,59,23.8,178,89,124,6.3
2025-01-20,42,23.2,49,9.0,93,46,65,8.7
2025-01-20,43,36.3,87,6.2,109,54,76,6.2
2025-01-20,44,30.9,50,22.0,216,108,151,8.6
2025-01-20,45,21.6,56,24.8,127,63,88,8.6
2025-01-20,46,27.1,71,7.8,146,73,102,5.1
2025-01-20,47,20.0,64,5.4,207,103,144,5.9
2025-01-20,48,24.4,75,8.7,213,106,149,7.5
2025-01-20,49,30.3,52,1.9,213,106,149,8.6
2025-01-20,50,26.9,87,27.2,141,70,98,5.3
2025-01-20,51,21.5,73,0.9,94,47,65,6.7
2025-01-20,52,27.2,88,25.2,152,76,106,6.3
2025-01-20,53,34.1,74,9.4,121,60,84,6.6
2025-01-20,54,24.8,63,13.2,217,108,151,5.8
2025-01-20,55,31.7,77,7.8,240,120,168,6.5
2025-01-20,56,31.7,69,12.9,159,79,111,6.3
2025-01-20,57,33.1,57,12.3,208,104,145,7.0
2025-01-20,58,24.4,60,1.1,171,85,119,7.4
2025-01-20,59,22.8,78,28.8,188,94,131,7.3
2025-01-20,60,35.3,66,4.3,132,66,92,6.9
2025-01-20,61,23.7,59,20.7,163,81,114,6.6
2025-01-20,62,24.2,85,15.1,168,84,117,7.0
2025-01-20,63,30.0,54,6.7,188,94,131,7.7
2025-01-20,64,24.9,84,18.7,210,105,147,6.8
2025-01-20,65,37.9,85,16.7,219,109,153,8.0
2025-01-20,66,30.2,40,29.9,194,97,135,5.4
2025-01-20,67,31.6,44,15.1,193,96,135,8.1
2025-01-20,68,27.8,65,26.7,197,98,137,8.8
2025-01-20,69,31.8,43,19.0,113,56,79,8.3
2025-01-20,70,37.0,42,24.0,185,92,129,8.4
2025-01-20,71,21.2,77,10.2,221,110,154,5.9
2025-01-20,72,34.9,49,7.5,171,85,119,6.5
2025-01-20,73,26.4,56,25.2,94,47,65,8.3
2025-01-20,74,29.9,56,15.5,175,87,122,8.6
2025-01-20,75,21.7,73,22.8,94,47,65,6.9
2025-01-20,76,27.0,83,28.0,198,99,138,8.7
2025-01-20,77,20.2,50,20.0,170,85,118,7.4
2025-01-20,78,24.3,52,8.1,154,77,107,7.3
2025-01-20,79,29.5,70,24.7,220,110,154,6.6
2025-01-20,80,27.0,50,26.9,206,103,144,7.8
2025-01-20,81,33.6,83,19.0,94,47,65,8.1
2025-01-20,82,28.6,56,28.3,90,45,62,7.7
2025-01-20,83,30.9,54,22.7,120,60,84,8.7
2025-01-20,84,25.0,64,2.0,229,114,160,4.9
2025-01-20,85,30.4,68,24.4,193,96,135,6.8
2025-01-20,86,21.4,54,4.2,100,50,70,8.6
2025-01-20,87,21.3,62,1.8,152,76,106,5.5
2025-01-20,88,26.8,41,15.4,96,48,67,7.0
2025-01-20,89,32.2,61,22.6,114,57,79,5.9
2025-01-20,90,21.4,71,19.5,169,84,118,5.2
2025-01-20,91,36.8,63,1.5,159,79,111,7.2
2025-01-20,92,26.1,67,27.8,248,124,173,7.4
2025-01-20,93,34.8,66,1.8,133,66,93,6.7
2025-01-20,94,33.7,84,14.3,193,96,135,6.7
2025-01-20,95,22.3,63,9.6,226,113,158,5.1
2025-01-20,96,33.3,67,0.4,214,107,149,6.3
2025-01-20,97,23.2,67,4.3,246,123,172,5.8
2025-01-20,98,26.3,68,4.1,219,109,153,8.7
2025-01-20,99,32.9,78,17.4,208,104,145,7.3
2025-01-20,100,20.4,62,29.4,163,81,114,5.6
2025-01-21,1,25.4,56,20.6,113,56,79,8.1
2025-01-21,2,23.7,58,1.4,125,62,87,7.5
2025-01-21,3,29.4,82,13.1,196,98,137,7.9
2025-01-21,4,29.1,82,6.6,158,79,110,5.6
2025-01-21,5,37.2,88,5.0,162,81,113,8.5
2025-01-21,6,37.2,59,4.6,211,105,147,8.7
2025-01-21,7,27.8,81,16.9,143,71,100,7.6
2025-01-21,8,34.9,69,20.4,200,100,140,7.1
2025-01-21,9,25.0,66,25.1,241,120,168,7.6
2025-01-21,10,27.1,79,20.6,180,90,125,8.0
2025-01-21,11,29.0,53,14.3,199,99,139,5.5
2025-01-21,12,29.6,52,1.8,215,107,150,5.8
2025-01-21,13,28.0,65,27.5,203,101,142,8.6
2025-01-21,14,24.7,68,9.0,209,104,146,8.3
2025-01-21,15,26.0,78,0.4,137,68,95,6.6
2025-01-21,16,22.7,74,0.9,132,66,92,7.7
2025-01-21,17,35.1,45,13.4,141,70,98,5.1
2025-01-21,18,37.0,53,15.4,147,73,102,7.0
2025-01-21,19,37.2,58,28.2,222,111,155,6.5
2025-01-21,20,33.5,46,16.1,141,70,98,7.2
2025-01-21,21,33.7,45,12.2,103,51,72,9.0
2025-01-21,22,26.5,58,19.1,138,69,96,5.2
2025-01-21,23,37.3,44,23.1,208,104,145,8.6
2025-01-21,24,28.8,77,15.8,168,84,117,7.0
2025-01-21,25,30.3,78,24.9,92,46,64,7.5
2025-01-21,26,27.8,84,3.6,108,54,75,8.8
2025-01-21,27,26.7,64,27.6,152,76,106,7.6
2025-01-21,28,22.6,43,7.6,243,121,170,5.8
2025-01-21,29,37.6,45,7.1,190,95,133,5.4
2025-01-21,30,28.2,63,28.0,240,120,168,5.6
2025-01-21,31,36.9,43,6.6,104,52,72,5.7
2025-01-21,32,27.4,51,6.1,194,97,135,6.8
2025-01-21,33,32.6,47,22.2,145,72,101,8.4
2025-01-21,34,36.3,43,12.2,140,70,98,5.1
2025-01-21,35,28.8,63,19.2,205,102,143,5.7
2025-01-21,36,25.9,80,25.6,121,60,84,8.3
2025-01-21,37,24.2,55,4.9,131,65,91,7.2
2025-01-21,38,30.3,74,12.3,233,116,163,8.7
2025-01-21,39,24.1,57,5.5,194,97,135,6.7
2025-01-21,40,30.9,76,24.1,129,64,90,7.2
2025-01-21,41,22.2,64,29.7,186,93,130,5.9
2025-01-21,42,32.9,79,13.2,214,107,149,8.9
2025-01-21,43,37.8,59,1.4,177,88,123,5.9
2025-01-21,44,29.9,53,12.9,206,103,144,8.2
2025-01-21,45,37.5,42,5.3,217,108,151,8.3
2025-01-21,46,34.9,46,14.7,96,48,67,5.5
2025-01-21,47,29.5,75,29.9,109,54,76,5.2
2025-01-21,48,27.4,61,11.4,186,93,130,7.9
2025-01-21,49,26.8,62,29.3,179,89,125,8.8
2025-01-21,50,21.9,67,20.8,170,85,118,5.3
2025-01-21,51,34.7,57,24.1,243,121,170,6.8
2025-01-21,52,34.9,51,19.7,235,117,164,5.5
2025-01-21,53,31.6,41,29.8,162,81,113,6.4
2025-01-21,54,30.8,44,25.2,170,85,118,5.2
2025-01-21,55,35.7,42,24.8,171,85,119,6.9
2025-01-21,56,36.7,53,2.3,164,82,114,6.5
2025-01-21,57,37.0,52,6.2,203,101,142,7.0
2025-01-21,58,31.2,43,23.8,232,116,162,7.8
2025-01-21,59,25.4,44,12.9,233,116,163,6.9
2025-01-21,60,23.8,44,11.1,214,107,149,6.5
2025-01-21,61,22.7,89,14.6,170,85,118,7.0
2025-01-21,62,31.1,67,4.6,124,62,86,6.8
2025-01-21,63,28.7,72,19.3,227,113,158,8.1
2025-01-21,64,25.3,80,21.0,105,52,73,6.5
2025-01-21,65,34.1,69,10.3,163,81,114,8.0
2025-01-21,66,36.7,61,5.3,209,104,146,5.3
2025-01-21,67,29.4,52,11.0,175,87,122,7.6
2025-01-21,68,28.5,67,12.0,175,87,122,8.5
2025-01-21,69,31.7,77,7.7,135,67,94,8.5
2025-01-21,70,35.7,48,16.6,146,73,102,8.1
2025-01-21,71,20.7,72,11.5,111,55,77,5.6
2025-01-21,72,22.3,56,17.8,111,55,77,6.3
2025-01-21,73,29.6,40,13.3,158,79,110,8.2
2025-01-21,74,24.7,64,14.2,152,76,106,8.2
2025-01-21,75,26.8,73,14.5,167,83,116,6.8
2025-01-21,76,26.9,59,10.4,106,53,74,8.7
2025-01-21,77,30.1,50,6.3,236,118,165,7.6
2025-01-21,78,20.9,72,1.9,155,77,108,7.1
2025-01-21,79,24.8,81,1.1,213,106,149,7.0
2025-01-21,80,22.3,69,20.1,200,100,140,7.7
2025-01-21,81,24.7,82,2.8,106,53,74,7.6
2025-01-21,82,28.7,57,16.0,236,118,165,7.7
2025-01-21,83,36.8,71,29.1,186,93,130,8.7
2025-01-21,84,28.9,80,24.1,138,69,96,5.4
2025-01-21,85,29.5,68,29.9,116,58,81,6.1
2025-01-21,86,29.2,55,24.9,100,50,70,8.7
2025-01-21,87,21.8,59,10.5,161,80,112,6.0
2025-01-21,88,25.9,65,1.2,214,107,149,6.9
2025-01-21,89,37.5,85,3.3,238,119,166,6.4
2025-01-21,90,25.6,62,11.6,224,112,156,6.1
2025-01-21,91,31.1,88,23.5,184,92,128,6.7
2025-01-21,92,28.2,76,25.6,91,45,63,8.1
2025-01-21,93,30.5,69,29.7,209,104,146,6.0
2025-01-21,94,31.7,85,18.7,93,46,65,6.5
2025-01-21,95,23.8,60,15.9,182,91,127,5.4
2025-01-21,96,25.0,88,20.8,231,115,161,5.8
2025-01-21,97,26.5,55,7.7,103,51,72,6.4
2025-01-21,98,28.3,79,19.5,242,121,169,9.3
2025-01-21,99,23.7,81,11.7,94,47,65,7.3
2025-01-21,100,21.5,51,13.6,210,105,147,5.3
2025-01-22,1,31.5,88,7.4,174,87,121,7.7
2025-01-22,2,21.4,77,8.0,219,109,153,6.6
2025-01-22,3,21.5,49,16.4,214,107,149,7.6
2025-01-22,4,25.0,71,8.4,123,61,86,6.4
2025-01-22,5,29.8,71,24.1,239,119,167,8.6
2025-01-22,6,36.8,40,28.0,110,55,77,8.0
2025-01-22,7,21.0,71,26.6,206,103,144,7.9
2025-01-22,8,25.1,58,0.3,113,56,79,7.5
2025-01-22,9,21.4,79,26.3,154,77,107,7.6
2025-01-22,10,22.8,76,26.1,193,96,135,7.6
2025-01-22,11,26.1,49,14.1,99,49,69,5.4
2025-01-22,12,37.5,43,17.0,127,63,88,5.2
2025-01-22,13,25.2,89,4.4,247,123,172,8.9
2025-01-22,14,22.1,61,10.9,221,110,154,8.3
2025-01-22,15,34.7,77,28.4,91,45,63,6.7
2025-01-22,16,23.6,44,11.7,246,123,172,8.1
2025-01-22,17,26.4,84,22.9,162,81,113,5.7
2025-01-22,18,34.8,65,8.6,221,110,154,6.8
2025-01-22,19,36.5,64,0.1,215,107,150,6.7
2025-01-22,20,30.8,83,9.2,246,123,172,6.8
2025-01-22,21,34.6,75,28.4,193,96,135,8.4
2025-01-22,22,32.0,54,22.7,200,100,140,5.0
2025-01-22,23,34.5,89,14.5,244,122,170,9.1
2025-01-22,24,36.7,48,12.7,230,115,161,6.8
2025-01-22,25,32.7,86,25.9,187,93,130,7.5
2025-01-22,26,20.3,52,12.8,198,99,138,8.1
2025-01-22,27,21.0,89,8.9,230,115,161,7.8
2025-01-22,28,28.0,49,27.9,131,65,91,5.2
2025-01-22,29,34.2,59,9.2,228,114,159,5.7
2025-01-22,30,23.4,76,28.0,122,61,85,5.9
2025-01-22,31,30.9,47,8.5,223,111,156,5.2
2025-01-22,32,37.9,87,6.5,145,72,101,7.0
2025-01-22,33,24.0,65,27.7,215,107,150,8.8
2025-01-22,34,20.4,78,18.8,180,90,125,5.7
2025-01-22,35,35.9,51,23.1,209,104,146,5.6
2025-01-22,36,37.2,62,20.9,217,108,151,8.6
2025-01-22,37,32.0,70,0.7,116,58,81,6.8
2025-01-22,38,37.4,87,27.2,238,119,166,8.3
2025-01-22,39,28.2,84,27.5,144,72,100,7.1
2025-01-22,40,23.8,80,3.7,167,83,116,7.3
2025-01-22,41,22.5,67,2.8,205,102,143,5.7
2025-01-22,42,26.3,78,24.9,203,101,142,8.3
2025-01-22,43,38.0,75,1.8,203,101,142,6.6
2025-01-22,44,33.4,78,5.4,186,93,130,8.3
2025-01-22,45,36.3,76,1.3,111,55,77,8.2
2025-01-22,46,29.5,55,7.5,185,92,129,5.5
2025-01-22,47,22.9,75,12.1,108,54,75,5.6
2025-01-22,48,27.3,62,8.3,235,117,164,8.0
2025-01-22,49,25.7,56,19.1,244,122,170,8.9
2025-01-22,50,24.2,71,2.1,199,99,139,5.2
2025-01-22,51,37.7,75,10.5,209,104,146,6.6
2025-01-22,52,32.4,64,2.8,123,61,86,5.8
2025-01-22,53,36.7,53,22.1,230,115,161,6.4
2025-01-22,54,29.8,65,0.8,129,64,90,5.9
2025-01-22,55,29.5,50,14.5,177,88,123,5.9
2025-01-22,56,31.8,50,18.0,145,72,101,5.9
2025-01-22,57,26.1,88,4.5,193,96,135,6.8
2025-01-22,58,23.6,87,29.6,192,96,134,8.1
2025-01-22,59,31.6,55,28.7,214,107,149,7.1
2025-01-22,60,24.0,71,3.4,200,100,140,7.0
2025-01-22,61,35.7,74,21.5,205,102,143,6.6
2025-01-22,62,34.5,47,18.3,99,49,69,6.8
2025-01-22,63,23.7,81,24.0,203,101,142,8.3
2025-01-22,64,32.6,48,0.4,105,52,73,6.6
2025-01-22,65,28.9,69,14.1,96,48,67,7.4
2025-01-22,66,31.1,72,6.9,205,102,143,5.6
2025-01-22,67,20.4,68,0.5,237,118,165,7.2
2025-01-22,68,30.9,53,6.3,141,70,98,8.3
2025-01-22,69,20.4,68,8.7,210,105,147,8.8
2025-01-22,70,35.9,44,29.3,121,60,84,7.8
2025-01-22,71,26.5,42,17.9,102,51,71,6.1
2025-01-22,72,24.8,53,6.0,196,98,137,6.6
2025-01-22,73,25.3,71,27.1,170,85,118,8.9
2025-01-22,74,30.5,77,7.9,174,87,121,8.2
2025-01-22,75,24.1,42,2.4,134,67,93,7.0
2025-01-22,76,30.8,79,9.7,98,49,68,8.5
2025-01-22,77,25.2,82,23.8,133,66,93,7.8
2025-01-22,78,25.6,70,18.6,166,83,116,6.9
2025-01-22,79,31.8,79,4.9,151,75,105,7.2
2025-01-22,80,35.3,58,4.2,166,83,116,7.7
2025-01-22,81,37.6,80,30.0,132,66,92,7.8
2025-01-22,82,36.6,78,13.2,199,99,139,7.8
2025-01-22,83,20.8,40,2.2,182,91,127,8.8
2025-01-22,84,21.1,56,19.4,127,63,88,5.5
2025-01-22,85,30.1,59,9.4,115,57,80,6.7
2025-01-22,86,23.8,53,6.0,196,98,137,8.6
2025-01-22,87,30.6,85,15.0,220,110,154,5.4
2025-01-22,88,33.0,50,13.4,202,101,141,6.7
2025-01-22,89,24.4,47,25.9,127,63,88,5.6
2025-01-22,90,31.3,62,7.2,192,96,134,5.6
2025-01-22,91,32.7,40,29.5,150,75,105,7.2
2025-01-22,92,32.2,70,28.1,162,81,113,8.1
2025-01-22,93,32.0,80,1.0,168,84,117,6.7
2025-01-22,94,23.4,50,28.3,96,48,67,6.2
2025-01-22,95,28.7,43,8.4,166,83,116,5.3
2025-01-22,96,28.9,68,21.9,162,81,113,6.5
2025-01-22,97,20.6,82,18.4,218,109,152,5.8
2025-01-22,98,25.8,62,13.4,217,108,151,8.8
2025-01-22,99,34.9,67,20.2,131,65,91,7.4
2025-01-22,100,30.1,52,5.1,140,70,98,5.6
2025-01-23,1,34.0,85,2.9,96,48,67,8.0
2025-01-23,2,26.0,54,4.9,174,87,121,6.7
2025-01-23,3,20.6,52,8.6,128,64,89,7.8
2025-01-23,4,35.3,68,3.1,118,59,82,5.9
2025-01-23,5,37.6,46,21.4,204,102,142,8.0
2025-01-23,6,20.9,62,18.1,93,46,65,8.2
2025-01-23,7,34.3,85,24.9,194,97,135,7.5
2025-01-23,8,28.1,63,1.1,111,55,77,7.2
2025-01-23,9,28.8,63,4.5,206,103,144,7.1
2025-01-23,10,23.6,85,14.1,207,103,144,7.2
2025-01-23,11,37.4,42,15.7,210,105,147,5.5
2025-01-23,12,29.6,41,6.4,167,83,116,5.4
2025-01-23,13,27.0,71,10.4,233,116,163,8.6
2025-01-23,14,29.5,46,29.3,184,92,128,8.1
2025-01-23,15,31.9,64,12.2,224,112,156,6.3
2025-01-23,16,26.9,44,18.0,175,87,122,7.8
2025-01-23,17,31.4,78,4.2,150,75,105,5.3
2025-01-23,18,33.3,41,14.7,169,84,118,7.1
2025-01-23,19,31.9,71,15.5,174,87,121,6.1
2025-01-23,20,31.7,59,26.3,96,48,67,6.6
2025-01-23,21,28.7,64,5.8,219,109,153,8.7
2025-01-23,22,27.0,45,10.0,134,67,93,5.9
2025-01-23,23,33.8,40,2.3,107,53,74,9.1
2025-01-23,24,22.6,85,29.5,202,101,141,7.2
2025-01-23,25,21.3,74,15.9,144,72,100,7.0
2025-01-23,26,36.5,55,16.9,157,78,109,8.2
2025-01-23,27,21.3,48,11.2,223,111,156,7.8
2025-01-23,28,26.6,42,11.4,231,115,161,5.0
2025-01-23,29,21.6,62,17.7,146,73,102,5.1
2025-01-23,30,26.2,46,25.3,108,54,75,5.9
2025-01-23,31,21.1,78,7.1,114,57,79,5.4
2025-01-23,32,26.9,64,17.8,100,50,70,7.3
2025-01-23,33,27.2,77,10.7,229,114,160,9.0
2025-01-23,34,26.4,59,14.8,239,119,167,5.7
2025-01-23,35,35.0,80,0.5,93,46,65,5.7
2025-01-23,36,33.1,88,6.9,240,120,168,8.2
2025-01-23,37,37.6,68,15.5,209,104,146,7.0
2025-01-23,38,23.9,66,21.0,205,102,143,9.0
2025-01-23,39,27.7,55,18.1,161,80,112,6.5
2025-01-23,40,28.6,44,14.4,220,110,154,6.9
2025-01-23,41,30.3,75,3.9,168,84,117,6.6
2025-01-23,42,34.9,68,0.7,176,88,123,8.2
2025-01-23,43,23.7,67,8.9,186,93,130,5.8
2025-01-23,44,26.9,48,7.4,204,102,142,8.8
2025-01-23,45,32.2,54,6.2,167,83,116,7.8
2025-01-23,46,20.4,79,4.9,213,106,149,5.7
2025-01-23,47,29.1,86,19.9,173,86,121,5.4
2025-01-23,48,33.4,80,3.9,194,97,135,8.0
2025-01-23,49,30.6,68,29.2,240,120,168,8.3
2025-01-23,50,24.0,84,28.9,223,111,156,5.5
2025-01-23,51,30.3,54,14.8,247,123,172,7.0
2025-01-23,52,27.6,73,20.5,124,62,86,6.3
2025-01-23,53,34.8,42,17.1,93,46,65,6.4
2025-01-23,54,29.8,46,2.5,225,112,157,5.4
2025-01-23,55,32.6,54,19.4,118,59,82,6.5
2025-01-23,56,32.3,75,3.6,226,113,158,6.5
2025-01-23,57,31.6,59,25.0,90,45,62,6.2
2025-01-23,58,22.6,87,1.3,185,92,129,7.6
2025-01-23,59,24.7,84,29.5,104,52,72,7.2
2025-01-23,60,23.7,43,0.4,183,91,128,6.5
2025-01-23,61,27.8,67,17.6,164,82,114,7.0
2025-01-23,62,36.1,86,4.0,207,103,144,7.5
2025-01-23,63,27.6,73,1.2,150,75,105,8.1
2025-01-23,64,27.7,71,14.1,191,95,133,6.6
2025-01-23,65,34.3,58,4.7,220,110,154,7.9
2025-01-23,66,34.3,62,25.3,121,60,84,5.6
2025-01-23,67,21.3,81,15.4,134,67,93,8.0
2025-01-23,68,29.9,61,21.5,123,61,86,8.2
2025-01-23,69,27.5,72,27.4,236,118,165,8.3
2025-01-23,70,29.3,76,18.1,165,82,115,8.3
2025-01-23,71,35.3,81,25.4,213,106,149,5.6
2025-01-23,72,22.1,43,0.9,220,110,154,6.7
2025-01-23,73,36.5,55,14.8,247,123,172,8.0
2025-01-23,74,32.7,86,11.0,165,82,115,8.6
2025-01-23,75,25.4,75,27.7,204,102,142,6.5
2025-01-23,76,35.2,86,1.8,229,114,160,9.0
2025-01-23,77,37.2,74,18.2,91,45,63,7.8
2025-01-23,78,30.0,48,7.3,156,78,109,7.1
2025-01-23,79,35.3,80,23.5,159,79,111,7.0
2025-01-23,80,22.1,41,10.0,94,47,65,7.6
2025-01-23,81,31.4,43,4.7,157,78,109,8.1
2025-01-23,82,21.6,57,2.6,169,84,118,7.9
2025-01-23,83,25.6,87,6.0,125,62,87,8.9
2025-01-23,84,35.3,80,10.8,193,96,135,5.3
2025-01-23,85,37.4,76,1.7,233,116,163,6.0
2025-01-23,86,29.4,61,8.3,152,76,106,8.6
2025-01-23,87,28.2,82,29.0,191,95,133,5.4
2025-01-23,88,27.6,57,27.9,203,101,142,6.5
2025-01-23,89,24.3,80,4.0,171,85,119,6.2
2025-01-23,90,28.2,79,5.9,110,55,77,6.2
2025-01-23,91,31.4,45,21.2,132,66,92,7.5
2025-01-23,92,28.9,89,5.8,231,115,161,7.5
2025-01-23,93,32.1,57,4.0,168,84,117,6.0
2025-01-23,94,37.9,40,1.8,143,71,100,6.7
2025-01-23,95,32.9,78,0.8,232,116,162,5.5
2025-01-23,96,35.2,68,11.0,241,120,168,6.0
2025-01-23,97,29.2,60,20.5,204,102,142,6.3
2025-01-23,98,32.9,60,17.5,97,48,67,8.5
2025-01-23,99,20.8,85,11.4,175,87,122,7.8
2025-01-23,100,25.1,44,9.2,198,99,138,5.0
2025-01-24,1,32.2,48,28.2,184,92,128,7.6
2025-01-24,2,36.9,48,5.3,95,47,66,7.2
2025-01-24,3,28.2,65,13.9,142,71,99,7.8
2025-01-24,4,33.3,84,25.0,113,56,79,5.9
2025-01-24,5,36.8,77,19.6,197,98,137,8.4
2025-01-24,6,35.4,62,14.5,140,70,98,7.9
2025-01-24,7,24.6,86,20.0,174,87,121,7.5
2025-01-24,8,21.0,75,3.1,236,118,165,8.0
2025-01-24,9,23.4,55,11.0,138,69,96,7.2
2025-01-24,10,34.0,73,6.6,162,81,113,7.5
2025-01-24,11,34.1,51,10.7,211,105,147,6.2
2025-01-24,12,32.2,51,16.5,215,107,150,5.1
2025-01-24,13,30.7,61,23.3,184,92,128,8.7
2025-01-24,14,37.2,60,2.2,138,69,96,7.9
2025-01-24,15,35.0,81,7.9,170,85,118,6.8
2025-01-24,16,32.7,86,22.8,181,90,126,7.3
2025-01-24,17,23.5,62,12.4,164,82,114,5.5
2025-01-24,18,24.5,71,11.7,191,95,133,7.2
2025-01-24,19,37.5,76,16.2,164,82,114,6.3
2025-01-24,20,23.5,74,2.5,126,63,88,7.2
2025-01-24,21,25.5,76,13.5,170,85,118,8.3
2025-01-24,22,28.8,44,29.1,191,95,133,5.2
2025-01-24,23,22.1,44,21.0,248,124,173,9.2
2025-01-24,24,31.7,74,14.7,168,84,117,6.8
2025-01-24,25,36.0,41,20.1,109,54,76,7.3
2025-01-24,26,24.0,44,21.0,194,97,135,8.7
2025-01-24,27,25.0,86,3.6,103,51,72,8.4
2025-01-24,28,35.8,60,23.0,249,124,174,5.5
2025-01-24,29,20.9,59,8.9,187,93,130,5.6
2025-01-24,30,35.7,86,8.6,247,123,172,6.1
2025-01-24,31,23.9,72,28.5,184,92,128,4.8
2025-01-24,32,26.9,81,26.8,215,107,150,7.2
2025-01-24,33,25.7,43,29.7,197,98,137,8.8
2025-01-24,34,34.1,59,23.9,125,62,87,5.9
2025-01-24,35,34.4,61,12.9,172,86,120,4.8
2025-01-24,36,37.4,63,0.5,189,94,132,8.0
2025-01-24,37,30.9,55,17.8,102,51,71,7.2
2025-01-24,38,37.4,51,13.7,176,88,123,8.4
2025-01-24,39,22.6,53,14.5,119,59,83,6.5
2025-01-24,40,29.7,88,15.2,113,56,79,7.7
2025-01-24,41,32.5,64,25.6,110,55,77,6.4
2025-01-24,42,27.5,45,14.2,91,45,63,9.2
2025-01-24,43,28.6,69,17.9,107,53,74,6.4
2025-01-24,44,27.6,57,3.7,111,55,77,8.1
2025-01-24,45,24.6,53,10.4,145,72,101,8.5
2025-01-24,46,23.2,88,0.2,169,84,118,5.5
2025-01-24,47,31.7,57,14.5,199,99,139,5.3
2025-01-24,48,35.4,57,25.4,111,55,77,7.3
2025-01-24,49,28.5,79,19.3,131,65,91,8.6
2025-01-24,50,22.6,57,17.0,171,85,119,5.9
2025-01-24,51,35.1,40,15.9,195,97,136,6.7
2025-01-24,52,35.5,66,13.0,217,108,151,6.2
2025-01-24,53,28.6,71,7.7,211,105,147,6.3
2025-01-24,54,29.1,84,11.2,237,118,165,5.5
2025-01-24,55,30.2,61,0.3,117,58,81,6.7
2025-01-24,56,37.9,61,17.3,248,124,173,5.7
2025-01-24,57,35.5,53,19.4,240,120,168,6.3
2025-01-24,58,24.5,83,29.6,105,52,73,7.6
2025-01-24,59,24.8,64,9.6,185,92,129,7.1
2025-01-24,60,21.7,60,13.9,108,54,75,6.4
2025-01-24,61,37.2,60,7.5,124,62,86,6.5
2025-01-24,62,27.0,48,14.0,95,47,66,6.9
2025-01-24,63,28.7,64,6.1,224,112,156,7.9
2025-01-24,64,36.5,41,12.9,241,120,168,6.7
2025-01-24,65,20.4,46,25.7,151,75,105,7.7
2025-01-24,66,26.3,69,26.3,163,81,114,5.3
2025-01-24,67,31.9,50,3.4,190,95,133,7.7
2025-01-24,68,24.6,89,20.4,127,63,88,7.9
2025-01-24,69,24.9,47,8.0,157,78,109,8.2
2025-01-24,70,30.8,86,20.2,204,102,142,8.3
2025-01-24,71,20.3,79,5.6,153,76,107,5.5
2025-01-24,72,31.0,53,7.1,143,71,100,6.8
2025-01-24,73,28.2,78,25.4,149,74,104,8.6
2025-01-24,74,24.7,71,12.4,135,67,94,8.0
2025-01-24,75,28.0,53,10.6,207,103,144,6.2
2025-01-24,76,29.2,52,4.5,214,107,149,9.2
2025-01-24,77,25.8,45,5.6,181,90,126,7.1
2025-01-24,78,35.9,74,4.1,243,121,170,6.6
2025-01-24,79,24.6,52,29.2,129,64,90,6.7
2025-01-24,80,21.8,40,18.3,155,77,108,8.3
2025-01-24,81,22.6,66,1.9,118,59,82,7.8
2025-01-24,82,26.3,42,23.0,171,85,119,7.3
2025-01-24,83,25.6,80,7.8,245,122,171,8.3
2025-01-24,84,22.1,74,6.4,123,61,86,5.0
2025-01-24,85,32.5,88,24.6,116,58,81,6.5
2025-01-24,86,31.8,47,13.7,249,124,174,8.3
2025-01-24,87,22.0,75,29.2,111,55,77,5.7
2025-01-24,88,21.9,42,13.4,160,80,112,7.2
2025-01-24,89,33.6,76,11.3,226,113,158,5.6
2025-01-24,90,32.2,87,9.3,98,49,68,5.9
2025-01-24,91,23.8,72,10.5,98,49,68,6.9
2025-01-24,92,22.1,86,18.1,236,118,165,7.7
2025-01-24,93,32.7,84,18.8,195,97,136,5.9
2025-01-24,94,28.8,55,6.7,183,91,128,6.3
2025-01-24,95,22.3,87,7.5,170,85,118,5.8
2025-01-24,96,35.7,49,4.3,215,107,150,6.4
2025-01-24,97,24.3,46,2.5,152,76,106,6.2
2025-01-24,98,37.6,85,23.2,106,53,74,9.2
2025-01-24,99,22.4,82,29.1,187,93,130,7.2
2025-01-24,100,35.7,62,0.1,231,115,161,5.6
2025-01-25,1,25.9,79,11.4,122,61,85,8.1
2025-01-25,2,34.0,88,16.2,204,102,142,7.4
2025-01-25,3,24.0,62,1.9,222,111,155,7.7
2025-01-25,4,26.3,65,7.6,110,55,77,5.5
2025-01-25,5,37.5,59,2.6,175,87,122,8.6
2025-01-25,6,32.3,85,29.2,159,79,111,8.7
2025-01-25,7,24.3,51,28.1,136,68,95,7.2
2025-01-25,8,23.4,58,26.1,230,115,161,7.7
2025-01-25,9,21.2,84,28.6,174,87,121,7.5
2025-01-25,10,26.4,84,19.8,161,80,112,7.4
2025-01-25,11,34.8,46,26.7,92,46,64,5.4
2025-01-25,12,30.2,81,20.4,241,120,168,5.3
2025-01-25,13,31.6,64,23.3,191,95,133,8.3
2025-01-25,14,36.1,77,28.7,235,117,164,8.1
2025-01-25,15,22.9,72,15.8,114,57,79,6.3
2025-01-25,16,28.1,59,9.7,224,112,156,7.7
2025-01-25,17,33.8,69,20.1,174,87,121,5.8
2025-01-25,18,21.7,42,2.6,159,79,111,7.3
2025-01-25,19,23.7,73,18.4,225,112,157,6.8
2025-01-25,20,29.1,50,9.3,95,47,66,7.4
2025-01-25,21,21.9,50,23.6,93,46,65,8.7
2025-01-25,22,27.8,49,13.0,246,123,172,5.1
2025-01-25,23,21.7,79,24.5,109,54,76,8.6
2025-01-25,24,37.9,69,18.7,163,81,114,6.4
2025-01-25,25,22.2,44,7.8,204,102,142,7.9
2025-01-25,26,37.4,78,11.4,227,113,158,8.4
2025-01-25,27,35.2,41,2.6,136,68,95,8.2
2025-01-25,28,24.9,88,12.8,204,102,142,4.9
2025-01-25,29,22.2,54,14.0,219,109,153,4.8
2025-01-25,30,34.7,69,14.4,92,46,64,6.1
2025-01-25,31,24.0,48,15.6,241,120,168,5.2
2025-01-25,32,24.7,53,3.8,107,53,74,7.2
2025-01-25,33,25.4,78,2.3,116,58,81,8.9
2025-01-25,34,37.5,73,16.3,192,96,134,5.9
2025-01-25,35,20.3,69,3.6,232,116,162,5.3
2025-01-25,36,33.2,78,9.4,104,52,72,8.7
2025-01-25,37,32.4,42,22.5,226,113,158,6.9
2025-01-25,38,21.2,86,18.8,91,45,63,8.9
2025-01-25,39,29.9,68,29.1,136,68,95,7.2
2025-01-25,40,28.3,50,5.3,138,69,96,7.3
2025-01-25,41,37.2,89,3.7,210,105,147,6.3
2025-01-25,42,21.7,60,10.0,100,50,70,8.7
2025-01-25,43,33.0,66,19.9,107,53,74,6.4
2025-01-25,44,27.5,80,6.5,228,114,159,8.7
2025-01-25,45,33.4,60,13.9,159,79,111,7.9
2025-01-25,46,33.9,68,8.4,117,58,81,4.9
2025-01-25,47,26.8,75,27.8,101,50,70,5.8
2025-01-25,48,26.7,51,22.0,181,90,126,7.5
2025-01-25,49,21.2,69,22.9,207,103,144,8.8
2025-01-25,50,35.8,55,27.5,246,123,172,5.6
2025-01-25,51,37.5,53,11.4,91,45,63,6.4
2025-01-25,52,24.0,86,5.2,211,105,147,5.9
2025-01-25,53,36.6,62,28.1,201,100,140,6.4
2025-01-25,54,21.7,84,2.5,117,58,81,5.3
2025-01-25,55,25.3,50,28.7,231,115,161,6.4
2025-01-25,56,36.6,88,14.2,147,73,102,5.9
2025-01-25,57,37.9,48,6.8,107,53,74,6.5
2025-01-25,58,31.6,53,22.0,237,118,165,8.2
2025-01-25,59,36.1,80,5.2,101,50,70,7.0
2025-01-25,60,20.9,78,13.4,160,80,112,6.8
2025-01-25,61,37.0,86,1.5,207,103,144,6.5
2025-01-25,62,28.7,61,21.3,92,46,64,7.4
2025-01-25,63,37.4,76,27.3,227,113,158,7.9
2025-01-25,64,22.0,41,12.3,153,76,107,6.4
2025-01-25,65,25.8,86,18.3,123,61,86,8.0
2025-01-25,66,25.5,69,5.3,242,121,169,5.9
2025-01-25,67,36.4,76,18.0,130,65,91,7.8
2025-01-25,68,38.0,85,7.1,235,117,164,8.0
2025-01-25,69,24.3,82,2.3,117,58,81,8.2
2025-01-25,70,23.5,44,26.6,133,66,93,7.4
2025-01-25,71,23.1,61,7.5,130,65,91,5.4
2025-01-25,72,36.3,57,17.6,135,67,94,7.2
2025-01-25,73,27.4,61,8.2,91,45,63,8.3
2025-01-25,74,30.5,73,15.4,99,49,69,8.3
2025-01-25,75,34.6,41,5.3,133,66,93,6.7
2025-01-25,76,29.3,75,29.9,99,49,69,9.0
2025-01-25,77,37.8,77,9.7,108,54,75,7.8
2025-01-25,78,29.3,62,21.8,196,98,137,6.7
2025-01-25,79,26.7,46,29.8,179,89,125,6.9
2025-01-25,80,22.7,84,27.0,133,66,93,8.3
2025-01-25,81,27.5,84,19.3,186,93,130,7.7
2025-01-25,82,37.3,70,20.8,168,84,117,7.6
2025-01-25,83,29.8,83,3.3,128,64,89,8.2
2025-01-25,84,20.3,64,22.3,169,84,118,5.0
2025-01-25,85,36.1,81,12.8,168,84,117,6.4
2025-01-25,86,35.6,47,4.1,106,53,74,8.0
2025-01-25,87,25.6,79,27.7,100,50,70,5.4
2025-01-25,88,20.1,46,6.2,126,63,88,6.5
2025-01-25,89,30.0,47,27.3,179,89,125,6.2
2025-01-25,90,36.6,55,16.3,163,81,114,5.7
2025-01-25,91,25.6,43,23.6,193,96,135,7.3
2025-01-25,92,27.8,83,13.8,107,53,74,7.9
2025-01-25,93,36.9,60,18.5,243,121,170,5.7
2025-01-25,94,24.7,60,8.2,135,67,94,6.3
2025-01-25,95,22.1,44,6.1,94,47,65,5.9
2025-01-25,96,35.2,65,23.3,158,79,110,5.7
2025-01-25,97,29.7,75,3.9,119,59,83,6.0
2025-01-25,98,35.2,87,12.8,158,79,110,9.3
2025-01-25,99,22.9,89,17.2,227,113,158,7.5
2025-01-25,100,32.3,56,25.3,225,112,157,5.9
2025-01-26,1,26.8,89,3.4,179,89,125,7.5
2025-01-26,2,27.4,62,11.8,140,70,98,6.7
2025-01-26,3,25.5,58,28.4,114,57,79,7.3
2025-01-26,4,32.0,64,22.9,160,80,112,5.6
2025-01-26,5,20.5,79,19.4,241,120,168,8.6
2025-01-26,6,20.1,46,9.3,170,85,118,8.2
2025-01-26,7,31.8,77,3.9,192,96,134,7.3
2025-01-26,8,29.8,58,18.4,200,100,140,7.6
2025-01-26,9,21.5,58,18.4,200,100,140,7.5
2025-01-26,10,37.8,76,29.4,138,69,96,7.5
2025-01-26,11,31.7,70,24.2,118,59,82,6.2
2025-01-26,12,21.1,63,13.2,112,56,78,5.8
2025-01-26,13,30.6,67,8.2,156,78,109,8.8
2025-01-26,14,37.5,45,0.7,198,99,138,8.4
2025-01-26,15,34.6,47,16.7,108,54,75,6.3
2025-01-26,16,37.4,80,0.9,137,68,95,8.1
2025-01-26,17,28.2,89,3.2,185,92,129,5.8
2025-01-26,18,25.3,86,24.0,241,120,168,7.4
2025-01-26,19,36.7,53,8.7,200,100,140,6.4
2025-01-26,20,37.9,72,3.1,200,100,140,6.5
2025-01-26,21,21.2,86,9.5,219,109,153,8.8
2025-01-26,22,33.2,77,13.3,212,106,148,5.4
2025-01-26,23,37.0,87,10.6,176,88,123,9.2
2025-01-26,24,25.3,63,26.2,127,63,88,6.5
2025-01-26,25,37.3,65,27.3,154,77,107,7.7
2025-01-26,26,34.1,40,15.0,121,60,84,8.2
2025-01-26,27,23.1,52,6.1,178,89,124,7.4
2025-01-26,28,31.0,75,4.4,249,124,174,5.6
2025-01-26,29,20.3,70,25.7,196,98,137,4.7
2025-01-26,30,30.1,55,22.7,117,58,81,5.9
2025-01-26,31,35.5,62,6.2,93,46,65,4.8
2025-01-26,32,35.9,82,15.1,206,103,144,7.1
2025-01-26,33,24.9,76,25.1,194,97,135,8.3
2025-01-26,34,24.9,82,9.9,243,121,170,5.2
2025-01-26,35,20.4,43,1.2,233,116,163,4.9
2025-01-26,36,34.7,64,29.8,183,91,128,8.7
2025-01-26,37,28.7,66,10.1,191,95,133,6.9
2025-01-26,38,34.5,58,17.0,249,124,174,8.7
2025-01-26,39,24.9,64,7.3,163,81,114,6.5
2025-01-26,40,24.6,61,23.1,161,80,112,7.4
2025-01-26,41,33.3,61,12.1,209,104,146,6.6
2025-01-26,42,23.1,58,1.0,90,45,62,8.9
2025-01-26,43,23.2,81,3.8,170,85,118,6.3
2025-01-26,44,30.8,83,11.4,192,96,134,8.4
2025-01-26,45,33.6,41,4.4,215,107,150,7.9
2025-01-26,46,33.2,81,18.9,114,57,79,5.7
2025-01-26,47,21.1,85,9.7,171,85,119,5.3
2025-01-26,48,29.4,49,2.2,133,66,93,8.0
2025-01-26,49,27.8,65,29.0,131,65,91,8.6
2025-01-26,50,22.1,87,0.7,216,108,151,6.1
2025-01-26,51,26.9,51,5.2,200,100,140,6.2
2025-01-26,52,36.4,84,22.2,100,50,70,5.5
2025-01-26,53,21.6,44,24.6,108,54,75,6.7
2025-01-26,54,33.0,64,5.7,114,57,79,5.2
2025-01-26,55,32.4,89,8.8,155,77,108,6.4
2025-01-26,56,36.8,75,4.4,90,45,62,5.5
2025-01-26,57,34.7,63,15.0,147,73,102,6.5
2025-01-26,58,29.2,74,0.3,215,107,150,7.5
2025-01-26,59,30.8,88,27.1,196,98,137,6.7
2025-01-26,60,24.5,80,12.1,222,111,155,6.5
2025-01-26,61,20.5,64,19.2,129,64,90,6.5
2025-01-26,62,20.9,85,3.5,241,120,168,7.3
2025-01-26,63,35.0,43,27.0,122,61,85,7.8
2025-01-26,64,26.7,59,12.8,160,80,112,6.7
2025-01-26,65,34.7,88,7.8,214,107,149,7.5
2025-01-26,66,27.0,88,1.4,197,98,137,5.9
2025-01-26,67,23.1,69,11.3,117,58,81,7.6
2025-01-26,68,26.9,73,22.7,111,55,77,8.6
2025-01-26,69,22.5,53,25.0,236,118,165,8.6
2025-01-26,70,30.9,78,17.6,218,109,152,7.9
2025-01-26,71,36.1,54,11.9,120,60,84,6.4
2025-01-26,72,32.4,82,10.0,175,87,122,7.0
2025-01-26,73,29.2,80,12.0,132,66,92,8.6
2025-01-26,74,36.1,41,26.5,217,108,151,7.9
2025-01-26,75,22.6,46,1.0,162,81,113,6.2
2025-01-26,76,35.6,67,16.2,108,54,75,8.4
2025-01-26,77,22.0,52,25.0,218,109,152,8.0
2025-01-26,78,21.6,77,29.2,243,121,170,6.6
2025-01-26,79,25.4,49,5.0,104,52,72,6.6
2025-01-26,80,34.1,82,12.3,225,112,157,8.0
2025-01-26,81,26.7,73,3.4,105,52,73,8.1
2025-01-26,82,35.6,66,4.1,159,79,111,7.0
2025-01-26,83,28.6,87,25.6,220,110,154,8.6
2025-01-26,84,30.5,62,6.3,204,102,142,5.7
2025-01-26,85,28.1,87,2.6,150,75,105,6.4
2025-01-26,86,25.6,77,6.3,179,89,125,8.0
2025-01-26,87,31.8,46,19.4,225,112,157,5.8
2025-01-26,88,30.5,62,12.5,152,76,106,6.5
2025-01-26,89,27.4,77,21.6,229,114,160,6.2
2025-01-26,90,21.6,56,7.2,105,52,73,5.2
2025-01-26,91,33.4,54,1.3,221,110,154,7.1
2025-01-26,92,25.3,61,23.2,183,91,128,8.1
2025-01-26,93,21.1,45,12.3,100,50,70,6.3
2025-01-26,94,23.3,55,12.7,202,101,141,6.2
2025-01-26,95,26.4,84,30.0,185,92,129,5.2
2025-01-26,96,29.7,56,14.3,213,106,149,6.1
2025-01-26,97,22.7,62,26.8,231,115,161,6.0
2025-01-26,98,25.6,81,9.9,130,65,91,8.5
2025-01-26,99,33.0,71,1.9,126,63,88,6.9
2025-01-26,100,20.6,54,12.7,183,91,128,5.5
2025-01-27,1,36.5,82,5.7,180,90,125,7.2
2025-01-27,2,37.1,73,25.0,197,98,137,7.2
2025-01-27,3,21.8,48,3.6,237,118,165,7.6
2025-01-27,4,22.0,53,24.9,180,90,125,5.7
2025-01-27,5,28.3,71,20.3,158,79,110,7.7
2025-01-27,6,37.9,60,8.9,241,120,168,8.7
2025-01-27,7,36.5,58,19.4,171,85,119,7.8
2025-01-27,8,27.7,46,21.2,233,116,163,7.0
2025-01-27,9,37.2,43,15.2,172,86,120,6.9
2025-01-27,10,28.6,52,12.6,133,66,93,7.3
2025-01-27,11,28.5,62,16.4,103,51,72,5.7
2025-01-27,12,33.7,47,8.6,208,104,145,5.7
2025-01-27,13,31.0,89,12.4,127,63,88,9.0
2025-01-27,14,33.2,57,18.1,91,45,63,8.3
2025-01-27,15,37.0,65,22.3,131,65,91,6.0
2025-01-27,16,26.0,48,12.3,92,46,64,7.7
2025-01-27,17,25.0,62,5.0,166,83,116,5.1
2025-01-27,18,20.7,56,4.5,187,93,130,7.3
2025-01-27,19,30.8,82,5.3,156,78,109,6.5
2025-01-27,20,20.8,68,0.6,128,64,89,7.1
2025-01-27,21,37.1,79,5.3,156,78,109,8.4
2025-01-27,22,20.5,53,27.2,155,77,108,5.7
2025-01-27,23,37.6,81,26.8,91,45,63,8.8
2025-01-27,24,27.4,89,27.8,111,55,77,7.2
2025-01-27,25,22.4,73,6.9,210,105,147,7.1
2025-01-27,26,21.8,55,7.6,99,49,69,8.4
2025-01-27,27,25.6,60,1.4,209,104,146,7.7
2025-01-27,28,24.4,83,6.8,130,65,91,5.9
2025-01-27,29,21.0,42,11.6,166,83,116,5.3
2025-01-27,30,29.7,89,17.2,159,79,111,5.6
2025-01-27,31,29.0,53,24.6,153,76,107,5.6
2025-01-27,32,24.0,84,15.6,125,62,87,6.9
2025-01-27,33,37.2,71,19.0,245,122,171,9.1
2025-01-27,34,21.0,50,21.7,153,76,107,5.3
2025-01-27,35,29.7,41,18.3,93,46,65,5.0
2025-01-27,36,21.6,67,28.6,230,115,161,8.6
2025-01-27,37,24.8,88,11.3,192,96,134,7.8
2025-01-27,38,20.6,69,6.4,196,98,137,8.6
2025-01-27,39,28.0,41,15.1,167,83,116,6.6
2025-01-27,40,33.8,47,24.7,239,119,167,6.9
2025-01-27,41,23.8,81,24.5,100,50,70,6.3
2025-01-27,42,29.7,48,26.9,189,94,132,8.6
2025-01-27,43,35.0,81,10.4,164,82,114,5.9
2025-01-27,44,31.1,41,19.7,237,118,165,8.1
2025-01-27,45,34.7,43,1.5,240,120,168,8.0
2025-01-27,46,25.2,89,17.4,127,63,88,5.7
2025-01-27,47,30.5,66,24.1,150,75,105,5.9
2025-01-27,48,27.4,44,24.4,167,83,116,8.2
2025-01-27,49,29.8,85,10.4,130,65,91,8.3
2025-01-27,50,27.4,50,28.4,138,69,96,5.8
2025-01-27,51,29.2,45,4.4,239,119,167,6.2
2025-01-27,52,26.7,73,11.6,96,48,67,5.8
2025-01-27,53,36.0,77,11.7,123,61,86,6.8
2025-01-27,54,33.3,82,10.2,201,100,140,5.5
2025-01-27,55,28.1,43,14.3,149,74,104,6.4
2025-01-27,56,35.9,63,25.5,195,97,136,6.5
2025-01-27,57,33.5,57,10.1,96,48,67,6.5
2025-01-27,58,22.9,63,22.2,137,68,95,7.7
2025-01-27,59,34.1,69,9.2,215,107,150,7.4
2025-01-27,60,20.0,62,10.1,247,123,172,6.2
2025-01-27,61,21.1,89,21.6,172,86,120,6.9
2025-01-27,62,28.3,84,3.5,232,116,162,6.8
2025-01-27,63,34.3,58,5.0,146,73,102,8.4
2025-01-27,64,31.8,68,13.3,194,97,135,6.9
2025-01-27,65,20.5,55,17.7,172,86,120,8.0
2025-01-27,66,26.5,51,5.8,99,49,69,5.9
2025-01-27,67,23.4,89,23.0,132,66,92,8.0
2025-01-27,68,32.6,81,19.6,132,66,92,8.2
2025-01-27,69,25.4,76,6.4,217,108,151,8.4
2025-01-27,70,21.0,55,22.4,224,112,156,8.3
2025-01-27,71,23.4,72,18.0,132,66,92,6.2
2025-01-27,72,26.8,66,4.6,228,114,159,6.6
2025-01-27,73,35.5,66,14.6,175,87,122,8.2
2025-01-27,74,23.0,62,5.2,169,84,118,8.3
2025-01-27,75,28.9,47,14.2,137,68,95,6.7
2025-01-27,76,34.8,85,23.9,95,47,66,8.7
2025-01-27,77,25.4,78,20.9,178,89,124,7.6
2025-01-27,78,31.6,66,14.8,110,55,77,7.2
2025-01-27,79,37.8,81,3.6,209,104,146,7.4
2025-01-27,80,28.3,40,8.3,131,65,91,8.4
2025-01-27,81,31.4,89,29.5,150,75,105,7.6
2025-01-27,82,22.2,49,13.1,241,120,168,7.1
2025-01-27,83,30.5,57,29.0,157,78,109,8.5
2025-01-27,84,20.0,57,0.2,138,69,96,5.7
2025-01-27,85,36.2,84,20.2,146,73,102,6.6
2025-01-27,86,24.9,85,28.7,167,83,116,8.7
2025-01-27,87,35.2,48,0.5,209,104,146,5.6
2025-01-27,88,29.5,73,2.8,145,72,101,7.1
2025-01-27,89,27.4,79,12.0,175,87,122,5.5
2025-01-27,90,24.7,72,27.9,159,79,111,5.4
2025-01-27,91,24.5,43,10.6,178,89,124,7.3
2025-01-27,92,29.1,80,12.6,149,74,104,7.5
2025-01-27,93,25.8,85,23.7,96,48,67,6.7
2025-01-27,94,24.2,86,21.3,217,108,151,6.6
2025-01-27,95,28.2,45,21.1,121,60,84,5.8
2025-01-27,96,32.7,52,18.2,146,73,102,6.2
2025-01-27,97,37.9,79,25.1,207,103,144,6.3
2025-01-27,98,21.1,89,2.4,138,69,96,9.2
2025-01-27,99,26.5,55,18.0,208,104,145,7.0
2025-01-27,100,32.0,49,16.2,134,67,93,5.3
2025-01-28,1,28.5,89,22.2,124,62,86,7.4
2025-01-28,2,28.5,52,16.1,94,47,65,7.2
2025-01-28,3,24.1,40,11.9,140,70,98,7.7
2025-01-28,4,28.4,49,0.2,198,99,138,5.9
2025-01-28,5,23.6,64,29.0,117,58,81,8.3
2025-01-28,6,24.6,75,24.4,158,79,110,8.6
2025-01-28,7,28.8,56,7.1,156,78,109,7.6
2025-01-28,8,33.8,84,6.8,159,79,111,7.6
2025-01-28,9,27.7,61,8.8,201,100,140,6.9
2025-01-28,10,26.1,49,7.3,238,119,166,7.3
2025-01-28,11,21.8,52,25.3,235,117,164,5.4
2025-01-28,12,31.8,76,21.1,117,58,81,5.1
2025-01-28,13,23.9,67,19.4,131,65,91,9.0
2025-01-28,14,28.6,52,27.9,136,68,95,8.4
2025-01-28,15,34.8,63,5.7,198,99,138,6.3
2025-01-28,16,21.7,42,23.6,109,54,76,7.3
2025-01-28,17,29.7,49,0.4,187,93,130,6.0
2025-01-28,18,27.9,64,22.6,126,63,88,6.9
2025-01-28,19,21.2,45,21.4,210,105,147,6.7
2025-01-28,20,21.4,52,20.9,99,49,69,7.5
2025-01-28,21,33.6,74,0.2,126,63,88,8.3
2025-01-28,22,34.9,65,25.5,94,47,65,5.1
2025-01-28,23,37.5,66,22.2,132,66,92,9.0
2025-01-28,24,27.4,59,0.7,144,72,100,6.6
2025-01-28,25,37.2,77,28.4,171,85,119,7.8
2025-01-28,26,28.6,71,29.8,178,89,124,8.3
2025-01-28,27,20.8,50,20.2,185,92,129,7.7
2025-01-28,28,22.0,55,27.6,155,77,108,5.1
2025-01-28,29,20.2,49,28.4,187,93,130,5.0
2025-01-28,30,26.4,60,11.2,249,124,174,5.9
2025-01-28,31,33.7,44,27.1,151,75,105,4.9
2025-01-28,32,37.9,86,0.4,113,56,79,7.3
2025-01-28,33,30.0,81,13.0,219,109,153,8.4
2025-01-28,34,21.9,56,5.3,145,72,101,5.2
2025-01-28,35,21.4,83,18.4,104,52,72,5.6
2025-01-28,36,21.3,87,2.7,117,58,81,8.3
2025-01-28,37,20.7,42,22.0,221,110,154,7.4
2025-01-28,38,36.4,85,25.9,133,66,93,8.8
2025-01-28,39,37.7,58,26.7,154,77,107,7.0
2025-01-28,40,29.5,45,1.3,198,99,138,7.0
2025-01-28,41,25.6,83,9.6,132,66,92,6.4
2025-01-28,42,25.2,47,21.3,240,120,168,8.4
2025-01-28,43,22.9,83,7.8,169,84,118,5.7
2025-01-28,44,34.4,55,9.8,98,49,68,9.0
2025-01-28,45,23.6,87,20.0,148,74,103,8.5
2025-01-28,46,32.7,58,13.3,199,99,139,4.9
2025-01-28,47,22.2,53,11.4,102,51,71,5.0
2025-01-28,48,24.9,55,5.1,128,64,89,8.1
2025-01-28,49,34.8,40,11.2,224,112,156,8.7
2025-01-28,50,21.7,46,0.3,141,70,98,5.7
2025-01-28,51,27.7,43,11.5,156,78,109,6.8
2025-01-28,52,24.3,42,2.0,189,94,132,6.0
2025-01-28,53,36.3,55,22.4,101,50,70,6.9
2025-01-28,54,36.2,70,23.7,220,110,154,5.4
2025-01-28,55,21.8,67,13.0,162,81,113,6.3
2025-01-28,56,36.5,59,15.7,205,102,143,6.1
2025-01-28,57,36.3,56,2.2,186,93,130,6.4
2025-01-28,58,25.2,71,10.9,176,88,123,7.4
2025-01-28,59,30.2,72,5.3,223,111,156,7.2
2025-01-28,60,24.6,67,13.6,121,60,84,6.8
2025-01-28,61,24.3,44,6.3,163,81,114,6.7
2025-01-28,62,25.5,88,29.9,149,74,104,6.9
2025-01-28,63,22.4,41,20.0,196,98,137,7.8
2025-01-28,64,24.9,64,15.3,165,82,115,6.7
2025-01-28,65,20.8,77,7.5,217,108,151,7.3
2025-01-28,66,20.0,58,14.1,152,76,106,5.8
2025-01-28,67,35.3,58,12.8,202,101,141,7.9
2025-01-28,68,25.4,63,12.7,152,76,106,8.7
2025-01-28,69,32.7,68,4.0,121,60,84,8.0
2025-01-28,70,21.0,55,4.8,137,68,95,8.3
2025-01-28,71,32.1,62,3.7,220,110,154,6.4
2025-01-28,72,26.1,50,8.4,203,101,142,6.4
2025-01-28,73,22.8,51,5.4,98,49,68,8.5
2025-01-28,74,37.8,75,25.8,171,85,119,8.2
2025-01-28,75,24.0,86,4.3,95,47,66,7.0
2025-01-28,76,35.0,68,18.9,189,94,132,9.0
2025-01-28,77,20.7,88,11.3,128,64,89,7.5
2025-01-28,78,20.9,88,26.7,117,58,81,7.3
2025-01-28,79,33.7,89,15.0,132,66,92,6.9
2025-01-28,80,23.3,69,19.6,176,88,123,8.1
2025-01-28,81,32.0,44,23.2,199,99,139,7.8
2025-01-28,82,36.0,63,29.8,231,115,161,7.9
2025-01-28,83,23.1,43,28.3,174,87,121,8.6
2025-01-28,84,22.7,55,3.2,130,65,91,5.1
2025-01-28,85,34.8,83,30.0,181,90,126,6.4
2025-01-28,86,27.3,89,14.3,175,87,122,8.8
2025-01-28,87,37.0,52,10.3,244,122,170,6.1
2025-01-28,88,36.2,70,23.4,179,89,125,6.2
2025-01-28,89,27.0,42,5.9,148,74,103,5.8
2025-01-28,90,29.8,43,11.0,164,82,114,5.4
2025-01-28,91,37.4,87,5.3,225,112,157,7.3
2025-01-28,92,35.6,65,5.3,232,116,162,8.0
2025-01-28,93,21.2,41,18.3,90,45,62,6.0
2025-01-28,94,36.7,40,20.3,230,115,161,6.9
2025-01-28,95,29.2,41,29.1,230,115,161,5.3
2025-01-28,96,33.7,60,24.2,179,89,125,5.9
2025-01-28,97,31.0,51,2.0,131,65,91,6.7
2025-01-28,98,24.2,41,17.4,143,71,100,9.1
2025-01-28,99,37.0,52,11.8,147,73,102,7.5
2025-01-28,100,22.9,86,7.3,176,88,123,5.3
